asset_name,date,opening_value
Aktív hozamfigyelõ vegyes eszközalap - D,2025-09-02,0.9357
Euró likviditás eszközalap - D,2025-09-02,0.9246
Európai ingatlancégek részv. eszközalap,2025-09-02,1.8221
Európai kötvény eszközalap - D,2025-09-02,1.2248
Európai részvény eszközalap,2025-09-02,2.5329
Európai vállalati kötvény eszközalap,2025-09-02,1.3186
Fejlõdõ piaci részvény ESG eszközalap-D,2025-09-02,1.0586
Fejlõdõ ázsiai részvény eszközalap,2025-09-02,2.1516
Fenntartható növekedés részvény eszk.,2025-09-02,3.0657
Globális egészségügyi részvény eszk.,2025-09-02,3.26
Globális növekedési részvény eszközalap,2025-09-02,2.2025
Kiegyensúlyozott vegyes eszközalap - D,2025-09-02,1.3927
Latin-amerikai részvény eszközalap,2025-09-02,1.1141
Magas kötvény arányú vegyes eszk. - D,2025-09-02,1.0966
Magas védelmû vegyes eszközalap,2025-09-02,1.09
Nemz. élelmiszeripari cégek rv. ea - D,2025-09-02,3.1776
Nyersanyagpiaci részvény eszközalap,2025-09-02,1.3712
Presztízs- és luxusmárkák rv. ea.,2025-09-02,3.5605
USA részvény eszközalap,2025-09-02,4.3734
Ázsia kötvény eszközalap,2025-09-02,2.2145
Aktív hozamfigyelõ vegyes eszközalap - D,2025-09-02,0.9357
Euró likviditás eszközalap - D,2025-09-02,0.9246
Európai ingatlancégek részv. eszközalap,2025-09-02,1.8221
Európai kötvény eszközalap - D,2025-09-02,1.2248
Európai részvény eszközalap,2025-09-02,2.5329
Európai vállalati kötvény eszközalap,2025-09-02,1.3186
Fejlõdõ piaci részvény ESG eszközalap-D,2025-09-02,1.0586
Fejlõdõ ázsiai részvény eszközalap,2025-09-02,2.1516
Fenntartható növekedés részvény eszk.,2025-09-02,3.0657
Globális egészségügyi részvény eszk.,2025-09-02,3.26
Globális növekedési részvény eszközalap,2025-09-02,2.2025
Kiegyensúlyozott vegyes eszközalap - D,2025-09-02,1.3927
Latin-amerikai részvény eszközalap,2025-09-02,1.1141
Magas kötvény arányú vegyes eszk. - D,2025-09-02,1.0966
Magas védelmû vegyes eszközalap,2025-09-02,1.09
Nemz. élelmiszeripari cégek rv. ea - D,2025-09-02,3.1776
Nyersanyagpiaci részvény eszközalap,2025-09-02,1.3712
Presztízs- és luxusmárkák rv. ea.,2025-09-02,3.5605
USA részvény eszközalap,2025-09-02,4.3734
Ázsia kötvény eszközalap,2025-09-02,2.2145
Aktív hozamfigyelõ vegyes eszközalap - D,2025-09-03,0.9309
Euró likviditás eszközalap - D,2025-09-03,0.9241
Európai ingatlancégek részv. eszközalap,2025-09-03,1.7595
Európai kötvény eszközalap - D,2025-09-03,1.2217
Európai részvény eszközalap,2025-09-03,2.4953
Európai vállalati kötvény eszközalap,2025-09-03,1.3158
Fejlõdõ piaci részvény ESG eszközalap-D,2025-09-03,1.0566
Fejlõdõ ázsiai részvény eszközalap,2025-09-03,2.1419
Fenntartható növekedés részvény eszk.,2025-09-03,3.0476
Globális egészségügyi részvény eszk.,2025-09-03,3.2599
Globális növekedési részvény eszközalap,2025-09-03,2.1787
Kiegyensúlyozott vegyes eszközalap - D,2025-09-03,1.3879
Latin-amerikai részvény eszközalap,2025-09-03,1.109
Magas kötvény arányú vegyes eszk. - D,2025-09-03,1.0931
Magas védelmû vegyes eszközalap,2025-09-03,1.0869
Nemz. élelmiszeripari cégek rv. ea - D,2025-09-03,3.1772
Nyersanyagpiaci részvény eszközalap,2025-09-03,1.3603
Presztízs- és luxusmárkák rv. ea.,2025-09-03,3.546
USA részvény eszközalap,2025-09-03,4.3595
Ázsia kötvény eszközalap,2025-09-03,2.2289
Aktív hozamfigyelõ vegyes eszközalap - D,2025-09-04,0.9344
Euró likviditás eszközalap - D,2025-09-04,0.9246
Európai ingatlancégek részv. eszközalap,2025-09-04,1.7746
Európai kötvény eszközalap - D,2025-09-04,1.2246
Európai részvény eszközalap,2025-09-04,2.5118
Európai vállalati kötvény eszközalap,2025-09-04,1.3179
Fejlõdõ piaci részvény ESG eszközalap-D,2025-09-04,1.0619
Fejlõdõ ázsiai részvény eszközalap,2025-09-04,2.1459
Fenntartható növekedés részvény eszk.,2025-09-04,3.0715
Globális egészségügyi részvény eszk.,2025-09-04,3.2598
Globális növekedési részvény eszközalap,2025-09-04,2.1829
Kiegyensúlyozott vegyes eszközalap - D,2025-09-04,1.3922
Latin-amerikai részvény eszközalap,2025-09-04,1.1149
Magas kötvény arányú vegyes eszk. - D,2025-09-04,1.0962
Magas védelmû vegyes eszközalap,2025-09-04,1.0884
Nemz. élelmiszeripari cégek rv. ea - D,2025-09-04,3.1707
Nyersanyagpiaci részvény eszközalap,2025-09-04,1.3654
Presztízs- és luxusmárkák rv. ea.,2025-09-04,3.5796
USA részvény eszközalap,2025-09-04,4.389
Ázsia kötvény eszközalap,2025-09-04,2.2267
Aktív hozamfigyelõ vegyes eszközalap - D,2025-09-05,0.9387
Euró likviditás eszközalap - D,2025-09-05,0.9247
Európai ingatlancégek részv. eszközalap,2025-09-05,1.7753
Európai kötvény eszközalap - D,2025-09-05,1.2265
Európai részvény eszközalap,2025-09-05,2.525
Európai vállalati kötvény eszközalap,2025-09-05,1.3197
Fejlõdõ piaci részvény ESG eszközalap-D,2025-09-05,1.0601
Fejlõdõ ázsiai részvény eszközalap,2025-09-05,2.1393
Fenntartható növekedés részvény eszk.,2025-09-05,3.1009
Globális egészségügyi részvény eszk.,2025-09-05,3.2675
Globális növekedési részvény eszközalap,2025-09-05,2.2048
Kiegyensúlyozott vegyes eszközalap - D,2025-09-05,1.3987
Latin-amerikai részvény eszközalap,2025-09-05,1.1136
Magas kötvény arányú vegyes eszk. - D,2025-09-05,1.0999
Magas védelmû vegyes eszközalap,2025-09-05,1.0894
Nemz. élelmiszeripari cégek rv. ea - D,2025-09-05,3.1998
Nyersanyagpiaci részvény eszközalap,2025-09-05,1.361
Presztízs- és luxusmárkák rv. ea.,2025-09-05,3.5738
USA részvény eszközalap,2025-09-05,4.4366
Ázsia kötvény eszközalap,2025-09-05,2.2318
Aktív hozamfigyelõ vegyes eszközalap - D,2025-09-06,0.9397
Euró likviditás eszközalap - D,2025-09-06,0.9255
Európai ingatlancégek részv. eszközalap,2025-09-06,1.805
Európai kötvény eszközalap - D,2025-09-06,1.231
Európai részvény eszközalap,2025-09-06,2.5146
Európai vállalati kötvény eszközalap,2025-09-06,1.3235
Fejlõdõ piaci részvény ESG eszközalap-D,2025-09-06,1.0642
Fejlõdõ ázsiai részvény eszközalap,2025-09-06,2.1771
Fenntartható növekedés részvény eszk.,2025-09-06,3.0805
Globális egészségügyi részvény eszk.,2025-09-06,3.2883
Globális növekedési részvény eszközalap,2025-09-06,2.2047
Kiegyensúlyozott vegyes eszközalap - D,2025-09-06,1.4
Latin-amerikai részvény eszközalap,2025-09-06,1.1292
Magas kötvény arányú vegyes eszk. - D,2025-09-06,1.1023
Magas védelmû vegyes eszközalap,2025-09-06,1.0879
Nemz. élelmiszeripari cégek rv. ea - D,2025-09-06,3.184
Nyersanyagpiaci részvény eszközalap,2025-09-06,1.3665
Presztízs- és luxusmárkák rv. ea.,2025-09-06,3.5605
USA részvény eszközalap,2025-09-06,4.3942
Ázsia kötvény eszközalap,2025-09-06,2.2314
Aktív hozamfigyelõ vegyes eszközalap - D,2025-09-09,0.9426
Euró likviditás eszközalap - D,2025-09-09,0.9257
Európai ingatlancégek részv. eszközalap,2025-09-09,1.8064
Európai kötvény eszközalap - D,2025-09-09,1.2329
Európai részvény eszközalap,2025-09-09,2.5343
Európai vállalati kötvény eszközalap,2025-09-09,1.325
Fejlõdõ piaci részvény ESG eszközalap-D,2025-09-09,1.0761
Fejlõdõ ázsiai részvény eszközalap,2025-09-09,2.1819
Fenntartható növekedés részvény eszk.,2025-09-09,3.0982
Globális egészségügyi részvény eszk.,2025-09-09,3.2646
Globális növekedési részvény eszközalap,2025-09-09,2.2072
Kiegyensúlyozott vegyes eszközalap - D,2025-09-09,1.4014
Latin-amerikai részvény eszközalap,2025-09-09,1.1231
Magas kötvény arányú vegyes eszk. - D,2025-09-09,1.1039
Magas védelmû vegyes eszközalap,2025-09-09,1.09
Nemz. élelmiszeripari cégek rv. ea - D,2025-09-09,3.1646
Nyersanyagpiaci részvény eszközalap,2025-09-09,1.3763
Presztízs- és luxusmárkák rv. ea.,2025-09-09,3.5521
USA részvény eszközalap,2025-09-09,4.3959
Ázsia kötvény eszközalap,2025-09-09,2.2285
Aktív hozamfigyelõ vegyes eszközalap - D,2025-09-09,0.9426
Euró likviditás eszközalap - D,2025-09-09,0.9257
Európai ingatlancégek részv. eszközalap,2025-09-09,1.8064
Európai kötvény eszközalap - D,2025-09-09,1.2329
Európai részvény eszközalap,2025-09-09,2.5343
Európai vállalati kötvény eszközalap,2025-09-09,1.325
Fejlõdõ piaci részvény ESG eszközalap-D,2025-09-09,1.0761
Fejlõdõ ázsiai részvény eszközalap,2025-09-09,2.1819
Fenntartható növekedés részvény eszk.,2025-09-09,3.0982
Globális egészségügyi részvény eszk.,2025-09-09,3.2646
Globális növekedési részvény eszközalap,2025-09-09,2.2072
Kiegyensúlyozott vegyes eszközalap - D,2025-09-09,1.4014
Latin-amerikai részvény eszközalap,2025-09-09,1.1231
Magas kötvény arányú vegyes eszk. - D,2025-09-09,1.1039
Magas védelmû vegyes eszközalap,2025-09-09,1.09
Nemz. élelmiszeripari cégek rv. ea - D,2025-09-09,3.1646
Nyersanyagpiaci részvény eszközalap,2025-09-09,1.3763
Presztízs- és luxusmárkák rv. ea.,2025-09-09,3.5521
USA részvény eszközalap,2025-09-09,4.3959
Ázsia kötvény eszközalap,2025-09-09,2.2285
Aktív hozamfigyelõ vegyes eszközalap - D,2025-10-01,0.9438
Euró likviditás eszközalap - D,2025-10-01,0.9248
Európai ingatlancégek részv. eszközalap,2025-10-01,1.8179
Európai kötvény eszközalap - D,2025-10-01,1.2295
Európai részvény eszközalap,2025-10-01,2.6147
Európai vállalati kötvény eszközalap,2025-10-01,1.3246
Fejlõdõ piaci részvény ESG eszközalap-D,2025-10-01,1.1207
Fejlõdõ ázsiai részvény eszközalap,2025-10-01,2.2869
Fenntartható növekedés részvény eszk.,2025-10-01,3.1052
Globális egészségügyi részvény eszk.,2025-10-01,3.2526
Globális növekedési részvény eszközalap,2025-10-01,2.1777
Kiegyensúlyozott vegyes eszközalap - D,2025-10-01,1.417
Latin-amerikai részvény eszközalap,2025-10-01,1.1727
Magas kötvény arányú vegyes eszk. - D,2025-10-01,1.109
Magas védelmû vegyes eszközalap,2025-10-01,1.0974
Nemz. élelmiszeripari cégek rv. ea - D,2025-10-01,3.097
Nyersanyagpiaci részvény eszközalap,2025-10-01,1.3861
Presztízs- és luxusmárkák rv. ea.,2025-10-01,3.5746
USA részvény eszközalap,2025-10-01,4.521
Ázsia kötvény eszközalap,2025-10-01,2.2334
Aktív hozamfigyelõ vegyes eszközalap - D,2025-10-02,0.9467
Euró likviditás eszközalap - D,2025-10-02,0.925
Európai ingatlancégek részv. eszközalap,2025-10-02,1.8212
Európai kötvény eszközalap - D,2025-10-02,1.2303
Európai részvény eszközalap,2025-10-02,2.6434
Európai vállalati kötvény eszközalap,2025-10-02,1.3251
Fejlõdõ piaci részvény ESG eszközalap-D,2025-10-02,1.1299
Fejlõdõ ázsiai részvény eszközalap,2025-10-02,2.2868
Fenntartható növekedés részvény eszk.,2025-10-02,3.1296
Globális egészségügyi részvény eszk.,2025-10-02,3.3512
Globális növekedési részvény eszközalap,2025-10-02,2.1739
Kiegyensúlyozott vegyes eszközalap - D,2025-10-02,1.421
Latin-amerikai részvény eszközalap,2025-10-02,1.1591
Magas kötvény arányú vegyes eszk. - D,2025-10-02,1.1107
Magas védelmû vegyes eszközalap,2025-10-02,1.1005
Nemz. élelmiszeripari cégek rv. ea - D,2025-10-02,3.0855
Nyersanyagpiaci részvény eszközalap,2025-10-02,1.3929
Presztízs- és luxusmárkák rv. ea.,2025-10-02,3.5893
USA részvény eszközalap,2025-10-02,4.5373
Ázsia kötvény eszközalap,2025-10-02,2.2345
Aktív hozamfigyelõ vegyes eszközalap - D,2025-10-03,0.9488
Euró likviditás eszközalap - D,2025-10-03,0.9251
Európai ingatlancégek részv. eszközalap,2025-10-03,1.8125
Európai kötvény eszközalap - D,2025-10-03,1.2307
Európai részvény eszközalap,2025-10-03,2.6681
Európai vállalati kötvény eszközalap,2025-10-03,1.3261
Fejlõdõ piaci részvény ESG eszközalap-D,2025-10-03,1.135
Fejlõdõ ázsiai részvény eszközalap,2025-10-03,2.3136
Fenntartható növekedés részvény eszk.,2025-10-03,3.1485
Globális egészségügyi részvény eszk.,2025-10-03,3.3875
Globális növekedési részvény eszközalap,2025-10-03,2.1806
Kiegyensúlyozott vegyes eszközalap - D,2025-10-03,1.4252
Latin-amerikai részvény eszközalap,2025-10-03,1.1439
Magas kötvény arányú vegyes eszk. - D,2025-10-03,1.1127
Magas védelmû vegyes eszközalap,2025-10-03,1.1035
Nemz. élelmiszeripari cégek rv. ea - D,2025-10-03,3.089
Nyersanyagpiaci részvény eszközalap,2025-10-03,1.3885
Presztízs- és luxusmárkák rv. ea.,2025-10-03,3.6316
USA részvény eszközalap,2025-10-03,4.5498
Ázsia kötvény eszközalap,2025-10-03,2.2379
Aktív hozamfigyelõ vegyes eszközalap - D,2025-10-04,0.9493
Euró likviditás eszközalap - D,2025-10-04,0.925
Európai ingatlancégek részv. eszközalap,2025-10-04,1.8227
Európai kötvény eszközalap - D,2025-10-04,1.2311
Európai részvény eszközalap,2025-10-04,2.6723
Európai vállalati kötvény eszközalap,2025-10-04,1.3265
Fejlõdõ piaci részvény ESG eszközalap-D,2025-10-04,1.1392
Fejlõdõ ázsiai részvény eszközalap,2025-10-04,2.321
Fenntartható növekedés részvény eszk.,2025-10-04,3.1576
Globális egészségügyi részvény eszk.,2025-10-04,3.4054
Globális növekedési részvény eszközalap,2025-10-04,2.1867
Kiegyensúlyozott vegyes eszközalap - D,2025-10-04,1.4264
Latin-amerikai részvény eszközalap,2025-10-04,1.1423
Magas kötvény arányú vegyes eszk. - D,2025-10-04,1.1133
Magas védelmû vegyes eszközalap,2025-10-04,1.1035
Nemz. élelmiszeripari cégek rv. ea - D,2025-10-04,3.0843
Nyersanyagpiaci részvény eszközalap,2025-10-04,1.3963
Presztízs- és luxusmárkák rv. ea.,2025-10-04,3.6291
USA részvény eszközalap,2025-10-04,4.5361
Ázsia kötvény eszközalap,2025-10-04,2.2416
Aktív hozamfigyelõ vegyes eszközalap - D,2025-10-07,0.9493
Euró likviditás eszközalap - D,2025-10-07,0.9251
Európai ingatlancégek részv. eszközalap,2025-10-07,1.8138
Európai kötvény eszközalap - D,2025-10-07,1.2302
Európai részvény eszközalap,2025-10-07,2.6627
Európai vállalati kötvény eszközalap,2025-10-07,1.3263
Fejlõdõ piaci részvény ESG eszközalap-D,2025-10-07,1.1422
Fejlõdõ ázsiai részvény eszközalap,2025-10-07,2.3209
Fenntartható növekedés részvény eszk.,2025-10-07,3.1722
Globális egészségügyi részvény eszk.,2025-10-07,3.4232
Globális növekedési részvény eszközalap,2025-10-07,2.1929
Kiegyensúlyozott vegyes eszközalap - D,2025-10-07,1.4278
Latin-amerikai részvény eszközalap,2025-10-07,1.1404
Magas kötvény arányú vegyes eszk. - D,2025-10-07,1.1133
Magas védelmû vegyes eszközalap,2025-10-07,1.1024
Nemz. élelmiszeripari cégek rv. ea - D,2025-10-07,3.0709
Nyersanyagpiaci részvény eszközalap,2025-10-07,1.4043
Presztízs- és luxusmárkák rv. ea.,2025-10-07,3.6256
USA részvény eszközalap,2025-10-07,4.5537
Ázsia kötvény eszközalap,2025-10-07,2.2536
Aktív hozamfigyelõ vegyes eszközalap - D,2025-10-07,0.9493
Euró likviditás eszközalap - D,2025-10-07,0.9251
Európai ingatlancégek részv. eszközalap,2025-10-07,1.8138
Európai kötvény eszközalap - D,2025-10-07,1.2302
Európai részvény eszközalap,2025-10-07,2.6627
Európai vállalati kötvény eszközalap,2025-10-07,1.3263
Fejlõdõ piaci részvény ESG eszközalap-D,2025-10-07,1.1422
Fejlõdõ ázsiai részvény eszközalap,2025-10-07,2.3209
Fenntartható növekedés részvény eszk.,2025-10-07,3.1722
Globális egészségügyi részvény eszk.,2025-10-07,3.4232
Globális növekedési részvény eszközalap,2025-10-07,2.1929
Kiegyensúlyozott vegyes eszközalap - D,2025-10-07,1.4278
Latin-amerikai részvény eszközalap,2025-10-07,1.1404
Magas kötvény arányú vegyes eszk. - D,2025-10-07,1.1133
Magas védelmû vegyes eszközalap,2025-10-07,1.1024
Nemz. élelmiszeripari cégek rv. ea - D,2025-10-07,3.0709
Nyersanyagpiaci részvény eszközalap,2025-10-07,1.4043
Presztízs- és luxusmárkák rv. ea.,2025-10-07,3.6256
USA részvény eszközalap,2025-10-07,4.5537
Ázsia kötvény eszközalap,2025-10-07,2.2536
Aktív hozamfigyelõ vegyes eszközalap - D,2025-10-08,0.9488
Euró likviditás eszközalap - D,2025-10-08,0.925
Európai ingatlancégek részv. eszközalap,2025-10-08,1.8055
Európai kötvény eszközalap - D,2025-10-08,1.2297
Európai részvény eszközalap,2025-10-08,2.655
Európai vállalati kötvény eszközalap,2025-10-08,1.3262
Fejlõdõ piaci részvény ESG eszközalap-D,2025-10-08,1.1401
Fejlõdõ ázsiai részvény eszközalap,2025-10-08,2.3208
Fenntartható növekedés részvény eszk.,2025-10-08,3.1684
Globális egészségügyi részvény eszk.,2025-10-08,3.4051
Globális növekedési részvény eszközalap,2025-10-08,2.1869
Kiegyensúlyozott vegyes eszközalap - D,2025-10-08,1.4284
Latin-amerikai részvény eszközalap,2025-10-08,1.1403
Magas kötvény arányú vegyes eszk. - D,2025-10-08,1.1134
Magas védelmû vegyes eszközalap,2025-10-08,1.1016
Nemz. élelmiszeripari cégek rv. ea - D,2025-10-08,3.0965
Nyersanyagpiaci részvény eszközalap,2025-10-08,1.4028
Presztízs- és luxusmárkák rv. ea.,2025-10-08,3.6319
USA részvény eszközalap,2025-10-08,4.5499
Ázsia kötvény eszközalap,2025-10-08,2.254
Aktív hozamfigyelõ vegyes eszközalap - D,2025-10-09,0.9515
Euró likviditás eszközalap - D,2025-10-09,0.9255
Európai ingatlancégek részv. eszközalap,2025-10-09,1.7948
Európai kötvény eszközalap - D,2025-10-09,1.2329
Európai részvény eszközalap,2025-10-09,2.6677
Európai vállalati kötvény eszközalap,2025-10-09,1.328
Fejlõdõ piaci részvény ESG eszközalap-D,2025-10-09,1.1473
Fejlõdõ ázsiai részvény eszközalap,2025-10-09,2.3401
Fenntartható növekedés részvény eszk.,2025-10-09,3.1933
Globális egészségügyi részvény eszk.,2025-10-09,3.4179
Globális növekedési részvény eszközalap,2025-10-09,2.2101
Kiegyensúlyozott vegyes eszközalap - D,2025-10-09,1.434
Latin-amerikai részvény eszközalap,2025-10-09,1.1471
Magas kötvény arányú vegyes eszk. - D,2025-10-09,1.117
Magas védelmû vegyes eszközalap,2025-10-09,1.1036
Nemz. élelmiszeripari cégek rv. ea - D,2025-10-09,3.1058
Nyersanyagpiaci részvény eszközalap,2025-10-09,1.4124
Presztízs- és luxusmárkák rv. ea.,2025-10-09,3.6749
USA részvény eszközalap,2025-10-09,4.5925
Ázsia kötvény eszközalap,2025-10-09,2.267
Aktív hozamfigyelõ vegyes eszközalap - D,2025-10-10,0.9503
Euró likviditás eszközalap - D,2025-10-10,0.9253
Európai ingatlancégek részv. eszközalap,2025-10-10,1.7974
Európai kötvény eszközalap - D,2025-10-10,1.2315
Európai részvény eszközalap,2025-10-10,2.6637
Európai vállalati kötvény eszközalap,2025-10-10,1.3267
Fejlõdõ piaci részvény ESG eszközalap-D,2025-10-10,1.1493
Fejlõdõ ázsiai részvény eszközalap,2025-10-10,2.3622
Fenntartható növekedés részvény eszk.,2025-10-10,3.192
Globális egészségügyi részvény eszk.,2025-10-10,3.4281
Globális növekedési részvény eszközalap,2025-10-10,2.1989
Kiegyensúlyozott vegyes eszközalap - D,2025-10-10,1.4346
Latin-amerikai részvény eszközalap,2025-10-10,1.1515
Magas kötvény arányú vegyes eszk. - D,2025-10-10,1.1166
Magas védelmû vegyes eszközalap,2025-10-10,1.1024
Nemz. élelmiszeripari cégek rv. ea - D,2025-10-10,3.1228
Nyersanyagpiaci részvény eszközalap,2025-10-10,1.4082
Presztízs- és luxusmárkák rv. ea.,2025-10-10,3.5899
USA részvény eszközalap,2025-10-10,4.598
Ázsia kötvény eszközalap,2025-10-10,2.2676
Aktív hozamfigyelõ vegyes eszközalap - D,2025-10-11,0.9447
Euró likviditás eszközalap - D,2025-10-11,0.926
Európai ingatlancégek részv. eszközalap,2025-10-11,1.8023
Európai kötvény eszközalap - D,2025-10-11,1.2355
Európai részvény eszközalap,2025-10-11,2.6249
Európai vállalati kötvény eszközalap,2025-10-11,1.3281
Fejlõdõ piaci részvény ESG eszközalap-D,2025-10-11,1.12
Fejlõdõ ázsiai részvény eszközalap,2025-10-11,2.3621
Fenntartható növekedés részvény eszk.,2025-10-11,3.1252
Globális egészségügyi részvény eszk.,2025-10-11,3.4022
Globális növekedési részvény eszközalap,2025-10-11,2.165
Kiegyensúlyozott vegyes eszközalap - D,2025-10-11,1.4252
Latin-amerikai részvény eszközalap,2025-10-11,1.1191
Magas kötvény arányú vegyes eszk. - D,2025-10-11,1.1143
Magas védelmû vegyes eszközalap,2025-10-11,1.0978
Nemz. élelmiszeripari cégek rv. ea - D,2025-10-11,3.1349
Nyersanyagpiaci részvény eszközalap,2025-10-11,1.3839
Presztízs- és luxusmárkák rv. ea.,2025-10-11,3.5003
USA részvény eszközalap,2025-10-11,4.4804
Ázsia kötvény eszközalap,2025-10-11,2.2742
Aktív hozamfigyelõ vegyes eszközalap - D,2025-10-14,0.9485
Euró likviditás eszközalap - D,2025-10-14,0.9263
Európai ingatlancégek részv. eszközalap,2025-10-14,1.8393
Európai kötvény eszközalap - D,2025-10-14,1.2363
Európai részvény eszközalap,2025-10-14,2.641
Európai vállalati kötvény eszközalap,2025-10-14,1.3285
Fejlõdõ piaci részvény ESG eszközalap-D,2025-10-14,1.1364
Fejlõdõ ázsiai részvény eszközalap,2025-10-14,2.3378
Fenntartható növekedés részvény eszk.,2025-10-14,3.1632
Globális egészségügyi részvény eszk.,2025-10-14,3.3685
Globális növekedési részvény eszközalap,2025-10-14,2.1735
Kiegyensúlyozott vegyes eszközalap - D,2025-10-14,1.4262
Latin-amerikai részvény eszközalap,2025-10-14,1.1387
Magas kötvény arányú vegyes eszk. - D,2025-10-14,1.1151
Magas védelmû vegyes eszközalap,2025-10-14,1.0992
Nemz. élelmiszeripari cégek rv. ea - D,2025-10-14,3.1214
Nyersanyagpiaci részvény eszközalap,2025-10-14,1.4077
Presztízs- és luxusmárkák rv. ea.,2025-10-14,3.4985
USA részvény eszközalap,2025-10-14,4.5649
Ázsia kötvény eszközalap,2025-10-14,2.2741
Aktív hozamfigyelõ vegyes eszközalap - D,2025-10-14,0.9485
Euró likviditás eszközalap - D,2025-10-14,0.9263
Európai ingatlancégek részv. eszközalap,2025-10-14,1.8393
Európai kötvény eszközalap - D,2025-10-14,1.2363
Európai részvény eszközalap,2025-10-14,2.641
Európai vállalati kötvény eszközalap,2025-10-14,1.3285
Fejlõdõ piaci részvény ESG eszközalap-D,2025-10-14,1.1364
Fejlõdõ ázsiai részvény eszközalap,2025-10-14,2.3378
Fenntartható növekedés részvény eszk.,2025-10-14,3.1632
Globális egészségügyi részvény eszk.,2025-10-14,3.3685
Globális növekedési részvény eszközalap,2025-10-14,2.1735
Kiegyensúlyozott vegyes eszközalap - D,2025-10-14,1.4262
Latin-amerikai részvény eszközalap,2025-10-14,1.1387
Magas kötvény arányú vegyes eszk. - D,2025-10-14,1.1151
Magas védelmû vegyes eszközalap,2025-10-14,1.0992
Nemz. élelmiszeripari cégek rv. ea - D,2025-10-14,3.1214
Nyersanyagpiaci részvény eszközalap,2025-10-14,1.4077
Presztízs- és luxusmárkák rv. ea.,2025-10-14,3.4985
USA részvény eszközalap,2025-10-14,4.5649
Ázsia kötvény eszközalap,2025-10-14,2.2741
Aktív hozamfigyelõ vegyes eszközalap - D,2025-10-15,0.9482
Euró likviditás eszközalap - D,2025-10-15,0.9266
Európai ingatlancégek részv. eszközalap,2025-10-15,1.8496
Európai kötvény eszközalap - D,2025-10-15,1.2385
Európai részvény eszközalap,2025-10-15,2.6361
Európai vállalati kötvény eszközalap,2025-10-15,1.3291
Fejlõdõ piaci részvény ESG eszközalap-D,2025-10-15,1.1201
Fejlõdõ ázsiai részvény eszközalap,2025-10-15,2.2848
Fenntartható növekedés részvény eszk.,2025-10-15,3.148
Globális egészségügyi részvény eszk.,2025-10-15,3.3556
Globális növekedési részvény eszközalap,2025-10-15,2.1723
Kiegyensúlyozott vegyes eszközalap - D,2025-10-15,1.4241
Latin-amerikai részvény eszközalap,2025-10-15,1.1298
Magas kötvény arányú vegyes eszk. - D,2025-10-15,1.1152
Magas védelmû vegyes eszközalap,2025-10-15,1.0987
Nemz. élelmiszeripari cégek rv. ea - D,2025-10-15,3.137
Nyersanyagpiaci részvény eszközalap,2025-10-15,1.4052
Presztízs- és luxusmárkák rv. ea.,2025-10-15,3.4974
USA részvény eszközalap,2025-10-15,4.543
Ázsia kötvény eszközalap,2025-10-15,2.2794
Aktív hozamfigyelõ vegyes eszközalap - D,2025-10-16,0.9507
Euró likviditás eszközalap - D,2025-10-16,0.9271
Európai ingatlancégek részv. eszközalap,2025-10-16,1.8529
Európai kötvény eszközalap - D,2025-10-16,1.2424
Európai részvény eszközalap,2025-10-16,2.6516
Európai vállalati kötvény eszközalap,2025-10-16,1.3335
Fejlõdõ piaci részvény ESG eszközalap-D,2025-10-16,1.1337
Fejlõdõ ázsiai részvény eszközalap,2025-10-16,2.3493
Fenntartható növekedés részvény eszk.,2025-10-16,3.153
Globális egészségügyi részvény eszk.,2025-10-16,3.3786
Globális növekedési részvény eszközalap,2025-10-16,2.1667
Kiegyensúlyozott vegyes eszközalap - D,2025-10-16,1.4312
Latin-amerikai részvény eszközalap,2025-10-16,1.1397
Magas kötvény arányú vegyes eszk. - D,2025-10-16,1.1198
Magas védelmû vegyes eszközalap,2025-10-16,1.1014
Nemz. élelmiszeripari cégek rv. ea - D,2025-10-16,3.1642
Nyersanyagpiaci részvény eszközalap,2025-10-16,1.4144
Presztízs- és luxusmárkák rv. ea.,2025-10-16,3.6092
USA részvény eszközalap,2025-10-16,4.5497
Ázsia kötvény eszközalap,2025-10-16,2.2644
Aktív hozamfigyelõ vegyes eszközalap - D,2025-10-17,0.9501
Euró likviditás eszközalap - D,2025-10-17,0.9271
Európai ingatlancégek részv. eszközalap,2025-10-17,1.8687
Európai kötvény eszközalap - D,2025-10-17,1.242
Európai részvény eszközalap,2025-10-17,2.668
Európai vállalati kötvény eszközalap,2025-10-17,1.3328
Fejlõdõ piaci részvény ESG eszközalap-D,2025-10-17,1.1389
Fejlõdõ ázsiai részvény eszközalap,2025-10-17,2.3449
Fenntartható növekedés részvény eszk.,2025-10-17,3.1273
Globális egészségügyi részvény eszk.,2025-10-17,3.3992
Globális növekedési részvény eszközalap,2025-10-17,2.158
Kiegyensúlyozott vegyes eszközalap - D,2025-10-17,1.4294
Latin-amerikai részvény eszközalap,2025-10-17,1.1522
Magas kötvény arányú vegyes eszk. - D,2025-10-17,1.1189
Magas védelmû vegyes eszközalap,2025-10-17,1.1029
Nemz. élelmiszeripari cégek rv. ea - D,2025-10-17,3.1813
Nyersanyagpiaci részvény eszközalap,2025-10-17,1.4173
Presztízs- és luxusmárkák rv. ea.,2025-10-17,3.6208
USA részvény eszközalap,2025-10-17,4.5035
Ázsia kötvény eszközalap,2025-10-17,2.2615
Aktív hozamfigyelõ vegyes eszközalap - D,2025-10-18,0.9497
Euró likviditás eszközalap - D,2025-10-18,0.927
Európai ingatlancégek részv. eszközalap,2025-10-18,1.8527
Európai kötvény eszközalap - D,2025-10-18,1.2414
Európai részvény eszközalap,2025-10-18,2.6431
Európai vállalati kötvény eszközalap,2025-10-18,1.3319
Fejlõdõ piaci részvény ESG eszközalap-D,2025-10-18,1.1315
Fejlõdõ ázsiai részvény eszközalap,2025-10-18,2.3163
Fenntartható növekedés részvény eszk.,2025-10-18,3.1348
Globális egészségügyi részvény eszk.,2025-10-18,3.3862
Globális növekedési részvény eszközalap,2025-10-18,2.1697
Kiegyensúlyozott vegyes eszközalap - D,2025-10-18,1.4279
Latin-amerikai részvény eszközalap,2025-10-18,1.1438
Magas kötvény arányú vegyes eszk. - D,2025-10-18,1.1181
Magas védelmû vegyes eszközalap,2025-10-18,1.101
Nemz. élelmiszeripari cégek rv. ea - D,2025-10-18,3.2033
Nyersanyagpiaci részvény eszközalap,2025-10-18,1.3904
Presztízs- és luxusmárkák rv. ea.,2025-10-18,3.6126
USA részvény eszközalap,2025-10-18,4.5293
Ázsia kötvény eszközalap,2025-10-18,2.255
Aktív hozamfigyelõ vegyes eszközalap - D,2025-10-21,0.9544
Euró likviditás eszközalap - D,2025-10-21,0.9271
Európai ingatlancégek részv. eszközalap,2025-10-21,1.864
Európai kötvény eszközalap - D,2025-10-21,1.2414
Európai részvény eszközalap,2025-10-21,2.6757
Európai vállalati kötvény eszközalap,2025-10-21,1.3323
Fejlõdõ piaci részvény ESG eszközalap-D,2025-10-21,1.1502
Fejlõdõ ázsiai részvény eszközalap,2025-10-21,2.3392
Fenntartható növekedés részvény eszk.,2025-10-21,3.1737
Globális egészségügyi részvény eszk.,2025-10-21,3.4092
Globális növekedési részvény eszközalap,2025-10-21,2.1995
Kiegyensúlyozott vegyes eszközalap - D,2025-10-21,1.4352
Latin-amerikai részvény eszközalap,2025-10-21,1.1636
Magas kötvény arányú vegyes eszk. - D,2025-10-21,1.1211
Magas védelmû vegyes eszközalap,2025-10-21,1.1037
Nemz. élelmiszeripari cégek rv. ea - D,2025-10-21,3.2042
Nyersanyagpiaci részvény eszközalap,2025-10-21,1.4057
Presztízs- és luxusmárkák rv. ea.,2025-10-21,3.6644
USA részvény eszközalap,2025-10-21,4.5843
Ázsia kötvény eszközalap,2025-10-21,2.261
Aktív hozamfigyelõ vegyes eszközalap - D,2025-10-21,0.9544
Euró likviditás eszközalap - D,2025-10-21,0.9271
Európai ingatlancégek részv. eszközalap,2025-10-21,1.864
Európai kötvény eszközalap - D,2025-10-21,1.2414
Európai részvény eszközalap,2025-10-21,2.6757
Európai vállalati kötvény eszközalap,2025-10-21,1.3323
Fejlõdõ piaci részvény ESG eszközalap-D,2025-10-21,1.1502
Fejlõdõ ázsiai részvény eszközalap,2025-10-21,2.3392
Fenntartható növekedés részvény eszk.,2025-10-21,3.1737
Globális egészségügyi részvény eszk.,2025-10-21,3.4092
Globális növekedési részvény eszközalap,2025-10-21,2.1995
Kiegyensúlyozott vegyes eszközalap - D,2025-10-21,1.4352
Latin-amerikai részvény eszközalap,2025-10-21,1.1636
Magas kötvény arányú vegyes eszk. - D,2025-10-21,1.1211
Magas védelmû vegyes eszközalap,2025-10-21,1.1037
Nemz. élelmiszeripari cégek rv. ea - D,2025-10-21,3.2042
Nyersanyagpiaci részvény eszközalap,2025-10-21,1.4057
Presztízs- és luxusmárkák rv. ea.,2025-10-21,3.6644
USA részvény eszközalap,2025-10-21,4.5843
Ázsia kötvény eszközalap,2025-10-21,2.261
Aktív hozamfigyelõ vegyes eszközalap - D,2025-10-22,0.9567
Euró likviditás eszközalap - D,2025-10-22,0.9272
Európai ingatlancégek részv. eszközalap,2025-10-22,1.8867
Európai kötvény eszközalap - D,2025-10-22,1.2431
Európai részvény eszközalap,2025-10-22,2.6822
Európai vállalati kötvény eszközalap,2025-10-22,1.3337
Fejlõdõ piaci részvény ESG eszközalap-D,2025-10-22,1.1491
Fejlõdõ ázsiai részvény eszközalap,2025-10-22,2.3536
Fenntartható növekedés részvény eszk.,2025-10-22,3.194
Globális egészségügyi részvény eszk.,2025-10-22,3.4117
Globális növekedési részvény eszközalap,2025-10-22,2.2157
Kiegyensúlyozott vegyes eszközalap - D,2025-10-22,1.4403
Latin-amerikai részvény eszközalap,2025-10-22,1.1578
Magas kötvény arányú vegyes eszk. - D,2025-10-22,1.1241
Magas védelmû vegyes eszközalap,2025-10-22,1.104
Nemz. élelmiszeripari cégek rv. ea - D,2025-10-22,3.1999
Nyersanyagpiaci részvény eszközalap,2025-10-22,1.3871
Presztízs- és luxusmárkák rv. ea.,2025-10-22,3.6922
USA részvény eszközalap,2025-10-22,4.6071
Ázsia kötvény eszközalap,2025-10-22,2.2727
Aktív hozamfigyelõ vegyes eszközalap - D,2025-10-23,0.9559
Euró likviditás eszközalap - D,2025-10-23,0.9272
Európai ingatlancégek részv. eszközalap,2025-10-23,1.9095
Európai kötvény eszközalap - D,2025-10-23,1.2425
Európai részvény eszközalap,2025-10-23,2.6607
Európai vállalati kötvény eszközalap,2025-10-23,1.3335
Fejlõdõ piaci részvény ESG eszközalap-D,2025-10-23,1.1439
Fejlõdõ ázsiai részvény eszközalap,2025-10-23,2.3507
Fenntartható növekedés részvény eszk.,2025-10-23,3.1898
Globális egészségügyi részvény eszk.,2025-10-23,3.4297
Globális növekedési részvény eszközalap,2025-10-23,2.2096
Kiegyensúlyozott vegyes eszközalap - D,2025-10-23,1.4375
Latin-amerikai részvény eszközalap,2025-10-23,1.1571
Magas kötvény arányú vegyes eszk. - D,2025-10-23,1.1225
Magas védelmû vegyes eszközalap,2025-10-23,1.1015
Nemz. élelmiszeripari cégek rv. ea - D,2025-10-23,3.2223
Nyersanyagpiaci részvény eszközalap,2025-10-23,1.3856
Presztízs- és luxusmárkák rv. ea.,2025-10-23,3.6688
USA részvény eszközalap,2025-10-23,4.5747
Ázsia kötvény eszközalap,2025-10-23,2.2777
Aktív hozamfigyelõ vegyes eszközalap - D,2025-10-28,0.9612
Euró likviditás eszközalap - D,2025-10-28,0.9265
Európai ingatlancégek részv. eszközalap,2025-10-28,1.8914
Európai kötvény eszközalap - D,2025-10-28,1.2387
Európai részvény eszközalap,2025-10-28,2.6941
Európai vállalati kötvény eszközalap,2025-10-28,1.3326
Fejlõdõ piaci részvény ESG eszközalap-D,2025-10-28,1.1656
Fejlõdõ ázsiai részvény eszközalap,2025-10-28,2.4019
Fenntartható növekedés részvény eszk.,2025-10-28,3.2482
Globális egészségügyi részvény eszk.,2025-10-28,3.4137
Globális növekedési részvény eszközalap,2025-10-28,2.2351
Kiegyensúlyozott vegyes eszközalap - D,2025-10-28,1.4464
Latin-amerikai részvény eszközalap,2025-10-28,1.1767
Magas kötvény arányú vegyes eszk. - D,2025-10-28,1.1246
Magas védelmû vegyes eszközalap,2025-10-28,1.105
Nemz. élelmiszeripari cégek rv. ea - D,2025-10-28,3.1772
Nyersanyagpiaci részvény eszközalap,2025-10-28,1.3903
Presztízs- és luxusmárkák rv. ea.,2025-10-28,3.7045
USA részvény eszközalap,2025-10-28,4.6733
Ázsia kötvény eszközalap,2025-10-28,2.2726
Aktív hozamfigyelõ vegyes eszközalap - D,2025-10-28,0.9612
Euró likviditás eszközalap - D,2025-10-28,0.9265
Európai ingatlancégek részv. eszközalap,2025-10-28,1.8914
Európai kötvény eszközalap - D,2025-10-28,1.2387
Európai részvény eszközalap,2025-10-28,2.6941
Európai vállalati kötvény eszközalap,2025-10-28,1.3326
Fejlõdõ piaci részvény ESG eszközalap-D,2025-10-28,1.1656
Fejlõdõ ázsiai részvény eszközalap,2025-10-28,2.4019
Fenntartható növekedés részvény eszk.,2025-10-28,3.2482
Globális egészségügyi részvény eszk.,2025-10-28,3.4137
Globális növekedési részvény eszközalap,2025-10-28,2.2351
Kiegyensúlyozott vegyes eszközalap - D,2025-10-28,1.4464
Latin-amerikai részvény eszközalap,2025-10-28,1.1767
Magas kötvény arányú vegyes eszk. - D,2025-10-28,1.1246
Magas védelmû vegyes eszközalap,2025-10-28,1.105
Nemz. élelmiszeripari cégek rv. ea - D,2025-10-28,3.1772
Nyersanyagpiaci részvény eszközalap,2025-10-28,1.3903
Presztízs- és luxusmárkák rv. ea.,2025-10-28,3.7045
USA részvény eszközalap,2025-10-28,4.6733
Ázsia kötvény eszközalap,2025-10-28,2.2726
Aktív hozamfigyelõ vegyes eszközalap - D,2025-10-29,0.961
Euró likviditás eszközalap - D,2025-10-29,0.9265
Európai ingatlancégek részv. eszközalap,2025-10-29,1.8734
Európai kötvény eszközalap - D,2025-10-29,1.2388
Európai részvény eszközalap,2025-10-29,2.6894
Európai vállalati kötvény eszközalap,2025-10-29,1.3331
Fejlõdõ piaci részvény ESG eszközalap-D,2025-10-29,1.1572
Fejlõdõ ázsiai részvény eszközalap,2025-10-29,2.4025
Fenntartható növekedés részvény eszk.,2025-10-29,3.242
Globális egészségügyi részvény eszk.,2025-10-29,3.424
Globális növekedési részvény eszközalap,2025-10-29,2.2159
Kiegyensúlyozott vegyes eszközalap - D,2025-10-29,1.4476
Latin-amerikai részvény eszközalap,2025-10-29,1.1811
Magas kötvény arányú vegyes eszk. - D,2025-10-29,1.1253
Magas védelmû vegyes eszközalap,2025-10-29,1.1046
Nemz. élelmiszeripari cégek rv. ea - D,2025-10-29,3.162
Nyersanyagpiaci részvény eszközalap,2025-10-29,1.391
Presztízs- és luxusmárkák rv. ea.,2025-10-29,3.6692
USA részvény eszközalap,2025-10-29,4.6806
Ázsia kötvény eszközalap,2025-10-29,2.2732
Aktív hozamfigyelõ vegyes eszközalap - D,2025-10-30,0.9588
Euró likviditás eszközalap - D,2025-10-30,0.9266
Európai ingatlancégek részv. eszközalap,2025-10-30,1.8635
Európai kötvény eszközalap - D,2025-10-30,1.2392
Európai részvény eszközalap,2025-10-30,2.6873
Európai vállalati kötvény eszközalap,2025-10-30,1.3335
Fejlõdõ piaci részvény ESG eszközalap-D,2025-10-30,1.1695
Fejlõdõ ázsiai részvény eszközalap,2025-10-30,2.4025
Fenntartható növekedés részvény eszk.,2025-10-30,3.2315
Globális egészségügyi részvény eszk.,2025-10-30,3.3876
Globális növekedési részvény eszközalap,2025-10-30,2.1711
Kiegyensúlyozott vegyes eszközalap - D,2025-10-30,1.4499
Latin-amerikai részvény eszközalap,2025-10-30,1.189
Magas kötvény arányú vegyes eszk. - D,2025-10-30,1.1264
Magas védelmû vegyes eszközalap,2025-10-30,1.1047
Nemz. élelmiszeripari cégek rv. ea - D,2025-10-30,3.11
Nyersanyagpiaci részvény eszközalap,2025-10-30,1.3971
Presztízs- és luxusmárkák rv. ea.,2025-10-30,3.6521
USA részvény eszközalap,2025-10-30,4.6737
Ázsia kötvény eszközalap,2025-10-30,2.2757
Aktív hozamfigyelõ vegyes eszközalap - D,2025-10-31,0.9577
Euró likviditás eszközalap - D,2025-10-31,0.9264
Európai ingatlancégek részv. eszközalap,2025-10-31,1.8554
Európai kötvény eszközalap - D,2025-10-31,1.238
Európai részvény eszközalap,2025-10-31,2.6889
Európai vállalati kötvény eszközalap,2025-10-31,1.332
Fejlõdõ piaci részvény ESG eszközalap-D,2025-10-31,1.1631
Fejlõdõ ázsiai részvény eszközalap,2025-10-31,2.4391
Fenntartható növekedés részvény eszk.,2025-10-31,3.2372
Globális egészségügyi részvény eszk.,2025-10-31,3.3823
Globális növekedési részvény eszközalap,2025-10-31,2.1694
Kiegyensúlyozott vegyes eszközalap - D,2025-10-31,1.4487
Latin-amerikai részvény eszközalap,2025-10-31,1.1948
Magas kötvény arányú vegyes eszk. - D,2025-10-31,1.1252
Magas védelmû vegyes eszközalap,2025-10-31,1.1046
Nemz. élelmiszeripari cégek rv. ea - D,2025-10-31,3.1216
Nyersanyagpiaci részvény eszközalap,2025-10-31,1.3868
Presztízs- és luxusmárkák rv. ea.,2025-10-31,3.6251
USA részvény eszközalap,2025-10-31,4.6772
Ázsia kötvény eszközalap,2025-10-31,2.2757
Aktív hozamfigyelõ vegyes eszközalap - D,2025-11-01,0.958
Euró likviditás eszközalap - D,2025-11-01,0.9266
Európai ingatlancégek részv. eszközalap,2025-11-01,1.8424
Európai kötvény eszközalap - D,2025-11-01,1.2382
Európai részvény eszközalap,2025-11-01,2.666
Európai vállalati kötvény eszközalap,2025-11-01,1.3324
Fejlõdõ piaci részvény ESG eszközalap-D,2025-11-01,1.1568
Fejlõdõ ázsiai részvény eszközalap,2025-11-01,2.4282
Fenntartható növekedés részvény eszk.,2025-11-01,3.2417
Globális egészségügyi részvény eszk.,2025-11-01,3.3589
Globális növekedési részvény eszközalap,2025-11-01,2.1716
Kiegyensúlyozott vegyes eszközalap - D,2025-11-01,1.4503
Latin-amerikai részvény eszközalap,2025-11-01,1.1964
Magas kötvény arányú vegyes eszk. - D,2025-11-01,1.1258
Magas védelmû vegyes eszközalap,2025-11-01,1.1028
Nemz. élelmiszeripari cégek rv. ea - D,2025-11-01,3.1092
Nyersanyagpiaci részvény eszközalap,2025-11-01,1.3804
Presztízs- és luxusmárkák rv. ea.,2025-11-01,3.636
USA részvény eszközalap,2025-11-01,4.7
Ázsia kötvény eszközalap,2025-11-01,2.2805
Aktív hozamfigyelõ vegyes eszközalap - D,2025-11-04,0.9582
Euró likviditás eszközalap - D,2025-11-04,0.9263
Európai ingatlancégek részv. eszközalap,2025-11-04,1.8278
Európai kötvény eszközalap - D,2025-11-04,1.2369
Európai részvény eszközalap,2025-11-04,2.6707
Európai vállalati kötvény eszközalap,2025-11-04,1.33
Fejlõdõ piaci részvény ESG eszközalap-D,2025-11-04,1.164
Fejlõdõ ázsiai részvény eszközalap,2025-11-04,2.4494
Fenntartható növekedés részvény eszk.,2025-11-04,3.2519
Globális egészségügyi részvény eszk.,2025-11-04,3.3456
Globális növekedési részvény eszközalap,2025-11-04,2.1715
Kiegyensúlyozott vegyes eszközalap - D,2025-11-04,1.4526
Latin-amerikai részvény eszközalap,2025-11-04,1.2061
Magas kötvény arányú vegyes eszk. - D,2025-11-04,1.126
Magas védelmû vegyes eszközalap,2025-11-04,1.1034
Nemz. élelmiszeripari cégek rv. ea - D,2025-11-04,3.1001
Nyersanyagpiaci részvény eszközalap,2025-11-04,1.3666
Presztízs- és luxusmárkák rv. ea.,2025-11-04,3.6229
USA részvény eszközalap,2025-11-04,4.7041
Ázsia kötvény eszközalap,2025-11-04,2.2923
Aktív hozamfigyelõ vegyes eszközalap - D,2025-11-04,0.9582
Euró likviditás eszközalap - D,2025-11-04,0.9263
Európai ingatlancégek részv. eszközalap,2025-11-04,1.8278
Európai kötvény eszközalap - D,2025-11-04,1.2369
Európai részvény eszközalap,2025-11-04,2.6707
Európai vállalati kötvény eszközalap,2025-11-04,1.33
Fejlõdõ piaci részvény ESG eszközalap-D,2025-11-04,1.164
Fejlõdõ ázsiai részvény eszközalap,2025-11-04,2.4494
Fenntartható növekedés részvény eszk.,2025-11-04,3.2519
Globális egészségügyi részvény eszk.,2025-11-04,3.3456
Globális növekedési részvény eszközalap,2025-11-04,2.1715
Kiegyensúlyozott vegyes eszközalap - D,2025-11-04,1.4526
Latin-amerikai részvény eszközalap,2025-11-04,1.2061
Magas kötvény arányú vegyes eszk. - D,2025-11-04,1.126
Magas védelmû vegyes eszközalap,2025-11-04,1.1034
Nemz. élelmiszeripari cégek rv. ea - D,2025-11-04,3.1001
Nyersanyagpiaci részvény eszközalap,2025-11-04,1.3666
Presztízs- és luxusmárkák rv. ea.,2025-11-04,3.6229
USA részvény eszközalap,2025-11-04,4.7041
Ázsia kötvény eszközalap,2025-11-04,2.2923
Aktív hozamfigyelõ vegyes eszközalap - D,2025-11-05,0.9562
Euró likviditás eszközalap - D,2025-11-05,0.9264
Európai ingatlancégek részv. eszközalap,2025-11-05,1.8388
Európai kötvény eszközalap - D,2025-11-05,1.2375
Európai részvény eszközalap,2025-11-05,2.6669
Európai vállalati kötvény eszközalap,2025-11-05,1.3297
Fejlõdõ piaci részvény ESG eszközalap-D,2025-11-05,1.1535
Fejlõdõ ázsiai részvény eszközalap,2025-11-05,2.4411
Fenntartható növekedés részvény eszk.,2025-11-05,3.2349
Globális egészségügyi részvény eszk.,2025-11-05,3.3455
Globális növekedési részvény eszközalap,2025-11-05,2.1633
Kiegyensúlyozott vegyes eszközalap - D,2025-11-05,1.4487
Latin-amerikai részvény eszközalap,2025-11-05,1.2034
Magas kötvény arányú vegyes eszk. - D,2025-11-05,1.1244
Magas védelmû vegyes eszközalap,2025-11-05,1.1026
Nemz. élelmiszeripari cégek rv. ea - D,2025-11-05,3.1205
Nyersanyagpiaci részvény eszközalap,2025-11-05,1.359
Presztízs- és luxusmárkák rv. ea.,2025-11-05,3.5812
USA részvény eszközalap,2025-11-05,4.658
Ázsia kötvény eszközalap,2025-11-05,2.2938
Aktív hozamfigyelõ vegyes eszközalap - D,2025-11-06,0.9555
Euró likviditás eszközalap - D,2025-11-06,0.9261
Európai ingatlancégek részv. eszközalap,2025-11-06,1.8326
Európai kötvény eszközalap - D,2025-11-06,1.2361
Európai részvény eszközalap,2025-11-06,2.6725
Európai vállalati kötvény eszközalap,2025-11-06,1.329
Fejlõdõ piaci részvény ESG eszközalap-D,2025-11-06,1.1534
Fejlõdõ ázsiai részvény eszközalap,2025-11-06,2.4346
Fenntartható növekedés részvény eszk.,2025-11-06,3.2442
Globális egészségügyi részvény eszk.,2025-11-06,3.366
Globális növekedési részvény eszközalap,2025-11-06,2.176
Kiegyensúlyozott vegyes eszközalap - D,2025-11-06,1.4476
Latin-amerikai részvény eszközalap,2025-11-06,1.2177
Magas kötvény arányú vegyes eszk. - D,2025-11-06,1.1233
Magas védelmû vegyes eszközalap,2025-11-06,1.1034
Nemz. élelmiszeripari cégek rv. ea - D,2025-11-06,3.129
Nyersanyagpiaci részvény eszközalap,2025-11-06,1.3627
Presztízs- és luxusmárkák rv. ea.,2025-11-06,3.6078
USA részvény eszközalap,2025-11-06,4.6784
Ázsia kötvény eszközalap,2025-11-06,2.295
Aktív hozamfigyelõ vegyes eszközalap - D,2025-11-07,0.9529
Euró likviditás eszközalap - D,2025-11-07,0.9262
Európai ingatlancégek részv. eszközalap,2025-11-07,1.8418
Európai kötvény eszközalap - D,2025-11-07,1.2366
Európai részvény eszközalap,2025-11-07,2.6462
Európai vállalati kötvény eszközalap,2025-11-07,1.329
Fejlõdõ piaci részvény ESG eszközalap-D,2025-11-07,1.144
Fejlõdõ ázsiai részvény eszközalap,2025-11-07,2.4418
Fenntartható növekedés részvény eszk.,2025-11-07,3.198
Globális egészségügyi részvény eszk.,2025-11-07,3.3788
Globális növekedési részvény eszközalap,2025-11-07,2.1675
Kiegyensúlyozott vegyes eszközalap - D,2025-11-07,1.4414
Latin-amerikai részvény eszközalap,2025-11-07,1.2178
Magas kötvény arányú vegyes eszk. - D,2025-11-07,1.121
Magas védelmû vegyes eszközalap,2025-11-07,1.1007
Nemz. élelmiszeripari cégek rv. ea - D,2025-11-07,3.1076
Nyersanyagpiaci részvény eszközalap,2025-11-07,1.3624
Presztízs- és luxusmárkák rv. ea.,2025-11-07,3.5414
USA részvény eszközalap,2025-11-07,4.6044
Ázsia kötvény eszközalap,2025-11-07,2.2878
Aktív hozamfigyelõ vegyes eszközalap - D,2025-11-08,0.9528
Euró likviditás eszközalap - D,2025-11-08,0.9262
Európai ingatlancégek részv. eszközalap,2025-11-08,1.8448
Európai kötvény eszközalap - D,2025-11-08,1.236
Európai részvény eszközalap,2025-11-08,2.6231
Európai vállalati kötvény eszközalap,2025-11-08,1.3275
Fejlõdõ piaci részvény ESG eszközalap-D,2025-11-08,1.1283
Fejlõdõ ázsiai részvény eszközalap,2025-11-08,2.4074
Fenntartható növekedés részvény eszk.,2025-11-08,3.1982
Globális egészségügyi részvény eszk.,2025-11-08,3.3684
Globális növekedési részvény eszközalap,2025-11-08,2.1636
Kiegyensúlyozott vegyes eszközalap - D,2025-11-08,1.4351
Latin-amerikai részvény eszközalap,2025-11-08,1.2189
Magas kötvény arányú vegyes eszk. - D,2025-11-08,1.1181
Magas védelmû vegyes eszközalap,2025-11-08,1.0985
Nemz. élelmiszeripari cégek rv. ea - D,2025-11-08,3.1303
Nyersanyagpiaci részvény eszközalap,2025-11-08,1.3564
Presztízs- és luxusmárkák rv. ea.,2025-11-08,3.5632
USA részvény eszközalap,2025-11-08,4.6045
Ázsia kötvény eszközalap,2025-11-08,2.2847
Aktív hozamfigyelõ vegyes eszközalap - D,2025-11-11,0.9574
Euró likviditás eszközalap - D,2025-11-11,0.9263
Európai ingatlancégek részv. eszközalap,2025-11-11,1.8447
Európai kötvény eszközalap - D,2025-11-11,1.2368
Európai részvény eszközalap,2025-11-11,2.6642
Európai vállalati kötvény eszközalap,2025-11-11,1.3282
Fejlõdõ piaci részvény ESG eszközalap-D,2025-11-11,1.1532
Fejlõdõ ázsiai részvény eszközalap,2025-11-11,2.4368
Fenntartható növekedés részvény eszk.,2025-11-11,3.2438
Globális egészségügyi részvény eszk.,2025-11-11,3.4147
Globális növekedési részvény eszközalap,2025-11-11,2.1691
Kiegyensúlyozott vegyes eszközalap - D,2025-11-11,1.4442
Latin-amerikai részvény eszközalap,2025-11-11,1.2385
Magas kötvény arányú vegyes eszk. - D,2025-11-11,1.122
Magas védelmû vegyes eszközalap,2025-11-11,1.1029
Nemz. élelmiszeripari cégek rv. ea - D,2025-11-11,3.1187
Nyersanyagpiaci részvény eszközalap,2025-11-11,1.3796
Presztízs- és luxusmárkák rv. ea.,2025-11-11,3.6345
USA részvény eszközalap,2025-11-11,4.6885
Ázsia kötvény eszközalap,2025-11-11,2.2788
Aktív hozamfigyelõ vegyes eszközalap - D,2025-11-11,0.9574
Euró likviditás eszközalap - D,2025-11-11,0.9263
Európai ingatlancégek részv. eszközalap,2025-11-11,1.8447
Európai kötvény eszközalap - D,2025-11-11,1.2368
Európai részvény eszközalap,2025-11-11,2.6642
Európai vállalati kötvény eszközalap,2025-11-11,1.3282
Fejlõdõ piaci részvény ESG eszközalap-D,2025-11-11,1.1532
Fejlõdõ ázsiai részvény eszközalap,2025-11-11,2.4368
Fenntartható növekedés részvény eszk.,2025-11-11,3.2438
Globális egészségügyi részvény eszk.,2025-11-11,3.4147
Globális növekedési részvény eszközalap,2025-11-11,2.1691
Kiegyensúlyozott vegyes eszközalap - D,2025-11-11,1.4442
Latin-amerikai részvény eszközalap,2025-11-11,1.2385
Magas kötvény arányú vegyes eszk. - D,2025-11-11,1.122
Magas védelmû vegyes eszközalap,2025-11-11,1.1029
Nemz. élelmiszeripari cégek rv. ea - D,2025-11-11,3.1187
Nyersanyagpiaci részvény eszközalap,2025-11-11,1.3796
Presztízs- és luxusmárkák rv. ea.,2025-11-11,3.6345
USA részvény eszközalap,2025-11-11,4.6885
Ázsia kötvény eszközalap,2025-11-11,2.2788
Aktív hozamfigyelõ vegyes eszközalap - D,2025-11-12,0.9589
Euró likviditás eszközalap - D,2025-11-12,0.9263
Európai ingatlancégek részv. eszközalap,2025-11-12,1.8533
Európai kötvény eszközalap - D,2025-11-12,1.2378
Európai részvény eszközalap,2025-11-12,2.6873
Európai vállalati kötvény eszközalap,2025-11-12,1.3289
Fejlõdõ piaci részvény ESG eszközalap-D,2025-11-12,1.1594
Fejlõdõ ázsiai részvény eszközalap,2025-11-12,2.4155
Fenntartható növekedés részvény eszk.,2025-11-12,3.2485
Globális egészségügyi részvény eszk.,2025-11-12,3.4562
Globális növekedési részvény eszközalap,2025-11-12,2.1715
Kiegyensúlyozott vegyes eszközalap - D,2025-11-12,1.4479
Latin-amerikai részvény eszközalap,2025-11-12,1.2549
Magas kötvény arányú vegyes eszk. - D,2025-11-12,1.1238
Magas védelmû vegyes eszközalap,2025-11-12,1.1054
Nemz. élelmiszeripari cégek rv. ea - D,2025-11-12,3.1523
Nyersanyagpiaci részvény eszközalap,2025-11-12,1.3919
Presztízs- és luxusmárkák rv. ea.,2025-11-12,3.6915
USA részvény eszközalap,2025-11-12,4.6813
Ázsia kötvény eszközalap,2025-11-12,2.2811
Aktív hozamfigyelõ vegyes eszközalap - D,2025-11-13,0.9601
Euró likviditás eszközalap - D,2025-11-13,0.9264
Európai ingatlancégek részv. eszközalap,2025-11-13,1.8552
Európai kötvény eszközalap - D,2025-11-13,1.2389
Európai részvény eszközalap,2025-11-13,2.7105
Európai vállalati kötvény eszközalap,2025-11-13,1.3296
Fejlõdõ piaci részvény ESG eszközalap-D,2025-11-13,1.1687
Fejlõdõ ázsiai részvény eszközalap,2025-11-13,2.4223
Fenntartható növekedés részvény eszk.,2025-11-13,3.2525
Globális egészségügyi részvény eszk.,2025-11-13,3.5368
Globális növekedési részvény eszközalap,2025-11-13,2.1691
Kiegyensúlyozott vegyes eszközalap - D,2025-11-13,1.4505
Latin-amerikai részvény eszközalap,2025-11-13,1.2559
Magas kötvény arányú vegyes eszk. - D,2025-11-13,1.1254
Magas védelmû vegyes eszközalap,2025-11-13,1.1079
Nemz. élelmiszeripari cégek rv. ea - D,2025-11-13,3.1675
Nyersanyagpiaci részvény eszközalap,2025-11-13,1.4137
Presztízs- és luxusmárkák rv. ea.,2025-11-13,3.7242
USA részvény eszközalap,2025-11-13,4.6817
Ázsia kötvény eszközalap,2025-11-13,2.2821
Aktív hozamfigyelõ vegyes eszközalap - D,2025-11-14,0.9529
Euró likviditás eszközalap - D,2025-11-14,0.9259
Európai ingatlancégek részv. eszközalap,2025-11-14,1.8612
Európai kötvény eszközalap - D,2025-11-14,1.2363
Európai részvény eszközalap,2025-11-14,2.6952
Európai vállalati kötvény eszközalap,2025-11-14,1.3274
Fejlõdõ piaci részvény ESG eszközalap-D,2025-11-14,1.1655
Fejlõdõ ázsiai részvény eszközalap,2025-11-14,2.4224
Fenntartható növekedés részvény eszk.,2025-11-14,3.1918
Globális egészségügyi részvény eszk.,2025-11-14,3.5649
Globális növekedési részvény eszközalap,2025-11-14,2.1531
Kiegyensúlyozott vegyes eszközalap - D,2025-11-14,1.4402
Latin-amerikai részvény eszközalap,2025-11-14,1.2482
Magas kötvény arányú vegyes eszk. - D,2025-11-14,1.1201
Magas védelmû vegyes eszközalap,2025-11-14,1.1059
Nemz. élelmiszeripari cégek rv. ea - D,2025-11-14,3.1479
Nyersanyagpiaci részvény eszközalap,2025-11-14,1.4049
Presztízs- és luxusmárkák rv. ea.,2025-11-14,3.6684
USA részvény eszközalap,2025-11-14,4.5855
Ázsia kötvény eszközalap,2025-11-14,2.2728
Aktív hozamfigyelõ vegyes eszközalap - D,2025-11-15,0.9514
Euró likviditás eszközalap - D,2025-11-15,0.9257
Európai ingatlancégek részv. eszközalap,2025-11-15,1.8296
Európai kötvény eszközalap - D,2025-11-15,1.2344
Európai részvény eszközalap,2025-11-15,2.671
Európai vállalati kötvény eszközalap,2025-11-15,1.3257
Fejlõdõ piaci részvény ESG eszközalap-D,2025-11-15,1.1603
Fejlõdõ ázsiai részvény eszközalap,2025-11-15,2.405
Fenntartható növekedés részvény eszk.,2025-11-15,3.1853
Globális egészségügyi részvény eszk.,2025-11-15,3.5159
Globális növekedési részvény eszközalap,2025-11-15,2.1448
Kiegyensúlyozott vegyes eszközalap - D,2025-11-15,1.4336
Latin-amerikai részvény eszközalap,2025-11-15,1.2457
Magas kötvény arányú vegyes eszk. - D,2025-11-15,1.1165
Magas védelmû vegyes eszközalap,2025-11-15,1.1034
Nemz. élelmiszeripari cégek rv. ea - D,2025-11-15,3.1304
Nyersanyagpiaci részvény eszközalap,2025-11-15,1.3915
Presztízs- és luxusmárkák rv. ea.,2025-11-15,3.6488
USA részvény eszközalap,2025-11-15,4.5954
Ázsia kötvény eszközalap,2025-11-15,2.267
Aktív hozamfigyelõ vegyes eszközalap - D,2025-11-18,0.949
Euró likviditás eszközalap - D,2025-11-18,0.9257
Európai ingatlancégek részv. eszközalap,2025-11-18,1.834
Európai kötvény eszközalap - D,2025-11-18,1.2346
Európai részvény eszközalap,2025-11-18,2.6494
Európai vállalati kötvény eszközalap,2025-11-18,1.3259
Fejlõdõ piaci részvény ESG eszközalap-D,2025-11-18,1.1519
Fejlõdõ ázsiai részvény eszközalap,2025-11-18,2.4106
Fenntartható növekedés részvény eszk.,2025-11-18,3.1605
Globális egészségügyi részvény eszk.,2025-11-18,3.5337
Globális növekedési részvény eszközalap,2025-11-18,2.1243
Kiegyensúlyozott vegyes eszközalap - D,2025-11-18,1.43
Latin-amerikai részvény eszközalap,2025-11-18,1.2427
Magas kötvény arányú vegyes eszk. - D,2025-11-18,1.1151
Magas védelmû vegyes eszközalap,2025-11-18,1.1012
Nemz. élelmiszeripari cégek rv. ea - D,2025-11-18,3.1369
Nyersanyagpiaci részvény eszközalap,2025-11-18,1.3777
Presztízs- és luxusmárkák rv. ea.,2025-11-18,3.6187
USA részvény eszközalap,2025-11-18,4.5525
Ázsia kötvény eszközalap,2025-11-18,2.2707
Aktív hozamfigyelõ vegyes eszközalap - D,2025-11-18,0.949
Euró likviditás eszközalap - D,2025-11-18,0.9257
Európai ingatlancégek részv. eszközalap,2025-11-18,1.834
Európai kötvény eszközalap - D,2025-11-18,1.2346
Európai részvény eszközalap,2025-11-18,2.6494
Európai vállalati kötvény eszközalap,2025-11-18,1.3259
Fejlõdõ piaci részvény ESG eszközalap-D,2025-11-18,1.1519
Fejlõdõ ázsiai részvény eszközalap,2025-11-18,2.4106
Fenntartható növekedés részvény eszk.,2025-11-18,3.1605
Globális egészségügyi részvény eszk.,2025-11-18,3.5337
Globális növekedési részvény eszközalap,2025-11-18,2.1243
Kiegyensúlyozott vegyes eszközalap - D,2025-11-18,1.43
Latin-amerikai részvény eszközalap,2025-11-18,1.2427
Magas kötvény arányú vegyes eszk. - D,2025-11-18,1.1151
Magas védelmû vegyes eszközalap,2025-11-18,1.1012
Nemz. élelmiszeripari cégek rv. ea - D,2025-11-18,3.1369
Nyersanyagpiaci részvény eszközalap,2025-11-18,1.3777
Presztízs- és luxusmárkák rv. ea.,2025-11-18,3.6187
USA részvény eszközalap,2025-11-18,4.5525
Ázsia kötvény eszközalap,2025-11-18,2.2707
Aktív hozamfigyelõ vegyes eszközalap - D,2025-11-19,0.9456
Euró likviditás eszközalap - D,2025-11-19,0.9259
Európai ingatlancégek részv. eszközalap,2025-11-19,1.8251
Európai kötvény eszközalap - D,2025-11-19,1.2348
Európai részvény eszközalap,2025-11-19,2.6013
Európai vállalati kötvény eszközalap,2025-11-19,1.3255
Fejlõdõ piaci részvény ESG eszközalap-D,2025-11-19,1.1362
Fejlõdõ ázsiai részvény eszközalap,2025-11-19,2.3551
Fenntartható növekedés részvény eszk.,2025-11-19,3.1258
Globális egészségügyi részvény eszk.,2025-11-19,3.5233
Globális növekedési részvény eszközalap,2025-11-19,2.1089
Kiegyensúlyozott vegyes eszközalap - D,2025-11-19,1.4222
Latin-amerikai részvény eszközalap,2025-11-19,1.2387
Magas kötvény arányú vegyes eszk. - D,2025-11-19,1.112
Magas védelmû vegyes eszközalap,2025-11-19,1.0969
Nemz. élelmiszeripari cégek rv. ea - D,2025-11-19,3.1237
Nyersanyagpiaci részvény eszközalap,2025-11-19,1.3645
Presztízs- és luxusmárkák rv. ea.,2025-11-19,3.534
USA részvény eszközalap,2025-11-19,4.5306
Ázsia kötvény eszközalap,2025-11-19,2.2732
Aktív hozamfigyelõ vegyes eszközalap - D,2025-11-20,0.9473
Euró likviditás eszközalap - D,2025-11-20,0.9261
Európai ingatlancégek részv. eszközalap,2025-11-20,1.8136
Európai kötvény eszközalap - D,2025-11-20,1.2348
Európai részvény eszközalap,2025-11-20,2.6046
Európai vállalati kötvény eszközalap,2025-11-20,1.3258
Fejlõdõ piaci részvény ESG eszközalap-D,2025-11-20,1.1393
Fejlõdõ ázsiai részvény eszközalap,2025-11-20,2.3736
Fenntartható növekedés részvény eszk.,2025-11-20,3.1463
Globális egészségügyi részvény eszk.,2025-11-20,3.5387
Globális növekedési részvény eszközalap,2025-11-20,2.1172
Kiegyensúlyozott vegyes eszközalap - D,2025-11-20,1.4234
Latin-amerikai részvény eszközalap,2025-11-20,1.2386
Magas kötvény arányú vegyes eszk. - D,2025-11-20,1.1122
Magas védelmû vegyes eszközalap,2025-11-20,1.0974
Nemz. élelmiszeripari cégek rv. ea - D,2025-11-20,3.1141
Nyersanyagpiaci részvény eszközalap,2025-11-20,1.3693
Presztízs- és luxusmárkák rv. ea.,2025-11-20,3.544
USA részvény eszközalap,2025-11-20,4.5617
Ázsia kötvény eszközalap,2025-11-20,2.2754
Aktív hozamfigyelõ vegyes eszközalap - D,2025-11-21,0.9449
Euró likviditás eszközalap - D,2025-11-21,0.926
Európai ingatlancégek részv. eszközalap,2025-11-21,1.8018
Európai kötvény eszközalap - D,2025-11-21,1.2344
Európai részvény eszközalap,2025-11-21,2.612
Európai vállalati kötvény eszközalap,2025-11-21,1.3264
Fejlõdõ piaci részvény ESG eszközalap-D,2025-11-21,1.1465
Fejlõdõ ázsiai részvény eszközalap,2025-11-21,2.3893
Fenntartható növekedés részvény eszk.,2025-11-21,3.121
Globális egészségügyi részvény eszk.,2025-11-21,3.5438
Globális növekedési részvény eszközalap,2025-11-21,2.1084
Kiegyensúlyozott vegyes eszközalap - D,2025-11-21,1.42
Latin-amerikai részvény eszközalap,2025-11-21,1.2396
Magas kötvény arányú vegyes eszk. - D,2025-11-21,1.1105
Magas védelmû vegyes eszközalap,2025-11-21,1.0984
Nemz. élelmiszeripari cégek rv. ea - D,2025-11-21,3.1492
Nyersanyagpiaci részvény eszközalap,2025-11-21,1.3693
Presztízs- és luxusmárkák rv. ea.,2025-11-21,3.5504
USA részvény eszközalap,2025-11-21,4.5001
Ázsia kötvény eszközalap,2025-11-21,2.284
Aktív hozamfigyelõ vegyes eszközalap - D,2025-11-22,0.9487
Euró likviditás eszközalap - D,2025-11-22,0.9262
Európai ingatlancégek részv. eszközalap,2025-11-22,1.8087
Európai kötvény eszközalap - D,2025-11-22,1.2355
Európai részvény eszközalap,2025-11-22,2.597
Európai vállalati kötvény eszközalap,2025-11-22,1.3263
Fejlõdõ piaci részvény ESG eszközalap-D,2025-11-22,1.1266
Fejlõdõ ázsiai részvény eszközalap,2025-11-22,2.3267
Fenntartható növekedés részvény eszk.,2025-11-22,3.1504
Globális egészségügyi részvény eszk.,2025-11-22,3.5412
Globális növekedési részvény eszközalap,2025-11-22,2.1328
Kiegyensúlyozott vegyes eszközalap - D,2025-11-22,1.4205
Latin-amerikai részvény eszközalap,2025-11-22,1.2197
Magas kötvény arányú vegyes eszk. - D,2025-11-22,1.1112
Magas védelmû vegyes eszközalap,2025-11-22,1.0963
Nemz. élelmiszeripari cégek rv. ea - D,2025-11-22,3.1888
Nyersanyagpiaci részvény eszközalap,2025-11-22,1.3656
Presztízs- és luxusmárkák rv. ea.,2025-11-22,3.5704
USA részvény eszközalap,2025-11-22,4.5487
Ázsia kötvény eszközalap,2025-11-22,2.2867
Aktív hozamfigyelõ vegyes eszközalap - D,2025-11-25,0.9522
Euró likviditás eszközalap - D,2025-11-25,0.9262
Európai ingatlancégek részv. eszközalap,2025-11-25,1.8078
Európai kötvény eszközalap - D,2025-11-25,1.2362
Európai részvény eszközalap,2025-11-25,2.6069
Európai vállalati kötvény eszközalap,2025-11-25,1.3269
Fejlõdõ piaci részvény ESG eszközalap-D,2025-11-25,1.14
Fejlõdõ ázsiai részvény eszközalap,2025-11-25,2.3559
Fenntartható növekedés részvény eszk.,2025-11-25,3.1756
Globális egészségügyi részvény eszk.,2025-11-25,3.5695
Globális növekedési részvény eszközalap,2025-11-25,2.1309
Kiegyensúlyozott vegyes eszközalap - D,2025-11-25,1.4281
Latin-amerikai részvény eszközalap,2025-11-25,1.2255
Magas kötvény arányú vegyes eszk. - D,2025-11-25,1.1144
Magas védelmû vegyes eszközalap,2025-11-25,1.0972
Nemz. élelmiszeripari cégek rv. ea - D,2025-11-25,3.1561
Nyersanyagpiaci részvény eszközalap,2025-11-25,1.3755
Presztízs- és luxusmárkák rv. ea.,2025-11-25,3.6139
USA részvény eszközalap,2025-11-25,4.6089
Ázsia kötvény eszközalap,2025-11-25,2.2871
Aktív hozamfigyelõ vegyes eszközalap - D,2025-11-25,0.9522
Euró likviditás eszközalap - D,2025-11-25,0.9262
Európai ingatlancégek részv. eszközalap,2025-11-25,1.8078
Európai kötvény eszközalap - D,2025-11-25,1.2362
Európai részvény eszközalap,2025-11-25,2.6069
Európai vállalati kötvény eszközalap,2025-11-25,1.3269
Fejlõdõ piaci részvény ESG eszközalap-D,2025-11-25,1.14
Fejlõdõ ázsiai részvény eszközalap,2025-11-25,2.3559
Fenntartható növekedés részvény eszk.,2025-11-25,3.1756
Globális egészségügyi részvény eszk.,2025-11-25,3.5695
Globális növekedési részvény eszközalap,2025-11-25,2.1309
Kiegyensúlyozott vegyes eszközalap - D,2025-11-25,1.4281
Latin-amerikai részvény eszközalap,2025-11-25,1.2255
Magas kötvény arányú vegyes eszk. - D,2025-11-25,1.1144
Magas védelmû vegyes eszközalap,2025-11-25,1.0972
Nemz. élelmiszeripari cégek rv. ea - D,2025-11-25,3.1561
Nyersanyagpiaci részvény eszközalap,2025-11-25,1.3755
Presztízs- és luxusmárkák rv. ea.,2025-11-25,3.6139
USA részvény eszközalap,2025-11-25,4.6089
Ázsia kötvény eszközalap,2025-11-25,2.2871
Aktív hozamfigyelõ vegyes eszközalap - D,2025-11-26,0.9559
Euró likviditás eszközalap - D,2025-11-26,0.9264
Európai ingatlancégek részv. eszközalap,2025-11-26,1.8165
Európai kötvény eszközalap - D,2025-11-26,1.2382
Európai részvény eszközalap,2025-11-26,2.6271
Európai vállalati kötvény eszközalap,2025-11-26,1.3283
Fejlõdõ piaci részvény ESG eszközalap-D,2025-11-26,1.1389
Fejlõdõ ázsiai részvény eszközalap,2025-11-26,2.37
Fenntartható növekedés részvény eszk.,2025-11-26,3.2007
Globális egészségügyi részvény eszk.,2025-11-26,3.6284
Globális növekedési részvény eszközalap,2025-11-26,2.1559
Kiegyensúlyozott vegyes eszközalap - D,2025-11-26,1.4351
Latin-amerikai részvény eszközalap,2025-11-26,1.2254
Magas kötvény arányú vegyes eszk. - D,2025-11-26,1.1183
Magas védelmû vegyes eszközalap,2025-11-26,1.0982
Nemz. élelmiszeripari cégek rv. ea - D,2025-11-26,3.1713
Nyersanyagpiaci részvény eszközalap,2025-11-26,1.3953
Presztízs- és luxusmárkák rv. ea.,2025-11-26,3.6359
USA részvény eszközalap,2025-11-26,4.644
Ázsia kötvény eszközalap,2025-11-26,2.2873
Aktív hozamfigyelõ vegyes eszközalap - D,2025-11-27,0.9581
Euró likviditás eszközalap - D,2025-11-27,0.9264
Európai ingatlancégek részv. eszközalap,2025-11-27,1.8359
Európai kötvény eszközalap - D,2025-11-27,1.2382
Európai részvény eszközalap,2025-11-27,2.6611
Európai vállalati kötvény eszközalap,2025-11-27,1.3288
Fejlõdõ piaci részvény ESG eszközalap-D,2025-11-27,1.1523
Fejlõdõ ázsiai részvény eszközalap,2025-11-27,2.3888
Fenntartható növekedés részvény eszk.,2025-11-27,3.2137
Globális egészségügyi részvény eszk.,2025-11-27,3.6513
Globális növekedési részvény eszközalap,2025-11-27,2.1553
Kiegyensúlyozott vegyes eszközalap - D,2025-11-27,1.4399
Latin-amerikai részvény eszközalap,2025-11-27,1.2472
Magas kötvény arányú vegyes eszk. - D,2025-11-27,1.1199
Magas védelmû vegyes eszközalap,2025-11-27,1.1008
Nemz. élelmiszeripari cégek rv. ea - D,2025-11-27,3.1963
Nyersanyagpiaci részvény eszközalap,2025-11-27,1.4091
Presztízs- és luxusmárkák rv. ea.,2025-11-27,3.6545
USA részvény eszközalap,2025-11-27,4.6584
Ázsia kötvény eszközalap,2025-11-27,2.2814
Aktív hozamfigyelõ vegyes eszközalap - D,2025-11-28,0.958
Euró likviditás eszközalap - D,2025-11-28,0.9264
Európai ingatlancégek részv. eszközalap,2025-11-28,1.8526
Európai kötvény eszközalap - D,2025-11-28,1.2381
Európai részvény eszközalap,2025-11-28,2.6554
Európai vállalati kötvény eszközalap,2025-11-28,1.3291
Fejlõdõ piaci részvény ESG eszközalap-D,2025-11-28,1.146
Fejlõdõ ázsiai részvény eszközalap,2025-11-28,2.3914
Fenntartható növekedés részvény eszk.,2025-11-28,3.2136
Globális egészségügyi részvény eszk.,2025-11-28,3.6409
Globális növekedési részvény eszközalap,2025-11-28,2.1553
Kiegyensúlyozott vegyes eszközalap - D,2025-11-28,1.4398
Latin-amerikai részvény eszközalap,2025-11-28,1.2496
Magas kötvény arányú vegyes eszk. - D,2025-11-28,1.1206
Magas védelmû vegyes eszközalap,2025-11-28,1.1011
Nemz. élelmiszeripari cégek rv. ea - D,2025-11-28,3.1987
Nyersanyagpiaci részvény eszközalap,2025-11-28,1.4093
Presztízs- és luxusmárkák rv. ea.,2025-11-28,3.6529
USA részvény eszközalap,2025-11-28,4.6583
Ázsia kötvény eszközalap,2025-11-28,2.2797
Aktív hozamfigyelõ vegyes eszközalap - D,2025-11-29,0.9585
Euró likviditás eszközalap - D,2025-11-29,0.9265
Európai ingatlancégek részv. eszközalap,2025-11-29,1.8533
Európai kötvény eszközalap - D,2025-11-29,1.2376
Európai részvény eszközalap,2025-11-29,2.6663
Európai vállalati kötvény eszközalap,2025-11-29,1.329
Fejlõdõ piaci részvény ESG eszközalap-D,2025-11-29,1.149
Fejlõdõ ázsiai részvény eszközalap,2025-11-29,2.4005
Fenntartható növekedés részvény eszk.,2025-11-29,3.2177
Globális egészségügyi részvény eszk.,2025-11-29,3.6229
Globális növekedési részvény eszközalap,2025-11-29,2.1599
Kiegyensúlyozott vegyes eszközalap - D,2025-11-29,1.4424
Latin-amerikai részvény eszközalap,2025-11-29,1.2559
Magas kötvény arányú vegyes eszk. - D,2025-11-29,1.121
Magas védelmû vegyes eszközalap,2025-11-29,1.1015
Nemz. élelmiszeripari cégek rv. ea - D,2025-11-29,3.2081
Nyersanyagpiaci részvény eszközalap,2025-11-29,1.4262
Presztízs- és luxusmárkák rv. ea.,2025-11-29,3.6715
USA részvény eszközalap,2025-11-29,4.6735
Ázsia kötvény eszközalap,2025-11-29,2.2806
Aktív hozamfigyelõ vegyes eszközalap - D,2025-12-02,0.9542
Euró likviditás eszközalap - D,2025-12-02,0.9259
Európai ingatlancégek részv. eszközalap,2025-12-02,1.8309
Európai kötvény eszközalap - D,2025-12-02,1.2333
Európai részvény eszközalap,2025-12-02,2.6646
Európai vállalati kötvény eszközalap,2025-12-02,1.3267
Fejlõdõ piaci részvény ESG eszközalap-D,2025-12-02,1.1499
Fejlõdõ ázsiai részvény eszközalap,2025-12-02,2.3938
Fenntartható növekedés részvény eszk.,2025-12-02,3.1948
Globális egészségügyi részvény eszk.,2025-12-02,3.6252
Globális növekedési részvény eszközalap,2025-12-02,2.1425
Kiegyensúlyozott vegyes eszközalap - D,2025-12-02,1.438
Latin-amerikai részvény eszközalap,2025-12-02,1.2489
Magas kötvény arányú vegyes eszk. - D,2025-12-02,1.1173
Magas védelmû vegyes eszközalap,2025-12-02,1.1016
Nemz. élelmiszeripari cégek rv. ea - D,2025-12-02,3.2051
Nyersanyagpiaci részvény eszközalap,2025-12-02,1.4264
Presztízs- és luxusmárkák rv. ea.,2025-12-02,3.6967
USA részvény eszközalap,2025-12-02,4.6398
Ázsia kötvény eszközalap,2025-12-02,2.2684
Aktív hozamfigyelõ vegyes eszközalap - D,2025-12-02,0.9542
Euró likviditás eszközalap - D,2025-12-02,0.9259
Európai ingatlancégek részv. eszközalap,2025-12-02,1.8309
Európai kötvény eszközalap - D,2025-12-02,1.2333
Európai részvény eszközalap,2025-12-02,2.6646
Európai vállalati kötvény eszközalap,2025-12-02,1.3267
Fejlõdõ piaci részvény ESG eszközalap-D,2025-12-02,1.1499
Fejlõdõ ázsiai részvény eszközalap,2025-12-02,2.3938
Fenntartható növekedés részvény eszk.,2025-12-02,3.1948
Globális egészségügyi részvény eszk.,2025-12-02,3.6252
Globális növekedési részvény eszközalap,2025-12-02,2.1425
Kiegyensúlyozott vegyes eszközalap - D,2025-12-02,1.438
Latin-amerikai részvény eszközalap,2025-12-02,1.2489
Magas kötvény arányú vegyes eszk. - D,2025-12-02,1.1173
Magas védelmû vegyes eszközalap,2025-12-02,1.1016
Nemz. élelmiszeripari cégek rv. ea - D,2025-12-02,3.2051
Nyersanyagpiaci részvény eszközalap,2025-12-02,1.4264
Presztízs- és luxusmárkák rv. ea.,2025-12-02,3.6967
USA részvény eszközalap,2025-12-02,4.6398
Ázsia kötvény eszközalap,2025-12-02,2.2684
Aktív hozamfigyelõ vegyes eszközalap - D,2025-12-03,0.9546
Euró likviditás eszközalap - D,2025-12-03,0.926
Európai ingatlancégek részv. eszközalap,2025-12-03,1.8327
Európai kötvény eszközalap - D,2025-12-03,1.2338
Európai részvény eszközalap,2025-12-03,2.6679
Európai vállalati kötvény eszközalap,2025-12-03,1.3273
Fejlõdõ piaci részvény ESG eszközalap-D,2025-12-03,1.1478
Fejlõdõ ázsiai részvény eszközalap,2025-12-03,2.3988
Fenntartható növekedés részvény eszk.,2025-12-03,3.1977
Globális egészségügyi részvény eszk.,2025-12-03,3.589
Globális növekedési részvény eszközalap,2025-12-03,2.1469
Kiegyensúlyozott vegyes eszközalap - D,2025-12-03,1.4386
Latin-amerikai részvény eszközalap,2025-12-03,1.261
Magas kötvény arányú vegyes eszk. - D,2025-12-03,1.1177
Magas védelmû vegyes eszközalap,2025-12-03,1.1025
Nemz. élelmiszeripari cégek rv. ea - D,2025-12-03,3.1777
Nyersanyagpiaci részvény eszközalap,2025-12-03,1.4037
Presztízs- és luxusmárkák rv. ea.,2025-12-03,3.667
USA részvény eszközalap,2025-12-03,4.6516
Ázsia kötvény eszközalap,2025-12-03,2.2687
Aktív hozamfigyelõ vegyes eszközalap - D,2025-12-04,0.9548
Euró likviditás eszközalap - D,2025-12-04,0.9261
Európai ingatlancégek részv. eszközalap,2025-12-04,1.8262
Európai kötvény eszközalap - D,2025-12-04,1.2346
Európai részvény eszközalap,2025-12-04,2.6679
Európai vállalati kötvény eszközalap,2025-12-04,1.3282
Fejlõdõ piaci részvény ESG eszközalap-D,2025-12-04,1.1426
Fejlõdõ ázsiai részvény eszközalap,2025-12-04,2.3834
Fenntartható növekedés részvény eszk.,2025-12-04,3.1877
Globális egészségügyi részvény eszk.,2025-12-04,3.5838
Globális növekedési részvény eszközalap,2025-12-04,2.1452
Kiegyensúlyozott vegyes eszközalap - D,2025-12-04,1.439
Latin-amerikai részvény eszközalap,2025-12-04,1.2611
Magas kötvény arányú vegyes eszk. - D,2025-12-04,1.1183
Magas védelmû vegyes eszközalap,2025-12-04,1.1027
Nemz. élelmiszeripari cégek rv. ea - D,2025-12-04,3.1804
Nyersanyagpiaci részvény eszközalap,2025-12-04,1.4187
Presztízs- és luxusmárkák rv. ea.,2025-12-04,3.6878
USA részvény eszközalap,2025-12-04,4.6335
Ázsia kötvény eszközalap,2025-12-04,2.2631
Aktív hozamfigyelõ vegyes eszközalap - D,2025-12-05,0.9542
Euró likviditás eszközalap - D,2025-12-05,0.9258
Európai ingatlancégek részv. eszközalap,2025-12-05,1.8277
Európai kötvény eszközalap - D,2025-12-05,1.2325
Európai részvény eszközalap,2025-12-05,2.6801
Európai vállalati kötvény eszközalap,2025-12-05,1.3275
Fejlõdõ piaci részvény ESG eszközalap-D,2025-12-05,1.1425
Fejlõdõ ázsiai részvény eszközalap,2025-12-05,2.3776
Fenntartható növekedés részvény eszk.,2025-12-05,3.1895
Globális egészségügyi részvény eszk.,2025-12-05,3.5708
Globális növekedési részvény eszközalap,2025-12-05,2.1681
Kiegyensúlyozott vegyes eszközalap - D,2025-12-05,1.4387
Latin-amerikai részvény eszközalap,2025-12-05,1.273
Magas kötvény arányú vegyes eszk. - D,2025-12-05,1.1173
Magas védelmû vegyes eszközalap,2025-12-05,1.1042
Nemz. élelmiszeripari cégek rv. ea - D,2025-12-05,3.1511
Nyersanyagpiaci részvény eszközalap,2025-12-05,1.4184
Presztízs- és luxusmárkák rv. ea.,2025-12-05,3.6772
USA részvény eszközalap,2025-12-05,4.6378
Ázsia kötvény eszközalap,2025-12-05,2.2576
Aktív hozamfigyelõ vegyes eszközalap - D,2025-12-06,0.9541
Euró likviditás eszközalap - D,2025-12-06,0.9255
Európai ingatlancégek részv. eszközalap,2025-12-06,1.8189
Európai kötvény eszközalap - D,2025-12-06,1.2315
Európai részvény eszközalap,2025-12-06,2.6847
Európai vállalati kötvény eszközalap,2025-12-06,1.3263
Fejlõdõ piaci részvény ESG eszközalap-D,2025-12-06,1.1497
Fejlõdõ ázsiai részvény eszközalap,2025-12-06,2.4136
Fenntartható növekedés részvény eszk.,2025-12-06,3.1998
Globális egészségügyi részvény eszk.,2025-12-06,3.5707
Globális növekedési részvény eszközalap,2025-12-06,2.1708
Kiegyensúlyozott vegyes eszközalap - D,2025-12-06,1.4409
Latin-amerikai részvény eszközalap,2025-12-06,1.253
Magas kötvény arányú vegyes eszk. - D,2025-12-06,1.1178
Magas védelmû vegyes eszközalap,2025-12-06,1.1043
Nemz. élelmiszeripari cégek rv. ea - D,2025-12-06,3.1728
Nyersanyagpiaci részvény eszközalap,2025-12-06,1.4276
Presztízs- és luxusmárkák rv. ea.,2025-12-06,3.6691
USA részvény eszközalap,2025-12-06,4.6625
Ázsia kötvény eszközalap,2025-12-06,2.2605
Aktív hozamfigyelõ vegyes eszközalap - D,2025-12-09,0.9508
Euró likviditás eszközalap - D,2025-12-09,0.9244
Európai ingatlancégek részv. eszközalap,2025-12-09,1.7926
Európai kötvény eszközalap - D,2025-12-09,1.2256
Európai részvény eszközalap,2025-12-09,2.6826
Európai vállalati kötvény eszközalap,2025-12-09,1.3218
Fejlõdõ piaci részvény ESG eszközalap-D,2025-12-09,1.1444
Fejlõdõ ázsiai részvény eszközalap,2025-12-09,2.4068
Fenntartható növekedés részvény eszk.,2025-12-09,3.1919
Globális egészségügyi részvény eszk.,2025-12-09,3.5316
Globális növekedési részvény eszközalap,2025-12-09,2.1541
Kiegyensúlyozott vegyes eszközalap - D,2025-12-09,1.4374
Latin-amerikai részvény eszközalap,2025-12-09,1.2388
Magas kötvény arányú vegyes eszk. - D,2025-12-09,1.1137
Magas védelmû vegyes eszközalap,2025-12-09,1.1041
Nemz. élelmiszeripari cégek rv. ea - D,2025-12-09,3.1381
Nyersanyagpiaci részvény eszközalap,2025-12-09,1.4188
Presztízs- és luxusmárkák rv. ea.,2025-12-09,3.6517
USA részvény eszközalap,2025-12-09,4.6517
Ázsia kötvény eszközalap,2025-12-09,2.2598
Aktív hozamfigyelõ vegyes eszközalap - D,2025-12-09,0.9508
Euró likviditás eszközalap - D,2025-12-09,0.9244
Európai ingatlancégek részv. eszközalap,2025-12-09,1.7926
Európai kötvény eszközalap - D,2025-12-09,1.2256
Európai részvény eszközalap,2025-12-09,2.6826
Európai vállalati kötvény eszközalap,2025-12-09,1.3218
Fejlõdõ piaci részvény ESG eszközalap-D,2025-12-09,1.1444
Fejlõdõ ázsiai részvény eszközalap,2025-12-09,2.4068
Fenntartható növekedés részvény eszk.,2025-12-09,3.1919
Globális egészségügyi részvény eszk.,2025-12-09,3.5316
Globális növekedési részvény eszközalap,2025-12-09,2.1541
Kiegyensúlyozott vegyes eszközalap - D,2025-12-09,1.4374
Latin-amerikai részvény eszközalap,2025-12-09,1.2388
Magas kötvény arányú vegyes eszk. - D,2025-12-09,1.1137
Magas védelmû vegyes eszközalap,2025-12-09,1.1041
Nemz. élelmiszeripari cégek rv. ea - D,2025-12-09,3.1381
Nyersanyagpiaci részvény eszközalap,2025-12-09,1.4188
Presztízs- és luxusmárkák rv. ea.,2025-12-09,3.6517
USA részvény eszközalap,2025-12-09,4.6517
Ázsia kötvény eszközalap,2025-12-09,2.2598
Aktív hozamfigyelõ vegyes eszközalap - D,2025-12-10,0.95
Euró likviditás eszközalap - D,2025-12-10,0.9246
Európai ingatlancégek részv. eszközalap,2025-12-10,1.7823
Európai kötvény eszközalap - D,2025-12-10,1.2266
Európai részvény eszközalap,2025-12-10,2.6758
Európai vállalati kötvény eszközalap,2025-12-10,1.3228
Fejlõdõ piaci részvény ESG eszközalap-D,2025-12-10,1.1361
Fejlõdõ ázsiai részvény eszközalap,2025-12-10,2.3985
Fenntartható növekedés részvény eszk.,2025-12-10,3.186
Globális egészségügyi részvény eszk.,2025-12-10,3.5263
Globális növekedési részvény eszközalap,2025-12-10,2.1404
Kiegyensúlyozott vegyes eszközalap - D,2025-12-10,1.4372
Latin-amerikai részvény eszközalap,2025-12-10,1.2353
Magas kötvény arányú vegyes eszk. - D,2025-12-10,1.1143
Magas védelmû vegyes eszközalap,2025-12-10,1.1039
Nemz. élelmiszeripari cégek rv. ea - D,2025-12-10,3.1343
Nyersanyagpiaci részvény eszközalap,2025-12-10,1.4146
Presztízs- és luxusmárkák rv. ea.,2025-12-10,3.6299
USA részvény eszközalap,2025-12-10,4.6484
Ázsia kötvény eszközalap,2025-12-10,2.2588
Aktív hozamfigyelõ vegyes eszközalap - D,2025-12-11,0.952
Euró likviditás eszközalap - D,2025-12-11,0.9243
Európai ingatlancégek részv. eszközalap,2025-12-11,1.7792
Európai kötvény eszközalap - D,2025-12-11,1.2266
Európai részvény eszközalap,2025-12-11,2.6675
Európai vállalati kötvény eszközalap,2025-12-11,1.322
Fejlõdõ piaci részvény ESG eszközalap-D,2025-12-11,1.1381
Fejlõdõ ázsiai részvény eszközalap,2025-12-11,2.4126
Fenntartható növekedés részvény eszk.,2025-12-11,3.1971
Globális egészségügyi részvény eszk.,2025-12-11,3.5003
Globális növekedési részvény eszközalap,2025-12-11,2.1447
Kiegyensúlyozott vegyes eszközalap - D,2025-12-11,1.439
Latin-amerikai részvény eszközalap,2025-12-11,1.2351
Magas kötvény arányú vegyes eszk. - D,2025-12-11,1.1148
Magas védelmû vegyes eszközalap,2025-12-11,1.1025
Nemz. élelmiszeripari cégek rv. ea - D,2025-12-11,3.1413
Nyersanyagpiaci részvény eszközalap,2025-12-11,1.4131
Presztízs- és luxusmárkák rv. ea.,2025-12-11,3.6072
USA részvény eszközalap,2025-12-11,4.6767
Ázsia kötvény eszközalap,2025-12-11,2.2614
Aktív hozamfigyelõ vegyes eszközalap - D,2025-12-12,0.9519
Euró likviditás eszközalap - D,2025-12-12,0.9246
Európai ingatlancégek részv. eszközalap,2025-12-12,1.781
Európai kötvény eszközalap - D,2025-12-12,1.2281
Európai részvény eszközalap,2025-12-12,2.6897
Európai vállalati kötvény eszközalap,2025-12-12,1.3229
Fejlõdõ piaci részvény ESG eszközalap-D,2025-12-12,1.1329
Fejlõdõ ázsiai részvény eszközalap,2025-12-12,2.3812
Fenntartható növekedés részvény eszk.,2025-12-12,3.1803
Globális egészségügyi részvény eszk.,2025-12-12,3.5417
Globális növekedési részvény eszközalap,2025-12-12,2.1425
Kiegyensúlyozott vegyes eszközalap - D,2025-12-12,1.4384
Latin-amerikai részvény eszközalap,2025-12-12,1.2504
Magas kötvény arányú vegyes eszk. - D,2025-12-12,1.1152
Magas védelmû vegyes eszközalap,2025-12-12,1.1059
Nemz. élelmiszeripari cégek rv. ea - D,2025-12-12,3.1408
Nyersanyagpiaci részvény eszközalap,2025-12-12,1.4392
Presztízs- és luxusmárkák rv. ea.,2025-12-12,3.6817
USA részvény eszközalap,2025-12-12,4.6416
Ázsia kötvény eszközalap,2025-12-12,2.2531
Aktív hozamfigyelõ vegyes eszközalap - D,2025-12-13,0.9482
Euró likviditás eszközalap - D,2025-12-13,0.9246
Európai ingatlancégek részv. eszközalap,2025-12-13,1.7783
Európai kötvény eszközalap - D,2025-12-13,1.2272
Európai részvény eszközalap,2025-12-13,2.6767
Európai vállalati kötvény eszközalap,2025-12-13,1.3227
Fejlõdõ piaci részvény ESG eszközalap-D,2025-12-13,1.1328
Fejlõdõ ázsiai részvény eszközalap,2025-12-13,2.3961
Fenntartható növekedés részvény eszk.,2025-12-13,3.1543
Globális egészségügyi részvény eszk.,2025-12-13,3.5468
Globális növekedési részvény eszközalap,2025-12-13,2.1254
Kiegyensúlyozott vegyes eszközalap - D,2025-12-13,1.433
Latin-amerikai részvény eszközalap,2025-12-13,1.2487
Magas kötvény arányú vegyes eszk. - D,2025-12-13,1.1126
Magas védelmû vegyes eszközalap,2025-12-13,1.1041
Nemz. élelmiszeripari cégek rv. ea - D,2025-12-13,3.1404
Nyersanyagpiaci részvény eszközalap,2025-12-13,1.4348
Presztízs- és luxusmárkák rv. ea.,2025-12-13,3.6856
USA részvény eszközalap,2025-12-13,4.6073
Ázsia kötvény eszközalap,2025-12-13,2.2463
Aktív hozamfigyelõ vegyes eszközalap - D,2025-12-16,0.9486
Euró likviditás eszközalap - D,2025-12-16,0.9249
Európai ingatlancégek részv. eszközalap,2025-12-16,1.7763
Európai kötvény eszközalap - D,2025-12-16,1.2279
Európai részvény eszközalap,2025-12-16,2.6897
Európai vállalati kötvény eszközalap,2025-12-16,1.3236
Fejlõdõ piaci részvény ESG eszközalap-D,2025-12-16,1.1327
Fejlõdõ ázsiai részvény eszközalap,2025-12-16,2.3763
Fenntartható növekedés részvény eszk.,2025-12-16,3.1511
Globális egészségügyi részvény eszk.,2025-12-16,3.5829
Globális növekedési részvény eszközalap,2025-12-16,2.1284
Kiegyensúlyozott vegyes eszközalap - D,2025-12-16,1.4312
Latin-amerikai részvény eszközalap,2025-12-16,1.2696
Magas kötvény arányú vegyes eszk. - D,2025-12-16,1.1123
Magas védelmû vegyes eszközalap,2025-12-16,1.1064
Nemz. élelmiszeripari cégek rv. ea - D,2025-12-16,3.1607
Nyersanyagpiaci részvény eszközalap,2025-12-16,1.4342
Presztízs- és luxusmárkák rv. ea.,2025-12-16,3.7025
USA részvény eszközalap,2025-12-16,4.588
Ázsia kötvény eszközalap,2025-12-16,2.245
Aktív hozamfigyelõ vegyes eszközalap - D,2025-12-16,0.9486
Euró likviditás eszközalap - D,2025-12-16,0.9249
Európai ingatlancégek részv. eszközalap,2025-12-16,1.7763
Európai kötvény eszközalap - D,2025-12-16,1.2279
Európai részvény eszközalap,2025-12-16,2.6897
Európai vállalati kötvény eszközalap,2025-12-16,1.3236
Fejlõdõ piaci részvény ESG eszközalap-D,2025-12-16,1.1327
Fejlõdõ ázsiai részvény eszközalap,2025-12-16,2.3763
Fenntartható növekedés részvény eszk.,2025-12-16,3.1511
Globális egészségügyi részvény eszk.,2025-12-16,3.5829
Globális növekedési részvény eszközalap,2025-12-16,2.1284
Kiegyensúlyozott vegyes eszközalap - D,2025-12-16,1.4312
Latin-amerikai részvény eszközalap,2025-12-16,1.2696
Magas kötvény arányú vegyes eszk. - D,2025-12-16,1.1123
Magas védelmû vegyes eszközalap,2025-12-16,1.1064
Nemz. élelmiszeripari cégek rv. ea - D,2025-12-16,3.1607
Nyersanyagpiaci részvény eszközalap,2025-12-16,1.4342
Presztízs- és luxusmárkák rv. ea.,2025-12-16,3.7025
USA részvény eszközalap,2025-12-16,4.588
Ázsia kötvény eszközalap,2025-12-16,2.245
Aktív hozamfigyelõ vegyes eszközalap - D,2025-12-17,0.9479
Euró likviditás eszközalap - D,2025-12-17,0.9252
Európai ingatlancégek részv. eszközalap,2025-12-17,1.7858
Európai kötvény eszközalap - D,2025-12-17,1.2288
Európai részvény eszközalap,2025-12-17,2.6768
Európai vállalati kötvény eszközalap,2025-12-17,1.3239
Fejlõdõ piaci részvény ESG eszközalap-D,2025-12-17,1.1172
Fejlõdõ ázsiai részvény eszközalap,2025-12-17,2.3397
Fenntartható növekedés részvény eszk.,2025-12-17,3.1449
Globális egészségügyi részvény eszk.,2025-12-17,3.5623
Globális növekedési részvény eszközalap,2025-12-17,2.1218
Kiegyensúlyozott vegyes eszközalap - D,2025-12-17,1.4284
Latin-amerikai részvény eszközalap,2025-12-17,1.2356
Magas kötvény arányú vegyes eszk. - D,2025-12-17,1.1115
Magas védelmû vegyes eszközalap,2025-12-17,1.1039
Nemz. élelmiszeripari cégek rv. ea - D,2025-12-17,3.1596
Nyersanyagpiaci részvény eszközalap,2025-12-17,1.4361
Presztízs- és luxusmárkák rv. ea.,2025-12-17,3.7107
USA részvény eszközalap,2025-12-17,4.5812
Ázsia kötvény eszközalap,2025-12-17,2.243
Aktív hozamfigyelõ vegyes eszközalap - D,2025-12-18,0.9454
Euró likviditás eszközalap - D,2025-12-18,0.9251
Európai ingatlancégek részv. eszközalap,2025-12-18,1.7933
Európai kötvény eszközalap - D,2025-12-18,1.228
Európai részvény eszközalap,2025-12-18,2.6603
Európai vállalati kötvény eszközalap,2025-12-18,1.3232
Fejlõdõ piaci részvény ESG eszközalap-D,2025-12-18,1.1202
Fejlõdõ ázsiai részvény eszközalap,2025-12-18,2.3577
Fenntartható növekedés részvény eszk.,2025-12-18,3.1262
Globális egészségügyi részvény eszk.,2025-12-18,3.5545
Globális növekedési részvény eszközalap,2025-12-18,2.1051
Kiegyensúlyozott vegyes eszközalap - D,2025-12-18,1.4237
Latin-amerikai részvény eszközalap,2025-12-18,1.2082
Magas kötvény arányú vegyes eszk. - D,2025-12-18,1.109
Magas védelmû vegyes eszközalap,2025-12-18,1.1011
Nemz. élelmiszeripari cégek rv. ea - D,2025-12-18,3.1755
Nyersanyagpiaci részvény eszközalap,2025-12-18,1.4295
Presztízs- és luxusmárkák rv. ea.,2025-12-18,3.7092
USA részvény eszközalap,2025-12-18,4.5409
Ázsia kötvény eszközalap,2025-12-18,2.2514
Aktív hozamfigyelõ vegyes eszközalap - D,2025-12-19,0.949
Euró likviditás eszközalap - D,2025-12-19,0.9253
Európai ingatlancégek részv. eszközalap,2025-12-19,1.8123
Európai kötvény eszközalap - D,2025-12-19,1.2293
Európai részvény eszközalap,2025-12-19,2.6878
Európai vállalati kötvény eszközalap,2025-12-19,1.3239
Fejlõdõ piaci részvény ESG eszközalap-D,2025-12-19,1.1316
Fejlõdõ ázsiai részvény eszközalap,2025-12-19,2.3554
Fenntartható növekedés részvény eszk.,2025-12-19,3.1554
Globális egészségügyi részvény eszk.,2025-12-19,3.5622
Globális növekedési részvény eszközalap,2025-12-19,2.124
Kiegyensúlyozott vegyes eszközalap - D,2025-12-19,1.4272
Latin-amerikai részvény eszközalap,2025-12-19,1.2227
Magas kötvény arányú vegyes eszk. - D,2025-12-19,1.1111
Magas védelmû vegyes eszközalap,2025-12-19,1.1053
Nemz. élelmiszeripari cégek rv. ea - D,2025-12-19,3.1772
Nyersanyagpiaci részvény eszközalap,2025-12-19,1.4558
Presztízs- és luxusmárkák rv. ea.,2025-12-19,3.7321
USA részvény eszközalap,2025-12-19,4.5837
Ázsia kötvény eszközalap,2025-12-19,2.2514
Aktív hozamfigyelõ vegyes eszközalap - D,2025-12-20,0.9501
Euró likviditás eszközalap - D,2025-12-20,0.925
Európai ingatlancégek részv. eszközalap,2025-12-20,1.8057
Európai kötvény eszközalap - D,2025-12-20,1.2272
Európai részvény eszközalap,2025-12-20,2.701
Európai vállalati kötvény eszközalap,2025-12-20,1.3221
Fejlõdõ piaci részvény ESG eszközalap-D,2025-12-20,1.1366
Fejlõdõ ázsiai részvény eszközalap,2025-12-20,2.3803
Fenntartható növekedés részvény eszk.,2025-12-20,3.1811
Globális egészségügyi részvény eszk.,2025-12-20,3.5698
Globális növekedési részvény eszközalap,2025-12-20,2.1376
Kiegyensúlyozott vegyes eszközalap - D,2025-12-20,1.4323
Latin-amerikai részvény eszközalap,2025-12-20,1.2333
Magas kötvény arányú vegyes eszk. - D,2025-12-20,1.1119
Magas védelmû vegyes eszközalap,2025-12-20,1.1071
Nemz. élelmiszeripari cégek rv. ea - D,2025-12-20,3.1561
Nyersanyagpiaci részvény eszközalap,2025-12-20,1.4567
Presztízs- és luxusmárkák rv. ea.,2025-12-20,3.7456
USA részvény eszközalap,2025-12-20,4.6351
Ázsia kötvény eszközalap,2025-12-20,2.2536
Aktív hozamfigyelõ vegyes eszközalap - D,2025-12-23,0.9502
Euró likviditás eszközalap - D,2025-12-23,0.9249
Európai ingatlancégek részv. eszközalap,2025-12-23,1.8109
Európai kötvény eszközalap - D,2025-12-23,1.226
Európai részvény eszközalap,2025-12-23,2.697
Európai vállalati kötvény eszközalap,2025-12-23,1.3216
Fejlõdõ piaci részvény ESG eszközalap-D,2025-12-23,1.1365
Fejlõdõ ázsiai részvény eszközalap,2025-12-23,2.3857
Fenntartható növekedés részvény eszk.,2025-12-23,3.1833
Globális egészségügyi részvény eszk.,2025-12-23,3.5799
Globális növekedési részvény eszközalap,2025-12-23,2.1438
Kiegyensúlyozott vegyes eszközalap - D,2025-12-23,1.4343
Latin-amerikai részvény eszközalap,2025-12-23,1.2195
Magas kötvény arányú vegyes eszk. - D,2025-12-23,1.1122
Magas védelmû vegyes eszközalap,2025-12-23,1.1056
Nemz. élelmiszeripari cégek rv. ea - D,2025-12-23,3.1295
Nyersanyagpiaci részvény eszközalap,2025-12-23,1.4703
Presztízs- és luxusmárkák rv. ea.,2025-12-23,3.7485
USA részvény eszközalap,2025-12-23,4.6495
Ázsia kötvény eszközalap,2025-12-23,2.2497
Aktív hozamfigyelõ vegyes eszközalap - D,2025-12-23,0.9502
Euró likviditás eszközalap - D,2025-12-23,0.9249
Európai ingatlancégek részv. eszközalap,2025-12-23,1.8109
Európai kötvény eszközalap - D,2025-12-23,1.226
Európai részvény eszközalap,2025-12-23,2.697
Európai vállalati kötvény eszközalap,2025-12-23,1.3216
Fejlõdõ piaci részvény ESG eszközalap-D,2025-12-23,1.1365
Fejlõdõ ázsiai részvény eszközalap,2025-12-23,2.3857
Fenntartható növekedés részvény eszk.,2025-12-23,3.1833
Globális egészségügyi részvény eszk.,2025-12-23,3.5799
Globális növekedési részvény eszközalap,2025-12-23,2.1438
Kiegyensúlyozott vegyes eszközalap - D,2025-12-23,1.4343
Latin-amerikai részvény eszközalap,2025-12-23,1.2195
Magas kötvény arányú vegyes eszk. - D,2025-12-23,1.1122
Magas védelmû vegyes eszközalap,2025-12-23,1.1056
Nemz. élelmiszeripari cégek rv. ea - D,2025-12-23,3.1295
Nyersanyagpiaci részvény eszközalap,2025-12-23,1.4703
Presztízs- és luxusmárkák rv. ea.,2025-12-23,3.7485
USA részvény eszközalap,2025-12-23,4.6495
Ázsia kötvény eszközalap,2025-12-23,2.2497
Aktív hozamfigyelõ vegyes eszközalap - D,2025-12-24,0.9522
Euró likviditás eszközalap - D,2025-12-24,0.9252
Európai ingatlancégek részv. eszközalap,2025-12-24,1.8128
Európai kötvény eszközalap - D,2025-12-24,1.2296
Európai részvény eszközalap,2025-12-24,2.6997
Európai vállalati kötvény eszközalap,2025-12-24,1.3235
Fejlõdõ piaci részvény ESG eszközalap-D,2025-12-24,1.1375
Fejlõdõ ázsiai részvény eszközalap,2025-12-24,2.3822
Fenntartható növekedés részvény eszk.,2025-12-24,3.1966
Globális egészségügyi részvény eszk.,2025-12-24,3.6056
Globális növekedési részvény eszközalap,2025-12-24,2.1451
Kiegyensúlyozott vegyes eszközalap - D,2025-12-24,1.438
Latin-amerikai részvény eszközalap,2025-12-24,1.2345
Magas kötvény arányú vegyes eszk. - D,2025-12-24,1.1152
Magas védelmû vegyes eszközalap,2025-12-24,1.1055
Nemz. élelmiszeripari cégek rv. ea - D,2025-12-24,3.1166
Nyersanyagpiaci részvény eszközalap,2025-12-24,1.4686
Presztízs- és luxusmárkák rv. ea.,2025-12-24,3.7244
USA részvény eszközalap,2025-12-24,4.6599
Ázsia kötvény eszközalap,2025-12-24,2.2388
Aktív hozamfigyelõ vegyes eszközalap - D,2025-12-30,0.9546
Euró likviditás eszközalap - D,2025-12-30,0.926
Európai ingatlancégek részv. eszközalap,2025-12-30,1.832
Európai kötvény eszközalap - D,2025-12-30,1.2329
Európai részvény eszközalap,2025-12-30,2.6994
Európai vállalati kötvény eszközalap,2025-12-30,1.3258
Fejlõdõ piaci részvény ESG eszközalap-D,2025-12-30,1.1413
Fejlõdõ ázsiai részvény eszközalap,2025-12-30,2.4162
Fenntartható növekedés részvény eszk.,2025-12-30,3.2039
Globális egészségügyi részvény eszk.,2025-12-30,3.6154
Globális növekedési részvény eszközalap,2025-12-30,2.1431
Kiegyensúlyozott vegyes eszközalap - D,2025-12-30,1.441
Latin-amerikai részvény eszközalap,2025-12-30,1.2384
Magas kötvény arányú vegyes eszk. - D,2025-12-30,1.1175
Magas védelmû vegyes eszközalap,2025-12-30,1.1063
Nemz. élelmiszeripari cégek rv. ea - D,2025-12-30,3.1432
Nyersanyagpiaci részvény eszközalap,2025-12-30,1.4693
Presztízs- és luxusmárkák rv. ea.,2025-12-30,3.7057
USA részvény eszközalap,2025-12-30,4.6577
Ázsia kötvény eszközalap,2025-12-30,2.2444
Aktív hozamfigyelõ vegyes eszközalap - D,2025-12-30,0.9546
Euró likviditás eszközalap - D,2025-12-30,0.926
Európai ingatlancégek részv. eszközalap,2025-12-30,1.832
Európai kötvény eszközalap - D,2025-12-30,1.2329
Európai részvény eszközalap,2025-12-30,2.6994
Európai vállalati kötvény eszközalap,2025-12-30,1.3258
Fejlõdõ piaci részvény ESG eszközalap-D,2025-12-30,1.1413
Fejlõdõ ázsiai részvény eszközalap,2025-12-30,2.4162
Fenntartható növekedés részvény eszk.,2025-12-30,3.2039
Globális egészségügyi részvény eszk.,2025-12-30,3.6154
Globális növekedési részvény eszközalap,2025-12-30,2.1431
Kiegyensúlyozott vegyes eszközalap - D,2025-12-30,1.441
Latin-amerikai részvény eszközalap,2025-12-30,1.2384
Magas kötvény arányú vegyes eszk. - D,2025-12-30,1.1175
Magas védelmû vegyes eszközalap,2025-12-30,1.1063
Nemz. élelmiszeripari cégek rv. ea - D,2025-12-30,3.1432
Nyersanyagpiaci részvény eszközalap,2025-12-30,1.4693
Presztízs- és luxusmárkák rv. ea.,2025-12-30,3.7057
USA részvény eszközalap,2025-12-30,4.6577
Ázsia kötvény eszközalap,2025-12-30,2.2444
Aktív hozamfigyelõ vegyes eszközalap - D,2026-01-01,0.9521
Euró likviditás eszközalap - D,2026-01-01,0.9259
Európai ingatlancégek részv. eszközalap,2026-01-01,1.838
Európai kötvény eszközalap - D,2026-01-01,1.2316
Európai részvény eszközalap,2026-01-01,2.7163
Európai vállalati kötvény eszközalap,2026-01-01,1.3254
Fejlõdõ piaci részvény ESG eszközalap-D,2026-01-01,1.1454
Fejlõdõ ázsiai részvény eszközalap,2026-01-01,2.415
Fenntartható növekedés részvény eszk.,2026-01-01,3.1866
Globális egészségügyi részvény eszk.,2026-01-01,3.5973
Globális növekedési részvény eszközalap,2026-01-01,2.1282
Kiegyensúlyozott vegyes eszközalap - D,2026-01-01,1.4382
Latin-amerikai részvény eszközalap,2026-01-01,1.2487
Magas kötvény arányú vegyes eszk. - D,2026-01-01,1.1156
Magas védelmû vegyes eszközalap,2026-01-01,1.1108
Nemz. élelmiszeripari cégek rv. ea - D,2026-01-01,3.1416
Nyersanyagpiaci részvény eszközalap,2026-01-01,1.4778
Presztízs- és luxusmárkák rv. ea.,2026-01-01,3.6927
USA részvény eszközalap,2026-01-01,4.6264
Ázsia kötvény eszközalap,2026-01-01,2.2525
Aktív hozamfigyelõ vegyes eszközalap - D,2026-01-06,0.9564
Euró likviditás eszközalap - D,2026-01-06,0.9259
Európai ingatlancégek részv. eszközalap,2026-01-06,1.8432
Európai kötvény eszközalap - D,2026-01-06,1.2306
Európai részvény eszközalap,2026-01-06,2.7755
Európai vállalati kötvény eszközalap,2026-01-06,1.3251
Fejlõdõ piaci részvény ESG eszközalap-D,2026-01-06,1.1873
Fejlõdõ ázsiai részvény eszközalap,2026-01-06,2.4734
Fenntartható növekedés részvény eszk.,2026-01-06,3.2234
Globális egészségügyi részvény eszk.,2026-01-06,3.549
Globális növekedési részvény eszközalap,2026-01-06,2.1595
Kiegyensúlyozott vegyes eszközalap - D,2026-01-06,1.4445
Latin-amerikai részvény eszközalap,2026-01-06,1.2642
Magas kötvény arányú vegyes eszk. - D,2026-01-06,1.1176
Magas védelmû vegyes eszközalap,2026-01-06,1.1181
Nemz. élelmiszeripari cégek rv. ea - D,2026-01-06,3.1105
Nyersanyagpiaci részvény eszközalap,2026-01-06,1.5005
Presztízs- és luxusmárkák rv. ea.,2026-01-06,3.7222
USA részvény eszközalap,2026-01-06,4.6787
Ázsia kötvény eszközalap,2026-01-06,2.261
Aktív hozamfigyelõ vegyes eszközalap - D,2026-01-06,0.9564
Euró likviditás eszközalap - D,2026-01-06,0.9259
Európai ingatlancégek részv. eszközalap,2026-01-06,1.8432
Európai kötvény eszközalap - D,2026-01-06,1.2306
Európai részvény eszközalap,2026-01-06,2.7755
Európai vállalati kötvény eszközalap,2026-01-06,1.3251
Fejlõdõ piaci részvény ESG eszközalap-D,2026-01-06,1.1873
Fejlõdõ ázsiai részvény eszközalap,2026-01-06,2.4734
Fenntartható növekedés részvény eszk.,2026-01-06,3.2234
Globális egészségügyi részvény eszk.,2026-01-06,3.549
Globális növekedési részvény eszközalap,2026-01-06,2.1595
Kiegyensúlyozott vegyes eszközalap - D,2026-01-06,1.4445
Latin-amerikai részvény eszközalap,2026-01-06,1.2642
Magas kötvény arányú vegyes eszk. - D,2026-01-06,1.1176
Magas védelmû vegyes eszközalap,2026-01-06,1.1181
Nemz. élelmiszeripari cégek rv. ea - D,2026-01-06,3.1105
Nyersanyagpiaci részvény eszközalap,2026-01-06,1.5005
Presztízs- és luxusmárkák rv. ea.,2026-01-06,3.7222
USA részvény eszközalap,2026-01-06,4.6787
Ázsia kötvény eszközalap,2026-01-06,2.261
Aktív hozamfigyelõ vegyes eszközalap - D,2026-01-07,0.9597
Euró likviditás eszközalap - D,2026-01-07,0.9264
Európai ingatlancégek részv. eszközalap,2026-01-07,1.8431
Európai kötvény eszközalap - D,2026-01-07,1.2323
Európai részvény eszközalap,2026-01-07,2.7848
Európai vállalati kötvény eszközalap,2026-01-07,1.3269
Fejlõdõ piaci részvény ESG eszközalap-D,2026-01-07,1.2027
Fejlõdõ ázsiai részvény eszközalap,2026-01-07,2.5128
Fenntartható növekedés részvény eszk.,2026-01-07,3.254
Globális egészségügyi részvény eszk.,2026-01-07,3.6333
Globális növekedési részvény eszközalap,2026-01-07,2.1786
Kiegyensúlyozott vegyes eszközalap - D,2026-01-07,1.4522
Latin-amerikai részvény eszközalap,2026-01-07,1.2872
Magas kötvény arányú vegyes eszk. - D,2026-01-07,1.1215
Magas védelmû vegyes eszközalap,2026-01-07,1.1189
Nemz. élelmiszeripari cégek rv. ea - D,2026-01-07,3.1199
Nyersanyagpiaci részvény eszközalap,2026-01-07,1.5259
Presztízs- és luxusmárkák rv. ea.,2026-01-07,3.7554
USA részvény eszközalap,2026-01-07,4.7135
Ázsia kötvény eszközalap,2026-01-07,2.2567
Aktív hozamfigyelõ vegyes eszközalap - D,2026-01-08,0.96
Euró likviditás eszközalap - D,2026-01-08,0.9267
Európai ingatlancégek részv. eszközalap,2026-01-08,1.9003
Európai kötvény eszközalap - D,2026-01-08,1.2347
Európai részvény eszközalap,2026-01-08,2.7826
Európai vállalati kötvény eszközalap,2026-01-08,1.3287
Fejlõdõ piaci részvény ESG eszközalap-D,2026-01-08,1.1965
Fejlõdõ ázsiai részvény eszközalap,2026-01-08,2.506
Fenntartható növekedés részvény eszk.,2026-01-08,3.254
Globális egészségügyi részvény eszk.,2026-01-08,3.6972
Globális növekedési részvény eszközalap,2026-01-08,2.1766
Kiegyensúlyozott vegyes eszközalap - D,2026-01-08,1.4546
Latin-amerikai részvény eszközalap,2026-01-08,1.2804
Magas kötvény arányú vegyes eszk. - D,2026-01-08,1.1235
Magas védelmû vegyes eszközalap,2026-01-08,1.1181
Nemz. élelmiszeripari cégek rv. ea - D,2026-01-08,3.1005
Nyersanyagpiaci részvény eszközalap,2026-01-08,1.5148
Presztízs- és luxusmárkák rv. ea.,2026-01-08,3.6904
USA részvény eszközalap,2026-01-08,4.711
Ázsia kötvény eszközalap,2026-01-08,2.2644
Aktív hozamfigyelõ vegyes eszközalap - D,2026-01-09,0.9587
Euró likviditás eszközalap - D,2026-01-09,0.9265
Európai ingatlancégek részv. eszközalap,2026-01-09,1.9033
Európai kötvény eszközalap - D,2026-01-09,1.2333
Európai részvény eszközalap,2026-01-09,2.7743
Európai vállalati kötvény eszközalap,2026-01-09,1.3278
Fejlõdõ piaci részvény ESG eszközalap-D,2026-01-09,1.1944
Fejlõdõ ázsiai részvény eszközalap,2026-01-09,2.4924
Fenntartható növekedés részvény eszk.,2026-01-09,3.2562
Globális egészségügyi részvény eszk.,2026-01-09,3.684
Globális növekedési részvény eszközalap,2026-01-09,2.1797
Kiegyensúlyozott vegyes eszközalap - D,2026-01-09,1.4527
Latin-amerikai részvény eszközalap,2026-01-09,1.2875
Magas kötvény arányú vegyes eszk. - D,2026-01-09,1.1221
Magas védelmû vegyes eszközalap,2026-01-09,1.1167
Nemz. élelmiszeripari cégek rv. ea - D,2026-01-09,3.1423
Nyersanyagpiaci részvény eszközalap,2026-01-09,1.5186
Presztízs- és luxusmárkák rv. ea.,2026-01-09,3.7492
USA részvény eszközalap,2026-01-09,4.7171
Ázsia kötvény eszközalap,2026-01-09,2.265
Aktív hozamfigyelõ vegyes eszközalap - D,2026-01-10,0.9621
Euró likviditás eszközalap - D,2026-01-10,0.9267
Európai ingatlancégek részv. eszközalap,2026-01-10,1.9017
Európai kötvény eszközalap - D,2026-01-10,1.2339
Európai részvény eszközalap,2026-01-10,2.8066
Európai vállalati kötvény eszközalap,2026-01-10,1.3285
Fejlõdõ piaci részvény ESG eszközalap-D,2026-01-10,1.1995
Fejlõdõ ázsiai részvény eszközalap,2026-01-10,2.5235
Fenntartható növekedés részvény eszk.,2026-01-10,3.2884
Globális egészségügyi részvény eszk.,2026-01-10,3.666
Globális növekedési részvény eszközalap,2026-01-10,2.2036
Kiegyensúlyozott vegyes eszközalap - D,2026-01-10,1.4573
Latin-amerikai részvény eszközalap,2026-01-10,1.3008
Magas kötvény arányú vegyes eszk. - D,2026-01-10,1.1243
Magas védelmû vegyes eszközalap,2026-01-10,1.1234
Nemz. élelmiszeripari cégek rv. ea - D,2026-01-10,3.1711
Nyersanyagpiaci részvény eszközalap,2026-01-10,1.5434
Presztízs- és luxusmárkák rv. ea.,2026-01-10,3.8114
USA részvény eszközalap,2026-01-10,4.7486
Ázsia kötvény eszközalap,2026-01-10,2.2706
Aktív hozamfigyelõ vegyes eszközalap - D,2026-01-13,0.9621
Euró likviditás eszközalap - D,2026-01-13,0.9269
Európai ingatlancégek részv. eszközalap,2026-01-13,1.8925
Európai kötvény eszközalap - D,2026-01-13,1.2351
Európai részvény eszközalap,2026-01-13,2.8195
Európai vállalati kötvény eszközalap,2026-01-13,1.3296
Fejlõdõ piaci részvény ESG eszközalap-D,2026-01-13,1.2025
Fejlõdõ ázsiai részvény eszközalap,2026-01-13,2.5328
Fenntartható növekedés részvény eszk.,2026-01-13,3.2796
Globális egészségügyi részvény eszk.,2026-01-13,3.635
Globális növekedési részvény eszközalap,2026-01-13,2.1921
Kiegyensúlyozott vegyes eszközalap - D,2026-01-13,1.4602
Latin-amerikai részvény eszközalap,2026-01-13,1.3044
Magas kötvény arányú vegyes eszk. - D,2026-01-13,1.1261
Magas védelmû vegyes eszközalap,2026-01-13,1.1247
Nemz. élelmiszeripari cégek rv. ea - D,2026-01-13,3.2015
Nyersanyagpiaci részvény eszközalap,2026-01-13,1.5639
Presztízs- és luxusmárkák rv. ea.,2026-01-13,3.7898
USA részvény eszközalap,2026-01-13,4.7288
Ázsia kötvény eszközalap,2026-01-13,2.2634
Aktív hozamfigyelõ vegyes eszközalap - D,2026-01-13,0.9621
Euró likviditás eszközalap - D,2026-01-13,0.9269
Európai ingatlancégek részv. eszközalap,2026-01-13,1.8925
Európai kötvény eszközalap - D,2026-01-13,1.2351
Európai részvény eszközalap,2026-01-13,2.8195
Európai vállalati kötvény eszközalap,2026-01-13,1.3296
Fejlõdõ piaci részvény ESG eszközalap-D,2026-01-13,1.2025
Fejlõdõ ázsiai részvény eszközalap,2026-01-13,2.5328
Fenntartható növekedés részvény eszk.,2026-01-13,3.2796
Globális egészségügyi részvény eszk.,2026-01-13,3.635
Globális növekedési részvény eszközalap,2026-01-13,2.1921
Kiegyensúlyozott vegyes eszközalap - D,2026-01-13,1.4602
Latin-amerikai részvény eszközalap,2026-01-13,1.3044
Magas kötvény arányú vegyes eszk. - D,2026-01-13,1.1261
Magas védelmû vegyes eszközalap,2026-01-13,1.1247
Nemz. élelmiszeripari cégek rv. ea - D,2026-01-13,3.2015
Nyersanyagpiaci részvény eszközalap,2026-01-13,1.5639
Presztízs- és luxusmárkák rv. ea.,2026-01-13,3.7898
USA részvény eszközalap,2026-01-13,4.7288
Ázsia kötvény eszközalap,2026-01-13,2.2634
Aktív hozamfigyelõ vegyes eszközalap - D,2026-01-14,0.9611
Euró likviditás eszközalap - D,2026-01-14,0.9269
Európai ingatlancégek részv. eszközalap,2026-01-14,1.8812
Európai kötvény eszközalap - D,2026-01-14,1.2348
Európai részvény eszközalap,2026-01-14,2.8253
Európai vállalati kötvény eszközalap,2026-01-14,1.3297
Fejlõdõ piaci részvény ESG eszközalap-D,2026-01-14,1.2076
Fejlõdõ ázsiai részvény eszközalap,2026-01-14,2.5471
Fenntartható növekedés részvény eszk.,2026-01-14,3.2651
Globális egészségügyi részvény eszk.,2026-01-14,3.6171
Globális növekedési részvény eszközalap,2026-01-14,2.1873
Kiegyensúlyozott vegyes eszközalap - D,2026-01-14,1.4596
Latin-amerikai részvény eszközalap,2026-01-14,1.3013
Magas kötvény arányú vegyes eszk. - D,2026-01-14,1.1256
Magas védelmû vegyes eszközalap,2026-01-14,1.1256
Nemz. élelmiszeripari cégek rv. ea - D,2026-01-14,3.2186
Nyersanyagpiaci részvény eszközalap,2026-01-14,1.5584
Presztízs- és luxusmárkák rv. ea.,2026-01-14,3.7761
USA részvény eszközalap,2026-01-14,4.7209
Ázsia kötvény eszközalap,2026-01-14,2.2661
Aktív hozamfigyelõ vegyes eszközalap - D,2026-01-15,0.9602
Euró likviditás eszközalap - D,2026-01-15,0.9272
Európai ingatlancégek részv. eszközalap,2026-01-15,1.8714
Európai kötvény eszközalap - D,2026-01-15,1.2362
Európai részvény eszközalap,2026-01-15,2.8216
Európai vállalati kötvény eszközalap,2026-01-15,1.3309
Fejlõdõ piaci részvény ESG eszközalap-D,2026-01-15,1.2003
Fejlõdõ ázsiai részvény eszközalap,2026-01-15,2.5505
Fenntartható növekedés részvény eszk.,2026-01-15,3.2383
Globális egészségügyi részvény eszk.,2026-01-15,3.6374
Globális növekedési részvény eszközalap,2026-01-15,2.1783
Kiegyensúlyozott vegyes eszközalap - D,2026-01-15,1.458
Latin-amerikai részvény eszközalap,2026-01-15,1.3102
Magas kötvény arányú vegyes eszk. - D,2026-01-15,1.1255
Magas védelmû vegyes eszközalap,2026-01-15,1.125
Nemz. élelmiszeripari cégek rv. ea - D,2026-01-15,3.2606
Nyersanyagpiaci részvény eszközalap,2026-01-15,1.5775
Presztízs- és luxusmárkák rv. ea.,2026-01-15,3.751
USA részvény eszközalap,2026-01-15,4.6794
Ázsia kötvény eszközalap,2026-01-15,2.2724
Aktív hozamfigyelõ vegyes eszközalap - D,2026-01-16,0.9629
Euró likviditás eszközalap - D,2026-01-16,0.9271
Európai ingatlancégek részv. eszközalap,2026-01-16,1.9063
Európai kötvény eszközalap - D,2026-01-16,1.2361
Európai részvény eszközalap,2026-01-16,2.8351
Európai vállalati kötvény eszközalap,2026-01-16,1.331
Fejlõdõ piaci részvény ESG eszközalap-D,2026-01-16,1.2158
Fejlõdõ ázsiai részvény eszközalap,2026-01-16,2.5863
Fenntartható növekedés részvény eszk.,2026-01-16,3.2701
Globális egészségügyi részvény eszk.,2026-01-16,3.6245
Globális növekedési részvény eszközalap,2026-01-16,2.1997
Kiegyensúlyozott vegyes eszközalap - D,2026-01-16,1.4618
Latin-amerikai részvény eszközalap,2026-01-16,1.3329
Magas kötvény arányú vegyes eszk. - D,2026-01-16,1.1272
Magas védelmû vegyes eszközalap,2026-01-16,1.1273
Nemz. élelmiszeripari cégek rv. ea - D,2026-01-16,3.2812
Nyersanyagpiaci részvény eszközalap,2026-01-16,1.5939
Presztízs- és luxusmárkák rv. ea.,2026-01-16,3.7445
USA részvény eszközalap,2026-01-16,4.7102
Ázsia kötvény eszközalap,2026-01-16,2.2777
Aktív hozamfigyelõ vegyes eszközalap - D,2026-01-17,0.9617
Euró likviditás eszközalap - D,2026-01-17,0.9267
Európai ingatlancégek részv. eszközalap,2026-01-17,1.9096
Európai kötvény eszközalap - D,2026-01-17,1.2345
Európai részvény eszközalap,2026-01-17,2.8323
Európai vállalati kötvény eszközalap,2026-01-17,1.3299
Fejlõdõ piaci részvény ESG eszközalap-D,2026-01-17,1.2116
Fejlõdõ ázsiai részvény eszközalap,2026-01-17,2.6022
Fenntartható növekedés részvény eszk.,2026-01-17,3.2672
Globális egészségügyi részvény eszk.,2026-01-17,3.6168
Globális növekedési részvény eszközalap,2026-01-17,2.201
Kiegyensúlyozott vegyes eszközalap - D,2026-01-17,1.4622
Latin-amerikai részvény eszközalap,2026-01-17,1.3277
Magas kötvény arányú vegyes eszk. - D,2026-01-17,1.1266
Magas védelmû vegyes eszközalap,2026-01-17,1.1253
Nemz. élelmiszeripari cégek rv. ea - D,2026-01-17,3.2609
Nyersanyagpiaci részvény eszközalap,2026-01-17,1.577
Presztízs- és luxusmárkák rv. ea.,2026-01-17,3.68
USA részvény eszközalap,2026-01-17,4.7104
Ázsia kötvény eszközalap,2026-01-17,2.2825
Aktív hozamfigyelõ vegyes eszközalap - D,2026-01-20,0.9616
Euró likviditás eszközalap - D,2026-01-20,0.9272
Európai ingatlancégek részv. eszközalap,2026-01-20,1.8906
Európai kötvény eszközalap - D,2026-01-20,1.2352
Európai részvény eszközalap,2026-01-20,2.7886
Európai vállalati kötvény eszközalap,2026-01-20,1.3301
Fejlõdõ piaci részvény ESG eszközalap-D,2026-01-20,1.2094
Fejlõdõ ázsiai részvény eszközalap,2026-01-20,2.6082
Fenntartható növekedés részvény eszk.,2026-01-20,3.2669
Globális egészségügyi részvény eszk.,2026-01-20,3.6089
Globális növekedési részvény eszközalap,2026-01-20,2.2008
Kiegyensúlyozott vegyes eszközalap - D,2026-01-20,1.462
Latin-amerikai részvény eszközalap,2026-01-20,1.3324
Magas kötvény arányú vegyes eszk. - D,2026-01-20,1.126
Magas védelmû vegyes eszközalap,2026-01-20,1.12
Nemz. élelmiszeripari cégek rv. ea - D,2026-01-20,3.2568
Nyersanyagpiaci részvény eszközalap,2026-01-20,1.579
Presztízs- és luxusmárkák rv. ea.,2026-01-20,3.5974
USA részvény eszközalap,2026-01-20,4.7101
Ázsia kötvény eszközalap,2026-01-20,2.2791
Aktív hozamfigyelõ vegyes eszközalap - D,2026-01-20,0.9616
Euró likviditás eszközalap - D,2026-01-20,0.9272
Európai ingatlancégek részv. eszközalap,2026-01-20,1.8906
Európai kötvény eszközalap - D,2026-01-20,1.2352
Európai részvény eszközalap,2026-01-20,2.7886
Európai vállalati kötvény eszközalap,2026-01-20,1.3301
Fejlõdõ piaci részvény ESG eszközalap-D,2026-01-20,1.2094
Fejlõdõ ázsiai részvény eszközalap,2026-01-20,2.6082
Fenntartható növekedés részvény eszk.,2026-01-20,3.2669
Globális egészségügyi részvény eszk.,2026-01-20,3.6089
Globális növekedési részvény eszközalap,2026-01-20,2.2008
Kiegyensúlyozott vegyes eszközalap - D,2026-01-20,1.462
Latin-amerikai részvény eszközalap,2026-01-20,1.3324
Magas kötvény arányú vegyes eszk. - D,2026-01-20,1.126
Magas védelmû vegyes eszközalap,2026-01-20,1.12
Nemz. élelmiszeripari cégek rv. ea - D,2026-01-20,3.2568
Nyersanyagpiaci részvény eszközalap,2026-01-20,1.579
Presztízs- és luxusmárkák rv. ea.,2026-01-20,3.5974
USA részvény eszközalap,2026-01-20,4.7101
Ázsia kötvény eszközalap,2026-01-20,2.2791
Aktív hozamfigyelõ vegyes eszközalap - D,2026-01-21,0.9502
Euró likviditás eszközalap - D,2026-01-21,0.9273
Európai ingatlancégek részv. eszközalap,2026-01-21,1.8576
Európai kötvény eszközalap - D,2026-01-21,1.2338
Európai részvény eszközalap,2026-01-21,2.7679
Európai vállalati kötvény eszközalap,2026-01-21,1.329
Fejlõdõ piaci részvény ESG eszközalap-D,2026-01-21,1.193
Fejlõdõ ázsiai részvény eszközalap,2026-01-21,2.5941
Fenntartható növekedés részvény eszk.,2026-01-21,3.1614
Globális egészségügyi részvény eszk.,2026-01-21,3.5754
Globális növekedési részvény eszközalap,2026-01-21,2.1399
Kiegyensúlyozott vegyes eszközalap - D,2026-01-21,1.4462
Latin-amerikai részvény eszközalap,2026-01-21,1.329
Magas kötvény arányú vegyes eszk. - D,2026-01-21,1.1196
Magas védelmû vegyes eszközalap,2026-01-21,1.1183
Nemz. élelmiszeripari cégek rv. ea - D,2026-01-21,3.2331
Nyersanyagpiaci részvény eszközalap,2026-01-21,1.5652
Presztízs- és luxusmárkák rv. ea.,2026-01-21,3.5665
USA részvény eszközalap,2026-01-21,4.5604
Ázsia kötvény eszközalap,2026-01-21,2.2546
Aktív hozamfigyelõ vegyes eszközalap - D,2026-01-22,0.9532
Euró likviditás eszközalap - D,2026-01-22,0.9271
Európai ingatlancégek részv. eszközalap,2026-01-22,1.8484
Európai kötvény eszközalap - D,2026-01-22,1.2324
Európai részvény eszközalap,2026-01-22,2.762
Európai vállalati kötvény eszközalap,2026-01-22,1.3289
Fejlõdõ piaci részvény ESG eszközalap-D,2026-01-22,1.201
Fejlõdõ ázsiai részvény eszközalap,2026-01-22,2.6136
Fenntartható növekedés részvény eszk.,2026-01-22,3.1886
Globális egészségügyi részvény eszk.,2026-01-22,3.6139
Globális növekedési részvény eszközalap,2026-01-22,2.1612
Kiegyensúlyozott vegyes eszközalap - D,2026-01-22,1.4439
Latin-amerikai részvény eszközalap,2026-01-22,1.3572
Magas kötvény arányú vegyes eszk. - D,2026-01-22,1.1184
Magas védelmû vegyes eszközalap,2026-01-22,1.1179
Nemz. élelmiszeripari cégek rv. ea - D,2026-01-22,3.2281
Nyersanyagpiaci részvény eszközalap,2026-01-22,1.5894
Presztízs- és luxusmárkák rv. ea.,2026-01-22,3.5897
USA részvény eszközalap,2026-01-22,4.6026
Ázsia kötvény eszközalap,2026-01-22,2.2598
Aktív hozamfigyelõ vegyes eszközalap - D,2026-01-23,0.9548
Euró likviditás eszközalap - D,2026-01-23,0.927
Európai ingatlancégek részv. eszközalap,2026-01-23,1.8699
Európai kötvény eszközalap - D,2026-01-23,1.2329
Európai részvény eszközalap,2026-01-23,2.7968
Európai vállalati kötvény eszközalap,2026-01-23,1.3297
Fejlõdõ piaci részvény ESG eszközalap-D,2026-01-23,1.2052
Fejlõdõ ázsiai részvény eszközalap,2026-01-23,2.6289
Fenntartható növekedés részvény eszk.,2026-01-23,3.2011
Globális egészségügyi részvény eszk.,2026-01-23,3.6522
Globális növekedési részvény eszközalap,2026-01-23,2.1688
Kiegyensúlyozott vegyes eszközalap - D,2026-01-23,1.4496
Latin-amerikai részvény eszközalap,2026-01-23,1.3932
Magas kötvény arányú vegyes eszk. - D,2026-01-23,1.1209
Magas védelmû vegyes eszközalap,2026-01-23,1.1206
Nemz. élelmiszeripari cégek rv. ea - D,2026-01-23,3.2442
Nyersanyagpiaci részvény eszközalap,2026-01-23,1.5991
Presztízs- és luxusmárkák rv. ea.,2026-01-23,3.6443
USA részvény eszközalap,2026-01-23,4.619
Ázsia kötvény eszközalap,2026-01-23,2.2653
Aktív hozamfigyelõ vegyes eszközalap - D,2026-01-24,0.9543
Euró likviditás eszközalap - D,2026-01-24,0.9269
Európai ingatlancégek részv. eszközalap,2026-01-24,1.8732
Európai kötvény eszközalap - D,2026-01-24,1.2326
Európai részvény eszközalap,2026-01-24,2.7902
Európai vállalati kötvény eszközalap,2026-01-24,1.3289
Fejlõdõ piaci részvény ESG eszközalap-D,2026-01-24,1.2041
Fejlõdõ ázsiai részvény eszközalap,2026-01-24,2.6452
Fenntartható növekedés részvény eszk.,2026-01-24,3.2003
Globális egészségügyi részvény eszk.,2026-01-24,3.647
Globális növekedési részvény eszközalap,2026-01-24,2.1524
Kiegyensúlyozott vegyes eszközalap - D,2026-01-24,1.4488
Latin-amerikai részvény eszközalap,2026-01-24,1.3915
Magas kötvény arányú vegyes eszk. - D,2026-01-24,1.1205
Magas védelmû vegyes eszközalap,2026-01-24,1.1197
Nemz. élelmiszeripari cégek rv. ea - D,2026-01-24,3.2364
Nyersanyagpiaci részvény eszközalap,2026-01-24,1.6071
Presztízs- és luxusmárkák rv. ea.,2026-01-24,3.6125
USA részvény eszközalap,2026-01-24,4.6193
Ázsia kötvény eszközalap,2026-01-24,2.2584
Aktív hozamfigyelõ vegyes eszközalap - D,2026-01-27,0.9544
Euró likviditás eszközalap - D,2026-01-27,0.9274
Európai ingatlancégek részv. eszközalap,2026-01-27,1.8795
Európai kötvény eszközalap - D,2026-01-27,1.2359
Európai részvény eszközalap,2026-01-27,2.7981
Európai vállalati kötvény eszközalap,2026-01-27,1.331
Fejlõdõ piaci részvény ESG eszközalap-D,2026-01-27,1.204
Fejlõdõ ázsiai részvény eszközalap,2026-01-27,2.6412
Fenntartható növekedés részvény eszk.,2026-01-27,3.1819
Globális egészségügyi részvény eszk.,2026-01-27,3.6647
Globális növekedési részvény eszközalap,2026-01-27,2.1447
Kiegyensúlyozott vegyes eszközalap - D,2026-01-27,1.4481
Latin-amerikai részvény eszközalap,2026-01-27,1.399
Magas kötvény arányú vegyes eszk. - D,2026-01-27,1.1217
Magas védelmû vegyes eszközalap,2026-01-27,1.1205
Nemz. élelmiszeripari cégek rv. ea - D,2026-01-27,3.2365
Nyersanyagpiaci részvény eszközalap,2026-01-27,1.6188
Presztízs- és luxusmárkák rv. ea.,2026-01-27,3.5862
USA részvény eszközalap,2026-01-27,4.5923
Ázsia kötvény eszközalap,2026-01-27,2.2365
Aktív hozamfigyelõ vegyes eszközalap - D,2026-01-27,0.9544
Euró likviditás eszközalap - D,2026-01-27,0.9274
Európai ingatlancégek részv. eszközalap,2026-01-27,1.8795
Európai kötvény eszközalap - D,2026-01-27,1.2359
Európai részvény eszközalap,2026-01-27,2.7981
Európai vállalati kötvény eszközalap,2026-01-27,1.331
Fejlõdõ piaci részvény ESG eszközalap-D,2026-01-27,1.204
Fejlõdõ ázsiai részvény eszközalap,2026-01-27,2.6412
Fenntartható növekedés részvény eszk.,2026-01-27,3.1819
Globális egészségügyi részvény eszk.,2026-01-27,3.6647
Globális növekedési részvény eszközalap,2026-01-27,2.1447
Kiegyensúlyozott vegyes eszközalap - D,2026-01-27,1.4481
Latin-amerikai részvény eszközalap,2026-01-27,1.399
Magas kötvény arányú vegyes eszk. - D,2026-01-27,1.1217
Magas védelmû vegyes eszközalap,2026-01-27,1.1205
Nemz. élelmiszeripari cégek rv. ea - D,2026-01-27,3.2365
Nyersanyagpiaci részvény eszközalap,2026-01-27,1.6188
Presztízs- és luxusmárkák rv. ea.,2026-01-27,3.5862
USA részvény eszközalap,2026-01-27,4.5923
Ázsia kötvény eszközalap,2026-01-27,2.2365
Aktív hozamfigyelõ vegyes eszközalap - D,2026-01-28,0.9554
Euró likviditás eszközalap - D,2026-01-28,0.9275
Európai ingatlancégek részv. eszközalap,2026-01-28,1.8772
Európai kötvény eszközalap - D,2026-01-28,1.2361
Európai részvény eszközalap,2026-01-28,2.8168
Európai vállalati kötvény eszközalap,2026-01-28,1.3317
Fejlõdõ piaci részvény ESG eszközalap-D,2026-01-28,1.2091
Fejlõdõ ázsiai részvény eszközalap,2026-01-28,2.6825
Fenntartható növekedés részvény eszk.,2026-01-28,3.1798
Globális egészségügyi részvény eszk.,2026-01-28,3.644
Globális növekedési részvény eszközalap,2026-01-28,2.1341
Kiegyensúlyozott vegyes eszközalap - D,2026-01-28,1.4483
Latin-amerikai részvény eszközalap,2026-01-28,1.4234
Magas kötvény arányú vegyes eszk. - D,2026-01-28,1.1219
Magas védelmû vegyes eszközalap,2026-01-28,1.1222
Nemz. élelmiszeripari cégek rv. ea - D,2026-01-28,3.2018
Nyersanyagpiaci részvény eszközalap,2026-01-28,1.5995
Presztízs- és luxusmárkák rv. ea.,2026-01-28,3.5538
USA részvény eszközalap,2026-01-28,4.5789
Ázsia kötvény eszközalap,2026-01-28,2.2314
Aktív hozamfigyelõ vegyes eszközalap - D,2026-01-29,0.9542
Euró likviditás eszközalap - D,2026-01-29,0.9279
Európai ingatlancégek részv. eszközalap,2026-01-29,1.9048
Európai kötvény eszközalap - D,2026-01-29,1.2373
Európai részvény eszközalap,2026-01-29,2.7984
Európai vállalati kötvény eszközalap,2026-01-29,1.3329
Fejlõdõ piaci részvény ESG eszközalap-D,2026-01-29,1.2184
Fejlõdõ ázsiai részvény eszközalap,2026-01-29,2.7144
Fenntartható növekedés részvény eszk.,2026-01-29,3.1709
Globális egészségügyi részvény eszk.,2026-01-29,3.6003
Globális növekedési részvény eszközalap,2026-01-29,2.1187
Kiegyensúlyozott vegyes eszközalap - D,2026-01-29,1.4493
Latin-amerikai részvény eszközalap,2026-01-29,1.4214
Magas kötvény arányú vegyes eszk. - D,2026-01-29,1.1227
Magas védelmû vegyes eszközalap,2026-01-29,1.1197
Nemz. élelmiszeripari cégek rv. ea - D,2026-01-29,3.2116
Nyersanyagpiaci részvény eszközalap,2026-01-29,1.6088
Presztízs- és luxusmárkák rv. ea.,2026-01-29,3.5149
USA részvény eszközalap,2026-01-29,4.5825
Ázsia kötvény eszközalap,2026-01-29,2.2132
Aktív hozamfigyelõ vegyes eszközalap - D,2026-01-30,0.9534
Euró likviditás eszközalap - D,2026-01-30,0.9282
Európai ingatlancégek részv. eszközalap,2026-01-30,1.915
Európai kötvény eszközalap - D,2026-01-30,1.2391
Európai részvény eszközalap,2026-01-30,2.7817
Európai vállalati kötvény eszközalap,2026-01-30,1.3342
Fejlõdõ piaci részvény ESG eszközalap-D,2026-01-30,1.2121
Fejlõdõ ázsiai részvény eszközalap,2026-01-30,2.7015
Fenntartható növekedés részvény eszk.,2026-01-30,3.1416
Globális egészségügyi részvény eszk.,2026-01-30,3.6028
Globális növekedési részvény eszközalap,2026-01-30,2.1071
Kiegyensúlyozott vegyes eszközalap - D,2026-01-30,1.449
Latin-amerikai részvény eszközalap,2026-01-30,1.4125
Magas kötvény arányú vegyes eszk. - D,2026-01-30,1.1233
Magas védelmû vegyes eszközalap,2026-01-30,1.1174
Nemz. élelmiszeripari cégek rv. ea - D,2026-01-30,3.2208
Nyersanyagpiaci részvény eszközalap,2026-01-30,1.6021
Presztízs- és luxusmárkák rv. ea.,2026-01-30,3.5284
USA részvény eszközalap,2026-01-30,4.5842
Ázsia kötvény eszközalap,2026-01-30,2.2194
Aktív hozamfigyelõ vegyes eszközalap - D,2026-02-03,0.9549
Euró likviditás eszközalap - D,2026-02-03,0.9277
Európai ingatlancégek részv. eszközalap,2026-02-03,1.9076
Európai kötvény eszközalap - D,2026-02-03,1.2369
Európai részvény eszközalap,2026-02-03,2.8367
Európai vállalati kötvény eszközalap,2026-02-03,1.333
Fejlõdõ piaci részvény ESG eszközalap-D,2026-02-03,1.2088
Fejlõdõ ázsiai részvény eszközalap,2026-02-03,2.6678
Fenntartható növekedés részvény eszk.,2026-02-03,3.1784
Globális egészségügyi részvény eszk.,2026-02-03,3.6282
Globális növekedési részvény eszközalap,2026-02-03,2.1262
Kiegyensúlyozott vegyes eszközalap - D,2026-02-03,1.4515
Latin-amerikai részvény eszközalap,2026-02-03,1.4169
Magas kötvény arányú vegyes eszk. - D,2026-02-03,1.1232
Magas védelmû vegyes eszközalap,2026-02-03,1.122
Nemz. élelmiszeripari cégek rv. ea - D,2026-02-03,3.3047
Nyersanyagpiaci részvény eszközalap,2026-02-03,1.5821
Presztízs- és luxusmárkák rv. ea.,2026-02-03,3.575
USA részvény eszközalap,2026-02-03,4.6474
Ázsia kötvény eszközalap,2026-02-03,2.2356
Aktív hozamfigyelõ vegyes eszközalap - D,2026-02-03,0.9549
Euró likviditás eszközalap - D,2026-02-03,0.9277
Európai ingatlancégek részv. eszközalap,2026-02-03,1.9076
Európai kötvény eszközalap - D,2026-02-03,1.2369
Európai részvény eszközalap,2026-02-03,2.8367
Európai vállalati kötvény eszközalap,2026-02-03,1.333
Fejlõdõ piaci részvény ESG eszközalap-D,2026-02-03,1.2088
Fejlõdõ ázsiai részvény eszközalap,2026-02-03,2.6678
Fenntartható növekedés részvény eszk.,2026-02-03,3.1784
Globális egészségügyi részvény eszk.,2026-02-03,3.6282
Globális növekedési részvény eszközalap,2026-02-03,2.1262
Kiegyensúlyozott vegyes eszközalap - D,2026-02-03,1.4515
Latin-amerikai részvény eszközalap,2026-02-03,1.4169
Magas kötvény arányú vegyes eszk. - D,2026-02-03,1.1232
Magas védelmû vegyes eszközalap,2026-02-03,1.122
Nemz. élelmiszeripari cégek rv. ea - D,2026-02-03,3.3047
Nyersanyagpiaci részvény eszközalap,2026-02-03,1.5821
Presztízs- és luxusmárkák rv. ea.,2026-02-03,3.575
USA részvény eszközalap,2026-02-03,4.6474
Ázsia kötvény eszközalap,2026-02-03,2.2356
Aktív hozamfigyelõ vegyes eszközalap - D,2026-02-04,0.9506
Euró likviditás eszközalap - D,2026-02-04,0.9277
Európai ingatlancégek részv. eszközalap,2026-02-04,1.9064
Európai kötvény eszközalap - D,2026-02-04,1.2359
Európai részvény eszközalap,2026-02-04,2.8358
Európai vállalati kötvény eszközalap,2026-02-04,1.3326
Fejlõdõ piaci részvény ESG eszközalap-D,2026-02-04,1.2251
Fejlõdõ ázsiai részvény eszközalap,2026-02-04,2.7226
Fenntartható növekedés részvény eszk.,2026-02-04,3.107
Globális egészségügyi részvény eszk.,2026-02-04,3.6566
Globális növekedési részvény eszközalap,2026-02-04,2.0943
Kiegyensúlyozott vegyes eszközalap - D,2026-02-04,1.4475
Latin-amerikai részvény eszközalap,2026-02-04,1.4528
Magas kötvény arányú vegyes eszk. - D,2026-02-04,1.121
Magas védelmû vegyes eszközalap,2026-02-04,1.1213
Nemz. élelmiszeripari cégek rv. ea - D,2026-02-04,3.3749
Nyersanyagpiaci részvény eszközalap,2026-02-04,1.6297
Presztízs- és luxusmárkák rv. ea.,2026-02-04,3.5621
USA részvény eszközalap,2026-02-04,4.591
Ázsia kötvény eszközalap,2026-02-04,2.2463
Aktív hozamfigyelõ vegyes eszközalap - D,2026-02-05,0.9505
Euró likviditás eszközalap - D,2026-02-05,0.928
Európai ingatlancégek részv. eszközalap,2026-02-05,1.9261
Európai kötvény eszközalap - D,2026-02-05,1.2375
Európai részvény eszközalap,2026-02-05,2.8358
Európai vállalati kötvény eszközalap,2026-02-05,1.3339
Fejlõdõ piaci részvény ESG eszközalap-D,2026-02-05,1.223
Fejlõdõ ázsiai részvény eszközalap,2026-02-05,2.7481
Fenntartható növekedés részvény eszk.,2026-02-05,3.104
Globális egészségügyi részvény eszk.,2026-02-05,3.6151
Globális növekedési részvény eszközalap,2026-02-05,2.1021
Kiegyensúlyozott vegyes eszközalap - D,2026-02-05,1.4475
Latin-amerikai részvény eszközalap,2026-02-05,1.4174
Magas kötvény arányú vegyes eszk. - D,2026-02-05,1.1215
Magas védelmû vegyes eszközalap,2026-02-05,1.121
Nemz. élelmiszeripari cégek rv. ea - D,2026-02-05,3.4289
Nyersanyagpiaci részvény eszközalap,2026-02-05,1.6301
Presztízs- és luxusmárkák rv. ea.,2026-02-05,3.6098
USA részvény eszközalap,2026-02-05,4.5737
Ázsia kötvény eszközalap,2026-02-05,2.2421
Aktív hozamfigyelõ vegyes eszközalap - D,2026-02-06,0.9464
Euró likviditás eszközalap - D,2026-02-06,0.9281
Európai ingatlancégek részv. eszközalap,2026-02-06,1.9135
Európai kötvény eszközalap - D,2026-02-06,1.2382
Európai részvény eszközalap,2026-02-06,2.8182
Európai vállalati kötvény eszközalap,2026-02-06,1.3342
Fejlõdõ piaci részvény ESG eszközalap-D,2026-02-06,1.2137
Fejlõdõ ázsiai részvény eszközalap,2026-02-06,2.6936
Fenntartható növekedés részvény eszk.,2026-02-06,3.0491
Globális egészségügyi részvény eszk.,2026-02-06,3.6332
Globális növekedési részvény eszközalap,2026-02-06,2.0781
Kiegyensúlyozott vegyes eszközalap - D,2026-02-06,1.4405
Latin-amerikai részvény eszközalap,2026-02-06,1.4031
Magas kötvény arányú vegyes eszk. - D,2026-02-06,1.1188
Magas védelmû vegyes eszközalap,2026-02-06,1.1185
Nemz. élelmiszeripari cégek rv. ea - D,2026-02-06,3.4324
Nyersanyagpiaci részvény eszközalap,2026-02-06,1.5936
Presztízs- és luxusmárkák rv. ea.,2026-02-06,3.5753
USA részvény eszközalap,2026-02-06,4.5207
Ázsia kötvény eszközalap,2026-02-06,2.2493
Aktív hozamfigyelõ vegyes eszközalap - D,2026-02-07,0.9517
Euró likviditás eszközalap - D,2026-02-07,0.9281
Európai ingatlancégek részv. eszközalap,2026-02-07,1.9261
Európai kötvény eszközalap - D,2026-02-07,1.2383
Európai részvény eszközalap,2026-02-07,2.8385
Európai vállalati kötvény eszközalap,2026-02-07,1.3339
Fejlõdõ piaci részvény ESG eszközalap-D,2026-02-07,1.2324
Fejlõdõ ázsiai részvény eszközalap,2026-02-07,2.7023
Fenntartható növekedés részvény eszk.,2026-02-07,3.086
Globális egészségügyi részvény eszk.,2026-02-07,3.6202
Globális növekedési részvény eszközalap,2026-02-07,2.1062
Kiegyensúlyozott vegyes eszközalap - D,2026-02-07,1.4466
Latin-amerikai részvény eszközalap,2026-02-07,1.4266
Magas kötvény arányú vegyes eszk. - D,2026-02-07,1.1216
Magas védelmû vegyes eszközalap,2026-02-07,1.1214
Nemz. élelmiszeripari cégek rv. ea - D,2026-02-07,3.4615
Nyersanyagpiaci részvény eszközalap,2026-02-07,1.6134
Presztízs- és luxusmárkák rv. ea.,2026-02-07,3.6198
USA részvény eszközalap,2026-02-07,4.5902
Ázsia kötvény eszközalap,2026-02-07,2.2498
Aktív hozamfigyelõ vegyes eszközalap - D,2026-02-10,0.9519
Euró likviditás eszközalap - D,2026-02-10,0.9285
Európai ingatlancégek részv. eszközalap,2026-02-10,1.9202
Európai kötvény eszközalap - D,2026-02-10,1.2392
Európai részvény eszközalap,2026-02-10,2.8569
Európai vállalati kötvény eszközalap,2026-02-10,1.3351
Fejlõdõ piaci részvény ESG eszközalap-D,2026-02-10,1.2394
Fejlõdõ ázsiai részvény eszközalap,2026-02-10,2.7387
Fenntartható növekedés részvény eszk.,2026-02-10,3.075
Globális egészségügyi részvény eszk.,2026-02-10,3.6329
Globális növekedési részvény eszközalap,2026-02-10,2.1115
Kiegyensúlyozott vegyes eszközalap - D,2026-02-10,1.451
Latin-amerikai részvény eszközalap,2026-02-10,1.4396
Magas kötvény arányú vegyes eszk. - D,2026-02-10,1.1236
Magas védelmû vegyes eszközalap,2026-02-10,1.1239
Nemz. élelmiszeripari cégek rv. ea - D,2026-02-10,3.4175
Nyersanyagpiaci részvény eszközalap,2026-02-10,1.6386
Presztízs- és luxusmárkák rv. ea.,2026-02-10,3.6306
USA részvény eszközalap,2026-02-10,4.5743
Ázsia kötvény eszközalap,2026-02-10,2.2366
Aktív hozamfigyelõ vegyes eszközalap - D,2026-02-10,0.9519
Euró likviditás eszközalap - D,2026-02-10,0.9285
Európai ingatlancégek részv. eszközalap,2026-02-10,1.9202
Európai kötvény eszközalap - D,2026-02-10,1.2392
Európai részvény eszközalap,2026-02-10,2.8569
Európai vállalati kötvény eszközalap,2026-02-10,1.3351
Fejlõdõ piaci részvény ESG eszközalap-D,2026-02-10,1.2394
Fejlõdõ ázsiai részvény eszközalap,2026-02-10,2.7387
Fenntartható növekedés részvény eszk.,2026-02-10,3.075
Globális egészségügyi részvény eszk.,2026-02-10,3.6329
Globális növekedési részvény eszközalap,2026-02-10,2.1115
Kiegyensúlyozott vegyes eszközalap - D,2026-02-10,1.451
Latin-amerikai részvény eszközalap,2026-02-10,1.4396
Magas kötvény arányú vegyes eszk. - D,2026-02-10,1.1236
Magas védelmû vegyes eszközalap,2026-02-10,1.1239
Nemz. élelmiszeripari cégek rv. ea - D,2026-02-10,3.4175
Nyersanyagpiaci részvény eszközalap,2026-02-10,1.6386
Presztízs- és luxusmárkák rv. ea.,2026-02-10,3.6306
USA részvény eszközalap,2026-02-10,4.5743
Ázsia kötvény eszközalap,2026-02-10,2.2366
Aktív hozamfigyelõ vegyes eszközalap - D,2026-02-11,0.9539
Euró likviditás eszközalap - D,2026-02-11,0.9287
Európai ingatlancégek részv. eszközalap,2026-02-11,1.9415
Európai kötvény eszközalap - D,2026-02-11,1.2413
Európai részvény eszközalap,2026-02-11,2.855
Európai vállalati kötvény eszközalap,2026-02-11,1.3364
Fejlõdõ piaci részvény ESG eszközalap-D,2026-02-11,1.2384
Fejlõdõ ázsiai részvény eszközalap,2026-02-11,2.766
Fenntartható növekedés részvény eszk.,2026-02-11,3.0755
Globális egészségügyi részvény eszk.,2026-02-11,3.638
Globális növekedési részvény eszközalap,2026-02-11,2.1215
Kiegyensúlyozott vegyes eszközalap - D,2026-02-11,1.4523
Latin-amerikai részvény eszközalap,2026-02-11,1.4476
Magas kötvény arányú vegyes eszk. - D,2026-02-11,1.1251
Magas védelmû vegyes eszközalap,2026-02-11,1.1236
Nemz. élelmiszeripari cégek rv. ea - D,2026-02-11,3.4136
Nyersanyagpiaci részvény eszközalap,2026-02-11,1.6578
Presztízs- és luxusmárkák rv. ea.,2026-02-11,3.729
USA részvény eszközalap,2026-02-11,4.5627
Ázsia kötvény eszközalap,2026-02-11,2.2304
Aktív hozamfigyelõ vegyes eszközalap - D,2026-02-12,0.9534
Euró likviditás eszközalap - D,2026-02-12,0.9287
Európai ingatlancégek részv. eszközalap,2026-02-12,1.9537
Európai kötvény eszközalap - D,2026-02-12,1.2412
Európai részvény eszközalap,2026-02-12,2.8542
Európai vállalati kötvény eszközalap,2026-02-12,1.3362
Fejlõdõ piaci részvény ESG eszközalap-D,2026-02-12,1.2465
Fejlõdõ ázsiai részvény eszközalap,2026-02-12,2.799
Fenntartható növekedés részvény eszk.,2026-02-12,3.0806
Globális egészségügyi részvény eszk.,2026-02-12,3.6095
Globális növekedési részvény eszközalap,2026-02-12,2.1299
Kiegyensúlyozott vegyes eszközalap - D,2026-02-12,1.4555
Latin-amerikai részvény eszközalap,2026-02-12,1.4581
Magas kötvény arányú vegyes eszk. - D,2026-02-12,1.1265
Magas védelmû vegyes eszközalap,2026-02-12,1.1232
Nemz. élelmiszeripari cégek rv. ea - D,2026-02-12,3.4658
Nyersanyagpiaci részvény eszközalap,2026-02-12,1.6789
Presztízs- és luxusmárkák rv. ea.,2026-02-12,3.7135
USA részvény eszközalap,2026-02-12,4.5819
Ázsia kötvény eszközalap,2026-02-12,2.2319
Aktív hozamfigyelõ vegyes eszközalap - D,2026-02-13,0.9505
Euró likviditás eszközalap - D,2026-02-13,0.9289
Európai ingatlancégek részv. eszközalap,2026-02-13,1.9571
Európai kötvény eszközalap - D,2026-02-13,1.2425
Európai részvény eszközalap,2026-02-13,2.8505
Európai vállalati kötvény eszközalap,2026-02-13,1.3371
Fejlõdõ piaci részvény ESG eszközalap-D,2026-02-13,1.2403
Fejlõdõ ázsiai részvény eszközalap,2026-02-13,2.8179
Fenntartható növekedés részvény eszk.,2026-02-13,3.0334
Globális egészségügyi részvény eszk.,2026-02-13,3.6457
Globális növekedési részvény eszközalap,2026-02-13,2.0953
Kiegyensúlyozott vegyes eszközalap - D,2026-02-13,1.4504
Latin-amerikai részvény eszközalap,2026-02-13,1.4525
Magas kötvény arányú vegyes eszk. - D,2026-02-13,1.1249
Magas védelmû vegyes eszközalap,2026-02-13,1.121
Nemz. élelmiszeripari cégek rv. ea - D,2026-02-13,3.5237
Nyersanyagpiaci részvény eszközalap,2026-02-13,1.6603
Presztízs- és luxusmárkák rv. ea.,2026-02-13,3.7172
USA részvény eszközalap,2026-02-13,4.5018
Ázsia kötvény eszközalap,2026-02-13,2.2376
Aktív hozamfigyelõ vegyes eszközalap - D,2026-02-14,0.9515
Euró likviditás eszközalap - D,2026-02-14,0.9292
Európai ingatlancégek részv. eszközalap,2026-02-14,1.9544
Európai kötvény eszközalap - D,2026-02-14,1.2442
Európai részvény eszközalap,2026-02-14,2.8367
Európai vállalati kötvény eszközalap,2026-02-14,1.3377
Fejlõdõ piaci részvény ESG eszközalap-D,2026-02-14,1.2393
Fejlõdõ ázsiai részvény eszközalap,2026-02-14,2.7834
Fenntartható növekedés részvény eszk.,2026-02-14,3.0374
Globális egészségügyi részvény eszk.,2026-02-14,3.6767
Globális növekedési részvény eszközalap,2026-02-14,2.1124
Kiegyensúlyozott vegyes eszközalap - D,2026-02-14,1.4478
Latin-amerikai részvény eszközalap,2026-02-14,1.4288
Magas kötvény arányú vegyes eszk. - D,2026-02-14,1.1246
Magas védelmû vegyes eszközalap,2026-02-14,1.1203
Nemz. élelmiszeripari cégek rv. ea - D,2026-02-14,3.519
Nyersanyagpiaci részvény eszközalap,2026-02-14,1.6656
Presztízs- és luxusmárkák rv. ea.,2026-02-14,3.685
USA részvény eszközalap,2026-02-14,4.4944
Ázsia kötvény eszközalap,2026-02-14,2.2451
Aktív hozamfigyelõ vegyes eszközalap - D,2026-02-17,0.9513
Euró likviditás eszközalap - D,2026-02-17,0.9292
Európai ingatlancégek részv. eszközalap,2026-02-17,1.95
Európai kötvény eszközalap - D,2026-02-17,1.2418
Európai részvény eszközalap,2026-02-17,2.8355
Európai vállalati kötvény eszközalap,2026-02-17,1.3376
Fejlõdõ piaci részvény ESG eszközalap-D,2026-02-17,1.2432
Fejlõdõ ázsiai részvény eszközalap,2026-02-17,2.7832
Fenntartható növekedés részvény eszk.,2026-02-17,3.0372
Globális egészségügyi részvény eszk.,2026-02-17,3.6687
Globális növekedési részvény eszközalap,2026-02-17,2.1122
Kiegyensúlyozott vegyes eszközalap - D,2026-02-17,1.4476
Latin-amerikai részvény eszközalap,2026-02-17,1.4432
Magas kötvény arányú vegyes eszk. - D,2026-02-17,1.124
Magas védelmû vegyes eszközalap,2026-02-17,1.1201
Nemz. élelmiszeripari cégek rv. ea - D,2026-02-17,3.5245
Nyersanyagpiaci részvény eszközalap,2026-02-17,1.6616
Presztízs- és luxusmárkák rv. ea.,2026-02-17,3.6638
USA részvény eszközalap,2026-02-17,4.494
Ázsia kötvény eszközalap,2026-02-17,2.2485
Aktív hozamfigyelõ vegyes eszközalap - D,2026-02-17,0.9513
Euró likviditás eszközalap - D,2026-02-17,0.9292
Európai ingatlancégek részv. eszközalap,2026-02-17,1.95
Európai kötvény eszközalap - D,2026-02-17,1.2418
Európai részvény eszközalap,2026-02-17,2.8355
Európai vállalati kötvény eszközalap,2026-02-17,1.3376
Fejlõdõ piaci részvény ESG eszközalap-D,2026-02-17,1.2432
Fejlõdõ ázsiai részvény eszközalap,2026-02-17,2.7832
Fenntartható növekedés részvény eszk.,2026-02-17,3.0372
Globális egészségügyi részvény eszk.,2026-02-17,3.6687
Globális növekedési részvény eszközalap,2026-02-17,2.1122
Kiegyensúlyozott vegyes eszközalap - D,2026-02-17,1.4476
Latin-amerikai részvény eszközalap,2026-02-17,1.4432
Magas kötvény arányú vegyes eszk. - D,2026-02-17,1.124
Magas védelmû vegyes eszközalap,2026-02-17,1.1201
Nemz. élelmiszeripari cégek rv. ea - D,2026-02-17,3.5245
Nyersanyagpiaci részvény eszközalap,2026-02-17,1.6616
Presztízs- és luxusmárkák rv. ea.,2026-02-17,3.6638
USA részvény eszközalap,2026-02-17,4.494
Ázsia kötvény eszközalap,2026-02-17,2.2485
Aktív hozamfigyelõ vegyes eszközalap - D,2026-02-18,0.953
Euró likviditás eszközalap - D,2026-02-18,0.9293
Európai ingatlancégek részv. eszközalap,2026-02-18,1.9873
Európai kötvény eszközalap - D,2026-02-18,1.2445
Európai részvény eszközalap,2026-02-18,2.855
Európai vállalati kötvény eszközalap,2026-02-18,1.3376
Fejlõdõ piaci részvény ESG eszközalap-D,2026-02-18,1.2422
Fejlõdõ ázsiai részvény eszközalap,2026-02-18,2.7831
Fenntartható növekedés részvény eszk.,2026-02-18,3.0586
Globális egészségügyi részvény eszk.,2026-02-18,3.6891
Globális növekedési részvény eszközalap,2026-02-18,2.1185
Kiegyensúlyozott vegyes eszközalap - D,2026-02-18,1.4496
Latin-amerikai részvény eszközalap,2026-02-18,1.4424
Magas kötvény arányú vegyes eszk. - D,2026-02-18,1.1256
Magas védelmû vegyes eszközalap,2026-02-18,1.1224
Nemz. élelmiszeripari cégek rv. ea - D,2026-02-18,3.4786
Nyersanyagpiaci részvény eszközalap,2026-02-18,1.6497
Presztízs- és luxusmárkák rv. ea.,2026-02-18,3.6863
USA részvény eszközalap,2026-02-18,4.5166
Ázsia kötvény eszközalap,2026-02-18,2.2516
Aktív hozamfigyelõ vegyes eszközalap - D,2026-02-19,0.9546
Euró likviditás eszközalap - D,2026-02-19,0.9292
Európai ingatlancégek részv. eszközalap,2026-02-19,1.9677
Európai kötvény eszközalap - D,2026-02-19,1.2428
Európai részvény eszközalap,2026-02-19,2.8898
Európai vállalati kötvény eszközalap,2026-02-19,1.3379
Fejlõdõ piaci részvény ESG eszközalap-D,2026-02-19,1.2574
Fejlõdõ ázsiai részvény eszközalap,2026-02-19,2.7831
Fenntartható növekedés részvény eszk.,2026-02-19,3.0817
Globális egészségügyi részvény eszk.,2026-02-19,3.6736
Globális növekedési részvény eszközalap,2026-02-19,2.1309
Kiegyensúlyozott vegyes eszközalap - D,2026-02-19,1.4531
Latin-amerikai részvény eszközalap,2026-02-19,1.4578
Magas kötvény arányú vegyes eszk. - D,2026-02-19,1.127
Magas védelmû vegyes eszközalap,2026-02-19,1.1277
Nemz. élelmiszeripari cégek rv. ea - D,2026-02-19,3.4767
Nyersanyagpiaci részvény eszközalap,2026-02-19,1.6797
Presztízs- és luxusmárkák rv. ea.,2026-02-19,3.7154
USA részvény eszközalap,2026-02-19,4.5356
Ázsia kötvény eszközalap,2026-02-19,2.2534
Aktív hozamfigyelõ vegyes eszközalap - D,2026-02-20,0.9542
Euró likviditás eszközalap - D,2026-02-20,0.9291
Európai ingatlancégek részv. eszközalap,2026-02-20,1.9786
Európai kötvény eszközalap - D,2026-02-20,1.2446
Európai részvény eszközalap,2026-02-20,2.8711
Európai vállalati kötvény eszközalap,2026-02-20,1.3376
Fejlõdõ piaci részvény ESG eszközalap-D,2026-02-20,1.2553
Fejlõdõ ázsiai részvény eszközalap,2026-02-20,2.783
Fenntartható növekedés részvény eszk.,2026-02-20,3.0795
Globális egészségügyi részvény eszk.,2026-02-20,3.6528
Globális növekedési részvény eszközalap,2026-02-20,2.1319
Kiegyensúlyozott vegyes eszközalap - D,2026-02-20,1.4538
Latin-amerikai részvény eszközalap,2026-02-20,1.4619
Magas kötvény arányú vegyes eszk. - D,2026-02-20,1.1271
Magas védelmû vegyes eszközalap,2026-02-20,1.1244
Nemz. élelmiszeripari cégek rv. ea - D,2026-02-20,3.4857
Nyersanyagpiaci részvény eszközalap,2026-02-20,1.6738
Presztízs- és luxusmárkák rv. ea.,2026-02-20,3.6841
USA részvény eszközalap,2026-02-20,4.5442
Ázsia kötvény eszközalap,2026-02-20,2.2589
Aktív hozamfigyelõ vegyes eszközalap - D,2026-02-21,0.9565
Euró likviditás eszközalap - D,2026-02-21,0.9291
Európai ingatlancégek részv. eszközalap,2026-02-21,1.9963
Európai kötvény eszközalap - D,2026-02-21,1.2434
Európai részvény eszközalap,2026-02-21,2.8981
Európai vállalati kötvény eszközalap,2026-02-21,1.338
Fejlõdõ piaci részvény ESG eszközalap-D,2026-02-21,1.2688
Fejlõdõ ázsiai részvény eszközalap,2026-02-21,2.7829
Fenntartható növekedés részvény eszk.,2026-02-21,3.0958
Globális egészségügyi részvény eszk.,2026-02-21,3.6579
Globális növekedési részvény eszközalap,2026-02-21,2.1294
Kiegyensúlyozott vegyes eszközalap - D,2026-02-21,1.4594
Latin-amerikai részvény eszközalap,2026-02-21,1.47
Magas kötvény arányú vegyes eszk. - D,2026-02-21,1.1298
Magas védelmû vegyes eszközalap,2026-02-21,1.1291
Nemz. élelmiszeripari cégek rv. ea - D,2026-02-21,3.4772
Nyersanyagpiaci részvény eszközalap,2026-02-21,1.6805
Presztízs- és luxusmárkák rv. ea.,2026-02-21,3.7356
USA részvény eszközalap,2026-02-21,4.5651
Ázsia kötvény eszközalap,2026-02-21,2.2651
Aktív hozamfigyelõ vegyes eszközalap - D,2026-02-24,0.9541
Euró likviditás eszközalap - D,2026-02-24,0.9294
Európai ingatlancégek részv. eszközalap,2026-02-24,1.995
Európai kötvény eszközalap - D,2026-02-24,1.248
Európai részvény eszközalap,2026-02-24,2.8982
Európai vállalati kötvény eszközalap,2026-02-24,1.3395
Fejlõdõ piaci részvény ESG eszközalap-D,2026-02-24,1.2635
Fejlõdõ ázsiai részvény eszközalap,2026-02-24,2.8574
Fenntartható növekedés részvény eszk.,2026-02-24,3.0645
Globális egészségügyi részvény eszk.,2026-02-24,3.6836
Globális növekedési részvény eszközalap,2026-02-24,2.1051
Kiegyensúlyozott vegyes eszközalap - D,2026-02-24,1.4571
Latin-amerikai részvény eszközalap,2026-02-24,1.4597
Magas kötvény arányú vegyes eszk. - D,2026-02-24,1.1298
Magas védelmû vegyes eszközalap,2026-02-24,1.1283
Nemz. élelmiszeripari cégek rv. ea - D,2026-02-24,3.5061
Nyersanyagpiaci részvény eszközalap,2026-02-24,1.6935
Presztízs- és luxusmárkák rv. ea.,2026-02-24,3.6771
USA részvény eszközalap,2026-02-24,4.5056
Ázsia kötvény eszközalap,2026-02-24,2.2598
Aktív hozamfigyelõ vegyes eszközalap - D,2026-02-24,0.9541
Euró likviditás eszközalap - D,2026-02-24,0.9294
Európai ingatlancégek részv. eszközalap,2026-02-24,1.995
Európai kötvény eszközalap - D,2026-02-24,1.248
Európai részvény eszközalap,2026-02-24,2.8982
Európai vállalati kötvény eszközalap,2026-02-24,1.3395
Fejlõdõ piaci részvény ESG eszközalap-D,2026-02-24,1.2635
Fejlõdõ ázsiai részvény eszközalap,2026-02-24,2.8574
Fenntartható növekedés részvény eszk.,2026-02-24,3.0645
Globális egészségügyi részvény eszk.,2026-02-24,3.6836
Globális növekedési részvény eszközalap,2026-02-24,2.1051
Kiegyensúlyozott vegyes eszközalap - D,2026-02-24,1.4571
Latin-amerikai részvény eszközalap,2026-02-24,1.4597
Magas kötvény arányú vegyes eszk. - D,2026-02-24,1.1298
Magas védelmû vegyes eszközalap,2026-02-24,1.1283
Nemz. élelmiszeripari cégek rv. ea - D,2026-02-24,3.5061
Nyersanyagpiaci részvény eszközalap,2026-02-24,1.6935
Presztízs- és luxusmárkák rv. ea.,2026-02-24,3.6771
USA részvény eszközalap,2026-02-24,4.5056
Ázsia kötvény eszközalap,2026-02-24,2.2598
Aktív hozamfigyelõ vegyes eszközalap - D,2026-02-25,0.9569
Euró likviditás eszközalap - D,2026-02-25,0.9294
Európai ingatlancégek részv. eszközalap,2026-02-25,2.0022
Európai kötvény eszközalap - D,2026-02-25,1.2461
Európai részvény eszközalap,2026-02-25,2.8987
Európai vállalati kötvény eszközalap,2026-02-25,1.3391
Fejlõdõ piaci részvény ESG eszközalap-D,2026-02-25,1.2791
Fejlõdõ ázsiai részvény eszközalap,2026-02-25,2.8653
Fenntartható növekedés részvény eszk.,2026-02-25,3.0892
Globális egészségügyi részvény eszk.,2026-02-25,3.6835
Globális növekedési részvény eszközalap,2026-02-25,2.1289
Kiegyensúlyozott vegyes eszközalap - D,2026-02-25,1.4597
Latin-amerikai részvény eszközalap,2026-02-25,1.4683
Magas kötvény arányú vegyes eszk. - D,2026-02-25,1.1308
Magas védelmû vegyes eszközalap,2026-02-25,1.1291
Nemz. élelmiszeripari cégek rv. ea - D,2026-02-25,3.5435
Nyersanyagpiaci részvény eszközalap,2026-02-25,1.7206
Presztízs- és luxusmárkák rv. ea.,2026-02-25,3.7226
USA részvény eszközalap,2026-02-25,4.5407
Ázsia kötvény eszközalap,2026-02-25,2.2647
Aktív hozamfigyelõ vegyes eszközalap - D,2026-02-26,0.9584
Euró likviditás eszközalap - D,2026-02-26,0.9294
Európai ingatlancégek részv. eszközalap,2026-02-26,2.0089
Európai kötvény eszközalap - D,2026-02-26,1.2485
Európai részvény eszközalap,2026-02-26,2.9255
Európai vállalati kötvény eszközalap,2026-02-26,1.3391
Fejlõdõ piaci részvény ESG eszközalap-D,2026-02-26,1.2842
Fejlõdõ ázsiai részvény eszközalap,2026-02-26,2.8994
Fenntartható növekedés részvény eszk.,2026-02-26,3.1038
Globális egészségügyi részvény eszk.,2026-02-26,3.6911
Globális növekedési részvény eszközalap,2026-02-26,2.136
Kiegyensúlyozott vegyes eszközalap - D,2026-02-26,1.4656
Latin-amerikai részvény eszközalap,2026-02-26,1.4718
Magas kötvény arányú vegyes eszk. - D,2026-02-26,1.1335
Magas védelmû vegyes eszközalap,2026-02-26,1.1318
Nemz. élelmiszeripari cégek rv. ea - D,2026-02-26,3.5175
Nyersanyagpiaci részvény eszközalap,2026-02-26,1.7357
Presztízs- és luxusmárkák rv. ea.,2026-02-26,3.683
USA részvény eszközalap,2026-02-26,4.5677
Ázsia kötvény eszközalap,2026-02-26,2.2646
Aktív hozamfigyelõ vegyes eszközalap - D,2026-02-27,0.959
Euró likviditás eszközalap - D,2026-02-27,0.9294
Európai ingatlancégek részv. eszközalap,2026-02-27,2.0236
Európai kötvény eszközalap - D,2026-02-27,1.2471
Európai részvény eszközalap,2026-02-27,2.9204
Európai vállalati kötvény eszközalap,2026-02-27,1.3393
Fejlõdõ piaci részvény ESG eszközalap-D,2026-02-27,1.279
Fejlõdõ ázsiai részvény eszközalap,2026-02-27,2.9123
Fenntartható növekedés részvény eszk.,2026-02-27,3.1026
Globális egészségügyi részvény eszk.,2026-02-27,3.6551
Globális növekedési részvény eszközalap,2026-02-27,2.1494
Kiegyensúlyozott vegyes eszközalap - D,2026-02-27,1.4658
Latin-amerikai részvény eszközalap,2026-02-27,1.4623
Magas kötvény arányú vegyes eszk. - D,2026-02-27,1.1336
Magas védelmû vegyes eszközalap,2026-02-27,1.1312
Nemz. élelmiszeripari cégek rv. ea - D,2026-02-27,3.5044
Nyersanyagpiaci részvény eszközalap,2026-02-27,1.7193
Presztízs- és luxusmárkák rv. ea.,2026-02-27,3.7109
USA részvény eszközalap,2026-02-27,4.5476
Ázsia kötvény eszközalap,2026-02-27,2.2635
Aktív hozamfigyelõ vegyes eszközalap - D,2026-02-28,0.959
Euró likviditás eszközalap - D,2026-02-28,0.93
Európai ingatlancégek részv. eszközalap,2026-02-28,2.0401
Európai kötvény eszközalap - D,2026-02-28,1.2516
Európai részvény eszközalap,2026-02-28,2.9158
Európai vállalati kötvény eszközalap,2026-02-28,1.3399
Fejlõdõ piaci részvény ESG eszközalap-D,2026-02-28,1.2769
Fejlõdõ ázsiai részvény eszközalap,2026-02-28,2.9122
Fenntartható növekedés részvény eszk.,2026-02-28,3.0929
Globális egészségügyi részvény eszk.,2026-02-28,3.6705
Globális növekedési részvény eszközalap,2026-02-28,2.1409
Kiegyensúlyozott vegyes eszközalap - D,2026-02-28,1.4637
Latin-amerikai részvény eszközalap,2026-02-28,1.4562
Magas kötvény arányú vegyes eszk. - D,2026-02-28,1.1339
Magas védelmû vegyes eszközalap,2026-02-28,1.1302
Nemz. élelmiszeripari cégek rv. ea - D,2026-02-28,3.5366
Nyersanyagpiaci részvény eszközalap,2026-02-28,1.7388
Presztízs- és luxusmárkák rv. ea.,2026-02-28,3.6732
USA részvény eszközalap,2026-02-28,4.5146
Ázsia kötvény eszközalap,2026-02-28,2.2659
Aktív hozamfigyelõ vegyes eszközalap - D,2026-03-03,0.955
Euró likviditás eszközalap - D,2026-03-03,0.9288
Európai ingatlancégek részv. eszközalap,2026-03-03,2.0003
Európai kötvény eszközalap - D,2026-03-03,1.2461
Európai részvény eszközalap,2026-03-03,2.8501
Európai vállalati kötvény eszközalap,2026-03-03,1.3353
Fejlõdõ piaci részvény ESG eszközalap-D,2026-03-03,1.2718
Fejlõdõ ázsiai részvény eszközalap,2026-03-03,2.8929
Fenntartható növekedés részvény eszk.,2026-03-03,3.0894
Globális egészségügyi részvény eszk.,2026-03-03,3.683
Globális növekedési részvény eszközalap,2026-03-03,2.1443
Kiegyensúlyozott vegyes eszközalap - D,2026-03-03,1.461
Latin-amerikai részvény eszközalap,2026-03-03,1.4375
Magas kötvény arányú vegyes eszk. - D,2026-03-03,1.1305
Magas védelmû vegyes eszközalap,2026-03-03,1.1215
Nemz. élelmiszeripari cégek rv. ea - D,2026-03-03,3.5279
Nyersanyagpiaci részvény eszközalap,2026-03-03,1.7368
Presztízs- és luxusmárkák rv. ea.,2026-03-03,3.5448
USA részvény eszközalap,2026-03-03,4.5764
Ázsia kötvény eszközalap,2026-03-03,2.2742
Aktív hozamfigyelõ vegyes eszközalap - D,2026-03-03,0.955
Euró likviditás eszközalap - D,2026-03-03,0.9288
Európai ingatlancégek részv. eszközalap,2026-03-03,2.0003
Európai kötvény eszközalap - D,2026-03-03,1.2461
Európai részvény eszközalap,2026-03-03,2.8501
Európai vállalati kötvény eszközalap,2026-03-03,1.3353
Fejlõdõ piaci részvény ESG eszközalap-D,2026-03-03,1.2718
Fejlõdõ ázsiai részvény eszközalap,2026-03-03,2.8929
Fenntartható növekedés részvény eszk.,2026-03-03,3.0894
Globális egészségügyi részvény eszk.,2026-03-03,3.683
Globális növekedési részvény eszközalap,2026-03-03,2.1443
Kiegyensúlyozott vegyes eszközalap - D,2026-03-03,1.461
Latin-amerikai részvény eszközalap,2026-03-03,1.4375
Magas kötvény arányú vegyes eszk. - D,2026-03-03,1.1305
Magas védelmû vegyes eszközalap,2026-03-03,1.1215
Nemz. élelmiszeripari cégek rv. ea - D,2026-03-03,3.5279
Nyersanyagpiaci részvény eszközalap,2026-03-03,1.7368
Presztízs- és luxusmárkák rv. ea.,2026-03-03,3.5448
USA részvény eszközalap,2026-03-03,4.5764
Ázsia kötvény eszközalap,2026-03-03,2.2742
Aktív hozamfigyelõ vegyes eszközalap - D,2026-03-04,0.9478
Euró likviditás eszközalap - D,2026-03-04,0.927
Európai ingatlancégek részv. eszközalap,2026-03-04,1.9478
Európai kötvény eszközalap - D,2026-03-04,1.2385
Európai részvény eszközalap,2026-03-04,2.7498
Európai vállalati kötvény eszközalap,2026-03-04,1.3298
Fejlõdõ piaci részvény ESG eszközalap-D,2026-03-04,1.2087
Fejlõdõ ázsiai részvény eszközalap,2026-03-04,2.7709
Fenntartható növekedés részvény eszk.,2026-03-04,3.0676
Globális egészségügyi részvény eszk.,2026-03-04,3.5823
Globális növekedési részvény eszközalap,2026-03-04,2.1124
Kiegyensúlyozott vegyes eszközalap - D,2026-03-04,1.4469
Latin-amerikai részvény eszközalap,2026-03-04,1.374
Magas kötvény arányú vegyes eszk. - D,2026-03-04,1.1215
Magas védelmû vegyes eszközalap,2026-03-04,1.1126
Nemz. élelmiszeripari cégek rv. ea - D,2026-03-04,3.4719
Nyersanyagpiaci részvény eszközalap,2026-03-04,1.6814
Presztízs- és luxusmárkák rv. ea.,2026-03-04,3.4502
USA részvény eszközalap,2026-03-04,4.585
Ázsia kötvény eszközalap,2026-03-04,2.2891
Aktív hozamfigyelõ vegyes eszközalap - D,2026-03-05,0.9503
Euró likviditás eszközalap - D,2026-03-05,0.9279
Európai ingatlancégek részv. eszközalap,2026-03-05,1.9587
Európai kötvény eszközalap - D,2026-03-05,1.2419
Európai részvény eszközalap,2026-03-05,2.802
Európai vállalati kötvény eszközalap,2026-03-05,1.3346
Fejlõdõ piaci részvény ESG eszközalap-D,2026-03-05,1.215
Fejlõdõ ázsiai részvény eszközalap,2026-03-05,2.7509
Fenntartható növekedés részvény eszk.,2026-03-05,3.0812
Globális egészségügyi részvény eszk.,2026-03-05,3.6003
Globális növekedési részvény eszközalap,2026-03-05,2.1189
Kiegyensúlyozott vegyes eszközalap - D,2026-03-05,1.4488
Latin-amerikai részvény eszközalap,2026-03-05,1.4213
Magas kötvény arányú vegyes eszk. - D,2026-03-05,1.124
Magas védelmû vegyes eszközalap,2026-03-05,1.1158
Nemz. élelmiszeripari cégek rv. ea - D,2026-03-05,3.4633
Nyersanyagpiaci részvény eszközalap,2026-03-05,1.6957
Presztízs- és luxusmárkák rv. ea.,2026-03-05,3.5091
USA részvény eszközalap,2026-03-05,4.5829
Ázsia kötvény eszközalap,2026-03-05,2.2875
Aktív hozamfigyelõ vegyes eszközalap - D,2026-03-06,0.9463
Euró likviditás eszközalap - D,2026-03-06,0.9261
Európai ingatlancégek részv. eszközalap,2026-03-06,1.9362
Európai kötvény eszközalap - D,2026-03-06,1.2347
Európai részvény eszközalap,2026-03-06,2.7672
Európai vállalati kötvény eszközalap,2026-03-06,1.3286
Fejlõdõ piaci részvény ESG eszközalap-D,2026-03-06,1.2096
Fejlõdõ ázsiai részvény eszközalap,2026-03-06,2.8226
Fenntartható növekedés részvény eszk.,2026-03-06,3.0792
Globális egészségügyi részvény eszk.,2026-03-06,3.5743
Globális növekedési részvény eszközalap,2026-03-06,2.1147
Kiegyensúlyozott vegyes eszközalap - D,2026-03-06,1.4452
Latin-amerikai részvény eszközalap,2026-03-06,1.3934
Magas kötvény arányú vegyes eszk. - D,2026-03-06,1.1193
Magas védelmû vegyes eszközalap,2026-03-06,1.1129
Nemz. élelmiszeripari cégek rv. ea - D,2026-03-06,3.4125
Nyersanyagpiaci részvény eszközalap,2026-03-06,1.6561
Presztízs- és luxusmárkák rv. ea.,2026-03-06,3.4565
USA részvény eszközalap,2026-03-06,4.5902
Ázsia kötvény eszközalap,2026-03-06,2.284
Aktív hozamfigyelõ vegyes eszközalap - D,2026-03-07,0.9404
Euró likviditás eszközalap - D,2026-03-07,0.9248
Európai ingatlancégek részv. eszközalap,2026-03-07,1.9274
Európai kötvény eszközalap - D,2026-03-07,1.2301
Európai részvény eszközalap,2026-03-07,2.737
Európai vállalati kötvény eszközalap,2026-03-07,1.3247
Fejlõdõ piaci részvény ESG eszközalap-D,2026-03-07,1.1981
Fejlõdõ ázsiai részvény eszközalap,2026-03-07,2.7787
Fenntartható növekedés részvény eszk.,2026-03-07,3.0406
Globális egészségügyi részvény eszk.,2026-03-07,3.4872
Globális növekedési részvény eszközalap,2026-03-07,2.0898
Kiegyensúlyozott vegyes eszközalap - D,2026-03-07,1.4344
Latin-amerikai részvény eszközalap,2026-03-07,1.3806
Magas kötvény arányú vegyes eszk. - D,2026-03-07,1.1132
Magas védelmû vegyes eszközalap,2026-03-07,1.1113
Nemz. élelmiszeripari cégek rv. ea - D,2026-03-07,3.3893
Nyersanyagpiaci részvény eszközalap,2026-03-07,1.6312
Presztízs- és luxusmárkák rv. ea.,2026-03-07,3.3968
USA részvény eszközalap,2026-03-07,4.5287
Ázsia kötvény eszközalap,2026-03-07,2.291
Aktív hozamfigyelõ vegyes eszközalap - D,2026-03-10,0.941
Euró likviditás eszközalap - D,2026-03-10,0.9244
Európai ingatlancégek részv. eszközalap,2026-03-10,1.8727
Európai kötvény eszközalap - D,2026-03-10,1.2296
Európai részvény eszközalap,2026-03-10,2.7187
Európai vállalati kötvény eszközalap,2026-03-10,1.3226
Fejlõdõ piaci részvény ESG eszközalap-D,2026-03-10,1.1938
Fejlõdõ ázsiai részvény eszközalap,2026-03-10,2.7456
Fenntartható növekedés részvény eszk.,2026-03-10,3.0459
Globális egészségügyi részvény eszk.,2026-03-10,3.5024
Globális növekedési részvény eszközalap,2026-03-10,2.0865
Kiegyensúlyozott vegyes eszközalap - D,2026-03-10,1.4313
Latin-amerikai részvény eszközalap,2026-03-10,1.3662
Magas kötvény arányú vegyes eszk. - D,2026-03-10,1.1116
Magas védelmû vegyes eszközalap,2026-03-10,1.109
Nemz. élelmiszeripari cégek rv. ea - D,2026-03-10,3.4011
Nyersanyagpiaci részvény eszközalap,2026-03-10,1.6026
Presztízs- és luxusmárkák rv. ea.,2026-03-10,3.3615
USA részvény eszközalap,2026-03-10,4.5568
Ázsia kötvény eszközalap,2026-03-10,2.2868
Aktív hozamfigyelõ vegyes eszközalap - D,2026-03-10,0.941
Euró likviditás eszközalap - D,2026-03-10,0.9244
Európai ingatlancégek részv. eszközalap,2026-03-10,1.8727
Európai kötvény eszközalap - D,2026-03-10,1.2296
Európai részvény eszközalap,2026-03-10,2.7187
Európai vállalati kötvény eszközalap,2026-03-10,1.3226
Fejlõdõ piaci részvény ESG eszközalap-D,2026-03-10,1.1938
Fejlõdõ ázsiai részvény eszközalap,2026-03-10,2.7456
Fenntartható növekedés részvény eszk.,2026-03-10,3.0459
Globális egészségügyi részvény eszk.,2026-03-10,3.5024
Globális növekedési részvény eszközalap,2026-03-10,2.0865
Kiegyensúlyozott vegyes eszközalap - D,2026-03-10,1.4313
Latin-amerikai részvény eszközalap,2026-03-10,1.3662
Magas kötvény arányú vegyes eszk. - D,2026-03-10,1.1116
Magas védelmû vegyes eszközalap,2026-03-10,1.109
Nemz. élelmiszeripari cégek rv. ea - D,2026-03-10,3.4011
Nyersanyagpiaci részvény eszközalap,2026-03-10,1.6026
Presztízs- és luxusmárkák rv. ea.,2026-03-10,3.3615
USA részvény eszközalap,2026-03-10,4.5568
Ázsia kötvény eszközalap,2026-03-10,2.2868
Aktív hozamfigyelõ vegyes eszközalap - D,2026-03-11,0.9425
Euró likviditás eszközalap - D,2026-03-11,0.9262
Európai ingatlancégek részv. eszközalap,2026-03-11,1.9093
Európai kötvény eszközalap - D,2026-03-11,1.2345
Európai részvény eszközalap,2026-03-11,2.792
Európai vállalati kötvény eszközalap,2026-03-11,1.3279
Fejlõdõ piaci részvény ESG eszközalap-D,2026-03-11,1.2304
Fejlõdõ ázsiai részvény eszközalap,2026-03-11,2.8297
Fenntartható növekedés részvény eszk.,2026-03-11,3.0373
Globális egészségügyi részvény eszk.,2026-03-11,3.5511
Globális növekedési részvény eszközalap,2026-03-11,2.0913
Kiegyensúlyozott vegyes eszközalap - D,2026-03-11,1.4388
Latin-amerikai részvény eszközalap,2026-03-11,1.4222
Magas kötvény arányú vegyes eszk. - D,2026-03-11,1.1167
Magas védelmû vegyes eszközalap,2026-03-11,1.1109
Nemz. élelmiszeripari cégek rv. ea - D,2026-03-11,3.4135
Nyersanyagpiaci részvény eszközalap,2026-03-11,1.6471
Presztízs- és luxusmárkák rv. ea.,2026-03-11,3.4425
USA részvény eszközalap,2026-03-11,4.5245
Ázsia kötvény eszközalap,2026-03-11,2.2736
Aktív hozamfigyelõ vegyes eszközalap - D,2026-03-12,0.9388
Euró likviditás eszközalap - D,2026-03-12,0.924
Európai ingatlancégek részv. eszközalap,2026-03-12,1.87
Európai kötvény eszközalap - D,2026-03-12,1.2265
Európai részvény eszközalap,2026-03-12,2.7776
Európai vállalati kötvény eszközalap,2026-03-12,1.3208
Fejlõdõ piaci részvény ESG eszközalap-D,2026-03-12,1.224
Fejlõdõ ázsiai részvény eszközalap,2026-03-12,2.8573
Fenntartható növekedés részvény eszk.,2026-03-12,3.0434
Globális egészségügyi részvény eszk.,2026-03-12,3.5279
Globális növekedési részvény eszközalap,2026-03-12,2.0971
Kiegyensúlyozott vegyes eszközalap - D,2026-03-12,1.4356
Latin-amerikai részvény eszközalap,2026-03-12,1.4176
Magas kötvény arányú vegyes eszk. - D,2026-03-12,1.1119
Magas védelmû vegyes eszközalap,2026-03-12,1.1102
Nemz. élelmiszeripari cégek rv. ea - D,2026-03-12,3.39
Nyersanyagpiaci részvény eszközalap,2026-03-12,1.6315
Presztízs- és luxusmárkák rv. ea.,2026-03-12,3.4214
USA részvény eszközalap,2026-03-12,4.5553
Ázsia kötvény eszközalap,2026-03-12,2.2823
Aktív hozamfigyelõ vegyes eszközalap - D,2026-03-13,0.9318
Euró likviditás eszközalap - D,2026-03-13,0.9233
Európai ingatlancégek részv. eszközalap,2026-03-13,1.8565
Európai kötvény eszközalap - D,2026-03-13,1.2217
Európai részvény eszközalap,2026-03-13,2.7544
Európai vállalati kötvény eszközalap,2026-03-13,1.318
Fejlõdõ piaci részvény ESG eszközalap-D,2026-03-13,1.2008
Fejlõdõ ázsiai részvény eszközalap,2026-03-13,2.8211
Fenntartható növekedés részvény eszk.,2026-03-13,3.0061
Globális egészségügyi részvény eszk.,2026-03-13,3.4814
Globális növekedési részvény eszközalap,2026-03-13,2.0704
Kiegyensúlyozott vegyes eszközalap - D,2026-03-13,1.426
Latin-amerikai részvény eszközalap,2026-03-13,1.3829
Magas kötvény arányú vegyes eszk. - D,2026-03-13,1.1064
Magas védelmû vegyes eszközalap,2026-03-13,1.1098
Nemz. élelmiszeripari cégek rv. ea - D,2026-03-13,3.3998
Nyersanyagpiaci részvény eszközalap,2026-03-13,1.6409
Presztízs- és luxusmárkák rv. ea.,2026-03-13,3.3698
USA részvény eszközalap,2026-03-13,4.5034
Ázsia kötvény eszközalap,2026-03-13,2.2832
Aktív hozamfigyelõ vegyes eszközalap - D,2026-03-14,0.9359
Euró likviditás eszközalap - D,2026-03-14,0.9228
Európai ingatlancégek részv. eszközalap,2026-03-14,1.8444
Európai kötvény eszközalap - D,2026-03-14,1.221
Európai részvény eszközalap,2026-03-14,2.7464
Európai vállalati kötvény eszközalap,2026-03-14,1.3155
Fejlõdõ piaci részvény ESG eszközalap-D,2026-03-14,1.1998
Fejlõdõ ázsiai részvény eszközalap,2026-03-14,2.8298
Fenntartható növekedés részvény eszk.,2026-03-14,3.0039
Globális egészségügyi részvény eszk.,2026-03-14,3.4607
Globális növekedési részvény eszközalap,2026-03-14,2.0719
Kiegyensúlyozott vegyes eszközalap - D,2026-03-14,1.4218
Latin-amerikai részvény eszközalap,2026-03-14,1.3739
Magas kötvény arányú vegyes eszk. - D,2026-03-14,1.1036
Magas védelmû vegyes eszközalap,2026-03-14,1.1094
Nemz. élelmiszeripari cégek rv. ea - D,2026-03-14,3.4423
Nyersanyagpiaci részvény eszközalap,2026-03-14,1.6164
Presztízs- és luxusmárkák rv. ea.,2026-03-14,3.337
USA részvény eszközalap,2026-03-14,4.4969
Ázsia kötvény eszközalap,2026-03-14,2.2951
Aktív hozamfigyelõ vegyes eszközalap - D,2026-03-17,0.9368
Euró likviditás eszközalap - D,2026-03-17,0.9235
Európai ingatlancégek részv. eszközalap,2026-03-17,1.8703
Európai kötvény eszközalap - D,2026-03-17,1.2237
Európai részvény eszközalap,2026-03-17,2.7522
Európai vállalati kötvény eszközalap,2026-03-17,1.3171
Fejlõdõ piaci részvény ESG eszközalap-D,2026-03-17,1.2142
Fejlõdõ ázsiai részvény eszközalap,2026-03-17,2.8568
Fenntartható növekedés részvény eszk.,2026-03-17,3.0208
Globális egészségügyi részvény eszk.,2026-03-17,3.4682
Globális növekedési részvény eszközalap,2026-03-17,2.0834
Kiegyensúlyozott vegyes eszközalap - D,2026-03-17,1.4277
Latin-amerikai részvény eszközalap,2026-03-17,1.3825
Magas kötvény arányú vegyes eszk. - D,2026-03-17,1.1071
Magas védelmû vegyes eszközalap,2026-03-17,1.1098
Nemz. élelmiszeripari cégek rv. ea - D,2026-03-17,3.4346
Nyersanyagpiaci részvény eszközalap,2026-03-17,1.6061
Presztízs- és luxusmárkák rv. ea.,2026-03-17,3.3464
USA részvény eszközalap,2026-03-17,4.5283
Ázsia kötvény eszközalap,2026-03-17,2.2969
Aktív hozamfigyelõ vegyes eszközalap - D,2026-03-17,0.9368
Euró likviditás eszközalap - D,2026-03-17,0.9235
Európai ingatlancégek részv. eszközalap,2026-03-17,1.8703
Európai kötvény eszközalap - D,2026-03-17,1.2237
Európai részvény eszközalap,2026-03-17,2.7522
Európai vállalati kötvény eszközalap,2026-03-17,1.3171
Fejlõdõ piaci részvény ESG eszközalap-D,2026-03-17,1.2142
Fejlõdõ ázsiai részvény eszközalap,2026-03-17,2.8568
Fenntartható növekedés részvény eszk.,2026-03-17,3.0208
Globális egészségügyi részvény eszk.,2026-03-17,3.4682
Globális növekedési részvény eszközalap,2026-03-17,2.0834
Kiegyensúlyozott vegyes eszközalap - D,2026-03-17,1.4277
Latin-amerikai részvény eszközalap,2026-03-17,1.3825
Magas kötvény arányú vegyes eszk. - D,2026-03-17,1.1071
Magas védelmû vegyes eszközalap,2026-03-17,1.1098
Nemz. élelmiszeripari cégek rv. ea - D,2026-03-17,3.4346
Nyersanyagpiaci részvény eszközalap,2026-03-17,1.6061
Presztízs- és luxusmárkák rv. ea.,2026-03-17,3.3464
USA részvény eszközalap,2026-03-17,4.5283
Ázsia kötvény eszközalap,2026-03-17,2.2969
Aktív hozamfigyelõ vegyes eszközalap - D,2026-03-18,0.9383
Euró likviditás eszközalap - D,2026-03-18,0.924
Európai ingatlancégek részv. eszközalap,2026-03-18,1.8866
Európai kötvény eszközalap - D,2026-03-18,1.2262
Európai részvény eszközalap,2026-03-18,2.7709
Európai vállalati kötvény eszközalap,2026-03-18,1.3196
Fejlõdõ piaci részvény ESG eszközalap-D,2026-03-18,1.2246
Fejlõdõ ázsiai részvény eszközalap,2026-03-18,2.8682
Fenntartható növekedés részvény eszk.,2026-03-18,3.0192
Globális egészségügyi részvény eszk.,2026-03-18,3.4707
Globális növekedési részvény eszközalap,2026-03-18,2.0888
Kiegyensúlyozott vegyes eszközalap - D,2026-03-18,1.4314
Latin-amerikai részvény eszközalap,2026-03-18,1.3939
Magas kötvény arányú vegyes eszk. - D,2026-03-18,1.1098
Magas védelmû vegyes eszközalap,2026-03-18,1.1101
Nemz. élelmiszeripari cégek rv. ea - D,2026-03-18,3.4366
Nyersanyagpiaci részvény eszközalap,2026-03-18,1.6135
Presztízs- és luxusmárkák rv. ea.,2026-03-18,3.3611
USA részvény eszközalap,2026-03-18,4.5219
Ázsia kötvény eszközalap,2026-03-18,2.2852
Aktív hozamfigyelõ vegyes eszközalap - D,2026-03-19,0.9325
Euró likviditás eszközalap - D,2026-03-19,0.923
Európai ingatlancégek részv. eszközalap,2026-03-19,1.8786
Európai kötvény eszközalap - D,2026-03-19,1.2232
Európai részvény eszközalap,2026-03-19,2.7516
Európai vállalati kötvény eszközalap,2026-03-19,1.3175
Fejlõdõ piaci részvény ESG eszközalap-D,2026-03-19,1.212
Fejlõdõ ázsiai részvény eszközalap,2026-03-19,2.8718
Fenntartható növekedés részvény eszk.,2026-03-19,2.9781
Globális egészségügyi részvény eszk.,2026-03-19,3.3981
Globális növekedési részvény eszközalap,2026-03-19,2.0672
Kiegyensúlyozott vegyes eszközalap - D,2026-03-19,1.4236
Latin-amerikai részvény eszközalap,2026-03-19,1.3901
Magas kötvény arányú vegyes eszk. - D,2026-03-19,1.1054
Magas védelmû vegyes eszközalap,2026-03-19,1.1094
Nemz. élelmiszeripari cégek rv. ea - D,2026-03-19,3.3548
Nyersanyagpiaci részvény eszközalap,2026-03-19,1.5903
Presztízs- és luxusmárkák rv. ea.,2026-03-19,3.3364
USA részvény eszközalap,2026-03-19,4.4641
Ázsia kötvény eszközalap,2026-03-19,2.2824
Aktív hozamfigyelõ vegyes eszközalap - D,2026-03-20,0.9287
Euró likviditás eszközalap - D,2026-03-20,0.9211
Európai ingatlancégek részv. eszközalap,2026-03-20,1.8086
Európai kötvény eszközalap - D,2026-03-20,1.2202
Európai részvény eszközalap,2026-03-20,2.69
Európai vállalati kötvény eszközalap,2026-03-20,1.3146
Fejlõdõ piaci részvény ESG eszközalap-D,2026-03-20,1.1822
Fejlõdõ ázsiai részvény eszközalap,2026-03-20,2.8261
Fenntartható növekedés részvény eszk.,2026-03-20,2.9491
Globális egészségügyi részvény eszk.,2026-03-20,3.3748
Globális növekedési részvény eszközalap,2026-03-20,2.0501
Kiegyensúlyozott vegyes eszközalap - D,2026-03-20,1.4136
Latin-amerikai részvény eszközalap,2026-03-20,1.3576
Magas kötvény arányú vegyes eszk. - D,2026-03-20,1.1002
Magas védelmû vegyes eszközalap,2026-03-20,1.1068
Nemz. élelmiszeripari cégek rv. ea - D,2026-03-20,3.2969
Nyersanyagpiaci részvény eszközalap,2026-03-20,1.5256
Presztízs- és luxusmárkák rv. ea.,2026-03-20,3.2336
USA részvény eszközalap,2026-03-20,4.4511
Ázsia kötvény eszközalap,2026-03-20,2.2837
Aktív hozamfigyelõ vegyes eszközalap - D,2026-03-21,0.9191
Euró likviditás eszközalap - D,2026-03-21,0.9195
Európai ingatlancégek részv. eszközalap,2026-03-21,1.7694
Európai kötvény eszközalap - D,2026-03-21,1.2142
Európai részvény eszközalap,2026-03-21,2.6393
Európai vállalati kötvény eszközalap,2026-03-21,1.3089
Fejlõdõ piaci részvény ESG eszközalap-D,2026-03-21,1.1679
Fejlõdõ ázsiai részvény eszközalap,2026-03-21,2.7926
Fenntartható növekedés részvény eszk.,2026-03-21,2.9
Globális egészségügyi részvény eszk.,2026-03-21,3.3539
Globális növekedési részvény eszközalap,2026-03-21,2.0197
Kiegyensúlyozott vegyes eszközalap - D,2026-03-21,1.3992
Latin-amerikai részvény eszközalap,2026-03-21,1.347
Magas kötvény arányú vegyes eszk. - D,2026-03-21,1.0914
Magas védelmû vegyes eszközalap,2026-03-21,1.1047
Nemz. élelmiszeripari cégek rv. ea - D,2026-03-21,3.2715
Nyersanyagpiaci részvény eszközalap,2026-03-21,1.5053
Presztízs- és luxusmárkák rv. ea.,2026-03-21,3.2082
USA részvény eszközalap,2026-03-21,4.3733
Ázsia kötvény eszközalap,2026-03-21,2.2664
Aktív hozamfigyelõ vegyes eszközalap - D,2026-03-24,0.9237
Euró likviditás eszközalap - D,2026-03-24,0.9204
Európai ingatlancégek részv. eszközalap,2026-03-24,1.7506
Európai kötvény eszközalap - D,2026-03-24,1.2165
Európai részvény eszközalap,2026-03-24,2.6694
Európai vállalati kötvény eszközalap,2026-03-24,1.3096
Fejlõdõ piaci részvény ESG eszközalap-D,2026-03-24,1.1667
Fejlõdõ ázsiai részvény eszközalap,2026-03-24,2.8236
Fenntartható növekedés részvény eszk.,2026-03-24,2.9231
Globális egészségügyi részvény eszk.,2026-03-24,3.3614
Globális növekedési részvény eszközalap,2026-03-24,2.04
Kiegyensúlyozott vegyes eszközalap - D,2026-03-24,1.4028
Latin-amerikai részvény eszközalap,2026-03-24,1.3681
Magas kötvény arányú vegyes eszk. - D,2026-03-24,1.0936
Magas védelmû vegyes eszközalap,2026-03-24,1.1059
Nemz. élelmiszeripari cégek rv. ea - D,2026-03-24,3.255
Nyersanyagpiaci részvény eszközalap,2026-03-24,1.5206
Presztízs- és luxusmárkák rv. ea.,2026-03-24,3.2694
USA részvény eszközalap,2026-03-24,4.4173
Ázsia kötvény eszközalap,2026-03-24,2.2643
Aktív hozamfigyelõ vegyes eszközalap - D,2026-03-24,0.9237
Euró likviditás eszközalap - D,2026-03-24,0.9204
Európai ingatlancégek részv. eszközalap,2026-03-24,1.7506
Európai kötvény eszközalap - D,2026-03-24,1.2165
Európai részvény eszközalap,2026-03-24,2.6694
Európai vállalati kötvény eszközalap,2026-03-24,1.3096
Fejlõdõ piaci részvény ESG eszközalap-D,2026-03-24,1.1667
Fejlõdõ ázsiai részvény eszközalap,2026-03-24,2.8236
Fenntartható növekedés részvény eszk.,2026-03-24,2.9231
Globális egészségügyi részvény eszk.,2026-03-24,3.3614
Globális növekedési részvény eszközalap,2026-03-24,2.04
Kiegyensúlyozott vegyes eszközalap - D,2026-03-24,1.4028
Latin-amerikai részvény eszközalap,2026-03-24,1.3681
Magas kötvény arányú vegyes eszk. - D,2026-03-24,1.0936
Magas védelmû vegyes eszközalap,2026-03-24,1.1059
Nemz. élelmiszeripari cégek rv. ea - D,2026-03-24,3.255
Nyersanyagpiaci részvény eszközalap,2026-03-24,1.5206
Presztízs- és luxusmárkák rv. ea.,2026-03-24,3.2694
USA részvény eszközalap,2026-03-24,4.4173
Ázsia kötvény eszközalap,2026-03-24,2.2643
Aktív hozamfigyelõ vegyes eszközalap - D,2026-03-25,0.9218
Euró likviditás eszközalap - D,2026-03-25,0.9194
Európai ingatlancégek részv. eszközalap,2026-03-25,1.746
Európai kötvény eszközalap - D,2026-03-25,1.215
Európai részvény eszközalap,2026-03-25,2.673
Európai vállalati kötvény eszközalap,2026-03-25,1.3091
Fejlõdõ piaci részvény ESG eszközalap-D,2026-03-25,1.1729
Fejlõdõ ázsiai részvény eszközalap,2026-03-25,2.7984
Fenntartható növekedés részvény eszk.,2026-03-25,2.9144
Globális egészségügyi részvény eszk.,2026-03-25,3.3279
Globális növekedési részvény eszközalap,2026-03-25,2.0351
Kiegyensúlyozott vegyes eszközalap - D,2026-03-25,1.4008
Latin-amerikai részvény eszközalap,2026-03-25,1.3751
Magas kötvény arányú vegyes eszk. - D,2026-03-25,1.0923
Magas védelmû vegyes eszközalap,2026-03-25,1.1061
Nemz. élelmiszeripari cégek rv. ea - D,2026-03-25,3.2813
Nyersanyagpiaci részvény eszközalap,2026-03-25,1.5484
Presztízs- és luxusmárkák rv. ea.,2026-03-25,3.2518
USA részvény eszközalap,2026-03-25,4.4025
Ázsia kötvény eszközalap,2026-03-25,2.2499
Aktív hozamfigyelõ vegyes eszközalap - D,2026-03-26,0.9272
Euró likviditás eszközalap - D,2026-03-26,0.9204
Európai ingatlancégek részv. eszközalap,2026-03-26,1.7612
Európai kötvény eszközalap - D,2026-03-26,1.2207
Európai részvény eszközalap,2026-03-26,2.7086
Európai vállalati kötvény eszközalap,2026-03-26,1.3138
Fejlõdõ piaci részvény ESG eszközalap-D,2026-03-26,1.1915
Fejlõdõ ázsiai részvény eszközalap,2026-03-26,2.8561
Fenntartható növekedés részvény eszk.,2026-03-26,2.9394
Globális egészségügyi részvény eszk.,2026-03-26,3.3819
Globális növekedési részvény eszközalap,2026-03-26,2.0546
Kiegyensúlyozott vegyes eszközalap - D,2026-03-26,1.4094
Latin-amerikai részvény eszközalap,2026-03-26,1.4146
Magas kötvény arányú vegyes eszk. - D,2026-03-26,1.0983
Magas védelmû vegyes eszközalap,2026-03-26,1.1072
Nemz. élelmiszeripari cégek rv. ea - D,2026-03-26,3.2883
Nyersanyagpiaci részvény eszközalap,2026-03-26,1.5819
Presztízs- és luxusmárkák rv. ea.,2026-03-26,3.2823
USA részvény eszközalap,2026-03-26,4.4339
Ázsia kötvény eszközalap,2026-03-26,2.2553
Aktív hozamfigyelõ vegyes eszközalap - D,2026-03-27,0.9189
Euró likviditás eszközalap - D,2026-03-27,0.9189
Európai ingatlancégek részv. eszközalap,2026-03-27,1.7413
Európai kötvény eszközalap - D,2026-03-27,1.2122
Európai részvény eszközalap,2026-03-27,2.6724
Európai vállalati kötvény eszközalap,2026-03-27,1.3074
Fejlõdõ piaci részvény ESG eszközalap-D,2026-03-27,1.1614
Fejlõdõ ázsiai részvény eszközalap,2026-03-27,2.7931
Fenntartható növekedés részvény eszk.,2026-03-27,2.8972
Globális egészségügyi részvény eszk.,2026-03-27,3.3869
Globális növekedési részvény eszközalap,2026-03-27,2.023
Kiegyensúlyozott vegyes eszközalap - D,2026-03-27,1.3974
Latin-amerikai részvény eszközalap,2026-03-27,1.4002
Magas kötvény arányú vegyes eszk. - D,2026-03-27,1.0897
Magas védelmû vegyes eszközalap,2026-03-27,1.1057
Nemz. élelmiszeripari cégek rv. ea - D,2026-03-27,3.2961
Nyersanyagpiaci részvény eszközalap,2026-03-27,1.5612
Presztízs- és luxusmárkák rv. ea.,2026-03-27,3.2468
USA részvény eszközalap,2026-03-27,4.3703
Ázsia kötvény eszközalap,2026-03-27,2.2593
Aktív hozamfigyelõ vegyes eszközalap - D,2026-03-28,0.9135
Euró likviditás eszközalap - D,2026-03-28,0.9187
Európai ingatlancégek részv. eszközalap,2026-03-28,1.7211
Európai kötvény eszközalap - D,2026-03-28,1.2072
Európai részvény eszközalap,2026-03-28,2.6439
Európai vállalati kötvény eszközalap,2026-03-28,1.3031
Fejlõdõ piaci részvény ESG eszközalap-D,2026-03-28,1.1532
Fejlõdõ ázsiai részvény eszközalap,2026-03-28,2.7577
Fenntartható növekedés részvény eszk.,2026-03-28,2.8498
Globális egészségügyi részvény eszk.,2026-03-28,3.3533
Globális növekedési részvény eszközalap,2026-03-28,1.9889
Kiegyensúlyozott vegyes eszközalap - D,2026-03-28,1.3847
Latin-amerikai részvény eszközalap,2026-03-28,1.3852
Magas kötvény arányú vegyes eszk. - D,2026-03-28,1.0823
Magas védelmû vegyes eszközalap,2026-03-28,1.1048
Nemz. élelmiszeripari cégek rv. ea - D,2026-03-28,3.3059
Nyersanyagpiaci részvény eszközalap,2026-03-28,1.5685
Presztízs- és luxusmárkák rv. ea.,2026-03-28,3.2098
USA részvény eszközalap,2026-03-28,4.2932
Ázsia kötvény eszközalap,2026-03-28,2.2611
Aktív hozamfigyelõ vegyes eszközalap - D,2026-03-31,0.9165
Euró likviditás eszközalap - D,2026-03-31,0.9198
Európai ingatlancégek részv. eszközalap,2026-03-31,1.7549
Európai kötvény eszközalap - D,2026-03-31,1.2139
Európai részvény eszközalap,2026-03-31,2.6582
Európai vállalati kötvény eszközalap,2026-03-31,1.3058
Fejlõdõ piaci részvény ESG eszközalap-D,2026-03-31,1.15
Fejlõdõ ázsiai részvény eszközalap,2026-03-31,2.7549
Fenntartható növekedés részvény eszk.,2026-03-31,2.8599
Globális egészségügyi részvény eszk.,2026-03-31,3.3453
Globális növekedési részvény eszközalap,2026-03-31,1.9974
Kiegyensúlyozott vegyes eszközalap - D,2026-03-31,1.387
Latin-amerikai részvény eszközalap,2026-03-31,1.3946
Magas kötvény arányú vegyes eszk. - D,2026-03-31,1.0858
Magas védelmû vegyes eszközalap,2026-03-31,1.1052
Nemz. élelmiszeripari cégek rv. ea - D,2026-03-31,3.3494
Nyersanyagpiaci részvény eszközalap,2026-03-31,1.5998
Presztízs- és luxusmárkák rv. ea.,2026-03-31,3.2346
USA részvény eszközalap,2026-03-31,4.2928
Ázsia kötvény eszközalap,2026-03-31,2.2674
Aktív hozamfigyelõ vegyes eszközalap - D,2026-03-31,0.9165
Euró likviditás eszközalap - D,2026-03-31,0.9198
Európai ingatlancégek részv. eszközalap,2026-03-31,1.7549
Európai kötvény eszközalap - D,2026-03-31,1.2139
Európai részvény eszközalap,2026-03-31,2.6582
Európai vállalati kötvény eszközalap,2026-03-31,1.3058
Fejlõdõ piaci részvény ESG eszközalap-D,2026-03-31,1.15
Fejlõdõ ázsiai részvény eszközalap,2026-03-31,2.7549
Fenntartható növekedés részvény eszk.,2026-03-31,2.8599
Globális egészségügyi részvény eszk.,2026-03-31,3.3453
Globális növekedési részvény eszközalap,2026-03-31,1.9974
Kiegyensúlyozott vegyes eszközalap - D,2026-03-31,1.387
Latin-amerikai részvény eszközalap,2026-03-31,1.3946
Magas kötvény arányú vegyes eszk. - D,2026-03-31,1.0858
Magas védelmû vegyes eszközalap,2026-03-31,1.1052
Nemz. élelmiszeripari cégek rv. ea - D,2026-03-31,3.3494
Nyersanyagpiaci részvény eszközalap,2026-03-31,1.5998
Presztízs- és luxusmárkák rv. ea.,2026-03-31,3.2346
USA részvény eszközalap,2026-03-31,4.2928
Ázsia kötvény eszközalap,2026-03-31,2.2674
Aktív hozamfigyelõ vegyes eszközalap - D,2026-04-01,0.9231
Euró likviditás eszközalap - D,2026-04-01,0.9202
Európai ingatlancégek részv. eszközalap,2026-04-01,1.7587
Európai kötvény eszközalap - D,2026-04-01,1.2153
Európai részvény eszközalap,2026-04-01,2.6763
Európai vállalati kötvény eszközalap,2026-04-01,1.3078
Fejlõdõ piaci részvény ESG eszközalap-D,2026-04-01,1.1427
Fejlõdõ ázsiai részvény eszközalap,2026-04-01,2.737
Fenntartható növekedés részvény eszk.,2026-04-01,2.9113
Globális egészségügyi részvény eszk.,2026-04-01,3.3945
Globális növekedési részvény eszközalap,2026-04-01,2.0241
Kiegyensúlyozott vegyes eszközalap - D,2026-04-01,1.3961
Latin-amerikai részvény eszközalap,2026-04-01,1.4033
Magas kötvény arányú vegyes eszk. - D,2026-04-01,1.0905
Magas védelmû vegyes eszközalap,2026-04-01,1.1059
Nemz. élelmiszeripari cégek rv. ea - D,2026-04-01,3.3046
Nyersanyagpiaci részvény eszközalap,2026-04-01,1.6019
Presztízs- és luxusmárkák rv. ea.,2026-04-01,3.2323
USA részvény eszközalap,2026-04-01,4.4015
Ázsia kötvény eszközalap,2026-04-01,2.2761
Aktív hozamfigyelõ vegyes eszközalap - D,2026-04-02,0.9268
Euró likviditás eszközalap - D,2026-04-02,0.9209
Európai ingatlancégek részv. eszközalap,2026-04-02,1.8064
Európai kötvény eszközalap - D,2026-04-02,1.219
Európai részvény eszközalap,2026-04-02,2.7477
Európai vállalati kötvény eszközalap,2026-04-02,1.3139
Fejlõdõ piaci részvény ESG eszközalap-D,2026-04-02,1.1861
Fejlõdõ ázsiai részvény eszközalap,2026-04-02,2.803
Fenntartható növekedés részvény eszk.,2026-04-02,2.9342
Globális egészségügyi részvény eszk.,2026-04-02,3.4354
Globális növekedési részvény eszközalap,2026-04-02,2.0437
Kiegyensúlyozott vegyes eszközalap - D,2026-04-02,1.4069
Latin-amerikai részvény eszközalap,2026-04-02,1.4503
Magas kötvény arányú vegyes eszk. - D,2026-04-02,1.0963
Magas védelmû vegyes eszközalap,2026-04-02,1.109
Nemz. élelmiszeripari cégek rv. ea - D,2026-04-02,3.2929
Nyersanyagpiaci részvény eszközalap,2026-04-02,1.6464
Presztízs- és luxusmárkák rv. ea.,2026-04-02,3.3241
USA részvény eszközalap,2026-04-02,4.3985
Ázsia kötvény eszközalap,2026-04-02,2.2596
Aktív hozamfigyelõ vegyes eszközalap - D,2026-04-03,0.9281
Euró likviditás eszközalap - D,2026-04-03,0.9207
Európai ingatlancégek részv. eszközalap,2026-04-03,1.8172
Európai kötvény eszközalap - D,2026-04-03,1.2188
Európai részvény eszközalap,2026-04-03,2.7345
Európai vállalati kötvény eszközalap,2026-04-03,1.3137
Fejlõdõ piaci részvény ESG eszközalap-D,2026-04-03,1.1746
Fejlõdõ ázsiai részvény eszközalap,2026-04-03,2.7715
Fenntartható növekedés részvény eszk.,2026-04-03,2.9491
Globális egészségügyi részvény eszk.,2026-04-03,3.4251
Globális növekedési részvény eszközalap,2026-04-03,2.0424
Kiegyensúlyozott vegyes eszközalap - D,2026-04-03,1.4092
Latin-amerikai részvény eszközalap,2026-04-03,1.4597
Magas kötvény arányú vegyes eszk. - D,2026-04-03,1.0972
Magas védelmû vegyes eszközalap,2026-04-03,1.1083
Nemz. élelmiszeripari cégek rv. ea - D,2026-04-03,3.3178
Nyersanyagpiaci részvény eszközalap,2026-04-03,1.6386
Presztízs- és luxusmárkák rv. ea.,2026-04-03,3.3132
USA részvény eszközalap,2026-04-03,4.4294
Ázsia kötvény eszközalap,2026-04-03,2.2664
Aktív hozamfigyelõ vegyes eszközalap - D,2026-04-08,0.9262
Euró likviditás eszközalap - D,2026-04-08,0.919
Európai ingatlancégek részv. eszközalap,2026-04-08,1.7922
Európai kötvény eszközalap - D,2026-04-08,1.2111
Európai részvény eszközalap,2026-04-08,2.7108
Európai vállalati kötvény eszközalap,2026-04-08,1.3084
Fejlõdõ piaci részvény ESG eszközalap-D,2026-04-08,1.1682
Fejlõdõ ázsiai részvény eszközalap,2026-04-08,2.7712
Fenntartható növekedés részvény eszk.,2026-04-08,2.9369
Globális egészségügyi részvény eszk.,2026-04-08,3.3735
Globális növekedési részvény eszközalap,2026-04-08,2.0373
Kiegyensúlyozott vegyes eszközalap - D,2026-04-08,1.4048
Latin-amerikai részvény eszközalap,2026-04-08,1.4328
Magas kötvény arányú vegyes eszk. - D,2026-04-08,1.092
Magas védelmû vegyes eszközalap,2026-04-08,1.1072
Nemz. élelmiszeripari cégek rv. ea - D,2026-04-08,3.3023
Nyersanyagpiaci részvény eszközalap,2026-04-08,1.6211
Presztízs- és luxusmárkák rv. ea.,2026-04-08,3.2419
USA részvény eszközalap,2026-04-08,4.4524
Ázsia kötvény eszközalap,2026-04-08,2.2599
Aktív hozamfigyelõ vegyes eszközalap - D,2026-04-08,0.9262
Euró likviditás eszközalap - D,2026-04-08,0.919
Európai ingatlancégek részv. eszközalap,2026-04-08,1.7922
Európai kötvény eszközalap - D,2026-04-08,1.2111
Európai részvény eszközalap,2026-04-08,2.7108
Európai vállalati kötvény eszközalap,2026-04-08,1.3084
Fejlõdõ piaci részvény ESG eszközalap-D,2026-04-08,1.1682
Fejlõdõ ázsiai részvény eszközalap,2026-04-08,2.7712
Fenntartható növekedés részvény eszk.,2026-04-08,2.9369
Globális egészségügyi részvény eszk.,2026-04-08,3.3735
Globális növekedési részvény eszközalap,2026-04-08,2.0373
Kiegyensúlyozott vegyes eszközalap - D,2026-04-08,1.4048
Latin-amerikai részvény eszközalap,2026-04-08,1.4328
Magas kötvény arányú vegyes eszk. - D,2026-04-08,1.092
Magas védelmû vegyes eszközalap,2026-04-08,1.1072
Nemz. élelmiszeripari cégek rv. ea - D,2026-04-08,3.3023
Nyersanyagpiaci részvény eszközalap,2026-04-08,1.6211
Presztízs- és luxusmárkák rv. ea.,2026-04-08,3.2419
USA részvény eszközalap,2026-04-08,4.4524
Ázsia kötvény eszközalap,2026-04-08,2.2599
Aktív hozamfigyelõ vegyes eszközalap - D,2026-04-09,0.9386
Euró likviditás eszközalap - D,2026-04-09,0.9234
Európai ingatlancégek részv. eszközalap,2026-04-09,1.8627
Európai kötvény eszközalap - D,2026-04-09,1.2271
Európai részvény eszközalap,2026-04-09,2.8353
Európai vállalati kötvény eszközalap,2026-04-09,1.3239
Fejlõdõ piaci részvény ESG eszközalap-D,2026-04-09,1.2293
Fejlõdõ ázsiai részvény eszközalap,2026-04-09,2.9313
Fenntartható növekedés részvény eszk.,2026-04-09,3.0038
Globális egészségügyi részvény eszk.,2026-04-09,3.4451
Globális növekedési részvény eszközalap,2026-04-09,2.095
Kiegyensúlyozott vegyes eszközalap - D,2026-04-09,1.4295
Latin-amerikai részvény eszközalap,2026-04-09,1.4823
Magas kötvény arányú vegyes eszk. - D,2026-04-09,1.1089
Magas védelmû vegyes eszközalap,2026-04-09,1.1124
Nemz. élelmiszeripari cégek rv. ea - D,2026-04-09,3.3198
Nyersanyagpiaci részvény eszközalap,2026-04-09,1.673
Presztízs- és luxusmárkák rv. ea.,2026-04-09,3.4099
USA részvény eszközalap,2026-04-09,4.5143
Ázsia kötvény eszközalap,2026-04-09,2.2521
Aktív hozamfigyelõ vegyes eszközalap - D,2026-04-10,0.9378
Euró likviditás eszközalap - D,2026-04-10,0.9221
Európai ingatlancégek részv. eszközalap,2026-04-10,1.8604
Európai kötvény eszközalap - D,2026-04-10,1.2208
Európai részvény eszközalap,2026-04-10,2.831
Európai vállalati kötvény eszközalap,2026-04-10,1.3191
Fejlõdõ piaci részvény ESG eszközalap-D,2026-04-10,1.2231
Fejlõdõ ázsiai részvény eszközalap,2026-04-10,2.9352
Fenntartható növekedés részvény eszk.,2026-04-10,3.013
Globális egészségügyi részvény eszk.,2026-04-10,3.445
Globális növekedési részvény eszközalap,2026-04-10,2.0837
Kiegyensúlyozott vegyes eszközalap - D,2026-04-10,1.4299
Latin-amerikai részvény eszközalap,2026-04-10,1.494
Magas kötvény arányú vegyes eszk. - D,2026-04-10,1.1063
Magas védelmû vegyes eszközalap,2026-04-10,1.1121
Nemz. élelmiszeripari cégek rv. ea - D,2026-04-10,3.3359
Nyersanyagpiaci részvény eszközalap,2026-04-10,1.6737
Presztízs- és luxusmárkák rv. ea.,2026-04-10,3.3762
USA részvény eszközalap,2026-04-10,4.5453
Ázsia kötvény eszközalap,2026-04-10,2.2541
Aktív hozamfigyelõ vegyes eszközalap - D,2026-04-11,0.937
Euró likviditás eszközalap - D,2026-04-11,0.922
Európai ingatlancégek részv. eszközalap,2026-04-11,1.86
Európai kötvény eszközalap - D,2026-04-11,1.2202
Európai részvény eszközalap,2026-04-11,2.844
Európai vállalati kötvény eszközalap,2026-04-11,1.3186
Fejlõdõ piaci részvény ESG eszközalap-D,2026-04-11,1.2363
Fejlõdõ ázsiai részvény eszközalap,2026-04-11,2.9542
Fenntartható növekedés részvény eszk.,2026-04-11,3.0086
Globális egészségügyi részvény eszk.,2026-04-11,3.4527
Globális növekedési részvény eszközalap,2026-04-11,2.0824
Kiegyensúlyozott vegyes eszközalap - D,2026-04-11,1.4295
Latin-amerikai részvény eszközalap,2026-04-11,1.5202
Magas kötvény arányú vegyes eszk. - D,2026-04-11,1.1056
Magas védelmû vegyes eszközalap,2026-04-11,1.1134
Nemz. élelmiszeripari cégek rv. ea - D,2026-04-11,3.3078
Nyersanyagpiaci részvény eszközalap,2026-04-11,1.693
Presztízs- és luxusmárkák rv. ea.,2026-04-11,3.3965
USA részvény eszközalap,2026-04-11,4.5259
Ázsia kötvény eszközalap,2026-04-11,2.2536
Aktív hozamfigyelõ vegyes eszközalap - D,2026-04-14,0.9391
Euró likviditás eszközalap - D,2026-04-14,0.9211
Európai ingatlancégek részv. eszközalap,2026-04-14,1.8561
Európai kötvény eszközalap - D,2026-04-14,1.2165
Európai részvény eszközalap,2026-04-14,2.8323
Európai vállalati kötvény eszközalap,2026-04-14,1.3158
Fejlõdõ piaci részvény ESG eszközalap-D,2026-04-14,1.2237
Fejlõdõ ázsiai részvény eszközalap,2026-04-14,2.9466
Fenntartható növekedés részvény eszk.,2026-04-14,3.0369
Globális egészségügyi részvény eszk.,2026-04-14,3.4396
Globális növekedési részvény eszközalap,2026-04-14,2.1029
Kiegyensúlyozott vegyes eszközalap - D,2026-04-14,1.4305
Latin-amerikai részvény eszközalap,2026-04-14,1.5019
Magas kötvény arányú vegyes eszk. - D,2026-04-14,1.1045
Magas védelmû vegyes eszközalap,2026-04-14,1.1125
Nemz. élelmiszeripari cégek rv. ea - D,2026-04-14,3.27
Nyersanyagpiaci részvény eszközalap,2026-04-14,1.6803
Presztízs- és luxusmárkák rv. ea.,2026-04-14,3.3787
USA részvény eszközalap,2026-04-14,4.5841
Ázsia kötvény eszközalap,2026-04-14,2.2523
Aktív hozamfigyelõ vegyes eszközalap - D,2026-04-14,0.9391
Euró likviditás eszközalap - D,2026-04-14,0.9211
Európai ingatlancégek részv. eszközalap,2026-04-14,1.8561
Európai kötvény eszközalap - D,2026-04-14,1.2165
Európai részvény eszközalap,2026-04-14,2.8323
Európai vállalati kötvény eszközalap,2026-04-14,1.3158
Fejlõdõ piaci részvény ESG eszközalap-D,2026-04-14,1.2237
Fejlõdõ ázsiai részvény eszközalap,2026-04-14,2.9466
Fenntartható növekedés részvény eszk.,2026-04-14,3.0369
Globális egészségügyi részvény eszk.,2026-04-14,3.4396
Globális növekedési részvény eszközalap,2026-04-14,2.1029
Kiegyensúlyozott vegyes eszközalap - D,2026-04-14,1.4305
Latin-amerikai részvény eszközalap,2026-04-14,1.5019
Magas kötvény arányú vegyes eszk. - D,2026-04-14,1.1045
Magas védelmû vegyes eszközalap,2026-04-14,1.1125
Nemz. élelmiszeripari cégek rv. ea - D,2026-04-14,3.27
Nyersanyagpiaci részvény eszközalap,2026-04-14,1.6803
Presztízs- és luxusmárkák rv. ea.,2026-04-14,3.3787
USA részvény eszközalap,2026-04-14,4.5841
Ázsia kötvény eszközalap,2026-04-14,2.2523
Aktív hozamfigyelõ vegyes eszközalap - D,2026-04-15,0.9428
Euró likviditás eszközalap - D,2026-04-15,0.9227
Európai ingatlancégek részv. eszközalap,2026-04-15,1.8843
Európai kötvény eszközalap - D,2026-04-15,1.2214
Európai részvény eszközalap,2026-04-15,2.8664
Európai vállalati kötvény eszközalap,2026-04-15,1.3213
Fejlõdõ piaci részvény ESG eszközalap-D,2026-04-15,1.2423
Fejlõdõ ázsiai részvény eszközalap,2026-04-15,2.9647
Fenntartható növekedés részvény eszk.,2026-04-15,3.0469
Globális egészségügyi részvény eszk.,2026-04-15,3.46
Globális növekedési részvény eszközalap,2026-04-15,2.108
Kiegyensúlyozott vegyes eszközalap - D,2026-04-15,1.4384
Latin-amerikai részvény eszközalap,2026-04-15,1.5197
Magas kötvény arányú vegyes eszk. - D,2026-04-15,1.1099
Magas védelmû vegyes eszközalap,2026-04-15,1.1149
Nemz. élelmiszeripari cégek rv. ea - D,2026-04-15,3.2451
Nyersanyagpiaci részvény eszközalap,2026-04-15,1.6923
Presztízs- és luxusmárkák rv. ea.,2026-04-15,3.4444
USA részvény eszközalap,2026-04-15,4.6024
Ázsia kötvény eszközalap,2026-04-15,2.2417
Aktív hozamfigyelõ vegyes eszközalap - D,2026-04-16,0.9435
Euró likviditás eszközalap - D,2026-04-16,0.9229
Európai ingatlancégek részv. eszközalap,2026-04-16,1.8914
Európai kötvény eszközalap - D,2026-04-16,1.2216
Európai részvény eszközalap,2026-04-16,2.8453
Európai vállalati kötvény eszközalap,2026-04-16,1.3204
Fejlõdõ piaci részvény ESG eszközalap-D,2026-04-16,1.2453
Fejlõdõ ázsiai részvény eszközalap,2026-04-16,2.9759
Fenntartható növekedés részvény eszk.,2026-04-16,3.0603
Globális egészségügyi részvény eszk.,2026-04-16,3.4625
Globális növekedési részvény eszközalap,2026-04-16,2.1057
Kiegyensúlyozott vegyes eszközalap - D,2026-04-16,1.4428
Latin-amerikai részvény eszközalap,2026-04-16,1.5028
Magas kötvény arányú vegyes eszk. - D,2026-04-16,1.1117
Magas védelmû vegyes eszközalap,2026-04-16,1.1138
Nemz. élelmiszeripari cégek rv. ea - D,2026-04-16,3.2317
Nyersanyagpiaci részvény eszközalap,2026-04-16,1.6749
Presztízs- és luxusmárkák rv. ea.,2026-04-16,3.404
USA részvény eszközalap,2026-04-16,4.6417
Ázsia kötvény eszközalap,2026-04-16,2.2439
Aktív hozamfigyelõ vegyes eszközalap - D,2026-04-17,0.9435
Euró likviditás eszközalap - D,2026-04-17,0.9232
Európai ingatlancégek részv. eszközalap,2026-04-17,1.8976
Európai kötvény eszközalap - D,2026-04-17,1.2226
Európai részvény eszközalap,2026-04-17,2.8404
Európai vállalati kötvény eszközalap,2026-04-17,1.3216
Fejlõdõ piaci részvény ESG eszközalap-D,2026-04-17,1.2524
Fejlõdõ ázsiai részvény eszközalap,2026-04-17,3.012
Fenntartható növekedés részvény eszk.,2026-04-17,3.0594
Globális egészségügyi részvény eszk.,2026-04-17,3.4366
Globális növekedési részvény eszközalap,2026-04-17,2.1065
Kiegyensúlyozott vegyes eszközalap - D,2026-04-17,1.4468
Latin-amerikai részvény eszközalap,2026-04-17,1.508
Magas kötvény arányú vegyes eszk. - D,2026-04-17,1.1137
Magas védelmû vegyes eszközalap,2026-04-17,1.1136
Nemz. élelmiszeripari cégek rv. ea - D,2026-04-17,3.2453
Nyersanyagpiaci részvény eszközalap,2026-04-17,1.6836
Presztízs- és luxusmárkák rv. ea.,2026-04-17,3.3967
USA részvény eszközalap,2026-04-17,4.6604
Ázsia kötvény eszközalap,2026-04-17,2.2439
Aktív hozamfigyelõ vegyes eszközalap - D,2026-04-18,0.9508
Euró likviditás eszközalap - D,2026-04-18,0.925
Európai ingatlancégek részv. eszközalap,2026-04-18,1.9333
Európai kötvény eszközalap - D,2026-04-18,1.2285
Európai részvény eszközalap,2026-04-18,2.8949
Európai vállalati kötvény eszközalap,2026-04-18,1.3281
Fejlõdõ piaci részvény ESG eszközalap-D,2026-04-18,1.2647
Fejlõdõ ázsiai részvény eszközalap,2026-04-18,3.0658
Fenntartható növekedés részvény eszk.,2026-04-18,3.1022
Globális egészségügyi részvény eszk.,2026-04-18,3.4598
Globális növekedési részvény eszközalap,2026-04-18,2.1362
Kiegyensúlyozott vegyes eszközalap - D,2026-04-18,1.4593
Latin-amerikai részvény eszközalap,2026-04-18,1.5154
Magas kötvény arányú vegyes eszk. - D,2026-04-18,1.1214
Magas védelmû vegyes eszközalap,2026-04-18,1.1177
Nemz. élelmiszeripari cégek rv. ea - D,2026-04-18,3.2687
Nyersanyagpiaci részvény eszközalap,2026-04-18,1.703
Presztízs- és luxusmárkák rv. ea.,2026-04-18,3.522
USA részvény eszközalap,2026-04-18,4.7077
Ázsia kötvény eszközalap,2026-04-18,2.2427
Aktív hozamfigyelõ vegyes eszközalap - D,2026-04-21,0.9494
Euró likviditás eszközalap - D,2026-04-21,0.9245
Európai ingatlancégek részv. eszközalap,2026-04-21,1.9022
Európai kötvény eszközalap - D,2026-04-21,1.2264
Európai részvény eszközalap,2026-04-21,2.8672
Európai vállalati kötvény eszközalap,2026-04-21,1.3265
Fejlõdõ piaci részvény ESG eszközalap-D,2026-04-21,1.2553
Fejlõdõ ázsiai részvény eszközalap,2026-04-21,3.0767
Fenntartható növekedés részvény eszk.,2026-04-21,3.0984
Globális egészségügyi részvény eszk.,2026-04-21,3.4492
Globális növekedési részvény eszközalap,2026-04-21,2.1383
Kiegyensúlyozott vegyes eszközalap - D,2026-04-21,1.4586
Latin-amerikai részvény eszközalap,2026-04-21,1.504
Magas kötvény arányú vegyes eszk. - D,2026-04-21,1.12
Magas védelmû vegyes eszközalap,2026-04-21,1.1154
Nemz. élelmiszeripari cégek rv. ea - D,2026-04-21,3.2853
Nyersanyagpiaci részvény eszközalap,2026-04-21,1.6895
Presztízs- és luxusmárkák rv. ea.,2026-04-21,3.512
USA részvény eszközalap,2026-04-21,4.7129
Ázsia kötvény eszközalap,2026-04-21,2.2521
Aktív hozamfigyelõ vegyes eszközalap - D,2026-04-21,0.9494
Euró likviditás eszközalap - D,2026-04-21,0.9245
Európai ingatlancégek részv. eszközalap,2026-04-21,1.9022
Európai kötvény eszközalap - D,2026-04-21,1.2264
Európai részvény eszközalap,2026-04-21,2.8672
Európai vállalati kötvény eszközalap,2026-04-21,1.3265
Fejlõdõ piaci részvény ESG eszközalap-D,2026-04-21,1.2553
Fejlõdõ ázsiai részvény eszközalap,2026-04-21,3.0767
Fenntartható növekedés részvény eszk.,2026-04-21,3.0984
Globális egészségügyi részvény eszk.,2026-04-21,3.4492
Globális növekedési részvény eszközalap,2026-04-21,2.1383
Kiegyensúlyozott vegyes eszközalap - D,2026-04-21,1.4586
Latin-amerikai részvény eszközalap,2026-04-21,1.504
Magas kötvény arányú vegyes eszk. - D,2026-04-21,1.12
Magas védelmû vegyes eszközalap,2026-04-21,1.1154
Nemz. élelmiszeripari cégek rv. ea - D,2026-04-21,3.2853
Nyersanyagpiaci részvény eszközalap,2026-04-21,1.6895
Presztízs- és luxusmárkák rv. ea.,2026-04-21,3.512
USA részvény eszközalap,2026-04-21,4.7129
Ázsia kötvény eszközalap,2026-04-21,2.2521
Aktív hozamfigyelõ vegyes eszközalap - D,2026-04-22,0.9455
Euró likviditás eszközalap - D,2026-04-22,0.9237
Európai ingatlancégek részv. eszközalap,2026-04-22,1.8906
Európai kötvény eszközalap - D,2026-04-22,1.2251
Európai részvény eszközalap,2026-04-22,2.843
Európai vállalati kötvény eszközalap,2026-04-22,1.325
Fejlõdõ piaci részvény ESG eszközalap-D,2026-04-22,1.2644
Fejlõdõ ázsiai részvény eszközalap,2026-04-22,3.0833
Fenntartható növekedés részvény eszk.,2026-04-22,3.0759
Globális egészségügyi részvény eszk.,2026-04-22,3.4156
Globális növekedési részvény eszközalap,2026-04-22,2.1357
Kiegyensúlyozott vegyes eszközalap - D,2026-04-22,1.4556
Latin-amerikai részvény eszközalap,2026-04-22,1.5032
Magas kötvény arányú vegyes eszk. - D,2026-04-22,1.1181
Magas védelmû vegyes eszközalap,2026-04-22,1.1141
Nemz. élelmiszeripari cégek rv. ea - D,2026-04-22,3.2562
Nyersanyagpiaci részvény eszközalap,2026-04-22,1.669
Presztízs- és luxusmárkák rv. ea.,2026-04-22,3.4502
USA részvény eszközalap,2026-04-22,4.6914
Ázsia kötvény eszközalap,2026-04-22,2.2513
Aktív hozamfigyelõ vegyes eszközalap - D,2026-04-23,0.949
Euró likviditás eszközalap - D,2026-04-23,0.9233
Európai ingatlancégek részv. eszközalap,2026-04-23,1.894
Európai kötvény eszközalap - D,2026-04-23,1.2246
Európai részvény eszközalap,2026-04-23,2.8288
Európai vállalati kötvény eszközalap,2026-04-23,1.3248
Fejlõdõ piaci részvény ESG eszközalap-D,2026-04-23,1.2674
Fejlõdõ ázsiai részvény eszközalap,2026-04-23,3.0877
Fenntartható növekedés részvény eszk.,2026-04-23,3.1134
Globális egészségügyi részvény eszk.,2026-04-23,3.4129
Globális növekedési részvény eszközalap,2026-04-23,2.1444
Kiegyensúlyozott vegyes eszközalap - D,2026-04-23,1.4586
Latin-amerikai részvény eszközalap,2026-04-23,1.4965
Magas kötvény arányú vegyes eszk. - D,2026-04-23,1.1194
Magas védelmû vegyes eszközalap,2026-04-23,1.1132
Nemz. élelmiszeripari cégek rv. ea - D,2026-04-23,3.2781
Nyersanyagpiaci részvény eszközalap,2026-04-23,1.6794
Presztízs- és luxusmárkák rv. ea.,2026-04-23,3.4179
USA részvény eszközalap,2026-04-23,4.7553
Ázsia kötvény eszközalap,2026-04-23,2.2517
Aktív hozamfigyelõ vegyes eszközalap - D,2026-04-24,0.9478
Euró likviditás eszközalap - D,2026-04-24,0.9231
Európai ingatlancégek részv. eszközalap,2026-04-24,1.8815
Európai kötvény eszközalap - D,2026-04-24,1.2234
Európai részvény eszközalap,2026-04-24,2.8345
Európai vállalati kötvény eszközalap,2026-04-24,1.3233
Fejlõdõ piaci részvény ESG eszközalap-D,2026-04-24,1.2611
Fejlõdõ ázsiai részvény eszközalap,2026-04-24,3.0856
Fenntartható növekedés részvény eszk.,2026-04-24,3.1063
Globális egészségügyi részvény eszk.,2026-04-24,3.3919
Globális növekedési részvény eszközalap,2026-04-24,2.1424
Kiegyensúlyozott vegyes eszközalap - D,2026-04-24,1.4572
Latin-amerikai részvény eszközalap,2026-04-24,1.4962
Magas kötvény arányú vegyes eszk. - D,2026-04-24,1.1182
Magas védelmû vegyes eszközalap,2026-04-24,1.1129
Nemz. élelmiszeripari cégek rv. ea - D,2026-04-24,3.3186
Nyersanyagpiaci részvény eszközalap,2026-04-24,1.6745
Presztízs- és luxusmárkák rv. ea.,2026-04-24,3.3997
USA részvény eszközalap,2026-04-24,4.7404
Ázsia kötvény eszközalap,2026-04-24,2.2582
Aktív hozamfigyelõ vegyes eszközalap - D,2026-04-25,0.9495
Euró likviditás eszközalap - D,2026-04-25,0.9231
Európai ingatlancégek részv. eszközalap,2026-04-25,1.8683
Európai kötvény eszközalap - D,2026-04-25,1.2234
Európai részvény eszközalap,2026-04-25,2.8287
Európai vállalati kötvény eszközalap,2026-04-25,1.3232
Fejlõdõ piaci részvény ESG eszközalap-D,2026-04-25,1.2673
Fejlõdõ ázsiai részvény eszközalap,2026-04-25,3.1154
Fenntartható növekedés részvény eszk.,2026-04-25,3.1178
Globális egészségügyi részvény eszk.,2026-04-25,3.3483
Globális növekedési részvény eszközalap,2026-04-25,2.1489
Kiegyensúlyozott vegyes eszközalap - D,2026-04-25,1.4592
Latin-amerikai részvény eszközalap,2026-04-25,1.4769
Magas kötvény arányú vegyes eszk. - D,2026-04-25,1.1191
Magas védelmû vegyes eszközalap,2026-04-25,1.1123
Nemz. élelmiszeripari cégek rv. ea - D,2026-04-25,3.3302
Nyersanyagpiaci részvény eszközalap,2026-04-25,1.6672
Presztízs- és luxusmárkák rv. ea.,2026-04-25,3.3686
USA részvény eszközalap,2026-04-25,4.7692
Ázsia kötvény eszközalap,2026-04-25,2.2592
Aktív hozamfigyelõ vegyes eszközalap - D,2026-04-28,0.9481
Euró likviditás eszközalap - D,2026-04-28,0.9229
Európai ingatlancégek részv. eszközalap,2026-04-28,1.8614
Európai kötvény eszközalap - D,2026-04-28,1.2211
Európai részvény eszközalap,2026-04-28,2.819
Európai vállalati kötvény eszközalap,2026-04-28,1.3219
Fejlõdõ piaci részvény ESG eszközalap-D,2026-04-28,1.2661
Fejlõdõ ázsiai részvény eszközalap,2026-04-28,3.112
Fenntartható növekedés részvény eszk.,2026-04-28,3.1157
Globális egészségügyi részvény eszk.,2026-04-28,3.3532
Globális növekedési részvény eszközalap,2026-04-28,2.1425
Kiegyensúlyozott vegyes eszközalap - D,2026-04-28,1.4577
Latin-amerikai részvény eszközalap,2026-04-28,1.4604
Magas kötvény arányú vegyes eszk. - D,2026-04-28,1.1172
Magas védelmû vegyes eszközalap,2026-04-28,1.1117
Nemz. élelmiszeripari cégek rv. ea - D,2026-04-28,3.2998
Nyersanyagpiaci részvény eszközalap,2026-04-28,1.662
Presztízs- és luxusmárkák rv. ea.,2026-04-28,3.3456
USA részvény eszközalap,2026-04-28,4.7623
Ázsia kötvény eszközalap,2026-04-28,2.2508
Aktív hozamfigyelõ vegyes eszközalap - D,2026-04-28,0.9481
Euró likviditás eszközalap - D,2026-04-28,0.9229
Európai ingatlancégek részv. eszközalap,2026-04-28,1.8614
Európai kötvény eszközalap - D,2026-04-28,1.2211
Európai részvény eszközalap,2026-04-28,2.819
Európai vállalati kötvény eszközalap,2026-04-28,1.3219
Fejlõdõ piaci részvény ESG eszközalap-D,2026-04-28,1.2661
Fejlõdõ ázsiai részvény eszközalap,2026-04-28,3.112
Fenntartható növekedés részvény eszk.,2026-04-28,3.1157
Globális egészségügyi részvény eszk.,2026-04-28,3.3532
Globális növekedési részvény eszközalap,2026-04-28,2.1425
Kiegyensúlyozott vegyes eszközalap - D,2026-04-28,1.4577
Latin-amerikai részvény eszközalap,2026-04-28,1.4604
Magas kötvény arányú vegyes eszk. - D,2026-04-28,1.1172
Magas védelmû vegyes eszközalap,2026-04-28,1.1117
Nemz. élelmiszeripari cégek rv. ea - D,2026-04-28,3.2998
Nyersanyagpiaci részvény eszközalap,2026-04-28,1.662
Presztízs- és luxusmárkák rv. ea.,2026-04-28,3.3456
USA részvény eszközalap,2026-04-28,4.7623
Ázsia kötvény eszközalap,2026-04-28,2.2508
Aktív hozamfigyelõ vegyes eszközalap - D,2026-04-29,0.9458
Euró likviditás eszközalap - D,2026-04-29,0.9221
Európai ingatlancégek részv. eszközalap,2026-04-29,1.8523
Európai kötvény eszközalap - D,2026-04-29,1.2191
Európai részvény eszközalap,2026-04-29,2.8098
Európai vállalati kötvény eszközalap,2026-04-29,1.3198
Fejlõdõ piaci részvény ESG eszközalap-D,2026-04-29,1.2494
Fejlõdõ ázsiai részvény eszközalap,2026-04-29,3.0909
Fenntartható növekedés részvény eszk.,2026-04-29,3.0994
Globális egészségügyi részvény eszk.,2026-04-29,3.3301
Globális növekedési részvény eszközalap,2026-04-29,2.1296
Kiegyensúlyozott vegyes eszközalap - D,2026-04-29,1.4537
Latin-amerikai részvény eszközalap,2026-04-29,1.4437
Magas kötvény arányú vegyes eszk. - D,2026-04-29,1.1148
Magas védelmû vegyes eszközalap,2026-04-29,1.1112
Nemz. élelmiszeripari cégek rv. ea - D,2026-04-29,3.3316
Nyersanyagpiaci részvény eszközalap,2026-04-29,1.6344
Presztízs- és luxusmárkák rv. ea.,2026-04-29,3.3243
USA részvény eszközalap,2026-04-29,4.7464
Ázsia kötvény eszközalap,2026-04-29,2.2573
Aktív hozamfigyelõ vegyes eszközalap - D,2026-04-30,0.9421
Euró likviditás eszközalap - D,2026-04-30,0.9209
Európai ingatlancégek részv. eszközalap,2026-04-30,1.8264
Európai kötvény eszközalap - D,2026-04-30,1.2158
Európai részvény eszközalap,2026-04-30,2.8
Európai vállalati kötvény eszközalap,2026-04-30,1.317
Fejlõdõ piaci részvény ESG eszközalap-D,2026-04-30,1.2535
Fejlõdõ ázsiai részvény eszközalap,2026-04-30,3.1091
Fenntartható növekedés részvény eszk.,2026-04-30,3.084
Globális egészségügyi részvény eszk.,2026-04-30,3.2889
Globális növekedési részvény eszközalap,2026-04-30,2.1272
Kiegyensúlyozott vegyes eszközalap - D,2026-04-30,1.4507
Latin-amerikai részvény eszközalap,2026-04-30,1.4401
Magas kötvény arányú vegyes eszk. - D,2026-04-30,1.1123
Magas védelmû vegyes eszközalap,2026-04-30,1.1103
Nemz. élelmiszeripari cégek rv. ea - D,2026-04-30,3.2982
Nyersanyagpiaci részvény eszközalap,2026-04-30,1.6242
Presztízs- és luxusmárkák rv. ea.,2026-04-30,3.2682
USA részvény eszközalap,2026-04-30,4.7439
Ázsia kötvény eszközalap,2026-04-30,2.2561
Aktív hozamfigyelõ vegyes eszközalap - D,2026-05-01,0.9468
Euró likviditás eszközalap - D,2026-05-01,0.922
Európai ingatlancégek részv. eszközalap,2026-05-01,1.8493
Európai kötvény eszközalap - D,2026-05-01,1.2212
Európai részvény eszközalap,2026-05-01,2.831
Európai vállalati kötvény eszközalap,2026-05-01,1.3207
Fejlõdõ piaci részvény ESG eszközalap-D,2026-05-01,1.2483
Fejlõdõ ázsiai részvény eszközalap,2026-05-01,3.1097
Fenntartható növekedés részvény eszk.,2026-05-01,3.1124
Globális egészségügyi részvény eszk.,2026-05-01,3.3428
Globális növekedési részvény eszközalap,2026-05-01,2.1616
Kiegyensúlyozott vegyes eszközalap - D,2026-05-01,1.458
Latin-amerikai részvény eszközalap,2026-05-01,1.4395
Magas kötvény arányú vegyes eszk. - D,2026-05-01,1.1172
Magas védelmû vegyes eszközalap,2026-05-01,1.1126
Nemz. élelmiszeripari cégek rv. ea - D,2026-05-01,3.3414
Nyersanyagpiaci részvény eszközalap,2026-05-01,1.6413
Presztízs- és luxusmárkák rv. ea.,2026-05-01,3.3292
USA részvény eszközalap,2026-05-01,4.7571
Ázsia kötvény eszközalap,2026-05-01,2.2563
Aktív hozamfigyelõ vegyes eszközalap - D,2026-05-05,0.9444
Euró likviditás eszközalap - D,2026-05-05,0.9215
Európai ingatlancégek részv. eszközalap,2026-05-05,1.8232
Európai kötvény eszközalap - D,2026-05-05,1.2201
Európai részvény eszközalap,2026-05-05,2.7769
Európai vállalati kötvény eszközalap,2026-05-05,1.3192
Fejlõdõ piaci részvény ESG eszközalap-D,2026-05-05,1.2698
Fejlõdõ ázsiai részvény eszközalap,2026-05-05,3.1954
Fenntartható növekedés részvény eszk.,2026-05-05,3.1057
Globális egészségügyi részvény eszk.,2026-05-05,3.3502
Globális növekedési részvény eszközalap,2026-05-05,2.1553
Kiegyensúlyozott vegyes eszközalap - D,2026-05-05,1.4591
Latin-amerikai részvény eszközalap,2026-05-05,1.4331
Magas kötvény arányú vegyes eszk. - D,2026-05-05,1.1166
Magas védelmû vegyes eszközalap,2026-05-05,1.1092
Nemz. élelmiszeripari cégek rv. ea - D,2026-05-05,3.344
Nyersanyagpiaci részvény eszközalap,2026-05-05,1.6204
Presztízs- és luxusmárkák rv. ea.,2026-05-05,3.2645
USA részvény eszközalap,2026-05-05,4.7679
Ázsia kötvény eszközalap,2026-05-05,2.2519
Aktív hozamfigyelõ vegyes eszközalap - D,2026-05-05,0.9444
Euró likviditás eszközalap - D,2026-05-05,0.9215
Európai ingatlancégek részv. eszközalap,2026-05-05,1.8232
Európai kötvény eszközalap - D,2026-05-05,1.2201
Európai részvény eszközalap,2026-05-05,2.7769
Európai vállalati kötvény eszközalap,2026-05-05,1.3192
Fejlõdõ piaci részvény ESG eszközalap-D,2026-05-05,1.2698
Fejlõdõ ázsiai részvény eszközalap,2026-05-05,3.1954
Fenntartható növekedés részvény eszk.,2026-05-05,3.1057
Globális egészségügyi részvény eszk.,2026-05-05,3.3502
Globális növekedési részvény eszközalap,2026-05-05,2.1553
Kiegyensúlyozott vegyes eszközalap - D,2026-05-05,1.4591
Latin-amerikai részvény eszközalap,2026-05-05,1.4331
Magas kötvény arányú vegyes eszk. - D,2026-05-05,1.1166
Magas védelmû vegyes eszközalap,2026-05-05,1.1092
Nemz. élelmiszeripari cégek rv. ea - D,2026-05-05,3.344
Nyersanyagpiaci részvény eszközalap,2026-05-05,1.6204
Presztízs- és luxusmárkák rv. ea.,2026-05-05,3.2645
USA részvény eszközalap,2026-05-05,4.7679
Ázsia kötvény eszközalap,2026-05-05,2.2519
Aktív hozamfigyelõ vegyes eszközalap - D,2026-05-06,0.9466
Euró likviditás eszközalap - D,2026-05-06,0.9217
Európai ingatlancégek részv. eszközalap,2026-05-06,1.8243
Európai kötvény eszközalap - D,2026-05-06,1.2188
Európai részvény eszközalap,2026-05-06,2.8244
Európai vállalati kötvény eszközalap,2026-05-06,1.3188
Fejlõdõ piaci részvény ESG eszközalap-D,2026-05-06,1.2831
Fejlõdõ ázsiai részvény eszközalap,2026-05-06,3.213
Fenntartható növekedés részvény eszk.,2026-05-06,3.1156
Globális egészségügyi részvény eszk.,2026-05-06,3.3501
Globális növekedési részvény eszközalap,2026-05-06,2.1663
Kiegyensúlyozott vegyes eszközalap - D,2026-05-06,1.4645
Latin-amerikai részvény eszközalap,2026-05-06,1.4594
Magas kötvény arányú vegyes eszk. - D,2026-05-06,1.1187
Magas védelmû vegyes eszközalap,2026-05-06,1.1126
Nemz. élelmiszeripari cégek rv. ea - D,2026-05-06,3.3318
Nyersanyagpiaci részvény eszközalap,2026-05-06,1.637
Presztízs- és luxusmárkák rv. ea.,2026-05-06,3.274
USA részvény eszközalap,2026-05-06,4.8036
Ázsia kötvény eszközalap,2026-05-06,2.2574
Aktív hozamfigyelõ vegyes eszközalap - D,2026-05-07,0.9542
Euró likviditás eszközalap - D,2026-05-07,0.9238
Európai ingatlancégek részv. eszközalap,2026-05-07,1.8672
Európai kötvény eszközalap - D,2026-05-07,1.226
Európai részvény eszközalap,2026-05-07,2.899
Európai vállalati kötvény eszközalap,2026-05-07,1.3251
Fejlõdõ piaci részvény ESG eszközalap-D,2026-05-07,1.3273
Fejlõdõ ázsiai részvény eszközalap,2026-05-07,3.2891
Fenntartható növekedés részvény eszk.,2026-05-07,3.1577
Globális egészségügyi részvény eszk.,2026-05-07,3.3681
Globális növekedési részvény eszközalap,2026-05-07,2.1816
Kiegyensúlyozott vegyes eszközalap - D,2026-05-07,1.4799
Latin-amerikai részvény eszközalap,2026-05-07,1.4563
Magas kötvény arányú vegyes eszk. - D,2026-05-07,1.1281
Magas védelmû vegyes eszközalap,2026-05-07,1.1181
Nemz. élelmiszeripari cégek rv. ea - D,2026-05-07,3.3445
Nyersanyagpiaci részvény eszközalap,2026-05-07,1.6808
Presztízs- és luxusmárkák rv. ea.,2026-05-07,3.3998
USA részvény eszközalap,2026-05-07,4.8475
Ázsia kötvény eszközalap,2026-05-07,2.2516
Aktív hozamfigyelõ vegyes eszközalap - D,2026-05-08,0.9516
Euró likviditás eszközalap - D,2026-05-08,0.924
Európai ingatlancégek részv. eszközalap,2026-05-08,1.8482
Európai kötvény eszközalap - D,2026-05-08,1.2271
Európai részvény eszközalap,2026-05-08,2.8782
Európai vállalati kötvény eszközalap,2026-05-08,1.3257
Fejlõdõ piaci részvény ESG eszközalap-D,2026-05-08,1.3355
Fejlõdõ ázsiai részvény eszközalap,2026-05-08,3.2881
Fenntartható növekedés részvény eszk.,2026-05-08,3.1467
Globális egészségügyi részvény eszk.,2026-05-08,3.3706
Globális növekedési részvény eszközalap,2026-05-08,2.1586
Kiegyensúlyozott vegyes eszközalap - D,2026-05-08,1.4804
Latin-amerikai részvény eszközalap,2026-05-08,1.4467
Magas kötvény arányú vegyes eszk. - D,2026-05-08,1.1286
Magas védelmû vegyes eszközalap,2026-05-08,1.1162
Nemz. élelmiszeripari cégek rv. ea - D,2026-05-08,3.3194
Nyersanyagpiaci részvény eszközalap,2026-05-08,1.6805
Presztízs- és luxusmárkák rv. ea.,2026-05-08,3.4065
USA részvény eszközalap,2026-05-08,4.8273
Ázsia kötvény eszközalap,2026-05-08,2.2529
Aktív hozamfigyelõ vegyes eszközalap - D,2026-05-09,0.9527
Euró likviditás eszközalap - D,2026-05-09,0.9236
Európai ingatlancégek részv. eszközalap,2026-05-09,1.8398
Európai kötvény eszközalap - D,2026-05-09,1.2261
Európai részvény eszközalap,2026-05-09,2.8579
Európai vállalati kötvény eszközalap,2026-05-09,1.3247
Fejlõdõ piaci részvény ESG eszközalap-D,2026-05-09,1.3334
Fejlõdõ ázsiai részvény eszközalap,2026-05-09,3.306
Fenntartható növekedés részvény eszk.,2026-05-09,3.1529
Globális egészségügyi részvény eszk.,2026-05-09,3.3245
Globális növekedési részvény eszközalap,2026-05-09,2.153
Kiegyensúlyozott vegyes eszközalap - D,2026-05-09,1.4818
Latin-amerikai részvény eszközalap,2026-05-09,1.4486
Magas kötvény arányú vegyes eszk. - D,2026-05-09,1.1288
Magas védelmû vegyes eszközalap,2026-05-09,1.1143
Nemz. élelmiszeripari cégek rv. ea - D,2026-05-09,3.335
Nyersanyagpiaci részvény eszközalap,2026-05-09,1.6703
Presztízs- és luxusmárkák rv. ea.,2026-05-09,3.3931
USA részvény eszközalap,2026-05-09,4.8565
Ázsia kötvény eszközalap,2026-05-09,2.2525
Aktív hozamfigyelõ vegyes eszközalap - D,2026-05-12,0.9502
Euró likviditás eszközalap - D,2026-05-12,0.9227
Európai ingatlancégek részv. eszközalap,2026-05-12,1.8446
Európai kötvény eszközalap - D,2026-05-12,1.2228
Európai részvény eszközalap,2026-05-12,2.8605
Európai vállalati kötvény eszközalap,2026-05-12,1.3223
Fejlõdõ piaci részvény ESG eszközalap-D,2026-05-12,1.3474
Fejlõdõ ázsiai részvény eszközalap,2026-05-12,3.3251
Fenntartható növekedés részvény eszk.,2026-05-12,3.139
Globális egészségügyi részvény eszk.,2026-05-12,3.3524
Globális növekedési részvény eszközalap,2026-05-12,2.1494
Kiegyensúlyozott vegyes eszközalap - D,2026-05-12,1.481
Latin-amerikai részvény eszközalap,2026-05-12,1.4282
Magas kötvény arányú vegyes eszk. - D,2026-05-12,1.1269
Magas védelmû vegyes eszközalap,2026-05-12,1.1143
Nemz. élelmiszeripari cégek rv. ea - D,2026-05-12,3.2887
Nyersanyagpiaci részvény eszközalap,2026-05-12,1.7035
Presztízs- és luxusmárkák rv. ea.,2026-05-12,3.3086
USA részvény eszközalap,2026-05-12,4.8588
Ázsia kötvény eszközalap,2026-05-12,2.2507
Aktív hozamfigyelõ vegyes eszközalap - D,2026-05-12,0.9502
Euró likviditás eszközalap - D,2026-05-12,0.9227
Európai ingatlancégek részv. eszközalap,2026-05-12,1.8446
Európai kötvény eszközalap - D,2026-05-12,1.2228
Európai részvény eszközalap,2026-05-12,2.8605
Európai vállalati kötvény eszközalap,2026-05-12,1.3223
Fejlõdõ piaci részvény ESG eszközalap-D,2026-05-12,1.3474
Fejlõdõ ázsiai részvény eszközalap,2026-05-12,3.3251
Fenntartható növekedés részvény eszk.,2026-05-12,3.139
Globális egészségügyi részvény eszk.,2026-05-12,3.3524
Globális növekedési részvény eszközalap,2026-05-12,2.1494
Kiegyensúlyozott vegyes eszközalap - D,2026-05-12,1.481
Latin-amerikai részvény eszközalap,2026-05-12,1.4282
Magas kötvény arányú vegyes eszk. - D,2026-05-12,1.1269
Magas védelmû vegyes eszközalap,2026-05-12,1.1143
Nemz. élelmiszeripari cégek rv. ea - D,2026-05-12,3.2887
Nyersanyagpiaci részvény eszközalap,2026-05-12,1.7035
Presztízs- és luxusmárkák rv. ea.,2026-05-12,3.3086
USA részvény eszközalap,2026-05-12,4.8588
Ázsia kötvény eszközalap,2026-05-12,2.2507
Aktív hozamfigyelõ vegyes eszközalap - D,2026-05-13,0.9482
Euró likviditás eszközalap - D,2026-05-13,0.9219
Európai ingatlancégek részv. eszközalap,2026-05-13,1.8153
Európai kötvény eszközalap - D,2026-05-13,1.2192
Európai részvény eszközalap,2026-05-13,2.8155
Európai vállalati kötvény eszközalap,2026-05-13,1.3192
Fejlõdõ piaci részvény ESG eszközalap-D,2026-05-13,1.3081
Fejlõdõ ázsiai részvény eszközalap,2026-05-13,3.2742
Fenntartható növekedés részvény eszk.,2026-05-13,3.1418
Globális egészségügyi részvény eszk.,2026-05-13,3.3472
Globális növekedési részvény eszközalap,2026-05-13,2.1258
Kiegyensúlyozott vegyes eszközalap - D,2026-05-13,1.4751
Latin-amerikai részvény eszközalap,2026-05-13,1.4103
Magas kötvény arányú vegyes eszk. - D,2026-05-13,1.1226
Magas védelmû vegyes eszközalap,2026-05-13,1.1116
Nemz. élelmiszeripari cégek rv. ea - D,2026-05-13,3.3522
Nyersanyagpiaci részvény eszközalap,2026-05-13,1.6827
Presztízs- és luxusmárkák rv. ea.,2026-05-13,3.2944
USA részvény eszközalap,2026-05-13,4.872
Ázsia kötvény eszközalap,2026-05-13,2.252
Aktív hozamfigyelõ vegyes eszközalap - D,2026-05-14,0.9501
Euró likviditás eszközalap - D,2026-05-14,0.9219
Európai ingatlancégek részv. eszközalap,2026-05-14,1.8126
Európai kötvény eszközalap - D,2026-05-14,1.2189
Európai részvény eszközalap,2026-05-14,2.8445
Európai vállalati kötvény eszközalap,2026-05-14,1.3191
Fejlõdõ piaci részvény ESG eszközalap-D,2026-05-14,1.335
Fejlõdõ ázsiai részvény eszközalap,2026-05-14,3.3175
Fenntartható növekedés részvény eszk.,2026-05-14,3.1644
Globális egészségügyi részvény eszk.,2026-05-14,3.3956
Globális növekedési részvény eszközalap,2026-05-14,2.1435
Kiegyensúlyozott vegyes eszközalap - D,2026-05-14,1.4808
Latin-amerikai részvény eszközalap,2026-05-14,1.4205
Magas kötvény arányú vegyes eszk. - D,2026-05-14,1.1248
Magas védelmû vegyes eszközalap,2026-05-14,1.1129
Nemz. élelmiszeripari cégek rv. ea - D,2026-05-14,3.3563
Nyersanyagpiaci részvény eszközalap,2026-05-14,1.7192
Presztízs- és luxusmárkák rv. ea.,2026-05-14,3.3194
USA részvény eszközalap,2026-05-14,4.9267
Ázsia kötvény eszközalap,2026-05-14,2.2572
Aktív hozamfigyelõ vegyes eszközalap - D,2026-05-15,0.9537
Euró likviditás eszközalap - D,2026-05-15,0.9228
Európai ingatlancégek részv. eszközalap,2026-05-15,1.8293
Európai kötvény eszközalap - D,2026-05-15,1.2227
Európai részvény eszközalap,2026-05-15,2.8784
Európai vállalati kötvény eszközalap,2026-05-15,1.3226
Fejlõdõ piaci részvény ESG eszközalap-D,2026-05-15,1.3453
Fejlõdõ ázsiai részvény eszközalap,2026-05-15,3.3357
Fenntartható növekedés részvény eszk.,2026-05-15,3.1889
Globális egészségügyi részvény eszk.,2026-05-15,3.3955
Globális növekedési részvény eszközalap,2026-05-15,2.1658
Kiegyensúlyozott vegyes eszközalap - D,2026-05-15,1.4906
Latin-amerikai részvény eszközalap,2026-05-15,1.416
Magas kötvény arányú vegyes eszk. - D,2026-05-15,1.1307
Magas védelmû vegyes eszközalap,2026-05-15,1.1156
Nemz. élelmiszeripari cégek rv. ea - D,2026-05-15,3.3916
Nyersanyagpiaci részvény eszközalap,2026-05-15,1.7168
Presztízs- és luxusmárkák rv. ea.,2026-05-15,3.3557
USA részvény eszközalap,2026-05-15,4.9852
Ázsia kötvény eszközalap,2026-05-15,2.2575
Aktív hozamfigyelõ vegyes eszközalap - D,2026-05-16,0.9465
Euró likviditás eszközalap - D,2026-05-16,0.9216
Európai ingatlancégek részv. eszközalap,2026-05-16,1.7892
Európai kötvény eszközalap - D,2026-05-16,1.2159
Európai részvény eszközalap,2026-05-16,2.83
Európai vállalati kötvény eszközalap,2026-05-16,1.3178
Fejlõdõ piaci részvény ESG eszközalap-D,2026-05-16,1.3031
Fejlõdõ ázsiai részvény eszközalap,2026-05-16,3.2076
Fenntartható növekedés részvény eszk.,2026-05-16,3.1636
Globális egészségügyi részvény eszk.,2026-05-16,3.3775
Globális növekedési részvény eszközalap,2026-05-16,2.1422
Kiegyensúlyozott vegyes eszközalap - D,2026-05-16,1.4784
Latin-amerikai részvény eszközalap,2026-05-16,1.3743
Magas kötvény arányú vegyes eszk. - D,2026-05-16,1.1223
Magas védelmû vegyes eszközalap,2026-05-16,1.1122
Nemz. élelmiszeripari cégek rv. ea - D,2026-05-16,3.3936
Nyersanyagpiaci részvény eszközalap,2026-05-16,1.6511
Presztízs- és luxusmárkák rv. ea.,2026-05-16,3.3029
USA részvény eszközalap,2026-05-16,4.9448
Ázsia kötvény eszközalap,2026-05-16,2.2636
Aktív hozamfigyelõ vegyes eszközalap - D,2026-05-19,0.9466
Euró likviditás eszközalap - D,2026-05-19,0.9219
Európai ingatlancégek részv. eszközalap,2026-05-19,1.8096
Európai kötvény eszközalap - D,2026-05-19,1.2157
Európai részvény eszközalap,2026-05-19,2.8457
Európai vállalati kötvény eszközalap,2026-05-19,1.3177
Fejlõdõ piaci részvény ESG eszközalap-D,2026-05-19,1.2989
Fejlõdõ ázsiai részvény eszközalap,2026-05-19,3.2595
Fenntartható növekedés részvény eszk.,2026-05-19,3.1711
Globális egészségügyi részvény eszk.,2026-05-19,3.3568
Globális növekedési részvény eszközalap,2026-05-19,2.1443
Kiegyensúlyozott vegyes eszközalap - D,2026-05-19,1.4779
Latin-amerikai részvény eszközalap,2026-05-19,1.3899
Magas kötvény arányú vegyes eszk. - D,2026-05-19,1.122
Magas védelmû vegyes eszközalap,2026-05-19,1.1129
Nemz. élelmiszeripari cégek rv. ea - D,2026-05-19,3.4085
Nyersanyagpiaci részvény eszközalap,2026-05-19,1.6476
Presztízs- és luxusmárkák rv. ea.,2026-05-19,3.2929
USA részvény eszközalap,2026-05-19,4.9361
Ázsia kötvény eszközalap,2026-05-19,2.2572
Aktív hozamfigyelõ vegyes eszközalap - D,2026-05-19,0.9466
Euró likviditás eszközalap - D,2026-05-19,0.9219
Európai ingatlancégek részv. eszközalap,2026-05-19,1.8096
Európai kötvény eszközalap - D,2026-05-19,1.2157
Európai részvény eszközalap,2026-05-19,2.8457
Európai vállalati kötvény eszközalap,2026-05-19,1.3177
Fejlõdõ piaci részvény ESG eszközalap-D,2026-05-19,1.2989
Fejlõdõ ázsiai részvény eszközalap,2026-05-19,3.2595
Fenntartható növekedés részvény eszk.,2026-05-19,3.1711
Globális egészségügyi részvény eszk.,2026-05-19,3.3568
Globális növekedési részvény eszközalap,2026-05-19,2.1443
Kiegyensúlyozott vegyes eszközalap - D,2026-05-19,1.4779
Latin-amerikai részvény eszközalap,2026-05-19,1.3899
Magas kötvény arányú vegyes eszk. - D,2026-05-19,1.122
Magas védelmû vegyes eszközalap,2026-05-19,1.1129
Nemz. élelmiszeripari cégek rv. ea - D,2026-05-19,3.4085
Nyersanyagpiaci részvény eszközalap,2026-05-19,1.6476
Presztízs- és luxusmárkák rv. ea.,2026-05-19,3.2929
USA részvény eszközalap,2026-05-19,4.9361
Ázsia kötvény eszközalap,2026-05-19,2.2572
Aktív hozamfigyelõ vegyes eszközalap - D,2026-05-20,0.944
Euró likviditás eszközalap - D,2026-05-20,0.9215
Európai ingatlancégek részv. eszközalap,2026-05-20,1.8127
Európai kötvény eszközalap - D,2026-05-20,1.2138
Európai részvény eszközalap,2026-05-20,2.8428
Európai vállalati kötvény eszközalap,2026-05-20,1.3174
Fejlõdõ piaci részvény ESG eszközalap-D,2026-05-20,1.2854
Fejlõdõ ázsiai részvény eszközalap,2026-05-20,3.1758
Fenntartható növekedés részvény eszk.,2026-05-20,3.1637
Globális egészségügyi részvény eszk.,2026-05-20,3.3721
Globális növekedési részvény eszközalap,2026-05-20,2.1275
Kiegyensúlyozott vegyes eszközalap - D,2026-05-20,1.4724
Latin-amerikai részvény eszközalap,2026-05-20,1.3724
Magas kötvény arányú vegyes eszk. - D,2026-05-20,1.1188
Magas védelmû vegyes eszközalap,2026-05-20,1.1137
Nemz. élelmiszeripari cégek rv. ea - D,2026-05-20,3.4624
Nyersanyagpiaci részvény eszközalap,2026-05-20,1.6164
Presztízs- és luxusmárkák rv. ea.,2026-05-20,3.2885
USA részvény eszközalap,2026-05-20,4.9157
Ázsia kötvény eszközalap,2026-05-20,2.26
Aktív hozamfigyelõ vegyes eszközalap - D,2026-05-21,0.9504
Euró likviditás eszközalap - D,2026-05-21,0.923
Európai ingatlancégek részv. eszközalap,2026-05-21,1.8498
Európai kötvény eszközalap - D,2026-05-21,1.221
Európai részvény eszközalap,2026-05-21,2.9011
Európai vállalati kötvény eszközalap,2026-05-21,1.3206
Fejlõdõ piaci részvény ESG eszközalap-D,2026-05-21,1.3081
Fejlõdõ ázsiai részvény eszközalap,2026-05-21,3.2063
Fenntartható növekedés részvény eszk.,2026-05-21,3.1944
Globális egészségügyi részvény eszk.,2026-05-21,3.39
Globális növekedési részvény eszközalap,2026-05-21,2.1483
Kiegyensúlyozott vegyes eszközalap - D,2026-05-21,1.4821
Latin-amerikai részvény eszközalap,2026-05-21,1.4031
Magas kötvény arányú vegyes eszk. - D,2026-05-21,1.1258
Magas védelmû vegyes eszközalap,2026-05-21,1.1175
Nemz. élelmiszeripari cégek rv. ea - D,2026-05-21,3.4453
Nyersanyagpiaci részvény eszközalap,2026-05-21,1.6381
Presztízs- és luxusmárkák rv. ea.,2026-05-21,3.3396
USA részvény eszközalap,2026-05-21,4.9563
Ázsia kötvény eszközalap,2026-05-21,2.2644
Aktív hozamfigyelõ vegyes eszközalap - D,2026-05-22,0.9527
Euró likviditás eszközalap - D,2026-05-22,0.9227
Európai ingatlancégek részv. eszközalap,2026-05-22,1.8452
Európai kötvény eszközalap - D,2026-05-22,1.2208
Európai részvény eszközalap,2026-05-22,2.8925
Európai vállalati kötvény eszközalap,2026-05-22,1.3208
Fejlõdõ piaci részvény ESG eszközalap-D,2026-05-22,1.3173
Fejlõdõ ázsiai részvény eszközalap,2026-05-22,3.2568
Fenntartható növekedés részvény eszk.,2026-05-22,3.2195
Globális egészségügyi részvény eszk.,2026-05-22,3.3925
Globális növekedési részvény eszközalap,2026-05-22,2.1509
Kiegyensúlyozott vegyes eszközalap - D,2026-05-22,1.4874
Latin-amerikai részvény eszközalap,2026-05-22,1.3993
Magas kötvény arányú vegyes eszk. - D,2026-05-22,1.1279
Magas védelmû vegyes eszközalap,2026-05-22,1.1175
Nemz. élelmiszeripari cégek rv. ea - D,2026-05-22,3.3855
Nyersanyagpiaci részvény eszközalap,2026-05-22,1.6451
Presztízs- és luxusmárkák rv. ea.,2026-05-22,3.3563
USA részvény eszközalap,2026-05-22,4.9718
Ázsia kötvény eszközalap,2026-05-22,2.2628
Aktív hozamfigyelõ vegyes eszközalap - D,2026-05-23,0.9553
Euró likviditás eszközalap - D,2026-05-23,0.9235
Európai ingatlancégek részv. eszközalap,2026-05-23,1.847
Európai kötvény eszközalap - D,2026-05-23,1.2257
Európai részvény eszközalap,2026-05-23,2.9225
Európai vállalati kötvény eszközalap,2026-05-23,1.3245
Fejlõdõ piaci részvény ESG eszközalap-D,2026-05-23,1.3255
Fejlõdõ ázsiai részvény eszközalap,2026-05-23,3.2914
Fenntartható növekedés részvény eszk.,2026-05-23,3.2374
Globális egészségügyi részvény eszk.,2026-05-23,3.4418
Globális növekedési részvény eszközalap,2026-05-23,2.1838
Kiegyensúlyozott vegyes eszközalap - D,2026-05-23,1.4944
Latin-amerikai részvény eszközalap,2026-05-23,1.3904
Magas kötvény arányú vegyes eszk. - D,2026-05-23,1.1327
Magas védelmû vegyes eszközalap,2026-05-23,1.1191
Nemz. élelmiszeripari cégek rv. ea - D,2026-05-23,3.3911
Nyersanyagpiaci részvény eszközalap,2026-05-23,1.6579
Presztízs- és luxusmárkák rv. ea.,2026-05-23,3.3803
USA részvény eszközalap,2026-05-23,4.9781
Ázsia kötvény eszközalap,2026-05-23,2.2679
Aktív hozamfigyelõ vegyes eszközalap - D,2026-05-27,0.9581
Euró likviditás eszközalap - D,2026-05-27,0.9245
Európai ingatlancégek részv. eszközalap,2026-05-27,1.8607
Európai kötvény eszközalap - D,2026-05-27,1.2309
Európai részvény eszközalap,2026-05-27,2.9509
Európai vállalati kötvény eszközalap,2026-05-27,1.3284
Fejlõdõ piaci részvény ESG eszközalap-D,2026-05-27,1.3527
Fejlõdõ ázsiai részvény eszközalap,2026-05-27,3.3543
Fenntartható növekedés részvény eszk.,2026-05-27,3.2404
Globális egészségügyi részvény eszk.,2026-05-27,3.4184
Globális növekedési részvény eszközalap,2026-05-27,2.2056
Kiegyensúlyozott vegyes eszközalap - D,2026-05-27,1.5032
Latin-amerikai részvény eszközalap,2026-05-27,1.3999
Magas kötvény arányú vegyes eszk. - D,2026-05-27,1.1384
Magas védelmû vegyes eszközalap,2026-05-27,1.1206
Nemz. élelmiszeripari cégek rv. ea - D,2026-05-27,3.3546
Nyersanyagpiaci részvény eszközalap,2026-05-27,1.6824
Presztízs- és luxusmárkák rv. ea.,2026-05-27,3.396
USA részvény eszközalap,2026-05-27,4.9964
Ázsia kötvény eszközalap,2026-05-27,2.2678
Aktív hozamfigyelõ vegyes eszközalap - D,2026-05-27,0.9581
Euró likviditás eszközalap - D,2026-05-27,0.9245
Európai ingatlancégek részv. eszközalap,2026-05-27,1.8607
Európai kötvény eszközalap - D,2026-05-27,1.2309
Európai részvény eszközalap,2026-05-27,2.9509
Európai vállalati kötvény eszközalap,2026-05-27,1.3284
Fejlõdõ piaci részvény ESG eszközalap-D,2026-05-27,1.3527
Fejlõdõ ázsiai részvény eszközalap,2026-05-27,3.3543
Fenntartható növekedés részvény eszk.,2026-05-27,3.2404
Globális egészségügyi részvény eszk.,2026-05-27,3.4184
Globális növekedési részvény eszközalap,2026-05-27,2.2056
Kiegyensúlyozott vegyes eszközalap - D,2026-05-27,1.5032
Latin-amerikai részvény eszközalap,2026-05-27,1.3999
Magas kötvény arányú vegyes eszk. - D,2026-05-27,1.1384
Magas védelmû vegyes eszközalap,2026-05-27,1.1206
Nemz. élelmiszeripari cégek rv. ea - D,2026-05-27,3.3546
Nyersanyagpiaci részvény eszközalap,2026-05-27,1.6824
Presztízs- és luxusmárkák rv. ea.,2026-05-27,3.396
USA részvény eszközalap,2026-05-27,4.9964
Ázsia kötvény eszközalap,2026-05-27,2.2678
Aktív hozamfigyelõ vegyes eszközalap - D,2026-05-28,0.9574
Euró likviditás eszközalap - D,2026-05-28,0.9247
Európai ingatlancégek részv. eszközalap,2026-05-28,1.8625
Európai kötvény eszközalap - D,2026-05-28,1.2311
Európai részvény eszközalap,2026-05-28,2.9526
Európai vállalati kötvény eszközalap,2026-05-28,1.3288
Fejlõdõ piaci részvény ESG eszközalap-D,2026-05-28,1.3598
Fejlõdõ ázsiai részvény eszközalap,2026-05-28,3.3751
Fenntartható növekedés részvény eszk.,2026-05-28,3.2319
Globális egészségügyi részvény eszk.,2026-05-28,3.4337
Globális növekedési részvény eszközalap,2026-05-28,2.1959
Kiegyensúlyozott vegyes eszközalap - D,2026-05-28,1.5041
Latin-amerikai részvény eszközalap,2026-05-28,1.4147
Magas kötvény arányú vegyes eszk. - D,2026-05-28,1.1388
Magas védelmû vegyes eszközalap,2026-05-28,1.1208
Nemz. élelmiszeripari cégek rv. ea - D,2026-05-28,3.3863
Nyersanyagpiaci részvény eszközalap,2026-05-28,1.6919
Presztízs- és luxusmárkák rv. ea.,2026-05-28,3.4916
USA részvény eszközalap,2026-05-28,4.9857
Ázsia kötvény eszközalap,2026-05-28,2.2694
Aktív hozamfigyelõ vegyes eszközalap - D,2026-05-29,0.9586
Euró likviditás eszközalap - D,2026-05-29,0.9251
Európai ingatlancégek részv. eszközalap,2026-05-29,1.8689
Európai kötvény eszközalap - D,2026-05-29,1.2329
Európai részvény eszközalap,2026-05-29,2.9465
Európai vállalati kötvény eszközalap,2026-05-29,1.3313
Fejlõdõ piaci részvény ESG eszközalap-D,2026-05-29,1.3648
Fejlõdõ ázsiai részvény eszközalap,2026-05-29,3.3167
Fenntartható növekedés részvény eszk.,2026-05-29,3.2378
Globális egészségügyi részvény eszk.,2026-05-29,3.4336
Globális növekedési részvény eszközalap,2026-05-29,2.1898
Kiegyensúlyozott vegyes eszközalap - D,2026-05-29,1.5054
Latin-amerikai részvény eszközalap,2026-05-29,1.4004
Magas kötvény arányú vegyes eszk. - D,2026-05-29,1.1401
Magas védelmû vegyes eszközalap,2026-05-29,1.12
Nemz. élelmiszeripari cégek rv. ea - D,2026-05-29,3.35
Nyersanyagpiaci részvény eszközalap,2026-05-29,1.6875
Presztízs- és luxusmárkák rv. ea.,2026-05-29,3.4963
USA részvény eszközalap,2026-05-29,5.0024
Ázsia kötvény eszközalap,2026-05-29,2.2744
