id,asset,opening_date,opening_euro_value,closing_date,closing_euro_value,period_yield_pct,opening_euro_value_cumsum,growth_factor,cumulative_growth,period_yield_pct_cumprod
1,Aktív hozamfigyelõ vegyes eszközalap - D,2025-06-03,0.9214,2025-06-04,0.9238,0.0026,0.9214,1.0026,1.0026,0.26
2,Euró likviditás eszközalap - D,2025-06-03,0.9248,2025-06-04,0.925,0.0002,0.9248,1.0002,1.0002,0.02
3,Európai ingatlancégek részv. eszközalap,2025-06-03,1.8987,2025-06-04,1.8929,-0.003,1.8987,0.997,0.997,-0.3
4,Európai kötvény eszközalap - D,2025-06-03,1.2338,2025-06-04,1.2348,0.0009,1.2338,1.0009,1.0009,0.09
5,Európai részvény eszközalap,2025-06-03,2.5212,2025-06-04,2.5268,0.0022,2.5212,1.0022,1.0022,0.22
6,Európai vállalati kötvény eszközalap,2025-06-03,1.3127,2025-06-04,1.314,0.001,1.3127,1.001,1.001,0.1
7,Fejlõdõ piaci részvény ESG eszközalap-D,2025-06-03,1.0127,2025-06-04,1.0202,0.0074,1.0127,1.0074,1.0074,0.74
8,Fejlõdõ ázsiai részvény eszközalap,2025-06-03,1.9192,2025-06-04,1.952,0.0171,1.9192,1.0171,1.0171,1.71
9,Fenntartható növekedés részvény eszk.,2025-06-03,3.002,2025-06-04,3.027,0.0083,3.002,1.0083,1.0083,0.83
10,Globális egészségügyi részvény eszk.,2025-06-03,3.1562,2025-06-04,3.169,0.0041,3.1562,1.0041,1.0041,0.41
11,Globális növekedési részvény eszközalap,2025-06-03,2.2798,2025-06-04,2.2862,0.0028,2.2798,1.0028,1.0028,0.28
12,Kiegyensúlyozott vegyes eszközalap - D,2025-06-03,1.3673,2025-06-04,1.3714,0.003,1.3673,1.003,1.003,0.3
13,Latin-amerikai részvény eszközalap,2025-06-03,1.084,2025-06-04,1.0942,0.0094,1.084,1.0094,1.0094,0.94
14,Magas kötvény arányú vegyes eszk. - D,2025-06-03,1.0914,2025-06-04,1.0935,0.002,1.0914,1.002,1.002,0.2
15,Magas védelmû vegyes eszközalap,2025-06-03,1.0914,2025-06-04,1.092,0.0005,1.0914,1.0005,1.0005,0.05
16,Nemz. élelmiszeripari cégek rv. ea - D,2025-06-03,3.3131,2025-06-04,3.3222,0.0028,3.3131,1.0028,1.0028,0.28
17,Nyersanyagpiaci részvény eszközalap,2025-06-03,1.3091,2025-06-04,1.3136,0.0034,1.3091,1.0034,1.0034,0.34
18,Presztízs- és luxusmárkák rv. ea.,2025-06-03,3.341,2025-06-04,3.3888,0.0143,3.341,1.0143,1.0143,1.43
19,USA részvény eszközalap,2025-06-03,4.1212,2025-06-04,4.1587,0.0091,4.1212,1.0091,1.0091,0.91
20,Ázsia kötvény eszközalap,2025-06-03,2.2249,2025-06-04,2.2275,0.0012,2.2249,1.0012,1.0012,0.12
21,Aktív hozamfigyelõ vegyes eszközalap - D,2025-06-04,0.9238,2025-06-05,0.9259,0.0023,1.8452,1.0023,1.0049,0.49
22,Euró likviditás eszközalap - D,2025-06-04,0.925,2025-06-05,0.9247,-0.0003,1.8498,0.9997,0.9999,-0.01
23,Európai ingatlancégek részv. eszközalap,2025-06-04,1.8929,2025-06-05,1.8868,-0.0032,3.7916,0.9968,0.9938,-0.62
24,Európai kötvény eszközalap - D,2025-06-04,1.2348,2025-06-05,1.2336,-0.001,2.4686,0.999,0.9999,-0.01
25,Európai részvény eszközalap,2025-06-04,2.5268,2025-06-05,2.5371,0.0041,5.048,1.0041,1.0063,0.63
26,Európai vállalati kötvény eszközalap,2025-06-04,1.314,2025-06-05,1.3133,-0.0005,2.6267,0.9995,1.0005,0.05
27,Fejlõdõ piaci részvény ESG eszközalap-D,2025-06-04,1.0202,2025-06-05,1.0243,0.004,2.0329,1.004,1.0114,1.14
28,Fejlõdõ ázsiai részvény eszközalap,2025-06-04,1.952,2025-06-05,1.9589,0.0035,3.8712,1.0035,1.0207,2.07
29,Fenntartható növekedés részvény eszk.,2025-06-04,3.027,2025-06-05,3.0311,0.0014,6.029,1.0014,1.0097,0.97
30,Globális egészségügyi részvény eszk.,2025-06-04,3.169,2025-06-05,3.2025,0.0105,6.3252,1.0105,1.0146,1.46
31,Globális növekedési részvény eszközalap,2025-06-04,2.2862,2025-06-05,2.2886,0.0011,4.566,1.0011,1.0039,0.39
32,Kiegyensúlyozott vegyes eszközalap - D,2025-06-04,1.3714,2025-06-05,1.3728,0.001,2.7387,1.001,1.004,0.4
33,Latin-amerikai részvény eszközalap,2025-06-04,1.0942,2025-06-05,1.0992,0.0046,2.1782,1.0046,1.014,1.4
34,Magas kötvény arányú vegyes eszk. - D,2025-06-04,1.0935,2025-06-05,1.0936,0.0,2.1849,1.0,1.002,0.2
35,Magas védelmû vegyes eszközalap,2025-06-04,1.092,2025-06-05,1.0933,0.0012,2.1834,1.0012,1.0017,0.17
36,Nemz. élelmiszeripari cégek rv. ea - D,2025-06-04,3.3222,2025-06-05,3.3293,0.0021,6.6353,1.0021,1.0049,0.49
37,Nyersanyagpiaci részvény eszközalap,2025-06-04,1.3136,2025-06-05,1.3232,0.0073,2.6227,1.0073,1.0107,1.07
38,Presztízs- és luxusmárkák rv. ea.,2025-06-04,3.3888,2025-06-05,3.3993,0.0031,6.7298,1.0031,1.0174,1.74
39,USA részvény eszközalap,2025-06-04,4.1587,2025-06-05,4.1499,-0.0021,8.2799,0.9979,1.007,0.7
40,Ázsia kötvény eszközalap,2025-06-04,2.2275,2025-06-05,2.2305,0.0013,4.4524,1.0013,1.0025,0.25
41,Aktív hozamfigyelõ vegyes eszközalap - D,2025-06-05,0.9259,2025-06-06,0.9234,-0.0026,2.7711,0.9974,1.0023,0.23
42,Euró likviditás eszközalap - D,2025-06-05,0.9247,2025-06-06,0.9236,-0.0012,2.7745,0.9988,0.9987,-0.13
43,Európai ingatlancégek részv. eszközalap,2025-06-05,1.8868,2025-06-06,1.8852,-0.0008,5.6784,0.9992,0.993,-0.7
44,Európai kötvény eszközalap - D,2025-06-05,1.2336,2025-06-06,1.2294,-0.0034,3.7022,0.9966,0.9965,-0.35
45,Európai részvény eszközalap,2025-06-05,2.5371,2025-06-06,2.5446,0.003,7.5851,1.003,1.0093,0.93
46,Európai vállalati kötvény eszközalap,2025-06-05,1.3133,2025-06-06,1.308,-0.004,3.94,0.996,0.9965,-0.35
47,Fejlõdõ piaci részvény ESG eszközalap-D,2025-06-05,1.0243,2025-06-06,1.0333,0.0088,3.0572,1.0088,1.0203,2.03
48,Fejlõdõ ázsiai részvény eszközalap,2025-06-05,1.9589,2025-06-06,1.9594,0.0003,5.8301,1.0003,1.021,2.1
49,Fenntartható növekedés részvény eszk.,2025-06-05,3.0311,2025-06-06,3.0222,-0.003,9.0601,0.997,1.0067,0.67
50,Globális egészségügyi részvény eszk.,2025-06-05,3.2025,2025-06-06,3.1818,-0.0065,9.5277,0.9935,1.008,0.8
51,Globális növekedési részvény eszközalap,2025-06-05,2.2886,2025-06-06,2.2784,-0.0045,6.8546,0.9955,0.9994,-0.06
52,Kiegyensúlyozott vegyes eszközalap - D,2025-06-05,1.3728,2025-06-06,1.3689,-0.0028,4.1115,0.9972,1.0012,0.12
53,Latin-amerikai részvény eszközalap,2025-06-05,1.0992,2025-06-06,1.0913,-0.0072,3.2774,0.9928,1.0067,0.67
54,Magas kötvény arányú vegyes eszk. - D,2025-06-05,1.0936,2025-06-06,1.0901,-0.0031,3.2785,0.9969,0.9989,-0.11
55,Magas védelmû vegyes eszközalap,2025-06-05,1.0933,2025-06-06,1.0936,0.0002,3.2767,1.0002,1.0019,0.19
56,Nemz. élelmiszeripari cégek rv. ea - D,2025-06-05,3.3293,2025-06-06,3.2921,-0.0112,9.9646,0.9888,0.9937,-0.63
57,Nyersanyagpiaci részvény eszközalap,2025-06-05,1.3232,2025-06-06,1.3267,0.0026,3.9459,1.0026,1.0134,1.34
58,Presztízs- és luxusmárkák rv. ea.,2025-06-05,3.3993,2025-06-06,3.3517,-0.014,10.1291,0.986,1.0032,0.32
59,USA részvény eszközalap,2025-06-05,4.1499,2025-06-06,4.123,-0.0065,12.4298,0.9935,1.0004,0.04
60,Ázsia kötvény eszközalap,2025-06-05,2.2305,2025-06-06,2.2348,0.0019,6.6829,1.0019,1.0044,0.44
61,Aktív hozamfigyelõ vegyes eszközalap - D,2025-06-06,0.9234,2025-06-07,0.9252,0.0019,3.6945,1.0019,1.0042,0.42
62,Euró likviditás eszközalap - D,2025-06-06,0.9236,2025-06-07,0.9238,0.0001,3.6981,1.0001,0.9988,-0.12
63,Európai ingatlancégek részv. eszközalap,2025-06-06,1.8852,2025-06-07,1.8871,0.001,7.5636,1.001,0.994,-0.6
64,Európai kötvény eszközalap - D,2025-06-06,1.2294,2025-06-07,1.2311,0.0013,4.9316,1.0013,0.9978,-0.22
65,Európai részvény eszközalap,2025-06-06,2.5446,2025-06-07,2.5542,0.0038,10.1297,1.0038,1.0132,1.32
66,Európai vállalati kötvény eszközalap,2025-06-06,1.308,2025-06-07,1.3107,0.002,5.248,1.002,0.9985,-0.15
67,Fejlõdõ piaci részvény ESG eszközalap-D,2025-06-06,1.0333,2025-06-07,1.0344,0.0011,4.0905,1.0011,1.0215,2.15
68,Fejlõdõ ázsiai részvény eszközalap,2025-06-06,1.9594,2025-06-07,1.9717,0.0062,7.7895,1.0062,1.0273,2.73
69,Fenntartható növekedés részvény eszk.,2025-06-06,3.0222,2025-06-07,3.0579,0.0118,12.0823,1.0118,1.0186,1.86
70,Globális egészségügyi részvény eszk.,2025-06-06,3.1818,2025-06-07,3.2178,0.0113,12.7095,1.0113,1.0194,1.94
71,Globális növekedési részvény eszközalap,2025-06-06,2.2784,2025-06-07,2.2956,0.0076,9.133,1.0076,1.007,0.7
72,Kiegyensúlyozott vegyes eszközalap - D,2025-06-06,1.3689,2025-06-07,1.3737,0.0035,5.4804,1.0035,1.0047,0.47
73,Latin-amerikai részvény eszközalap,2025-06-06,1.0913,2025-06-07,1.0903,-0.0009,4.3687,0.9991,1.0058,0.58
74,Magas kötvény arányú vegyes eszk. - D,2025-06-06,1.0901,2025-06-07,1.0927,0.0023,4.3686,1.0023,1.0012,0.12
75,Magas védelmû vegyes eszközalap,2025-06-06,1.0936,2025-06-07,1.0942,0.0006,4.3703,1.0006,1.0025,0.25
76,Nemz. élelmiszeripari cégek rv. ea - D,2025-06-06,3.2921,2025-06-07,3.2956,0.0011,13.2567,1.0011,0.9947,-0.53
77,Nyersanyagpiaci részvény eszközalap,2025-06-06,1.3267,2025-06-07,1.3242,-0.0019,5.2726,0.9981,1.0114,1.14
78,Presztízs- és luxusmárkák rv. ea.,2025-06-06,3.3517,2025-06-07,3.3461,-0.0017,13.4808,0.9983,1.0015,0.15
79,USA részvény eszközalap,2025-06-06,4.123,2025-06-07,4.1833,0.0146,16.5528,1.0146,1.015,1.5
80,Ázsia kötvény eszközalap,2025-06-06,2.2348,2025-06-07,2.2331,-0.0007,8.9177,0.9993,1.0037,0.37
81,Aktív hozamfigyelõ vegyes eszközalap - D,2025-06-07,0.9252,2025-06-07,0.9252,0.0,4.6197,1.0,1.0042,0.42
82,Euró likviditás eszközalap - D,2025-06-07,0.9238,2025-06-07,0.9238,0.0,4.6219,1.0,0.9988,-0.12
83,Európai ingatlancégek részv. eszközalap,2025-06-07,1.8871,2025-06-07,1.8871,0.0,9.4507,1.0,0.994,-0.6
84,Európai kötvény eszközalap - D,2025-06-07,1.2311,2025-06-07,1.2311,0.0,6.1627,1.0,0.9978,-0.22
85,Európai részvény eszközalap,2025-06-07,2.5542,2025-06-07,2.5542,0.0,12.6839,1.0,1.0132,1.32
86,Európai vállalati kötvény eszközalap,2025-06-07,1.3107,2025-06-07,1.3107,0.0,6.5587,1.0,0.9985,-0.15
87,Fejlõdõ piaci részvény ESG eszközalap-D,2025-06-07,1.0344,2025-06-07,1.0344,0.0,5.1249,1.0,1.0215,2.15
88,Fejlõdõ ázsiai részvény eszközalap,2025-06-07,1.9717,2025-06-07,1.9717,0.0,9.7612,1.0,1.0273,2.73
89,Fenntartható növekedés részvény eszk.,2025-06-07,3.0579,2025-06-07,3.0579,0.0,15.1402,1.0,1.0186,1.86
90,Globális egészségügyi részvény eszk.,2025-06-07,3.2178,2025-06-07,3.2178,0.0,15.9273,1.0,1.0194,1.94
91,Globális növekedési részvény eszközalap,2025-06-07,2.2956,2025-06-07,2.2956,0.0,11.4286,1.0,1.007,0.7
92,Kiegyensúlyozott vegyes eszközalap - D,2025-06-07,1.3737,2025-06-07,1.3737,0.0,6.8541,1.0,1.0047,0.47
93,Latin-amerikai részvény eszközalap,2025-06-07,1.0903,2025-06-07,1.0903,0.0,5.459,1.0,1.0058,0.58
94,Magas kötvény arányú vegyes eszk. - D,2025-06-07,1.0927,2025-06-07,1.0927,0.0,5.4613,1.0,1.0012,0.12
95,Magas védelmû vegyes eszközalap,2025-06-07,1.0942,2025-06-07,1.0942,0.0,5.4645,1.0,1.0025,0.25
96,Nemz. élelmiszeripari cégek rv. ea - D,2025-06-07,3.2956,2025-06-07,3.2956,0.0,16.5523,1.0,0.9947,-0.53
97,Nyersanyagpiaci részvény eszközalap,2025-06-07,1.3242,2025-06-07,1.3242,0.0,6.5968,1.0,1.0114,1.14
98,Presztízs- és luxusmárkák rv. ea.,2025-06-07,3.3461,2025-06-07,3.3461,0.0,16.8269,1.0,1.0015,0.15
99,USA részvény eszközalap,2025-06-07,4.1833,2025-06-07,4.1833,0.0,20.7361,1.0,1.015,1.5
100,Ázsia kötvény eszközalap,2025-06-07,2.2331,2025-06-07,2.2331,0.0,11.1508,1.0,1.0037,0.37
101,Aktív hozamfigyelõ vegyes eszközalap - D,2025-06-08,0.9252,2025-06-08,0.9252,0.0,5.5449,1.0,1.0042,0.42
102,Euró likviditás eszközalap - D,2025-06-08,0.9238,2025-06-08,0.9238,0.0,5.5457,1.0,0.9988,-0.12
103,Európai ingatlancégek részv. eszközalap,2025-06-08,1.8871,2025-06-08,1.8871,0.0,11.3378,1.0,0.994,-0.6
104,Európai kötvény eszközalap - D,2025-06-08,1.2311,2025-06-08,1.2311,0.0,7.3938,1.0,0.9978,-0.22
105,Európai részvény eszközalap,2025-06-08,2.5542,2025-06-08,2.5542,0.0,15.2381,1.0,1.0132,1.32
106,Európai vállalati kötvény eszközalap,2025-06-08,1.3107,2025-06-08,1.3107,0.0,7.8694,1.0,0.9985,-0.15
107,Fejlõdõ piaci részvény ESG eszközalap-D,2025-06-08,1.0344,2025-06-08,1.0344,0.0,6.1593,1.0,1.0215,2.15
108,Fejlõdõ ázsiai részvény eszközalap,2025-06-08,1.9717,2025-06-08,1.9717,0.0,11.7329,1.0,1.0273,2.73
109,Fenntartható növekedés részvény eszk.,2025-06-08,3.0579,2025-06-08,3.0579,0.0,18.1981,1.0,1.0186,1.86
110,Globális egészségügyi részvény eszk.,2025-06-08,3.2178,2025-06-08,3.2178,0.0,19.1451,1.0,1.0194,1.94
111,Globális növekedési részvény eszközalap,2025-06-08,2.2956,2025-06-08,2.2956,0.0,13.7242,1.0,1.007,0.7
112,Kiegyensúlyozott vegyes eszközalap - D,2025-06-08,1.3737,2025-06-08,1.3737,0.0,8.2278,1.0,1.0047,0.47
113,Latin-amerikai részvény eszközalap,2025-06-08,1.0903,2025-06-08,1.0903,0.0,6.5493,1.0,1.0058,0.58
114,Magas kötvény arányú vegyes eszk. - D,2025-06-08,1.0927,2025-06-08,1.0927,0.0,6.554,1.0,1.0012,0.12
115,Magas védelmû vegyes eszközalap,2025-06-08,1.0942,2025-06-08,1.0942,0.0,6.5587,1.0,1.0025,0.25
116,Nemz. élelmiszeripari cégek rv. ea - D,2025-06-08,3.2956,2025-06-08,3.2956,0.0,19.8479,1.0,0.9947,-0.53
117,Nyersanyagpiaci részvény eszközalap,2025-06-08,1.3242,2025-06-08,1.3242,0.0,7.921,1.0,1.0114,1.14
118,Presztízs- és luxusmárkák rv. ea.,2025-06-08,3.3461,2025-06-08,3.3461,0.0,20.173,1.0,1.0015,0.15
119,USA részvény eszközalap,2025-06-08,4.1833,2025-06-08,4.1833,0.0,24.9194,1.0,1.015,1.5
120,Ázsia kötvény eszközalap,2025-06-08,2.2331,2025-06-08,2.2331,0.0,13.3839,1.0,1.0037,0.37
121,Aktív hozamfigyelõ vegyes eszközalap - D,2025-06-09,0.9252,2025-06-09,0.9252,0.0,6.4701,1.0,1.0042,0.42
122,Euró likviditás eszközalap - D,2025-06-09,0.9238,2025-06-09,0.9238,0.0,6.4695,1.0,0.9988,-0.12
123,Európai ingatlancégek részv. eszközalap,2025-06-09,1.8871,2025-06-09,1.8871,0.0,13.2249,1.0,0.994,-0.6
124,Európai kötvény eszközalap - D,2025-06-09,1.2311,2025-06-09,1.2311,0.0,8.6249,1.0,0.9978,-0.22
125,Európai részvény eszközalap,2025-06-09,2.5542,2025-06-09,2.5542,0.0,17.7923,1.0,1.0132,1.32
126,Európai vállalati kötvény eszközalap,2025-06-09,1.3107,2025-06-09,1.3107,0.0,9.1801,1.0,0.9985,-0.15
127,Fejlõdõ piaci részvény ESG eszközalap-D,2025-06-09,1.0344,2025-06-09,1.0344,0.0,7.1937,1.0,1.0215,2.15
128,Fejlõdõ ázsiai részvény eszközalap,2025-06-09,1.9717,2025-06-09,1.9717,0.0,13.7046,1.0,1.0273,2.73
129,Fenntartható növekedés részvény eszk.,2025-06-09,3.0579,2025-06-09,3.0579,0.0,21.256,1.0,1.0186,1.86
130,Globális egészségügyi részvény eszk.,2025-06-09,3.2178,2025-06-09,3.2178,0.0,22.3629,1.0,1.0194,1.94
131,Globális növekedési részvény eszközalap,2025-06-09,2.2956,2025-06-09,2.2956,0.0,16.0198,1.0,1.007,0.7
132,Kiegyensúlyozott vegyes eszközalap - D,2025-06-09,1.3737,2025-06-09,1.3737,0.0,9.6015,1.0,1.0047,0.47
133,Latin-amerikai részvény eszközalap,2025-06-09,1.0903,2025-06-09,1.0903,0.0,7.6396,1.0,1.0058,0.58
134,Magas kötvény arányú vegyes eszk. - D,2025-06-09,1.0927,2025-06-09,1.0927,0.0,7.6467,1.0,1.0012,0.12
135,Magas védelmû vegyes eszközalap,2025-06-09,1.0942,2025-06-09,1.0942,0.0,7.6529,1.0,1.0025,0.25
136,Nemz. élelmiszeripari cégek rv. ea - D,2025-06-09,3.2956,2025-06-09,3.2956,0.0,23.1435,1.0,0.9947,-0.53
137,Nyersanyagpiaci részvény eszközalap,2025-06-09,1.3242,2025-06-09,1.3242,0.0,9.2452,1.0,1.0114,1.14
138,Presztízs- és luxusmárkák rv. ea.,2025-06-09,3.3461,2025-06-09,3.3461,0.0,23.5191,1.0,1.0015,0.15
139,USA részvény eszközalap,2025-06-09,4.1833,2025-06-09,4.1833,0.0,29.1027,1.0,1.015,1.5
140,Ázsia kötvény eszközalap,2025-06-09,2.2331,2025-06-09,2.2331,0.0,15.617,1.0,1.0037,0.37
141,Aktív hozamfigyelõ vegyes eszközalap - D,2025-06-10,0.9252,2025-06-10,0.9252,0.0,7.3953,1.0,1.0042,0.42
142,Euró likviditás eszközalap - D,2025-06-10,0.9238,2025-06-10,0.9238,0.0,7.3933,1.0,0.9988,-0.12
143,Európai ingatlancégek részv. eszközalap,2025-06-10,1.8871,2025-06-10,1.8871,0.0,15.112,1.0,0.994,-0.6
144,Európai kötvény eszközalap - D,2025-06-10,1.2311,2025-06-10,1.2311,0.0,9.856,1.0,0.9978,-0.22
145,Európai részvény eszközalap,2025-06-10,2.5542,2025-06-10,2.5542,0.0,20.3465,1.0,1.0132,1.32
146,Európai vállalati kötvény eszközalap,2025-06-10,1.3107,2025-06-10,1.3107,0.0,10.4908,1.0,0.9985,-0.15
147,Fejlõdõ piaci részvény ESG eszközalap-D,2025-06-10,1.0344,2025-06-10,1.0344,0.0,8.2281,1.0,1.0215,2.15
148,Fejlõdõ ázsiai részvény eszközalap,2025-06-10,1.9717,2025-06-10,1.9717,0.0,15.6763,1.0,1.0273,2.73
149,Fenntartható növekedés részvény eszk.,2025-06-10,3.0579,2025-06-10,3.0579,0.0,24.3139,1.0,1.0186,1.86
150,Globális egészségügyi részvény eszk.,2025-06-10,3.2178,2025-06-10,3.2178,0.0,25.5807,1.0,1.0194,1.94
151,Globális növekedési részvény eszközalap,2025-06-10,2.2956,2025-06-10,2.2956,0.0,18.3154,1.0,1.007,0.7
152,Kiegyensúlyozott vegyes eszközalap - D,2025-06-10,1.3737,2025-06-10,1.3737,0.0,10.9752,1.0,1.0047,0.47
153,Latin-amerikai részvény eszközalap,2025-06-10,1.0903,2025-06-10,1.0903,0.0,8.7299,1.0,1.0058,0.58
154,Magas kötvény arányú vegyes eszk. - D,2025-06-10,1.0927,2025-06-10,1.0927,0.0,8.7394,1.0,1.0012,0.12
155,Magas védelmû vegyes eszközalap,2025-06-10,1.0942,2025-06-10,1.0942,0.0,8.7471,1.0,1.0025,0.25
156,Nemz. élelmiszeripari cégek rv. ea - D,2025-06-10,3.2956,2025-06-10,3.2956,0.0,26.4391,1.0,0.9947,-0.53
157,Nyersanyagpiaci részvény eszközalap,2025-06-10,1.3242,2025-06-10,1.3242,0.0,10.5694,1.0,1.0114,1.14
158,Presztízs- és luxusmárkák rv. ea.,2025-06-10,3.3461,2025-06-10,3.3461,0.0,26.8652,1.0,1.0015,0.15
159,USA részvény eszközalap,2025-06-10,4.1833,2025-06-10,4.1833,0.0,33.286,1.0,1.015,1.5
160,Ázsia kötvény eszközalap,2025-06-10,2.2331,2025-06-10,2.2331,0.0,17.8501,1.0,1.0037,0.37
161,Aktív hozamfigyelõ vegyes eszközalap - D,2025-06-11,0.9274,2025-06-12,0.9269,-0.0005,8.3227,0.9995,1.0037,0.37
162,Euró likviditás eszközalap - D,2025-06-11,0.9242,2025-06-12,0.9244,0.0002,8.3175,1.0002,0.999,-0.1
163,Európai ingatlancégek részv. eszközalap,2025-06-11,1.9182,2025-06-12,1.9028,-0.008,17.0302,0.992,0.9861,-1.39
164,Európai kötvény eszközalap - D,2025-06-11,1.2348,2025-06-12,1.2347,-0.0001,11.0908,0.9999,0.9977,-0.23
165,Európai részvény eszközalap,2025-06-11,2.5457,2025-06-12,2.5379,-0.0031,22.8922,0.9969,1.01,1.0
166,Európai vállalati kötvény eszközalap,2025-06-11,1.3144,2025-06-12,1.315,0.0004,11.8052,1.0004,0.9989,-0.11
167,Fejlõdõ piaci részvény ESG eszközalap-D,2025-06-11,1.0445,2025-06-12,1.0449,0.0004,9.2726,1.0004,1.0219,2.19
168,Fejlõdõ ázsiai részvény eszközalap,2025-06-11,1.9921,2025-06-12,2.0003,0.0041,17.6684,1.0041,1.0315,3.15
169,Fenntartható növekedés részvény eszk.,2025-06-11,3.0576,2025-06-12,3.0372,-0.0067,27.3715,0.9933,1.0117,1.17
170,Globális egészségügyi részvény eszk.,2025-06-11,3.2279,2025-06-12,3.2433,0.0048,28.8086,1.0048,1.0243,2.43
171,Globális növekedési részvény eszközalap,2025-06-11,2.2857,2025-06-12,2.2729,-0.0056,20.6011,0.9944,1.0013,0.13
172,Kiegyensúlyozott vegyes eszközalap - D,2025-06-11,1.3786,2025-06-12,1.3766,-0.0015,12.3538,0.9985,1.0032,0.32
173,Latin-amerikai részvény eszközalap,2025-06-11,1.0931,2025-06-12,1.0979,0.0044,9.823,1.0044,1.0103,1.03
174,Magas kötvény arányú vegyes eszk. - D,2025-06-11,1.0962,2025-06-12,1.0953,-0.0008,9.8356,0.9992,1.0004,0.04
175,Magas védelmû vegyes eszközalap,2025-06-11,1.0941,2025-06-12,1.0928,-0.0012,9.8412,0.9988,1.0013,0.13
176,Nemz. élelmiszeripari cégek rv. ea - D,2025-06-11,3.2885,2025-06-12,3.263,-0.0078,29.7276,0.9922,0.987,-1.3
177,Nyersanyagpiaci részvény eszközalap,2025-06-11,1.3292,2025-06-12,1.3235,-0.0043,11.8986,0.9957,1.0071,0.71
178,Presztízs- és luxusmárkák rv. ea.,2025-06-11,3.3829,2025-06-12,3.379,-0.0011,30.2481,0.9989,1.0004,0.04
179,USA részvény eszközalap,2025-06-11,4.185,2025-06-12,4.1511,-0.0081,37.471,0.9919,1.0068,0.68
180,Ázsia kötvény eszközalap,2025-06-11,2.2359,2025-06-12,2.2315,-0.002,20.086,0.998,1.0017,0.17
181,Aktív hozamfigyelõ vegyes eszközalap - D,2025-06-12,0.9269,2025-06-13,0.9271,0.0002,9.2496,1.0002,1.0039,0.39
182,Euró likviditás eszközalap - D,2025-06-12,0.9244,2025-06-13,0.9246,0.0003,9.2419,1.0003,0.9993,-0.07
183,Európai ingatlancégek részv. eszközalap,2025-06-12,1.9028,2025-06-13,1.8855,-0.0091,18.933,0.9909,0.9771,-2.29
184,Európai kötvény eszközalap - D,2025-06-12,1.2347,2025-06-13,1.2372,0.0021,12.3255,1.0021,0.9998,-0.02
185,Európai részvény eszközalap,2025-06-12,2.5379,2025-06-13,2.5238,-0.0056,25.4301,0.9944,1.0044,0.44
186,Európai vállalati kötvény eszközalap,2025-06-12,1.315,2025-06-13,1.3169,0.0015,13.1202,1.0015,1.0004,0.04
187,Fejlõdõ piaci részvény ESG eszközalap-D,2025-06-12,1.0449,2025-06-13,1.0317,-0.0126,10.3175,0.9874,1.009,0.9
188,Fejlõdõ ázsiai részvény eszközalap,2025-06-12,2.0003,2025-06-13,1.9879,-0.0062,19.6687,0.9938,1.0251,2.51
189,Fenntartható növekedés részvény eszk.,2025-06-12,3.0372,2025-06-13,3.016,-0.007,30.4087,0.993,1.0047,0.47
190,Globális egészségügyi részvény eszk.,2025-06-12,3.2433,2025-06-13,3.2459,0.0008,32.0519,1.0008,1.0252,2.52
191,Globális növekedési részvény eszközalap,2025-06-12,2.2729,2025-06-13,2.2603,-0.0055,22.874,0.9945,0.9958,-0.42
192,Kiegyensúlyozott vegyes eszközalap - D,2025-06-12,1.3766,2025-06-13,1.3734,-0.0023,13.7304,0.9977,1.0009,0.09
193,Latin-amerikai részvény eszközalap,2025-06-12,1.0979,2025-06-13,1.0894,-0.0078,10.9209,0.9922,1.0024,0.24
194,Magas kötvény arányú vegyes eszk. - D,2025-06-12,1.0953,2025-06-13,1.0953,0.0,10.9309,1.0,1.0004,0.04
195,Magas védelmû vegyes eszközalap,2025-06-12,1.0928,2025-06-13,1.0915,-0.0012,10.934,0.9988,1.0001,0.01
196,Nemz. élelmiszeripari cégek rv. ea - D,2025-06-12,3.263,2025-06-13,3.2431,-0.0061,32.9906,0.9939,0.981,-1.9
197,Nyersanyagpiaci részvény eszközalap,2025-06-12,1.3235,2025-06-13,1.3134,-0.0076,13.2221,0.9924,0.9994,-0.06
198,Presztízs- és luxusmárkák rv. ea.,2025-06-12,3.379,2025-06-13,3.3246,-0.0161,33.6271,0.9839,0.9843,-1.57
199,USA részvény eszközalap,2025-06-12,4.1511,2025-06-13,4.1246,-0.0064,41.6221,0.9936,1.0004,0.04
200,Ázsia kötvény eszközalap,2025-06-12,2.2315,2025-06-13,2.2139,-0.0079,22.3175,0.9921,0.9938,-0.62
201,Aktív hozamfigyelõ vegyes eszközalap - D,2025-06-13,0.9271,2025-06-14,0.9212,-0.0064,10.1767,0.9936,0.9975,-0.25
202,Euró likviditás eszközalap - D,2025-06-13,0.9246,2025-06-14,0.9239,-0.0008,10.1665,0.9992,0.9985,-0.15
203,Európai ingatlancégek részv. eszközalap,2025-06-13,1.8855,2025-06-14,1.8682,-0.0092,20.8185,0.9908,0.9681,-3.19
204,Európai kötvény eszközalap - D,2025-06-13,1.2372,2025-06-14,1.2323,-0.004,13.5627,0.996,0.9958,-0.42
205,Európai részvény eszközalap,2025-06-13,2.5238,2025-06-14,2.4953,-0.0113,27.9539,0.9887,0.993,-0.7
206,Európai vállalati kötvény eszközalap,2025-06-13,1.3169,2025-06-14,1.3126,-0.0032,14.4371,0.9968,0.9972,-0.28
207,Fejlõdõ piaci részvény ESG eszközalap-D,2025-06-13,1.0317,2025-06-14,1.0204,-0.0109,11.3492,0.9891,0.998,-0.2
208,Fejlõdõ ázsiai részvény eszközalap,2025-06-13,1.9879,2025-06-14,1.9842,-0.0019,21.6566,0.9981,1.0232,2.32
209,Fenntartható növekedés részvény eszk.,2025-06-13,3.016,2025-06-14,2.9848,-0.0103,33.4247,0.9897,0.9943,-0.57
210,Globális egészségügyi részvény eszk.,2025-06-13,3.2459,2025-06-14,3.2484,0.0008,35.2978,1.0008,1.026,2.6
211,Globális növekedési részvény eszközalap,2025-06-13,2.2603,2025-06-14,2.2411,-0.0085,25.1343,0.9915,0.9874,-1.26
212,Kiegyensúlyozott vegyes eszközalap - D,2025-06-13,1.3734,2025-06-14,1.3651,-0.006,15.1038,0.994,0.9949,-0.51
213,Latin-amerikai részvény eszközalap,2025-06-13,1.0894,2025-06-14,1.0807,-0.008,12.0103,0.992,0.9944,-0.56
214,Magas kötvény arányú vegyes eszk. - D,2025-06-13,1.0953,2025-06-14,1.0898,-0.005,12.0262,0.995,0.9954,-0.46
215,Magas védelmû vegyes eszközalap,2025-06-13,1.0915,2025-06-14,1.0884,-0.0028,12.0255,0.9972,0.9973,-0.27
216,Nemz. élelmiszeripari cégek rv. ea - D,2025-06-13,3.2431,2025-06-14,3.2438,0.0002,36.2337,1.0002,0.9812,-1.88
217,Nyersanyagpiaci részvény eszközalap,2025-06-13,1.3134,2025-06-14,1.3122,-0.001,14.5355,0.999,0.9984,-0.16
218,Presztízs- és luxusmárkák rv. ea.,2025-06-13,3.3246,2025-06-14,3.2661,-0.0176,36.9517,0.9824,0.967,-3.3
219,USA részvény eszközalap,2025-06-13,4.1246,2025-06-14,4.0859,-0.0094,45.7467,0.9906,0.991,-0.9
220,Ázsia kötvény eszközalap,2025-06-13,2.2139,2025-06-14,2.2158,0.0009,24.5314,1.0009,0.9947,-0.53
221,Aktív hozamfigyelõ vegyes eszközalap - D,2025-06-14,0.9212,2025-06-14,0.9212,0.0,11.0979,1.0,0.9975,-0.25
222,Euró likviditás eszközalap - D,2025-06-14,0.9239,2025-06-14,0.9239,0.0,11.0904,1.0,0.9985,-0.15
223,Európai ingatlancégek részv. eszközalap,2025-06-14,1.8682,2025-06-14,1.8682,0.0,22.6867,1.0,0.9681,-3.19
224,Európai kötvény eszközalap - D,2025-06-14,1.2323,2025-06-14,1.2323,0.0,14.795,1.0,0.9958,-0.42
225,Európai részvény eszközalap,2025-06-14,2.4953,2025-06-14,2.4953,0.0,30.4492,1.0,0.993,-0.7
226,Európai vállalati kötvény eszközalap,2025-06-14,1.3126,2025-06-14,1.3126,0.0,15.7497,1.0,0.9972,-0.28
227,Fejlõdõ piaci részvény ESG eszközalap-D,2025-06-14,1.0204,2025-06-14,1.0204,0.0,12.3696,1.0,0.998,-0.2
228,Fejlõdõ ázsiai részvény eszközalap,2025-06-14,1.9842,2025-06-14,1.9842,0.0,23.6408,1.0,1.0232,2.32
229,Fenntartható növekedés részvény eszk.,2025-06-14,2.9848,2025-06-14,2.9848,0.0,36.4095,1.0,0.9943,-0.57
230,Globális egészségügyi részvény eszk.,2025-06-14,3.2484,2025-06-14,3.2484,0.0,38.5462,1.0,1.026,2.6
231,Globális növekedési részvény eszközalap,2025-06-14,2.2411,2025-06-14,2.2411,0.0,27.3754,1.0,0.9874,-1.26
232,Kiegyensúlyozott vegyes eszközalap - D,2025-06-14,1.3651,2025-06-14,1.3651,0.0,16.4689,1.0,0.9949,-0.51
233,Latin-amerikai részvény eszközalap,2025-06-14,1.0807,2025-06-14,1.0807,0.0,13.091,1.0,0.9944,-0.56
234,Magas kötvény arányú vegyes eszk. - D,2025-06-14,1.0898,2025-06-14,1.0898,0.0,13.116,1.0,0.9954,-0.46
235,Magas védelmû vegyes eszközalap,2025-06-14,1.0884,2025-06-14,1.0884,0.0,13.1139,1.0,0.9973,-0.27
236,Nemz. élelmiszeripari cégek rv. ea - D,2025-06-14,3.2438,2025-06-14,3.2438,0.0,39.4775,1.0,0.9812,-1.88
237,Nyersanyagpiaci részvény eszközalap,2025-06-14,1.3122,2025-06-14,1.3122,0.0,15.8477,1.0,0.9984,-0.16
238,Presztízs- és luxusmárkák rv. ea.,2025-06-14,3.2661,2025-06-14,3.2661,0.0,40.2178,1.0,0.967,-3.3
239,USA részvény eszközalap,2025-06-14,4.0859,2025-06-14,4.0859,0.0,49.8326,1.0,0.991,-0.9
240,Ázsia kötvény eszközalap,2025-06-14,2.2158,2025-06-14,2.2158,0.0,26.7472,1.0,0.9947,-0.53
241,Aktív hozamfigyelõ vegyes eszközalap - D,2025-06-15,0.9212,2025-06-15,0.9212,0.0,12.0191,1.0,0.9975,-0.25
242,Euró likviditás eszközalap - D,2025-06-15,0.9239,2025-06-15,0.9239,0.0,12.0143,1.0,0.9985,-0.15
243,Európai ingatlancégek részv. eszközalap,2025-06-15,1.8682,2025-06-15,1.8682,0.0,24.5549,1.0,0.9681,-3.19
244,Európai kötvény eszközalap - D,2025-06-15,1.2323,2025-06-15,1.2323,0.0,16.0273,1.0,0.9958,-0.42
245,Európai részvény eszközalap,2025-06-15,2.4953,2025-06-15,2.4953,0.0,32.9445,1.0,0.993,-0.7
246,Európai vállalati kötvény eszközalap,2025-06-15,1.3126,2025-06-15,1.3126,0.0,17.0623,1.0,0.9972,-0.28
247,Fejlõdõ piaci részvény ESG eszközalap-D,2025-06-15,1.0204,2025-06-15,1.0204,0.0,13.39,1.0,0.998,-0.2
248,Fejlõdõ ázsiai részvény eszközalap,2025-06-15,1.9842,2025-06-15,1.9842,0.0,25.625,1.0,1.0232,2.32
249,Fenntartható növekedés részvény eszk.,2025-06-15,2.9848,2025-06-15,2.9848,0.0,39.3943,1.0,0.9943,-0.57
250,Globális egészségügyi részvény eszk.,2025-06-15,3.2484,2025-06-15,3.2484,0.0,41.7946,1.0,1.026,2.6
251,Globális növekedési részvény eszközalap,2025-06-15,2.2411,2025-06-15,2.2411,0.0,29.6165,1.0,0.9874,-1.26
252,Kiegyensúlyozott vegyes eszközalap - D,2025-06-15,1.3651,2025-06-15,1.3651,0.0,17.834,1.0,0.9949,-0.51
253,Latin-amerikai részvény eszközalap,2025-06-15,1.0807,2025-06-15,1.0807,0.0,14.1717,1.0,0.9944,-0.56
254,Magas kötvény arányú vegyes eszk. - D,2025-06-15,1.0898,2025-06-15,1.0898,0.0,14.2058,1.0,0.9954,-0.46
255,Magas védelmû vegyes eszközalap,2025-06-15,1.0884,2025-06-15,1.0884,0.0,14.2023,1.0,0.9973,-0.27
256,Nemz. élelmiszeripari cégek rv. ea - D,2025-06-15,3.2438,2025-06-15,3.2438,0.0,42.7213,1.0,0.9812,-1.88
257,Nyersanyagpiaci részvény eszközalap,2025-06-15,1.3122,2025-06-15,1.3122,0.0,17.1599,1.0,0.9984,-0.16
258,Presztízs- és luxusmárkák rv. ea.,2025-06-15,3.2661,2025-06-15,3.2661,0.0,43.4839,1.0,0.967,-3.3
259,USA részvény eszközalap,2025-06-15,4.0859,2025-06-15,4.0859,0.0,53.9185,1.0,0.991,-0.9
260,Ázsia kötvény eszközalap,2025-06-15,2.2158,2025-06-15,2.2158,0.0,28.963,1.0,0.9947,-0.53
261,Aktív hozamfigyelõ vegyes eszközalap - D,2025-06-16,0.9212,2025-06-16,0.9212,0.0,12.9403,1.0,0.9975,-0.25
262,Euró likviditás eszközalap - D,2025-06-16,0.9239,2025-06-16,0.9239,0.0,12.9382,1.0,0.9985,-0.15
263,Európai ingatlancégek részv. eszközalap,2025-06-16,1.8682,2025-06-16,1.8682,0.0,26.4231,1.0,0.9681,-3.19
264,Európai kötvény eszközalap - D,2025-06-16,1.2323,2025-06-16,1.2323,0.0,17.2596,1.0,0.9958,-0.42
265,Európai részvény eszközalap,2025-06-16,2.4953,2025-06-16,2.4953,0.0,35.4398,1.0,0.993,-0.7
266,Európai vállalati kötvény eszközalap,2025-06-16,1.3126,2025-06-16,1.3126,0.0,18.3749,1.0,0.9972,-0.28
267,Fejlõdõ piaci részvény ESG eszközalap-D,2025-06-16,1.0204,2025-06-16,1.0204,0.0,14.4104,1.0,0.998,-0.2
268,Fejlõdõ ázsiai részvény eszközalap,2025-06-16,1.9842,2025-06-16,1.9842,0.0,27.6092,1.0,1.0232,2.32
269,Fenntartható növekedés részvény eszk.,2025-06-16,2.9848,2025-06-16,2.9848,0.0,42.3791,1.0,0.9943,-0.57
270,Globális egészségügyi részvény eszk.,2025-06-16,3.2484,2025-06-16,3.2484,0.0,45.043,1.0,1.026,2.6
271,Globális növekedési részvény eszközalap,2025-06-16,2.2411,2025-06-16,2.2411,0.0,31.8576,1.0,0.9874,-1.26
272,Kiegyensúlyozott vegyes eszközalap - D,2025-06-16,1.3651,2025-06-16,1.3651,0.0,19.1991,1.0,0.9949,-0.51
273,Latin-amerikai részvény eszközalap,2025-06-16,1.0807,2025-06-16,1.0807,0.0,15.2524,1.0,0.9944,-0.56
274,Magas kötvény arányú vegyes eszk. - D,2025-06-16,1.0898,2025-06-16,1.0898,0.0,15.2956,1.0,0.9954,-0.46
275,Magas védelmû vegyes eszközalap,2025-06-16,1.0884,2025-06-16,1.0884,0.0,15.2907,1.0,0.9973,-0.27
276,Nemz. élelmiszeripari cégek rv. ea - D,2025-06-16,3.2438,2025-06-16,3.2438,0.0,45.9651,1.0,0.9812,-1.88
277,Nyersanyagpiaci részvény eszközalap,2025-06-16,1.3122,2025-06-16,1.3122,0.0,18.4721,1.0,0.9984,-0.16
278,Presztízs- és luxusmárkák rv. ea.,2025-06-16,3.2661,2025-06-16,3.2661,0.0,46.75,1.0,0.967,-3.3
279,USA részvény eszközalap,2025-06-16,4.0859,2025-06-16,4.0859,0.0,58.0044,1.0,0.991,-0.9
280,Ázsia kötvény eszközalap,2025-06-16,2.2158,2025-06-16,2.2158,0.0,31.1788,1.0,0.9947,-0.53
281,Aktív hozamfigyelõ vegyes eszközalap - D,2025-06-17,0.9224,2025-06-18,0.9217,-0.0007,13.8627,0.9993,0.9968,-0.32
282,Euró likviditás eszközalap - D,2025-06-17,0.9243,2025-06-18,0.9239,-0.0004,13.8625,0.9996,0.9981,-0.19
283,Európai ingatlancégek részv. eszközalap,2025-06-17,1.8854,2025-06-18,1.8938,0.0044,28.3085,1.0044,0.9724,-2.76
284,Európai kötvény eszközalap - D,2025-06-17,1.2337,2025-06-18,1.2325,-0.001,18.4933,0.999,0.9948,-0.52
285,Európai részvény eszközalap,2025-06-17,2.5147,2025-06-18,2.4911,-0.0094,37.9545,0.9906,0.9837,-1.63
286,Európai vállalati kötvény eszközalap,2025-06-17,1.3144,2025-06-18,1.3135,-0.0007,19.6893,0.9993,0.9965,-0.35
287,Fejlõdõ piaci részvény ESG eszközalap-D,2025-06-17,1.0249,2025-06-18,1.023,-0.0018,15.4353,0.9982,0.9962,-0.38
288,Fejlõdõ ázsiai részvény eszközalap,2025-06-17,2.0007,2025-06-18,2.0015,0.0004,29.6099,1.0004,1.0236,2.36
289,Fenntartható növekedés részvény eszk.,2025-06-17,2.9957,2025-06-18,2.9859,-0.0033,45.3748,0.9967,0.991,-0.9
290,Globális egészségügyi részvény eszk.,2025-06-17,3.2481,2025-06-18,3.1961,-0.016,48.2911,0.984,1.0096,0.96
291,Globális növekedési részvény eszközalap,2025-06-17,2.2511,2025-06-18,2.2384,-0.0056,34.1087,0.9944,0.9818,-1.82
292,Kiegyensúlyozott vegyes eszközalap - D,2025-06-17,1.3665,2025-06-18,1.3653,-0.0009,20.5656,0.9991,0.994,-0.6
293,Latin-amerikai részvény eszközalap,2025-06-17,1.0961,2025-06-18,1.0906,-0.0051,16.3485,0.9949,0.9893,-1.07
294,Magas kötvény arányú vegyes eszk. - D,2025-06-17,1.0908,2025-06-18,1.09,-0.0007,16.3864,0.9993,0.9947,-0.53
295,Magas védelmû vegyes eszközalap,2025-06-17,1.0904,2025-06-18,1.0888,-0.0015,16.3811,0.9985,0.9958,-0.42
296,Nemz. élelmiszeripari cégek rv. ea - D,2025-06-17,3.2216,2025-06-18,3.2205,-0.0004,49.1867,0.9996,0.9808,-1.92
297,Nyersanyagpiaci részvény eszközalap,2025-06-17,1.3096,2025-06-18,1.3037,-0.0045,19.7817,0.9955,0.9939,-0.61
298,Presztízs- és luxusmárkák rv. ea.,2025-06-17,3.3085,2025-06-18,3.2877,-0.0063,50.0585,0.9937,0.9609,-3.91
299,USA részvény eszközalap,2025-06-17,4.1068,2025-06-18,4.0948,-0.0029,62.1112,0.9971,0.9881,-1.19
300,Ázsia kötvény eszközalap,2025-06-17,2.2028,2025-06-18,2.2101,0.0033,33.3816,1.0033,0.998,-0.2
301,Aktív hozamfigyelõ vegyes eszközalap - D,2025-06-18,0.9217,2025-06-19,0.9217,0.0,14.7844,1.0,0.9968,-0.32
302,Euró likviditás eszközalap - D,2025-06-18,0.9239,2025-06-19,0.9242,0.0003,14.7864,1.0003,0.9984,-0.16
303,Európai ingatlancégek részv. eszközalap,2025-06-18,1.8938,2025-06-19,1.9122,0.0097,30.2023,1.0097,0.9818,-1.82
304,Európai kötvény eszközalap - D,2025-06-18,1.2325,2025-06-19,1.2348,0.0019,19.7258,1.0019,0.9967,-0.33
305,Európai részvény eszközalap,2025-06-18,2.4911,2025-06-19,2.4795,-0.0047,40.4456,0.9953,0.9791,-2.09
306,Európai vállalati kötvény eszközalap,2025-06-18,1.3135,2025-06-19,1.3149,0.0011,21.0028,1.0011,0.9976,-0.24
307,Fejlõdõ piaci részvény ESG eszközalap-D,2025-06-18,1.023,2025-06-19,1.0194,-0.0036,16.4583,0.9964,0.9926,-0.74
308,Fejlõdõ ázsiai részvény eszközalap,2025-06-18,2.0015,2025-06-19,1.9917,-0.0049,31.6114,0.9951,1.0186,1.86
309,Fenntartható növekedés részvény eszk.,2025-06-18,2.9859,2025-06-19,2.9803,-0.0019,48.3607,0.9981,0.9891,-1.09
310,Globális egészségügyi részvény eszk.,2025-06-18,3.1961,2025-06-19,3.157,-0.0122,51.4872,0.9878,0.9972,-0.28
311,Globális növekedési részvény eszközalap,2025-06-18,2.2384,2025-06-19,2.238,-0.0002,36.3471,0.9998,0.9816,-1.84
312,Kiegyensúlyozott vegyes eszközalap - D,2025-06-18,1.3653,2025-06-19,1.3655,0.0001,21.9309,1.0001,0.9941,-0.59
313,Latin-amerikai részvény eszközalap,2025-06-18,1.0906,2025-06-19,1.0905,0.0,17.4391,1.0,0.9893,-1.07
314,Magas kötvény arányú vegyes eszk. - D,2025-06-18,1.09,2025-06-19,1.091,0.0009,17.4764,1.0009,0.9956,-0.44
315,Magas védelmû vegyes eszközalap,2025-06-18,1.0888,2025-06-19,1.088,-0.0007,17.4699,0.9993,0.9951,-0.49
316,Nemz. élelmiszeripari cégek rv. ea - D,2025-06-18,3.2205,2025-06-19,3.2175,-0.0009,52.4072,0.9991,0.9799,-2.01
317,Nyersanyagpiaci részvény eszközalap,2025-06-18,1.3037,2025-06-19,1.3,-0.0029,21.0854,0.9971,0.991,-0.9
318,Presztízs- és luxusmárkák rv. ea.,2025-06-18,3.2877,2025-06-19,3.2794,-0.0025,53.3462,0.9975,0.9585,-4.15
319,USA részvény eszközalap,2025-06-18,4.0948,2025-06-19,4.1,0.0013,66.206,1.0013,0.9894,-1.06
320,Ázsia kötvény eszközalap,2025-06-18,2.2101,2025-06-19,2.2203,0.0046,35.5917,1.0046,1.0025,0.25
321,Aktív hozamfigyelõ vegyes eszközalap - D,2025-06-19,0.9217,2025-06-20,0.9217,0.0,15.7061,1.0,0.9968,-0.32
322,Euró likviditás eszközalap - D,2025-06-19,0.9242,2025-06-20,0.9242,0.0,15.7106,1.0,0.9984,-0.16
323,Európai ingatlancégek részv. eszközalap,2025-06-19,1.9122,2025-06-20,1.901,-0.0059,32.1145,0.9941,0.976,-2.4
324,Európai kötvény eszközalap - D,2025-06-19,1.2348,2025-06-20,1.2326,-0.0018,20.9606,0.9982,0.9949,-0.51
325,Európai részvény eszközalap,2025-06-19,2.4795,2025-06-20,2.4523,-0.011,42.9251,0.989,0.9683,-3.17
326,Európai vállalati kötvény eszközalap,2025-06-19,1.3149,2025-06-20,1.3135,-0.0011,22.3177,0.9989,0.9965,-0.35
327,Fejlõdõ piaci részvény ESG eszközalap-D,2025-06-19,1.0194,2025-06-20,1.0061,-0.013,17.4777,0.987,0.9797,-2.03
328,Fejlõdõ ázsiai részvény eszközalap,2025-06-19,1.9917,2025-06-20,1.9668,-0.0125,33.6031,0.9875,1.0058,0.58
329,Fenntartható növekedés részvény eszk.,2025-06-19,2.9803,2025-06-20,2.9803,0.0,51.341,1.0,0.9891,-1.09
330,Globális egészségügyi részvény eszk.,2025-06-19,3.157,2025-06-20,3.1674,0.0033,54.6442,1.0033,1.0005,0.05
331,Globális növekedési részvény eszközalap,2025-06-19,2.238,2025-06-20,2.238,0.0,38.5851,1.0,0.9816,-1.84
332,Kiegyensúlyozott vegyes eszközalap - D,2025-06-19,1.3655,2025-06-20,1.3631,-0.0018,23.2964,0.9982,0.9923,-0.77
333,Latin-amerikai részvény eszközalap,2025-06-19,1.0905,2025-06-20,1.084,-0.006,18.5296,0.994,0.9834,-1.66
334,Magas kötvény arányú vegyes eszk. - D,2025-06-19,1.091,2025-06-20,1.0891,-0.0018,18.5674,0.9982,0.9938,-0.62
335,Magas védelmû vegyes eszközalap,2025-06-19,1.088,2025-06-20,1.0856,-0.0023,18.5579,0.9977,0.9928,-0.72
336,Nemz. élelmiszeripari cégek rv. ea - D,2025-06-19,3.2175,2025-06-20,3.2066,-0.0034,55.6247,0.9966,0.9766,-2.34
337,Nyersanyagpiaci részvény eszközalap,2025-06-19,1.3,2025-06-20,1.2854,-0.0112,22.3854,0.9888,0.9799,-2.01
338,Presztízs- és luxusmárkák rv. ea.,2025-06-19,3.2794,2025-06-20,3.2427,-0.0112,56.6256,0.9888,0.9477,-5.23
339,USA részvény eszközalap,2025-06-19,4.1,2025-06-20,4.0999,0.0,70.306,1.0,0.9894,-1.06
340,Ázsia kötvény eszközalap,2025-06-19,2.2203,2025-06-20,2.225,0.0021,37.812,1.0021,1.0047,0.47
341,Aktív hozamfigyelõ vegyes eszközalap - D,2025-06-20,0.9217,2025-06-21,0.919,-0.0029,16.6278,0.9971,0.9939,-0.61
342,Euró likviditás eszközalap - D,2025-06-20,0.9242,2025-06-21,0.9242,-0.0001,16.6348,0.9999,0.9983,-0.17
343,Európai ingatlancégek részv. eszközalap,2025-06-20,1.901,2025-06-21,1.9094,0.0044,34.0155,1.0044,0.9803,-1.97
344,Európai kötvény eszközalap - D,2025-06-20,1.2326,2025-06-21,1.2327,0.0001,22.1932,1.0001,0.995,-0.5
345,Európai részvény eszközalap,2025-06-20,2.4523,2025-06-21,2.4696,0.0071,45.3774,1.0071,0.9752,-2.48
346,Európai vállalati kötvény eszközalap,2025-06-20,1.3135,2025-06-21,1.313,-0.0004,23.6312,0.9996,0.9961,-0.39
347,Fejlõdõ piaci részvény ESG eszközalap-D,2025-06-20,1.0061,2025-06-21,1.0075,0.0015,18.4838,1.0015,0.9812,-1.88
348,Fejlõdõ ázsiai részvény eszközalap,2025-06-20,1.9668,2025-06-21,1.985,0.0093,35.5699,1.0093,1.0152,1.52
349,Fenntartható növekedés részvény eszk.,2025-06-20,2.9803,2025-06-21,2.9604,-0.0067,54.3213,0.9933,0.9825,-1.75
350,Globális egészségügyi részvény eszk.,2025-06-20,3.1674,2025-06-21,3.1543,-0.0041,57.8116,0.9959,0.9964,-0.36
351,Globális növekedési részvény eszközalap,2025-06-20,2.238,2025-06-21,2.2304,-0.0034,40.8231,0.9966,0.9783,-2.17
352,Kiegyensúlyozott vegyes eszközalap - D,2025-06-20,1.3631,2025-06-21,1.3621,-0.0007,24.6595,0.9993,0.9916,-0.84
353,Latin-amerikai részvény eszközalap,2025-06-20,1.084,2025-06-21,1.0741,-0.0091,19.6136,0.9909,0.9744,-2.56
354,Magas kötvény arányú vegyes eszk. - D,2025-06-20,1.0891,2025-06-21,1.0887,-0.0003,19.6565,0.9997,0.9935,-0.65
355,Magas védelmû vegyes eszközalap,2025-06-20,1.0856,2025-06-21,1.0867,0.001,19.6435,1.001,0.9938,-0.62
356,Nemz. élelmiszeripari cégek rv. ea - D,2025-06-20,3.2066,2025-06-21,3.2136,0.0022,58.8313,1.0022,0.9787,-2.13
357,Nyersanyagpiaci részvény eszközalap,2025-06-20,1.2854,2025-06-21,1.2854,0.0,23.6708,1.0,0.9799,-2.01
358,Presztízs- és luxusmárkák rv. ea.,2025-06-20,3.2427,2025-06-21,3.2727,0.0092,59.8683,1.0092,0.9565,-4.35
359,USA részvény eszközalap,2025-06-20,4.0999,2025-06-21,4.0915,-0.0021,74.4059,0.9979,0.9873,-1.27
360,Ázsia kötvény eszközalap,2025-06-20,2.225,2025-06-21,2.2163,-0.0039,40.037,0.9961,1.0007,0.07
361,Aktív hozamfigyelõ vegyes eszközalap - D,2025-06-21,0.919,2025-06-21,0.919,0.0,17.5468,1.0,0.9939,-0.61
362,Euró likviditás eszközalap - D,2025-06-21,0.9242,2025-06-21,0.9242,0.0,17.559,1.0,0.9983,-0.17
363,Európai ingatlancégek részv. eszközalap,2025-06-21,1.9094,2025-06-21,1.9094,0.0,35.9249,1.0,0.9803,-1.97
364,Európai kötvény eszközalap - D,2025-06-21,1.2327,2025-06-21,1.2327,0.0,23.4259,1.0,0.995,-0.5
365,Európai részvény eszközalap,2025-06-21,2.4696,2025-06-21,2.4696,0.0,47.847,1.0,0.9752,-2.48
366,Európai vállalati kötvény eszközalap,2025-06-21,1.313,2025-06-21,1.313,0.0,24.9442,1.0,0.9961,-0.39
367,Fejlõdõ piaci részvény ESG eszközalap-D,2025-06-21,1.0075,2025-06-21,1.0075,0.0,19.4913,1.0,0.9812,-1.88
368,Fejlõdõ ázsiai részvény eszközalap,2025-06-21,1.985,2025-06-21,1.985,0.0,37.5549,1.0,1.0152,1.52
369,Fenntartható növekedés részvény eszk.,2025-06-21,2.9604,2025-06-21,2.9604,0.0,57.2817,1.0,0.9825,-1.75
370,Globális egészségügyi részvény eszk.,2025-06-21,3.1543,2025-06-21,3.1543,0.0,60.9659,1.0,0.9964,-0.36
371,Globális növekedési részvény eszközalap,2025-06-21,2.2304,2025-06-21,2.2304,0.0,43.0535,1.0,0.9783,-2.17
372,Kiegyensúlyozott vegyes eszközalap - D,2025-06-21,1.3621,2025-06-21,1.3621,0.0,26.0216,1.0,0.9916,-0.84
373,Latin-amerikai részvény eszközalap,2025-06-21,1.0741,2025-06-21,1.0741,0.0,20.6877,1.0,0.9744,-2.56
374,Magas kötvény arányú vegyes eszk. - D,2025-06-21,1.0887,2025-06-21,1.0887,0.0,20.7452,1.0,0.9935,-0.65
375,Magas védelmû vegyes eszközalap,2025-06-21,1.0867,2025-06-21,1.0867,0.0,20.7302,1.0,0.9938,-0.62
376,Nemz. élelmiszeripari cégek rv. ea - D,2025-06-21,3.2136,2025-06-21,3.2136,0.0,62.0449,1.0,0.9787,-2.13
377,Nyersanyagpiaci részvény eszközalap,2025-06-21,1.2854,2025-06-21,1.2854,0.0,24.9562,1.0,0.9799,-2.01
378,Presztízs- és luxusmárkák rv. ea.,2025-06-21,3.2727,2025-06-21,3.2727,0.0,63.141,1.0,0.9565,-4.35
379,USA részvény eszközalap,2025-06-21,4.0915,2025-06-21,4.0915,0.0,78.4974,1.0,0.9873,-1.27
380,Ázsia kötvény eszközalap,2025-06-21,2.2163,2025-06-21,2.2163,0.0,42.2533,1.0,1.0007,0.07
381,Aktív hozamfigyelõ vegyes eszközalap - D,2025-06-22,0.919,2025-06-22,0.919,0.0,18.4658,1.0,0.9939,-0.61
382,Euró likviditás eszközalap - D,2025-06-22,0.9242,2025-06-22,0.9242,0.0,18.4832,1.0,0.9983,-0.17
383,Európai ingatlancégek részv. eszközalap,2025-06-22,1.9094,2025-06-22,1.9094,0.0,37.8343,1.0,0.9803,-1.97
384,Európai kötvény eszközalap - D,2025-06-22,1.2327,2025-06-22,1.2327,0.0,24.6586,1.0,0.995,-0.5
385,Európai részvény eszközalap,2025-06-22,2.4696,2025-06-22,2.4696,0.0,50.3166,1.0,0.9752,-2.48
386,Európai vállalati kötvény eszközalap,2025-06-22,1.313,2025-06-22,1.313,0.0,26.2572,1.0,0.9961,-0.39
387,Fejlõdõ piaci részvény ESG eszközalap-D,2025-06-22,1.0075,2025-06-22,1.0075,0.0,20.4988,1.0,0.9812,-1.88
388,Fejlõdõ ázsiai részvény eszközalap,2025-06-22,1.985,2025-06-22,1.985,0.0,39.5399,1.0,1.0152,1.52
389,Fenntartható növekedés részvény eszk.,2025-06-22,2.9604,2025-06-22,2.9604,0.0,60.2421,1.0,0.9825,-1.75
390,Globális egészségügyi részvény eszk.,2025-06-22,3.1543,2025-06-22,3.1543,0.0,64.1202,1.0,0.9964,-0.36
391,Globális növekedési részvény eszközalap,2025-06-22,2.2304,2025-06-22,2.2304,0.0,45.2839,1.0,0.9783,-2.17
392,Kiegyensúlyozott vegyes eszközalap - D,2025-06-22,1.3621,2025-06-22,1.3621,0.0,27.3837,1.0,0.9916,-0.84
393,Latin-amerikai részvény eszközalap,2025-06-22,1.0741,2025-06-22,1.0741,0.0,21.7618,1.0,0.9744,-2.56
394,Magas kötvény arányú vegyes eszk. - D,2025-06-22,1.0887,2025-06-22,1.0887,0.0,21.8339,1.0,0.9935,-0.65
395,Magas védelmû vegyes eszközalap,2025-06-22,1.0867,2025-06-22,1.0867,0.0,21.8169,1.0,0.9938,-0.62
396,Nemz. élelmiszeripari cégek rv. ea - D,2025-06-22,3.2136,2025-06-22,3.2136,0.0,65.2585,1.0,0.9787,-2.13
397,Nyersanyagpiaci részvény eszközalap,2025-06-22,1.2854,2025-06-22,1.2854,0.0,26.2416,1.0,0.9799,-2.01
398,Presztízs- és luxusmárkák rv. ea.,2025-06-22,3.2727,2025-06-22,3.2727,0.0,66.4137,1.0,0.9565,-4.35
399,USA részvény eszközalap,2025-06-22,4.0915,2025-06-22,4.0915,0.0,82.5889,1.0,0.9873,-1.27
400,Ázsia kötvény eszközalap,2025-06-22,2.2163,2025-06-22,2.2163,0.0,44.4696,1.0,1.0007,0.07
401,Aktív hozamfigyelõ vegyes eszközalap - D,2025-06-23,0.919,2025-06-23,0.919,0.0,19.3848,1.0,0.9939,-0.61
402,Euró likviditás eszközalap - D,2025-06-23,0.9242,2025-06-23,0.9242,0.0,19.4074,1.0,0.9983,-0.17
403,Európai ingatlancégek részv. eszközalap,2025-06-23,1.9094,2025-06-23,1.9094,0.0,39.7437,1.0,0.9803,-1.97
404,Európai kötvény eszközalap - D,2025-06-23,1.2327,2025-06-23,1.2327,0.0,25.8913,1.0,0.995,-0.5
405,Európai részvény eszközalap,2025-06-23,2.4696,2025-06-23,2.4696,0.0,52.7862,1.0,0.9752,-2.48
406,Európai vállalati kötvény eszközalap,2025-06-23,1.313,2025-06-23,1.313,0.0,27.5702,1.0,0.9961,-0.39
407,Fejlõdõ piaci részvény ESG eszközalap-D,2025-06-23,1.0075,2025-06-23,1.0075,0.0,21.5063,1.0,0.9812,-1.88
408,Fejlõdõ ázsiai részvény eszközalap,2025-06-23,1.985,2025-06-23,1.985,0.0,41.5249,1.0,1.0152,1.52
409,Fenntartható növekedés részvény eszk.,2025-06-23,2.9604,2025-06-23,2.9604,0.0,63.2025,1.0,0.9825,-1.75
410,Globális egészségügyi részvény eszk.,2025-06-23,3.1543,2025-06-23,3.1543,0.0,67.2745,1.0,0.9964,-0.36
411,Globális növekedési részvény eszközalap,2025-06-23,2.2304,2025-06-23,2.2304,0.0,47.5143,1.0,0.9783,-2.17
412,Kiegyensúlyozott vegyes eszközalap - D,2025-06-23,1.3621,2025-06-23,1.3621,0.0,28.7458,1.0,0.9916,-0.84
413,Latin-amerikai részvény eszközalap,2025-06-23,1.0741,2025-06-23,1.0741,0.0,22.8359,1.0,0.9744,-2.56
414,Magas kötvény arányú vegyes eszk. - D,2025-06-23,1.0887,2025-06-23,1.0887,0.0,22.9226,1.0,0.9935,-0.65
415,Magas védelmû vegyes eszközalap,2025-06-23,1.0867,2025-06-23,1.0867,0.0,22.9036,1.0,0.9938,-0.62
416,Nemz. élelmiszeripari cégek rv. ea - D,2025-06-23,3.2136,2025-06-23,3.2136,0.0,68.4721,1.0,0.9787,-2.13
417,Nyersanyagpiaci részvény eszközalap,2025-06-23,1.2854,2025-06-23,1.2854,0.0,27.527,1.0,0.9799,-2.01
418,Presztízs- és luxusmárkák rv. ea.,2025-06-23,3.2727,2025-06-23,3.2727,0.0,69.6864,1.0,0.9565,-4.35
419,USA részvény eszközalap,2025-06-23,4.0915,2025-06-23,4.0915,0.0,86.6804,1.0,0.9873,-1.27
420,Ázsia kötvény eszközalap,2025-06-23,2.2163,2025-06-23,2.2163,0.0,46.6859,1.0,1.0007,0.07
421,Aktív hozamfigyelõ vegyes eszközalap - D,2025-06-24,0.9219,2025-06-25,0.9257,0.0042,20.3067,1.0042,0.9981,-0.19
422,Euró likviditás eszközalap - D,2025-06-24,0.9244,2025-06-25,0.9246,0.0002,20.3318,1.0002,0.9985,-0.15
423,Európai ingatlancégek részv. eszközalap,2025-06-24,1.9108,2025-06-25,1.9149,0.0022,41.6545,1.0022,0.9824,-1.76
424,Európai kötvény eszközalap - D,2025-06-24,1.2343,2025-06-25,1.234,-0.0002,27.1256,0.9998,0.9948,-0.52
425,Európai részvény eszközalap,2025-06-24,2.4681,2025-06-25,2.5053,0.0151,55.2543,1.0151,0.9899,-1.01
426,Európai vállalati kötvény eszközalap,2025-06-24,1.3135,2025-06-25,1.3167,0.0024,28.8837,1.0024,0.9985,-0.15
427,Fejlõdõ piaci részvény ESG eszközalap-D,2025-06-24,1.0028,2025-06-25,1.0226,0.0197,22.5091,1.0197,1.0005,0.05
428,Fejlõdõ ázsiai részvény eszközalap,2025-06-24,1.9886,2025-06-25,2.0162,0.0139,43.5135,1.0139,1.0293,2.93
429,Fenntartható növekedés részvény eszk.,2025-06-24,2.9792,2025-06-25,2.9989,0.0066,66.1817,1.0066,0.989,-1.1
430,Globális egészségügyi részvény eszk.,2025-06-24,3.154,2025-06-25,3.1566,0.0008,70.4285,1.0008,0.9972,-0.28
431,Globális növekedési részvény eszközalap,2025-06-24,2.2426,2025-06-25,2.25,0.0033,49.7569,1.0033,0.9815,-1.85
432,Kiegyensúlyozott vegyes eszközalap - D,2025-06-24,1.364,2025-06-25,1.3701,0.0045,30.1098,1.0045,0.9961,-0.39
433,Latin-amerikai részvény eszközalap,2025-06-24,1.0669,2025-06-25,1.0856,0.0176,23.9028,1.0176,0.9916,-0.84
434,Magas kötvény arányú vegyes eszk. - D,2025-06-24,1.09,2025-06-25,1.0924,0.0021,24.0126,1.0021,0.9956,-0.44
435,Magas védelmû vegyes eszközalap,2025-06-24,1.0865,2025-06-25,1.0889,0.0022,23.9901,1.0022,0.996,-0.4
436,Nemz. élelmiszeripari cégek rv. ea - D,2025-06-24,3.213,2025-06-25,3.2144,0.0004,71.6851,1.0004,0.9791,-2.09
437,Nyersanyagpiaci részvény eszközalap,2025-06-24,1.2799,2025-06-25,1.2919,0.0094,28.8069,1.0094,0.9892,-1.08
438,Presztízs- és luxusmárkák rv. ea.,2025-06-24,3.2645,2025-06-25,3.3186,0.0166,72.9509,1.0166,0.9723,-2.77
439,USA részvény eszközalap,2025-06-24,4.1252,2025-06-25,4.1434,0.0044,90.8056,1.0044,0.9916,-0.84
440,Ázsia kötvény eszközalap,2025-06-24,2.2242,2025-06-25,2.2082,-0.0072,48.9101,0.9928,0.9935,-0.65
441,Aktív hozamfigyelõ vegyes eszközalap - D,2025-06-25,0.9257,2025-06-26,0.9249,-0.0009,21.2324,0.9991,0.9972,-0.28
442,Euró likviditás eszközalap - D,2025-06-25,0.9246,2025-06-26,0.9247,0.0,21.2564,1.0,0.9985,-0.15
443,Európai ingatlancégek részv. eszközalap,2025-06-25,1.9149,2025-06-26,1.8982,-0.0088,43.5694,0.9912,0.9738,-2.62
444,Európai kötvény eszközalap - D,2025-06-25,1.234,2025-06-26,1.2318,-0.0018,28.3596,0.9982,0.993,-0.7
445,Európai részvény eszközalap,2025-06-25,2.5053,2025-06-26,2.4852,-0.008,57.7596,0.992,0.982,-1.8
446,Európai vállalati kötvény eszközalap,2025-06-25,1.3167,2025-06-26,1.3141,-0.0019,30.2004,0.9981,0.9966,-0.34
447,Fejlõdõ piaci részvény ESG eszközalap-D,2025-06-25,1.0226,2025-06-26,1.0264,0.0038,23.5317,1.0038,1.0043,0.43
448,Fejlõdõ ázsiai részvény eszközalap,2025-06-25,2.0162,2025-06-26,2.0361,0.0099,45.5297,1.0099,1.0395,3.95
449,Fenntartható növekedés részvény eszk.,2025-06-25,2.9989,2025-06-26,2.9967,-0.0007,69.1806,0.9993,0.9883,-1.17
450,Globális egészségügyi részvény eszk.,2025-06-25,3.1566,2025-06-26,3.1798,0.0074,73.5851,1.0074,1.0046,0.46
451,Globális növekedési részvény eszközalap,2025-06-25,2.25,2025-06-26,2.2358,-0.0063,52.0069,0.9937,0.9754,-2.46
452,Kiegyensúlyozott vegyes eszközalap - D,2025-06-25,1.3701,2025-06-26,1.3687,-0.001,31.4799,0.999,0.9951,-0.49
453,Latin-amerikai részvény eszközalap,2025-06-25,1.0856,2025-06-26,1.0757,-0.0091,24.9884,0.9909,0.9825,-1.75
454,Magas kötvény arányú vegyes eszk. - D,2025-06-25,1.0924,2025-06-26,1.0908,-0.0015,25.105,0.9985,0.9941,-0.59
455,Magas védelmû vegyes eszközalap,2025-06-25,1.0889,2025-06-26,1.0873,-0.0015,25.079,0.9985,0.9945,-0.55
456,Nemz. élelmiszeripari cégek rv. ea - D,2025-06-25,3.2144,2025-06-26,3.1819,-0.0101,74.8995,0.9899,0.9692,-3.08
457,Nyersanyagpiaci részvény eszközalap,2025-06-25,1.2919,2025-06-26,1.2791,-0.0099,30.0988,0.9901,0.9794,-2.06
458,Presztízs- és luxusmárkák rv. ea.,2025-06-25,3.3186,2025-06-26,3.276,-0.0128,76.2695,0.9872,0.9599,-4.01
459,USA részvény eszközalap,2025-06-25,4.1434,2025-06-26,4.1397,-0.0009,94.949,0.9991,0.9908,-0.92
460,Ázsia kötvény eszközalap,2025-06-25,2.2082,2025-06-26,2.2085,0.0001,51.1183,1.0001,0.9936,-0.64
461,Aktív hozamfigyelõ vegyes eszközalap - D,2025-06-26,0.9249,2025-06-27,0.9264,0.0016,22.1573,1.0016,0.9988,-0.12
462,Euró likviditás eszközalap - D,2025-06-26,0.9247,2025-06-27,0.9251,0.0005,22.1811,1.0005,0.999,-0.1
463,Európai ingatlancégek részv. eszközalap,2025-06-26,1.8982,2025-06-27,1.9083,0.0054,45.4676,1.0054,0.9791,-2.09
464,Európai kötvény eszközalap - D,2025-06-26,1.2318,2025-06-27,1.2328,0.0008,29.5914,1.0008,0.9938,-0.62
465,Európai részvény eszközalap,2025-06-26,2.4852,2025-06-27,2.4803,-0.002,60.2448,0.998,0.98,-2.0
466,Európai vállalati kötvény eszközalap,2025-06-26,1.3141,2025-06-27,1.3161,0.0015,31.5145,1.0015,0.9981,-0.19
467,Fejlõdõ piaci részvény ESG eszközalap-D,2025-06-26,1.0264,2025-06-27,1.0222,-0.0041,24.5581,0.9959,1.0002,0.02
468,Fejlõdõ ázsiai részvény eszközalap,2025-06-26,2.0361,2025-06-27,2.0249,-0.0055,47.5658,0.9945,1.0338,3.38
469,Fenntartható növekedés részvény eszk.,2025-06-26,2.9967,2025-06-27,2.9997,0.001,72.1773,1.001,0.9893,-1.07
470,Globális egészségügyi részvény eszk.,2025-06-26,3.1798,2025-06-27,3.2005,0.0065,76.7649,1.0065,1.0111,1.11
471,Globális növekedési részvény eszközalap,2025-06-26,2.2358,2025-06-27,2.2353,-0.0002,54.2427,0.9998,0.9752,-2.48
472,Kiegyensúlyozott vegyes eszközalap - D,2025-06-26,1.3687,2025-06-27,1.3689,0.0002,32.8486,1.0002,0.9953,-0.47
473,Latin-amerikai részvény eszközalap,2025-06-26,1.0757,2025-06-27,1.0769,0.001,26.0641,1.001,0.9835,-1.65
474,Magas kötvény arányú vegyes eszk. - D,2025-06-26,1.0908,2025-06-27,1.0912,0.0004,26.1958,1.0004,0.9945,-0.55
475,Magas védelmû vegyes eszközalap,2025-06-26,1.0873,2025-06-27,1.0869,-0.0003,26.1663,0.9997,0.9942,-0.58
476,Nemz. élelmiszeripari cégek rv. ea - D,2025-06-26,3.1819,2025-06-27,3.148,-0.0107,78.0814,0.9893,0.9588,-4.12
477,Nyersanyagpiaci részvény eszközalap,2025-06-26,1.2791,2025-06-27,1.2894,0.0081,31.3779,1.0081,0.9873,-1.27
478,Presztízs- és luxusmárkák rv. ea.,2025-06-26,3.276,2025-06-27,3.2772,0.0004,79.5455,1.0004,0.9603,-3.97
479,USA részvény eszközalap,2025-06-26,4.1397,2025-06-27,4.1441,0.0011,99.0887,1.0011,0.9918,-0.82
480,Ázsia kötvény eszközalap,2025-06-26,2.2085,2025-06-27,2.1877,-0.0094,53.3268,0.9906,0.9843,-1.57
481,Aktív hozamfigyelõ vegyes eszközalap - D,2025-06-27,0.9264,2025-06-28,0.928,0.0017,23.0837,1.0017,1.0005,0.05
482,Euró likviditás eszközalap - D,2025-06-27,0.9251,2025-06-28,0.9245,-0.0007,23.1062,0.9993,0.9983,-0.17
483,Európai ingatlancégek részv. eszközalap,2025-06-27,1.9083,2025-06-28,1.9159,0.0039,47.3759,1.0039,0.9829,-1.71
484,Európai kötvény eszközalap - D,2025-06-27,1.2328,2025-06-28,1.2303,-0.002,30.8242,0.998,0.9918,-0.82
485,Európai részvény eszközalap,2025-06-27,2.4803,2025-06-28,2.5187,0.0155,62.7251,1.0155,0.9952,-0.48
486,Európai vállalati kötvény eszközalap,2025-06-27,1.3161,2025-06-28,1.3133,-0.0022,32.8306,0.9978,0.9959,-0.41
487,Fejlõdõ piaci részvény ESG eszközalap-D,2025-06-27,1.0222,2025-06-28,1.0265,0.0042,25.5803,1.0042,1.0044,0.44
488,Fejlõdõ ázsiai részvény eszközalap,2025-06-27,2.0249,2025-06-28,2.0197,-0.0025,49.5907,0.9975,1.0312,3.12
489,Fenntartható növekedés részvény eszk.,2025-06-27,2.9997,2025-06-28,3.0255,0.0086,75.177,1.0086,0.9978,-0.22
490,Globális egészségügyi részvény eszk.,2025-06-27,3.2005,2025-06-28,3.203,0.0008,79.9654,1.0008,1.0119,1.19
491,Globális növekedési részvény eszközalap,2025-06-27,2.2353,2025-06-28,2.2504,0.0067,56.478,1.0067,0.9817,-1.83
492,Kiegyensúlyozott vegyes eszközalap - D,2025-06-27,1.3689,2025-06-28,1.3718,0.0021,34.2175,1.0021,0.9974,-0.26
493,Latin-amerikai részvény eszközalap,2025-06-27,1.0769,2025-06-28,1.085,0.0075,27.141,1.0075,0.9909,-0.91
494,Magas kötvény arányú vegyes eszk. - D,2025-06-27,1.0912,2025-06-28,1.0916,0.0004,27.287,1.0004,0.9949,-0.51
495,Magas védelmû vegyes eszközalap,2025-06-27,1.0869,2025-06-28,1.0899,0.0028,27.2532,1.0028,0.997,-0.3
496,Nemz. élelmiszeripari cégek rv. ea - D,2025-06-27,3.148,2025-06-28,3.1611,0.0042,81.2294,1.0042,0.9629,-3.71
497,Nyersanyagpiaci részvény eszközalap,2025-06-27,1.2894,2025-06-28,1.2933,0.003,32.6673,1.003,0.9903,-0.97
498,Presztízs- és luxusmárkák rv. ea.,2025-06-27,3.2772,2025-06-28,3.3415,0.0196,82.8227,1.0196,0.9791,-2.09
499,USA részvény eszközalap,2025-06-27,4.1441,2025-06-28,4.1657,0.0052,103.2328,1.0052,0.997,-0.3
500,Ázsia kötvény eszközalap,2025-06-27,2.1877,2025-06-28,2.192,0.002,55.5145,1.002,0.9863,-1.37
501,Aktív hozamfigyelõ vegyes eszközalap - D,2025-06-28,0.928,2025-06-28,0.928,0.0,24.0117,1.0,1.0005,0.05
502,Euró likviditás eszközalap - D,2025-06-28,0.9245,2025-06-28,0.9245,0.0,24.0307,1.0,0.9983,-0.17
503,Európai ingatlancégek részv. eszközalap,2025-06-28,1.9159,2025-06-28,1.9159,0.0,49.2918,1.0,0.9829,-1.71
504,Európai kötvény eszközalap - D,2025-06-28,1.2303,2025-06-28,1.2303,0.0,32.0545,1.0,0.9918,-0.82
505,Európai részvény eszközalap,2025-06-28,2.5187,2025-06-28,2.5187,0.0,65.2438,1.0,0.9952,-0.48
506,Európai vállalati kötvény eszközalap,2025-06-28,1.3133,2025-06-28,1.3133,0.0,34.1439,1.0,0.9959,-0.41
507,Fejlõdõ piaci részvény ESG eszközalap-D,2025-06-28,1.0265,2025-06-28,1.0265,0.0,26.6068,1.0,1.0044,0.44
508,Fejlõdõ ázsiai részvény eszközalap,2025-06-28,2.0197,2025-06-28,2.0197,0.0,51.6104,1.0,1.0312,3.12
509,Fenntartható növekedés részvény eszk.,2025-06-28,3.0255,2025-06-28,3.0255,0.0,78.2025,1.0,0.9978,-0.22
510,Globális egészségügyi részvény eszk.,2025-06-28,3.203,2025-06-28,3.203,0.0,83.1684,1.0,1.0119,1.19
511,Globális növekedési részvény eszközalap,2025-06-28,2.2504,2025-06-28,2.2504,0.0,58.7284,1.0,0.9817,-1.83
512,Kiegyensúlyozott vegyes eszközalap - D,2025-06-28,1.3718,2025-06-28,1.3718,0.0,35.5893,1.0,0.9974,-0.26
513,Latin-amerikai részvény eszközalap,2025-06-28,1.085,2025-06-28,1.085,0.0,28.226,1.0,0.9909,-0.91
514,Magas kötvény arányú vegyes eszk. - D,2025-06-28,1.0916,2025-06-28,1.0916,0.0,28.3786,1.0,0.9949,-0.51
515,Magas védelmû vegyes eszközalap,2025-06-28,1.0899,2025-06-28,1.0899,0.0,28.3431,1.0,0.997,-0.3
516,Nemz. élelmiszeripari cégek rv. ea - D,2025-06-28,3.1611,2025-06-28,3.1611,0.0,84.3905,1.0,0.9629,-3.71
517,Nyersanyagpiaci részvény eszközalap,2025-06-28,1.2933,2025-06-28,1.2933,0.0,33.9606,1.0,0.9903,-0.97
518,Presztízs- és luxusmárkák rv. ea.,2025-06-28,3.3415,2025-06-28,3.3415,0.0,86.1642,1.0,0.9791,-2.09
519,USA részvény eszközalap,2025-06-28,4.1657,2025-06-28,4.1657,0.0,107.3985,1.0,0.997,-0.3
520,Ázsia kötvény eszközalap,2025-06-28,2.192,2025-06-28,2.192,0.0,57.7065,1.0,0.9863,-1.37
521,Aktív hozamfigyelõ vegyes eszközalap - D,2025-06-29,0.928,2025-06-29,0.928,0.0,24.9397,1.0,1.0005,0.05
522,Euró likviditás eszközalap - D,2025-06-29,0.9245,2025-06-29,0.9245,0.0,24.9552,1.0,0.9983,-0.17
523,Európai ingatlancégek részv. eszközalap,2025-06-29,1.9159,2025-06-29,1.9159,0.0,51.2077,1.0,0.9829,-1.71
524,Európai kötvény eszközalap - D,2025-06-29,1.2303,2025-06-29,1.2303,0.0,33.2848,1.0,0.9918,-0.82
525,Európai részvény eszközalap,2025-06-29,2.5187,2025-06-29,2.5187,0.0,67.7625,1.0,0.9952,-0.48
526,Európai vállalati kötvény eszközalap,2025-06-29,1.3133,2025-06-29,1.3133,0.0,35.4572,1.0,0.9959,-0.41
527,Fejlõdõ piaci részvény ESG eszközalap-D,2025-06-29,1.0265,2025-06-29,1.0265,0.0,27.6333,1.0,1.0044,0.44
528,Fejlõdõ ázsiai részvény eszközalap,2025-06-29,2.0197,2025-06-29,2.0197,0.0,53.6301,1.0,1.0312,3.12
529,Fenntartható növekedés részvény eszk.,2025-06-29,3.0255,2025-06-29,3.0255,0.0,81.228,1.0,0.9978,-0.22
530,Globális egészségügyi részvény eszk.,2025-06-29,3.203,2025-06-29,3.203,0.0,86.3714,1.0,1.0119,1.19
531,Globális növekedési részvény eszközalap,2025-06-29,2.2504,2025-06-29,2.2504,0.0,60.9788,1.0,0.9817,-1.83
532,Kiegyensúlyozott vegyes eszközalap - D,2025-06-29,1.3718,2025-06-29,1.3718,0.0,36.9611,1.0,0.9974,-0.26
533,Latin-amerikai részvény eszközalap,2025-06-29,1.085,2025-06-29,1.085,0.0,29.311,1.0,0.9909,-0.91
534,Magas kötvény arányú vegyes eszk. - D,2025-06-29,1.0916,2025-06-29,1.0916,0.0,29.4702,1.0,0.9949,-0.51
535,Magas védelmû vegyes eszközalap,2025-06-29,1.0899,2025-06-29,1.0899,0.0,29.433,1.0,0.997,-0.3
536,Nemz. élelmiszeripari cégek rv. ea - D,2025-06-29,3.1611,2025-06-29,3.1611,0.0,87.5516,1.0,0.9629,-3.71
537,Nyersanyagpiaci részvény eszközalap,2025-06-29,1.2933,2025-06-29,1.2933,0.0,35.2539,1.0,0.9903,-0.97
538,Presztízs- és luxusmárkák rv. ea.,2025-06-29,3.3415,2025-06-29,3.3415,0.0,89.5057,1.0,0.9791,-2.09
539,USA részvény eszközalap,2025-06-29,4.1657,2025-06-29,4.1657,0.0,111.5642,1.0,0.997,-0.3
540,Ázsia kötvény eszközalap,2025-06-29,2.192,2025-06-29,2.192,0.0,59.8985,1.0,0.9863,-1.37
541,Aktív hozamfigyelõ vegyes eszközalap - D,2025-06-30,0.928,2025-06-30,0.928,0.0,25.8677,1.0,1.0005,0.05
542,Euró likviditás eszközalap - D,2025-06-30,0.9245,2025-06-30,0.9245,0.0,25.8797,1.0,0.9983,-0.17
543,Európai ingatlancégek részv. eszközalap,2025-06-30,1.9159,2025-06-30,1.9159,0.0,53.1236,1.0,0.9829,-1.71
544,Európai kötvény eszközalap - D,2025-06-30,1.2303,2025-06-30,1.2303,0.0,34.5151,1.0,0.9918,-0.82
545,Európai részvény eszközalap,2025-06-30,2.5187,2025-06-30,2.5187,0.0,70.2812,1.0,0.9952,-0.48
546,Európai vállalati kötvény eszközalap,2025-06-30,1.3133,2025-06-30,1.3133,0.0,36.7705,1.0,0.9959,-0.41
547,Fejlõdõ piaci részvény ESG eszközalap-D,2025-06-30,1.0265,2025-06-30,1.0265,0.0,28.6598,1.0,1.0044,0.44
548,Fejlõdõ ázsiai részvény eszközalap,2025-06-30,2.0197,2025-06-30,2.0197,0.0,55.6498,1.0,1.0312,3.12
549,Fenntartható növekedés részvény eszk.,2025-06-30,3.0255,2025-06-30,3.0255,0.0,84.2535,1.0,0.9978,-0.22
550,Globális egészségügyi részvény eszk.,2025-06-30,3.203,2025-06-30,3.203,0.0,89.5744,1.0,1.0119,1.19
551,Globális növekedési részvény eszközalap,2025-06-30,2.2504,2025-06-30,2.2504,0.0,63.2292,1.0,0.9817,-1.83
552,Kiegyensúlyozott vegyes eszközalap - D,2025-06-30,1.3718,2025-06-30,1.3718,0.0,38.3329,1.0,0.9974,-0.26
553,Latin-amerikai részvény eszközalap,2025-06-30,1.085,2025-06-30,1.085,0.0,30.396,1.0,0.9909,-0.91
554,Magas kötvény arányú vegyes eszk. - D,2025-06-30,1.0916,2025-06-30,1.0916,0.0,30.5618,1.0,0.9949,-0.51
555,Magas védelmû vegyes eszközalap,2025-06-30,1.0899,2025-06-30,1.0899,0.0,30.5229,1.0,0.997,-0.3
556,Nemz. élelmiszeripari cégek rv. ea - D,2025-06-30,3.1611,2025-06-30,3.1611,0.0,90.7127,1.0,0.9629,-3.71
557,Nyersanyagpiaci részvény eszközalap,2025-06-30,1.2933,2025-06-30,1.2933,0.0,36.5472,1.0,0.9903,-0.97
558,Presztízs- és luxusmárkák rv. ea.,2025-06-30,3.3415,2025-06-30,3.3415,0.0,92.8472,1.0,0.9791,-2.09
559,USA részvény eszközalap,2025-06-30,4.1657,2025-06-30,4.1657,0.0,115.7299,1.0,0.997,-0.3
560,Ázsia kötvény eszközalap,2025-06-30,2.192,2025-06-30,2.192,0.0,62.0905,1.0,0.9863,-1.37
561,Aktív hozamfigyelõ vegyes eszközalap - D,2025-07-01,0.9286,2025-07-02,0.9286,0.0,26.7963,1.0,1.0005,0.05
562,Euró likviditás eszközalap - D,2025-07-01,0.9248,2025-07-02,0.925,0.0002,26.8045,1.0002,0.9985,-0.15
563,Európai ingatlancégek részv. eszközalap,2025-07-01,1.912,2025-07-02,1.9225,0.0055,55.0356,1.0055,0.9883,-1.17
564,Európai kötvény eszközalap - D,2025-07-01,1.2312,2025-07-02,1.2332,0.0016,35.7463,1.0016,0.9934,-0.66
565,Európai részvény eszközalap,2025-07-01,2.5093,2025-07-02,2.4966,-0.0051,72.7905,0.9949,0.9901,-0.99
566,Európai vállalati kötvény eszközalap,2025-07-01,1.3146,2025-07-02,1.3169,0.0018,38.0851,1.0018,0.9977,-0.23
567,Fejlõdõ piaci részvény ESG eszközalap-D,2025-07-01,1.0174,2025-07-02,1.0202,0.0028,29.6772,1.0028,1.0072,0.72
568,Fejlõdõ ázsiai részvény eszközalap,2025-07-01,2.0138,2025-07-02,2.0137,0.0,57.6636,1.0,1.0312,3.12
569,Fenntartható növekedés részvény eszk.,2025-07-01,3.0244,2025-07-02,3.0074,-0.0056,87.2779,0.9944,0.9922,-0.78
570,Globális egészségügyi részvény eszk.,2025-07-01,3.1975,2025-07-02,3.2128,0.0048,92.7719,1.0048,1.0168,1.68
571,Globális növekedési részvény eszközalap,2025-07-01,2.2508,2025-07-02,2.2384,-0.0055,65.48,0.9945,0.9763,-2.37
572,Kiegyensúlyozott vegyes eszközalap - D,2025-07-01,1.3736,2025-07-02,1.3738,0.0002,39.7065,1.0002,0.9976,-0.24
573,Latin-amerikai részvény eszközalap,2025-07-01,1.0879,2025-07-02,1.0957,0.0072,31.4839,1.0072,0.998,-0.2
574,Magas kötvény arányú vegyes eszk. - D,2025-07-01,1.0927,2025-07-02,1.0938,0.001,31.6545,1.001,0.9959,-0.41
575,Magas védelmû vegyes eszközalap,2025-07-01,1.0894,2025-07-02,1.0885,-0.0008,31.6123,0.9992,0.9962,-0.38
576,Nemz. élelmiszeripari cégek rv. ea - D,2025-07-01,3.158,2025-07-02,3.1954,0.0118,93.8707,1.0118,0.9742,-2.58
577,Nyersanyagpiaci részvény eszközalap,2025-07-01,1.2873,2025-07-02,1.3008,0.0105,37.8345,1.0105,1.0007,0.07
578,Presztízs- és luxusmárkák rv. ea.,2025-07-01,3.3474,2025-07-02,3.3824,0.0105,96.1946,1.0105,0.9894,-1.06
579,USA részvény eszközalap,2025-07-01,4.1783,2025-07-02,4.1594,-0.0045,119.9082,0.9955,0.9925,-0.75
580,Ázsia kötvény eszközalap,2025-07-01,2.1914,2025-07-02,2.1809,-0.0048,64.2819,0.9952,0.9815,-1.85
581,Aktív hozamfigyelõ vegyes eszközalap - D,2025-07-02,0.9286,2025-07-03,0.9283,-0.0002,27.7249,0.9998,1.0003,0.03
582,Euró likviditás eszközalap - D,2025-07-02,0.925,2025-07-03,0.9247,-0.0003,27.7295,0.9997,0.9982,-0.18
583,Európai ingatlancégek részv. eszközalap,2025-07-02,1.9225,2025-07-03,1.8802,-0.022,56.9581,0.978,0.9665,-3.35
584,Európai kötvény eszközalap - D,2025-07-02,1.2332,2025-07-03,1.2298,-0.0027,36.9795,0.9973,0.9907,-0.93
585,Európai részvény eszközalap,2025-07-02,2.4966,2025-07-03,2.5049,0.0033,75.2871,1.0033,0.9934,-0.66
586,Európai vállalati kötvény eszközalap,2025-07-02,1.3169,2025-07-03,1.3164,-0.0004,39.402,0.9996,0.9973,-0.27
587,Fejlõdõ piaci részvény ESG eszközalap-D,2025-07-02,1.0202,2025-07-03,1.021,0.0008,30.6974,1.0008,1.008,0.8
588,Fejlõdõ ázsiai részvény eszközalap,2025-07-02,2.0137,2025-07-03,2.0128,-0.0005,59.6773,0.9995,1.0307,3.07
589,Fenntartható növekedés részvény eszk.,2025-07-02,3.0074,2025-07-03,3.0103,0.001,90.2853,1.001,0.9932,-0.68
590,Globális egészségügyi részvény eszk.,2025-07-02,3.2128,2025-07-03,3.2305,0.0055,95.9847,1.0055,1.0224,2.24
591,Globális növekedési részvény eszközalap,2025-07-02,2.2384,2025-07-03,2.2297,-0.0039,67.7184,0.9961,0.9725,-2.75
592,Kiegyensúlyozott vegyes eszközalap - D,2025-07-02,1.3738,2025-07-03,1.3727,-0.0008,41.0803,0.9992,0.9968,-0.32
593,Latin-amerikai részvény eszközalap,2025-07-02,1.0957,2025-07-03,1.0945,-0.001,32.5796,0.999,0.997,-0.3
594,Magas kötvény arányú vegyes eszk. - D,2025-07-02,1.0938,2025-07-03,1.0918,-0.0019,32.7483,0.9981,0.994,-0.6
595,Magas védelmû vegyes eszközalap,2025-07-02,1.0885,2025-07-03,1.0899,0.0013,32.7008,1.0013,0.9975,-0.25
596,Nemz. élelmiszeripari cégek rv. ea - D,2025-07-02,3.1954,2025-07-03,3.1761,-0.006,97.0661,0.994,0.9684,-3.16
597,Nyersanyagpiaci részvény eszközalap,2025-07-02,1.3008,2025-07-03,1.3173,0.0127,39.1353,1.0127,1.0134,1.34
598,Presztízs- és luxusmárkák rv. ea.,2025-07-02,3.3824,2025-07-03,3.4428,0.0179,99.577,1.0179,1.0071,0.71
599,USA részvény eszközalap,2025-07-02,4.1594,2025-07-03,4.1886,0.007,124.0676,1.007,0.9995,-0.05
600,Ázsia kötvény eszközalap,2025-07-02,2.1809,2025-07-03,2.1844,0.0016,66.4628,1.0016,0.9831,-1.69
601,Aktív hozamfigyelõ vegyes eszközalap - D,2025-07-03,0.9283,2025-07-04,0.9311,0.003,28.6532,1.003,1.0033,0.33
602,Euró likviditás eszközalap - D,2025-07-03,0.9247,2025-07-04,0.9252,0.0005,28.6542,1.0005,0.9987,-0.13
603,Európai ingatlancégek részv. eszközalap,2025-07-03,1.8802,2025-07-04,1.8885,0.0044,58.8383,1.0044,0.9708,-2.92
604,Európai kötvény eszközalap - D,2025-07-03,1.2298,2025-07-04,1.2329,0.0025,38.2093,1.0025,0.9932,-0.68
605,Európai részvény eszközalap,2025-07-03,2.5049,2025-07-04,2.5182,0.0053,77.792,1.0053,0.9987,-0.13
606,Európai vállalati kötvény eszközalap,2025-07-03,1.3164,2025-07-04,1.3196,0.0024,40.7184,1.0024,0.9997,-0.03
607,Fejlõdõ piaci részvény ESG eszközalap-D,2025-07-03,1.021,2025-07-04,1.0334,0.0122,31.7184,1.0122,1.0203,2.03
608,Fejlõdõ ázsiai részvény eszközalap,2025-07-03,2.0128,2025-07-04,2.0378,0.0124,61.6901,1.0124,1.0434,4.34
609,Fenntartható növekedés részvény eszk.,2025-07-03,3.0103,2025-07-04,3.042,0.0105,93.2956,1.0105,1.0036,0.36
610,Globális egészségügyi részvény eszk.,2025-07-03,3.2305,2025-07-04,3.2174,-0.0041,99.2152,0.9959,1.0182,1.82
611,Globális növekedési részvény eszközalap,2025-07-03,2.2297,2025-07-04,2.2521,0.0101,69.9481,1.0101,0.9823,-1.77
612,Kiegyensúlyozott vegyes eszközalap - D,2025-07-03,1.3727,2025-07-04,1.3799,0.0053,42.453,1.0053,1.002,0.2
613,Latin-amerikai részvény eszközalap,2025-07-03,1.0945,2025-07-04,1.1109,0.0149,33.6741,1.0149,1.0119,1.19
614,Magas kötvény arányú vegyes eszk. - D,2025-07-03,1.0918,2025-07-04,1.0961,0.0039,33.8401,1.0039,0.9979,-0.21
615,Magas védelmû vegyes eszközalap,2025-07-03,1.0899,2025-07-04,1.0909,0.0009,33.7907,1.0009,0.9984,-0.16
616,Nemz. élelmiszeripari cégek rv. ea - D,2025-07-03,3.1761,2025-07-04,3.1943,0.0057,100.2422,1.0057,0.9739,-2.61
617,Nyersanyagpiaci részvény eszközalap,2025-07-03,1.3173,2025-07-04,1.3229,0.0043,40.4526,1.0043,1.0177,1.77
618,Presztízs- és luxusmárkák rv. ea.,2025-07-03,3.4428,2025-07-04,3.4694,0.0077,103.0198,1.0077,1.0148,1.48
619,USA részvény eszközalap,2025-07-03,4.1886,2025-07-04,4.2284,0.0095,128.2562,1.0095,1.009,0.9
620,Ázsia kötvény eszközalap,2025-07-03,2.1844,2025-07-04,2.181,-0.0015,68.6472,0.9985,0.9816,-1.84
621,Aktív hozamfigyelõ vegyes eszközalap - D,2025-07-04,0.9311,2025-07-05,0.9311,0.0,29.5843,1.0,1.0033,0.33
622,Euró likviditás eszközalap - D,2025-07-04,0.9252,2025-07-05,0.9256,0.0004,29.5794,1.0004,0.9991,-0.09
623,Európai ingatlancégek részv. eszközalap,2025-07-04,1.8885,2025-07-05,1.8764,-0.0064,60.7268,0.9936,0.9646,-3.54
624,Európai kötvény eszközalap - D,2025-07-04,1.2329,2025-07-05,1.2344,0.0012,39.4422,1.0012,0.9944,-0.56
625,Európai részvény eszközalap,2025-07-04,2.5182,2025-07-05,2.4958,-0.0089,80.3102,0.9911,0.9898,-1.02
626,Európai vállalati kötvény eszközalap,2025-07-04,1.3196,2025-07-05,1.3209,0.001,42.038,1.001,1.0007,0.07
627,Fejlõdõ piaci részvény ESG eszközalap-D,2025-07-04,1.0334,2025-07-05,1.0234,-0.0097,32.7518,0.9903,1.0104,1.04
628,Fejlõdõ ázsiai részvény eszközalap,2025-07-04,2.0378,2025-07-05,2.0195,-0.009,63.7279,0.991,1.0341,3.41
629,Fenntartható növekedés részvény eszk.,2025-07-04,3.042,2025-07-05,3.0419,0.0,96.3376,1.0,1.0036,0.36
630,Globális egészségügyi részvény eszk.,2025-07-04,3.2174,2025-07-05,3.2224,0.0016,102.4326,1.0016,1.0198,1.98
631,Globális növekedési részvény eszközalap,2025-07-04,2.2521,2025-07-05,2.2521,0.0,72.2002,1.0,0.9823,-1.77
632,Kiegyensúlyozott vegyes eszközalap - D,2025-07-04,1.3799,2025-07-05,1.3809,0.0007,43.8329,1.0007,1.0027,0.27
633,Latin-amerikai részvény eszközalap,2025-07-04,1.1109,2025-07-05,1.1083,-0.0023,34.785,0.9977,1.0096,0.96
634,Magas kötvény arányú vegyes eszk. - D,2025-07-04,1.0961,2025-07-05,1.097,0.0009,34.9362,1.0009,0.9988,-0.12
635,Magas védelmû vegyes eszközalap,2025-07-04,1.0909,2025-07-05,1.0889,-0.0018,34.8816,0.9982,0.9966,-0.34
636,Nemz. élelmiszeripari cégek rv. ea - D,2025-07-04,3.1943,2025-07-05,3.1881,-0.0019,103.4365,0.9981,0.972,-2.8
637,Nyersanyagpiaci részvény eszközalap,2025-07-04,1.3229,2025-07-05,1.3138,-0.0069,41.7755,0.9931,1.0107,1.07
638,Presztízs- és luxusmárkák rv. ea.,2025-07-04,3.4694,2025-07-05,3.4326,-0.0106,106.4892,0.9894,1.0041,0.41
639,USA részvény eszközalap,2025-07-04,4.2284,2025-07-05,4.2283,0.0,132.4846,1.0,1.009,0.9
640,Ázsia kötvény eszközalap,2025-07-04,2.181,2025-07-05,2.1851,0.0019,70.8282,1.0019,0.9835,-1.65
641,Aktív hozamfigyelõ vegyes eszközalap - D,2025-07-05,0.9311,2025-07-05,0.9311,0.0,30.5154,1.0,1.0033,0.33
642,Euró likviditás eszközalap - D,2025-07-05,0.9256,2025-07-05,0.9256,0.0,30.505,1.0,0.9991,-0.09
643,Európai ingatlancégek részv. eszközalap,2025-07-05,1.8764,2025-07-05,1.8764,0.0,62.6032,1.0,0.9646,-3.54
644,Európai kötvény eszközalap - D,2025-07-05,1.2344,2025-07-05,1.2344,0.0,40.6766,1.0,0.9944,-0.56
645,Európai részvény eszközalap,2025-07-05,2.4958,2025-07-05,2.4958,0.0,82.806,1.0,0.9898,-1.02
646,Európai vállalati kötvény eszközalap,2025-07-05,1.3209,2025-07-05,1.3209,0.0,43.3589,1.0,1.0007,0.07
647,Fejlõdõ piaci részvény ESG eszközalap-D,2025-07-05,1.0234,2025-07-05,1.0234,0.0,33.7752,1.0,1.0104,1.04
648,Fejlõdõ ázsiai részvény eszközalap,2025-07-05,2.0195,2025-07-05,2.0195,0.0,65.7474,1.0,1.0341,3.41
649,Fenntartható növekedés részvény eszk.,2025-07-05,3.0419,2025-07-05,3.0419,0.0,99.3795,1.0,1.0036,0.36
650,Globális egészségügyi részvény eszk.,2025-07-05,3.2224,2025-07-05,3.2224,0.0,105.655,1.0,1.0198,1.98
651,Globális növekedési részvény eszközalap,2025-07-05,2.2521,2025-07-05,2.2521,0.0,74.4523,1.0,0.9823,-1.77
652,Kiegyensúlyozott vegyes eszközalap - D,2025-07-05,1.3809,2025-07-05,1.3809,0.0,45.2138,1.0,1.0027,0.27
653,Latin-amerikai részvény eszközalap,2025-07-05,1.1083,2025-07-05,1.1083,0.0,35.8933,1.0,1.0096,0.96
654,Magas kötvény arányú vegyes eszk. - D,2025-07-05,1.097,2025-07-05,1.097,0.0,36.0332,1.0,0.9988,-0.12
655,Magas védelmû vegyes eszközalap,2025-07-05,1.0889,2025-07-05,1.0889,0.0,35.9705,1.0,0.9966,-0.34
656,Nemz. élelmiszeripari cégek rv. ea - D,2025-07-05,3.1881,2025-07-05,3.1881,0.0,106.6246,1.0,0.972,-2.8
657,Nyersanyagpiaci részvény eszközalap,2025-07-05,1.3138,2025-07-05,1.3138,0.0,43.0893,1.0,1.0107,1.07
658,Presztízs- és luxusmárkák rv. ea.,2025-07-05,3.4326,2025-07-05,3.4326,0.0,109.9218,1.0,1.0041,0.41
659,USA részvény eszközalap,2025-07-05,4.2283,2025-07-05,4.2283,0.0,136.7129,1.0,1.009,0.9
660,Ázsia kötvény eszközalap,2025-07-05,2.1851,2025-07-05,2.1851,0.0,73.0133,1.0,0.9835,-1.65
661,Aktív hozamfigyelõ vegyes eszközalap - D,2025-07-06,0.9311,2025-07-06,0.9311,0.0,31.4465,1.0,1.0033,0.33
662,Euró likviditás eszközalap - D,2025-07-06,0.9256,2025-07-06,0.9256,0.0,31.4306,1.0,0.9991,-0.09
663,Európai ingatlancégek részv. eszközalap,2025-07-06,1.8764,2025-07-06,1.8764,0.0,64.4796,1.0,0.9646,-3.54
664,Európai kötvény eszközalap - D,2025-07-06,1.2344,2025-07-06,1.2344,0.0,41.911,1.0,0.9944,-0.56
665,Európai részvény eszközalap,2025-07-06,2.4958,2025-07-06,2.4958,0.0,85.3018,1.0,0.9898,-1.02
666,Európai vállalati kötvény eszközalap,2025-07-06,1.3209,2025-07-06,1.3209,0.0,44.6798,1.0,1.0007,0.07
667,Fejlõdõ piaci részvény ESG eszközalap-D,2025-07-06,1.0234,2025-07-06,1.0234,0.0,34.7986,1.0,1.0104,1.04
668,Fejlõdõ ázsiai részvény eszközalap,2025-07-06,2.0195,2025-07-06,2.0195,0.0,67.7669,1.0,1.0341,3.41
669,Fenntartható növekedés részvény eszk.,2025-07-06,3.0419,2025-07-06,3.0419,0.0,102.4214,1.0,1.0036,0.36
670,Globális egészségügyi részvény eszk.,2025-07-06,3.2224,2025-07-06,3.2224,0.0,108.8774,1.0,1.0198,1.98
671,Globális növekedési részvény eszközalap,2025-07-06,2.2521,2025-07-06,2.2521,0.0,76.7044,1.0,0.9823,-1.77
672,Kiegyensúlyozott vegyes eszközalap - D,2025-07-06,1.3809,2025-07-06,1.3809,0.0,46.5947,1.0,1.0027,0.27
673,Latin-amerikai részvény eszközalap,2025-07-06,1.1083,2025-07-06,1.1083,0.0,37.0016,1.0,1.0096,0.96
674,Magas kötvény arányú vegyes eszk. - D,2025-07-06,1.097,2025-07-06,1.097,0.0,37.1302,1.0,0.9988,-0.12
675,Magas védelmû vegyes eszközalap,2025-07-06,1.0889,2025-07-06,1.0889,0.0,37.0594,1.0,0.9966,-0.34
676,Nemz. élelmiszeripari cégek rv. ea - D,2025-07-06,3.1881,2025-07-06,3.1881,0.0,109.8127,1.0,0.972,-2.8
677,Nyersanyagpiaci részvény eszközalap,2025-07-06,1.3138,2025-07-06,1.3138,0.0,44.4031,1.0,1.0107,1.07
678,Presztízs- és luxusmárkák rv. ea.,2025-07-06,3.4326,2025-07-06,3.4326,0.0,113.3544,1.0,1.0041,0.41
679,USA részvény eszközalap,2025-07-06,4.2283,2025-07-06,4.2283,0.0,140.9412,1.0,1.009,0.9
680,Ázsia kötvény eszközalap,2025-07-06,2.1851,2025-07-06,2.1851,0.0,75.1984,1.0,0.9835,-1.65
681,Aktív hozamfigyelõ vegyes eszközalap - D,2025-07-07,0.9311,2025-07-07,0.9311,0.0,32.3776,1.0,1.0033,0.33
682,Euró likviditás eszközalap - D,2025-07-07,0.9256,2025-07-07,0.9256,0.0,32.3562,1.0,0.9991,-0.09
683,Európai ingatlancégek részv. eszközalap,2025-07-07,1.8764,2025-07-07,1.8764,0.0,66.356,1.0,0.9646,-3.54
684,Európai kötvény eszközalap - D,2025-07-07,1.2344,2025-07-07,1.2344,0.0,43.1454,1.0,0.9944,-0.56
685,Európai részvény eszközalap,2025-07-07,2.4958,2025-07-07,2.4958,0.0,87.7976,1.0,0.9898,-1.02
686,Európai vállalati kötvény eszközalap,2025-07-07,1.3209,2025-07-07,1.3209,0.0,46.0007,1.0,1.0007,0.07
687,Fejlõdõ piaci részvény ESG eszközalap-D,2025-07-07,1.0234,2025-07-07,1.0234,0.0,35.822,1.0,1.0104,1.04
688,Fejlõdõ ázsiai részvény eszközalap,2025-07-07,2.0195,2025-07-07,2.0195,0.0,69.7864,1.0,1.0341,3.41
689,Fenntartható növekedés részvény eszk.,2025-07-07,3.0419,2025-07-07,3.0419,0.0,105.4633,1.0,1.0036,0.36
690,Globális egészségügyi részvény eszk.,2025-07-07,3.2224,2025-07-07,3.2224,0.0,112.0998,1.0,1.0198,1.98
691,Globális növekedési részvény eszközalap,2025-07-07,2.2521,2025-07-07,2.2521,0.0,78.9565,1.0,0.9823,-1.77
692,Kiegyensúlyozott vegyes eszközalap - D,2025-07-07,1.3809,2025-07-07,1.3809,0.0,47.9756,1.0,1.0027,0.27
693,Latin-amerikai részvény eszközalap,2025-07-07,1.1083,2025-07-07,1.1083,0.0,38.1099,1.0,1.0096,0.96
694,Magas kötvény arányú vegyes eszk. - D,2025-07-07,1.097,2025-07-07,1.097,0.0,38.2272,1.0,0.9988,-0.12
695,Magas védelmû vegyes eszközalap,2025-07-07,1.0889,2025-07-07,1.0889,0.0,38.1483,1.0,0.9966,-0.34
696,Nemz. élelmiszeripari cégek rv. ea - D,2025-07-07,3.1881,2025-07-07,3.1881,0.0,113.0008,1.0,0.972,-2.8
697,Nyersanyagpiaci részvény eszközalap,2025-07-07,1.3138,2025-07-07,1.3138,0.0,45.7169,1.0,1.0107,1.07
698,Presztízs- és luxusmárkák rv. ea.,2025-07-07,3.4326,2025-07-07,3.4326,0.0,116.787,1.0,1.0041,0.41
699,USA részvény eszközalap,2025-07-07,4.2283,2025-07-07,4.2283,0.0,145.1695,1.0,1.009,0.9
700,Ázsia kötvény eszközalap,2025-07-07,2.1851,2025-07-07,2.1851,0.0,77.3835,1.0,0.9835,-1.65
701,Aktív hozamfigyelõ vegyes eszközalap - D,2025-07-08,0.9283,2025-07-09,0.9274,-0.001,33.3059,0.999,1.0022,0.22
702,Euró likviditás eszközalap - D,2025-07-08,0.9252,2025-07-09,0.9248,-0.0005,33.2814,0.9995,0.9986,-0.14
703,Európai ingatlancégek részv. eszközalap,2025-07-08,1.8724,2025-07-09,1.8516,-0.0111,68.2284,0.9889,0.9539,-4.61
704,Európai kötvény eszközalap - D,2025-07-08,1.2315,2025-07-09,1.2286,-0.0023,44.3769,0.9977,0.9921,-0.79
705,Európai részvény eszközalap,2025-07-08,2.5173,2025-07-09,2.5236,0.0025,90.3149,1.0025,0.9922,-0.78
706,Európai vállalati kötvény eszközalap,2025-07-08,1.3193,2025-07-09,1.3176,-0.0013,47.32,0.9987,0.9994,-0.06
707,Fejlõdõ piaci részvény ESG eszközalap-D,2025-07-08,1.0236,2025-07-09,1.0243,0.0007,36.8456,1.0007,1.0111,1.11
708,Fejlõdõ ázsiai részvény eszközalap,2025-07-08,2.0325,2025-07-09,2.0491,0.0082,71.8189,1.0082,1.0425,4.25
709,Fenntartható növekedés részvény eszk.,2025-07-08,3.0323,2025-07-09,3.034,0.0006,108.4956,1.0006,1.0042,0.42
710,Globális egészségügyi részvény eszk.,2025-07-08,3.2042,2025-07-09,3.2015,-0.0008,115.304,0.9992,1.019,1.9
711,Globális növekedési részvény eszközalap,2025-07-08,2.2422,2025-07-09,2.2472,0.0022,81.1987,1.0022,0.9845,-1.55
712,Kiegyensúlyozott vegyes eszközalap - D,2025-07-08,1.3778,2025-07-09,1.3758,-0.0014,49.3534,0.9986,1.0013,0.13
713,Latin-amerikai részvény eszközalap,2025-07-08,1.0986,2025-07-09,1.0886,-0.0091,39.2085,0.9909,1.0004,0.04
714,Magas kötvény arányú vegyes eszk. - D,2025-07-08,1.0944,2025-07-09,1.0923,-0.0019,39.3216,0.9981,0.9969,-0.31
715,Magas védelmû vegyes eszközalap,2025-07-08,1.0909,2025-07-09,1.0921,0.0012,39.2392,1.0012,0.9978,-0.22
716,Nemz. élelmiszeripari cégek rv. ea - D,2025-07-08,3.1965,2025-07-09,3.1853,-0.0035,116.1973,0.9965,0.9686,-3.14
717,Nyersanyagpiaci részvény eszközalap,2025-07-08,1.3147,2025-07-09,1.3154,0.0005,47.0316,1.0005,1.0112,1.12
718,Presztízs- és luxusmárkák rv. ea.,2025-07-08,3.4395,2025-07-09,3.4811,0.0121,120.2265,1.0121,1.0162,1.62
719,USA részvény eszközalap,2025-07-08,4.1973,2025-07-09,4.2023,0.0012,149.3668,1.0012,1.0102,1.02
720,Ázsia kötvény eszközalap,2025-07-08,2.1904,2025-07-09,2.1824,-0.0036,79.5739,0.9964,0.9799,-2.01
721,Aktív hozamfigyelõ vegyes eszközalap - D,2025-07-09,0.9274,2025-07-10,0.9304,0.0033,34.2333,1.0033,1.0056,0.56
722,Euró likviditás eszközalap - D,2025-07-09,0.9248,2025-07-10,0.925,0.0002,34.2062,1.0002,0.9988,-0.12
723,Európai ingatlancégek részv. eszközalap,2025-07-09,1.8516,2025-07-10,1.8641,0.0067,70.08,1.0067,0.9603,-3.97
724,Európai kötvény eszközalap - D,2025-07-09,1.2286,2025-07-10,1.2297,0.0009,45.6055,1.0009,0.993,-0.7
725,Európai részvény eszközalap,2025-07-09,2.5236,2025-07-10,2.5534,0.0118,92.8385,1.0118,1.0039,0.39
726,Európai vállalati kötvény eszközalap,2025-07-09,1.3176,2025-07-10,1.3187,0.0008,48.6376,1.0008,1.0002,0.02
727,Fejlõdõ piaci részvény ESG eszközalap-D,2025-07-09,1.0243,2025-07-10,1.0231,-0.0012,37.8699,0.9988,1.0099,0.99
728,Fejlõdõ ázsiai részvény eszközalap,2025-07-09,2.0491,2025-07-10,2.0509,0.0009,73.868,1.0009,1.0435,4.35
729,Fenntartható növekedés részvény eszk.,2025-07-09,3.034,2025-07-10,3.0479,0.0046,111.5296,1.0046,1.0089,0.89
730,Globális egészségügyi részvény eszk.,2025-07-09,3.2015,2025-07-10,3.204,0.0008,118.5055,1.0008,1.0198,1.98
731,Globális növekedési részvény eszközalap,2025-07-09,2.2472,2025-07-10,2.2476,0.0002,83.4459,1.0002,0.9847,-1.53
732,Kiegyensúlyozott vegyes eszközalap - D,2025-07-09,1.3758,2025-07-10,1.3785,0.002,50.7292,1.002,1.0033,0.33
733,Latin-amerikai részvény eszközalap,2025-07-09,1.0886,2025-07-10,1.0861,-0.0023,40.2971,0.9977,0.9981,-0.19
734,Magas kötvény arányú vegyes eszk. - D,2025-07-09,1.0923,2025-07-10,1.0939,0.0015,40.4139,1.0015,0.9984,-0.16
735,Magas védelmû vegyes eszközalap,2025-07-09,1.0921,2025-07-10,1.0955,0.003,40.3313,1.003,1.0008,0.08
736,Nemz. élelmiszeripari cégek rv. ea - D,2025-07-09,3.1853,2025-07-10,3.1608,-0.0077,119.3826,0.9923,0.9612,-3.88
737,Nyersanyagpiaci részvény eszközalap,2025-07-09,1.3154,2025-07-10,1.3139,-0.0012,48.347,0.9988,1.01,1.0
738,Presztízs- és luxusmárkák rv. ea.,2025-07-09,3.4811,2025-07-10,3.4892,0.0023,123.7076,1.0023,1.0186,1.86
739,USA részvény eszközalap,2025-07-09,4.2023,2025-07-10,4.2202,0.0042,153.5691,1.0042,1.0144,1.44
740,Ázsia kötvény eszközalap,2025-07-09,2.1824,2025-07-10,2.1905,0.0037,81.7563,1.0037,0.9836,-1.64
741,Aktív hozamfigyelõ vegyes eszközalap - D,2025-07-10,0.9304,2025-07-11,0.9305,0.0001,35.1637,1.0001,1.0057,0.57
742,Euró likviditás eszközalap - D,2025-07-10,0.925,2025-07-11,0.9245,-0.0005,35.1312,0.9995,0.9983,-0.17
743,Európai ingatlancégek részv. eszközalap,2025-07-10,1.8641,2025-07-11,1.8576,-0.0035,71.9441,0.9965,0.9569,-4.31
744,Európai kötvény eszközalap - D,2025-07-10,1.2297,2025-07-11,1.2273,-0.002,46.8352,0.998,0.991,-0.9
745,Európai részvény eszközalap,2025-07-10,2.5534,2025-07-11,2.5507,-0.0011,95.3919,0.9989,1.0028,0.28
746,Európai vállalati kötvény eszközalap,2025-07-10,1.3187,2025-07-11,1.3172,-0.0011,49.9563,0.9989,0.9991,-0.09
747,Fejlõdõ piaci részvény ESG eszközalap-D,2025-07-10,1.0231,2025-07-11,1.0273,0.0041,38.893,1.0041,1.014,1.4
748,Fejlõdõ ázsiai részvény eszközalap,2025-07-10,2.0509,2025-07-11,2.0544,0.0017,75.9189,1.0017,1.0452,4.52
749,Fenntartható növekedés részvény eszk.,2025-07-10,3.0479,2025-07-11,3.0518,0.0013,114.5775,1.0013,1.0102,1.02
750,Globális egészségügyi részvény eszk.,2025-07-10,3.204,2025-07-11,3.2298,0.008,121.7095,1.008,1.028,2.8
751,Globális növekedési részvény eszközalap,2025-07-10,2.2476,2025-07-11,2.2523,0.0021,85.6935,1.0021,0.9867,-1.33
752,Kiegyensúlyozott vegyes eszközalap - D,2025-07-10,1.3785,2025-07-11,1.38,0.0011,52.1077,1.0011,1.0044,0.44
753,Latin-amerikai részvény eszközalap,2025-07-10,1.0861,2025-07-11,1.0627,-0.0216,41.3832,0.9784,0.9765,-2.35
754,Magas kötvény arányú vegyes eszk. - D,2025-07-10,1.0939,2025-07-11,1.0935,-0.0003,41.5078,0.9997,0.9981,-0.19
755,Magas védelmû vegyes eszközalap,2025-07-10,1.0955,2025-07-11,1.0953,-0.0001,41.4268,0.9999,1.0007,0.07
756,Nemz. élelmiszeripari cégek rv. ea - D,2025-07-10,3.1608,2025-07-11,3.184,0.0074,122.5434,1.0074,0.9683,-3.17
757,Nyersanyagpiaci részvény eszközalap,2025-07-10,1.3139,2025-07-11,1.3353,0.0163,49.6609,1.0163,1.0265,2.65
758,Presztízs- és luxusmárkák rv. ea.,2025-07-10,3.4892,2025-07-11,3.554,0.0186,127.1968,1.0186,1.0375,3.75
759,USA részvény eszközalap,2025-07-10,4.2202,2025-07-11,4.2421,0.0052,157.7893,1.0052,1.0197,1.97
760,Ázsia kötvény eszközalap,2025-07-10,2.1905,2025-07-11,2.1917,0.0005,83.9468,1.0005,0.9841,-1.59
761,Aktív hozamfigyelõ vegyes eszközalap - D,2025-07-11,0.9305,2025-07-12,0.9269,-0.0039,36.0942,0.9961,1.0017,0.17
762,Euró likviditás eszközalap - D,2025-07-11,0.9245,2025-07-12,0.9242,-0.0003,36.0557,0.9997,0.998,-0.2
763,Európai ingatlancégek részv. eszközalap,2025-07-11,1.8576,2025-07-12,1.8458,-0.0063,73.8017,0.9937,0.9509,-4.91
764,Európai kötvény eszközalap - D,2025-07-11,1.2273,2025-07-12,1.2254,-0.0015,48.0625,0.9985,0.9895,-1.05
765,Európai részvény eszközalap,2025-07-11,2.5507,2025-07-12,2.5312,-0.0076,97.9426,0.9924,0.9952,-0.48
766,Európai vállalati kötvény eszközalap,2025-07-11,1.3172,2025-07-12,1.3157,-0.0011,51.2735,0.9989,0.998,-0.2
767,Fejlõdõ piaci részvény ESG eszközalap-D,2025-07-11,1.0273,2025-07-12,1.0236,-0.0036,39.9203,0.9964,1.0104,1.04
768,Fejlõdõ ázsiai részvény eszközalap,2025-07-11,2.0544,2025-07-12,2.0428,-0.0056,77.9733,0.9944,1.0394,3.94
769,Fenntartható növekedés részvény eszk.,2025-07-11,3.0518,2025-07-12,3.0327,-0.0063,117.6293,0.9937,1.0038,0.38
770,Globális egészségügyi részvény eszk.,2025-07-11,3.2298,2025-07-12,3.2142,-0.0048,124.9393,0.9952,1.0231,2.31
771,Globális növekedési részvény eszközalap,2025-07-11,2.2523,2025-07-12,2.2332,-0.0085,87.9458,0.9915,0.9783,-2.17
772,Kiegyensúlyozott vegyes eszközalap - D,2025-07-11,1.38,2025-07-12,1.3765,-0.0025,53.4877,0.9975,1.0019,0.19
773,Latin-amerikai részvény eszközalap,2025-07-11,1.0627,2025-07-12,1.0455,-0.0161,42.4459,0.9839,0.9608,-3.92
774,Magas kötvény arányú vegyes eszk. - D,2025-07-11,1.0935,2025-07-12,1.0912,-0.0022,42.6013,0.9978,0.9959,-0.41
775,Magas védelmû vegyes eszközalap,2025-07-11,1.0953,2025-07-12,1.0926,-0.0025,42.5221,0.9975,0.9982,-0.18
776,Nemz. élelmiszeripari cégek rv. ea - D,2025-07-11,3.184,2025-07-12,3.1542,-0.0094,125.7274,0.9906,0.9592,-4.08
777,Nyersanyagpiaci részvény eszközalap,2025-07-11,1.3353,2025-07-12,1.3194,-0.0119,50.9962,0.9881,1.0142,1.42
778,Presztízs- és luxusmárkák rv. ea.,2025-07-11,3.554,2025-07-12,3.5244,-0.0083,130.7508,0.9917,1.0289,2.89
779,USA részvény eszközalap,2025-07-11,4.2421,2025-07-12,4.2232,-0.0045,162.0314,0.9955,1.0151,1.51
780,Ázsia kötvény eszközalap,2025-07-11,2.1917,2025-07-12,2.1971,0.0025,86.1385,1.0025,0.9865,-1.35
781,Aktív hozamfigyelõ vegyes eszközalap - D,2025-07-12,0.9269,2025-07-12,0.9269,0.0,37.0211,1.0,1.0017,0.17
782,Euró likviditás eszközalap - D,2025-07-12,0.9242,2025-07-12,0.9242,0.0,36.9799,1.0,0.998,-0.2
783,Európai ingatlancégek részv. eszközalap,2025-07-12,1.8458,2025-07-12,1.8458,0.0,75.6475,1.0,0.9509,-4.91
784,Európai kötvény eszközalap - D,2025-07-12,1.2254,2025-07-12,1.2254,0.0,49.2879,1.0,0.9895,-1.05
785,Európai részvény eszközalap,2025-07-12,2.5312,2025-07-12,2.5312,0.0,100.4738,1.0,0.9952,-0.48
786,Európai vállalati kötvény eszközalap,2025-07-12,1.3157,2025-07-12,1.3157,0.0,52.5892,1.0,0.998,-0.2
787,Fejlõdõ piaci részvény ESG eszközalap-D,2025-07-12,1.0236,2025-07-12,1.0236,0.0,40.9439,1.0,1.0104,1.04
788,Fejlõdõ ázsiai részvény eszközalap,2025-07-12,2.0428,2025-07-12,2.0428,0.0,80.0161,1.0,1.0394,3.94
789,Fenntartható növekedés részvény eszk.,2025-07-12,3.0327,2025-07-12,3.0327,0.0,120.662,1.0,1.0038,0.38
790,Globális egészségügyi részvény eszk.,2025-07-12,3.2142,2025-07-12,3.2142,0.0,128.1535,1.0,1.0231,2.31
791,Globális növekedési részvény eszközalap,2025-07-12,2.2332,2025-07-12,2.2332,0.0,90.179,1.0,0.9783,-2.17
792,Kiegyensúlyozott vegyes eszközalap - D,2025-07-12,1.3765,2025-07-12,1.3765,0.0,54.8642,1.0,1.0019,0.19
793,Latin-amerikai részvény eszközalap,2025-07-12,1.0455,2025-07-12,1.0455,0.0,43.4914,1.0,0.9608,-3.92
794,Magas kötvény arányú vegyes eszk. - D,2025-07-12,1.0912,2025-07-12,1.0912,0.0,43.6925,1.0,0.9959,-0.41
795,Magas védelmû vegyes eszközalap,2025-07-12,1.0926,2025-07-12,1.0926,0.0,43.6147,1.0,0.9982,-0.18
796,Nemz. élelmiszeripari cégek rv. ea - D,2025-07-12,3.1542,2025-07-12,3.1542,0.0,128.8816,1.0,0.9592,-4.08
797,Nyersanyagpiaci részvény eszközalap,2025-07-12,1.3194,2025-07-12,1.3194,0.0,52.3156,1.0,1.0142,1.42
798,Presztízs- és luxusmárkák rv. ea.,2025-07-12,3.5244,2025-07-12,3.5244,0.0,134.2752,1.0,1.0289,2.89
799,USA részvény eszközalap,2025-07-12,4.2232,2025-07-12,4.2232,0.0,166.2546,1.0,1.0151,1.51
800,Ázsia kötvény eszközalap,2025-07-12,2.1971,2025-07-12,2.1971,0.0,88.3356,1.0,0.9865,-1.35
801,Aktív hozamfigyelõ vegyes eszközalap - D,2025-07-13,0.9269,2025-07-13,0.9269,0.0,37.948,1.0,1.0017,0.17
802,Euró likviditás eszközalap - D,2025-07-13,0.9242,2025-07-13,0.9242,0.0,37.9041,1.0,0.998,-0.2
803,Európai ingatlancégek részv. eszközalap,2025-07-13,1.8458,2025-07-13,1.8458,0.0,77.4933,1.0,0.9509,-4.91
804,Európai kötvény eszközalap - D,2025-07-13,1.2254,2025-07-13,1.2254,0.0,50.5133,1.0,0.9895,-1.05
805,Európai részvény eszközalap,2025-07-13,2.5312,2025-07-13,2.5312,0.0,103.005,1.0,0.9952,-0.48
806,Európai vállalati kötvény eszközalap,2025-07-13,1.3157,2025-07-13,1.3157,0.0,53.9049,1.0,0.998,-0.2
807,Fejlõdõ piaci részvény ESG eszközalap-D,2025-07-13,1.0236,2025-07-13,1.0236,0.0,41.9675,1.0,1.0104,1.04
808,Fejlõdõ ázsiai részvény eszközalap,2025-07-13,2.0428,2025-07-13,2.0428,0.0,82.0589,1.0,1.0394,3.94
809,Fenntartható növekedés részvény eszk.,2025-07-13,3.0327,2025-07-13,3.0327,0.0,123.6947,1.0,1.0038,0.38
810,Globális egészségügyi részvény eszk.,2025-07-13,3.2142,2025-07-13,3.2142,0.0,131.3677,1.0,1.0231,2.31
811,Globális növekedési részvény eszközalap,2025-07-13,2.2332,2025-07-13,2.2332,0.0,92.4122,1.0,0.9783,-2.17
812,Kiegyensúlyozott vegyes eszközalap - D,2025-07-13,1.3765,2025-07-13,1.3765,0.0,56.2407,1.0,1.0019,0.19
813,Latin-amerikai részvény eszközalap,2025-07-13,1.0455,2025-07-13,1.0455,0.0,44.5369,1.0,0.9608,-3.92
814,Magas kötvény arányú vegyes eszk. - D,2025-07-13,1.0912,2025-07-13,1.0912,0.0,44.7837,1.0,0.9959,-0.41
815,Magas védelmû vegyes eszközalap,2025-07-13,1.0926,2025-07-13,1.0926,0.0,44.7073,1.0,0.9982,-0.18
816,Nemz. élelmiszeripari cégek rv. ea - D,2025-07-13,3.1542,2025-07-13,3.1542,0.0,132.0358,1.0,0.9592,-4.08
817,Nyersanyagpiaci részvény eszközalap,2025-07-13,1.3194,2025-07-13,1.3194,0.0,53.635,1.0,1.0142,1.42
818,Presztízs- és luxusmárkák rv. ea.,2025-07-13,3.5244,2025-07-13,3.5244,0.0,137.7996,1.0,1.0289,2.89
819,USA részvény eszközalap,2025-07-13,4.2232,2025-07-13,4.2232,0.0,170.4778,1.0,1.0151,1.51
820,Ázsia kötvény eszközalap,2025-07-13,2.1971,2025-07-13,2.1971,0.0,90.5327,1.0,0.9865,-1.35
821,Aktív hozamfigyelõ vegyes eszközalap - D,2025-07-14,0.9269,2025-07-14,0.9269,0.0,38.8749,1.0,1.0017,0.17
822,Euró likviditás eszközalap - D,2025-07-14,0.9242,2025-07-14,0.9242,0.0,38.8283,1.0,0.998,-0.2
823,Európai ingatlancégek részv. eszközalap,2025-07-14,1.8458,2025-07-14,1.8458,0.0,79.3391,1.0,0.9509,-4.91
824,Európai kötvény eszközalap - D,2025-07-14,1.2254,2025-07-14,1.2254,0.0,51.7387,1.0,0.9895,-1.05
825,Európai részvény eszközalap,2025-07-14,2.5312,2025-07-14,2.5312,0.0,105.5362,1.0,0.9952,-0.48
826,Európai vállalati kötvény eszközalap,2025-07-14,1.3157,2025-07-14,1.3157,0.0,55.2206,1.0,0.998,-0.2
827,Fejlõdõ piaci részvény ESG eszközalap-D,2025-07-14,1.0236,2025-07-14,1.0236,0.0,42.9911,1.0,1.0104,1.04
828,Fejlõdõ ázsiai részvény eszközalap,2025-07-14,2.0428,2025-07-14,2.0428,0.0,84.1017,1.0,1.0394,3.94
829,Fenntartható növekedés részvény eszk.,2025-07-14,3.0327,2025-07-14,3.0327,0.0,126.7274,1.0,1.0038,0.38
830,Globális egészségügyi részvény eszk.,2025-07-14,3.2142,2025-07-14,3.2142,0.0,134.5819,1.0,1.0231,2.31
831,Globális növekedési részvény eszközalap,2025-07-14,2.2332,2025-07-14,2.2332,0.0,94.6454,1.0,0.9783,-2.17
832,Kiegyensúlyozott vegyes eszközalap - D,2025-07-14,1.3765,2025-07-14,1.3765,0.0,57.6172,1.0,1.0019,0.19
833,Latin-amerikai részvény eszközalap,2025-07-14,1.0455,2025-07-14,1.0455,0.0,45.5824,1.0,0.9608,-3.92
834,Magas kötvény arányú vegyes eszk. - D,2025-07-14,1.0912,2025-07-14,1.0912,0.0,45.8749,1.0,0.9959,-0.41
835,Magas védelmû vegyes eszközalap,2025-07-14,1.0926,2025-07-14,1.0926,0.0,45.7999,1.0,0.9982,-0.18
836,Nemz. élelmiszeripari cégek rv. ea - D,2025-07-14,3.1542,2025-07-14,3.1542,0.0,135.19,1.0,0.9592,-4.08
837,Nyersanyagpiaci részvény eszközalap,2025-07-14,1.3194,2025-07-14,1.3194,0.0,54.9544,1.0,1.0142,1.42
838,Presztízs- és luxusmárkák rv. ea.,2025-07-14,3.5244,2025-07-14,3.5244,0.0,141.324,1.0,1.0289,2.89
839,USA részvény eszközalap,2025-07-14,4.2232,2025-07-14,4.2232,0.0,174.701,1.0,1.0151,1.51
840,Ázsia kötvény eszközalap,2025-07-14,2.1971,2025-07-14,2.1971,0.0,92.7298,1.0,0.9865,-1.35
841,Aktív hozamfigyelõ vegyes eszközalap - D,2025-07-15,0.9272,2025-07-16,0.9263,-0.001,39.8021,0.999,1.0007,0.07
842,Euró likviditás eszközalap - D,2025-07-15,0.9246,2025-07-16,0.925,0.0004,39.7529,1.0004,0.9984,-0.16
843,Európai ingatlancégek részv. eszközalap,2025-07-15,1.848,2025-07-16,1.8464,-0.0008,81.1871,0.9992,0.9501,-4.99
844,Európai kötvény eszközalap - D,2025-07-15,1.2257,2025-07-16,1.2279,0.0018,52.9644,1.0018,0.9913,-0.87
845,Európai részvény eszközalap,2025-07-15,2.5244,2025-07-16,2.516,-0.0033,108.0606,0.9967,0.9919,-0.81
846,Európai vállalati kötvény eszközalap,2025-07-15,1.3165,2025-07-16,1.3179,0.0011,56.5371,1.0011,0.9991,-0.09
847,Fejlõdõ piaci részvény ESG eszközalap-D,2025-07-15,1.022,2025-07-16,1.0348,0.0125,44.0131,1.0125,1.023,2.3
848,Fejlõdõ ázsiai részvény eszközalap,2025-07-15,2.0543,2025-07-16,2.0853,0.0151,86.156,1.0151,1.0551,5.51
849,Fenntartható növekedés részvény eszk.,2025-07-15,3.0347,2025-07-16,3.0371,0.0008,129.7621,1.0008,1.0046,0.46
850,Globális egészségügyi részvény eszk.,2025-07-15,3.201,2025-07-16,3.1958,-0.0016,137.7829,0.9984,1.0214,2.14
851,Globális növekedési részvény eszközalap,2025-07-15,2.2403,2025-07-16,2.2349,-0.0024,96.8857,0.9976,0.976,-2.4
852,Kiegyensúlyozott vegyes eszközalap - D,2025-07-15,1.376,2025-07-16,1.3791,0.0023,58.9932,1.0023,1.0042,0.42
853,Latin-amerikai részvény eszközalap,2025-07-15,1.0432,2025-07-16,1.0494,0.0059,46.6256,1.0059,0.9665,-3.35
854,Magas kötvény arányú vegyes eszk. - D,2025-07-15,1.0908,2025-07-16,1.093,0.0021,46.9657,1.0021,0.998,-0.2
855,Magas védelmû vegyes eszközalap,2025-07-15,1.0921,2025-07-16,1.0915,-0.0006,46.892,0.9994,0.9976,-0.24
856,Nemz. élelmiszeripari cégek rv. ea - D,2025-07-15,3.1618,2025-07-16,3.1553,-0.0021,138.3518,0.9979,0.9572,-4.28
857,Nyersanyagpiaci részvény eszközalap,2025-07-15,1.3208,2025-07-16,1.3099,-0.0083,56.2752,0.9917,1.0058,0.58
858,Presztízs- és luxusmárkák rv. ea.,2025-07-15,3.5119,2025-07-16,3.5166,0.0013,144.8359,1.0013,1.0302,3.02
859,USA részvény eszközalap,2025-07-15,4.234,2025-07-16,4.237,0.0007,178.935,1.0007,1.0158,1.58
860,Ázsia kötvény eszközalap,2025-07-15,2.1956,2025-07-16,2.1949,-0.0003,94.9254,0.9997,0.9862,-1.38
861,Aktív hozamfigyelõ vegyes eszközalap - D,2025-07-16,0.9263,2025-07-17,0.9267,0.0005,40.7284,1.0005,1.0012,0.12
862,Euró likviditás eszközalap - D,2025-07-16,0.925,2025-07-17,0.9253,0.0003,40.6779,1.0003,0.9987,-0.13
863,Európai ingatlancégek részv. eszközalap,2025-07-16,1.8464,2025-07-17,1.8297,-0.009,83.0335,0.991,0.9416,-5.84
864,Európai kötvény eszközalap - D,2025-07-16,1.2279,2025-07-17,1.2293,0.0011,54.1923,1.0011,0.9924,-0.76
865,Európai részvény eszközalap,2025-07-16,2.516,2025-07-17,2.4923,-0.0094,110.5766,0.9906,0.9826,-1.74
866,Európai vállalati kötvény eszközalap,2025-07-16,1.3179,2025-07-17,1.3184,0.0004,57.855,1.0004,0.9995,-0.05
867,Fejlõdõ piaci részvény ESG eszközalap-D,2025-07-16,1.0348,2025-07-17,1.0323,-0.0024,45.0479,0.9976,1.0206,2.06
868,Fejlõdõ ázsiai részvény eszközalap,2025-07-16,2.0853,2025-07-17,2.0858,0.0002,88.2413,1.0002,1.0553,5.53
869,Fenntartható növekedés részvény eszk.,2025-07-16,3.0371,2025-07-17,3.0344,-0.0009,132.7992,0.9991,1.0037,0.37
870,Globális egészségügyi részvény eszk.,2025-07-16,3.1958,2025-07-17,3.175,-0.0065,140.9787,0.9935,1.0148,1.48
871,Globális növekedési részvény eszközalap,2025-07-16,2.2349,2025-07-17,2.2377,0.0013,99.1206,1.0013,0.9773,-2.27
872,Kiegyensúlyozott vegyes eszközalap - D,2025-07-16,1.3791,2025-07-17,1.3813,0.0015,60.3723,1.0015,1.0057,0.57
873,Latin-amerikai részvény eszközalap,2025-07-16,1.0494,2025-07-17,1.0429,-0.0062,47.675,0.9938,0.9605,-3.95
874,Magas kötvény arányú vegyes eszk. - D,2025-07-16,1.093,2025-07-17,1.0944,0.0013,48.0587,1.0013,0.9993,-0.07
875,Magas védelmû vegyes eszközalap,2025-07-16,1.0915,2025-07-17,1.0897,-0.0017,47.9835,0.9983,0.9959,-0.41
876,Nemz. élelmiszeripari cégek rv. ea - D,2025-07-16,3.1553,2025-07-17,3.1333,-0.007,141.5071,0.993,0.9505,-4.95
877,Nyersanyagpiaci részvény eszközalap,2025-07-16,1.3099,2025-07-17,1.2943,-0.0119,57.5851,0.9881,0.9939,-0.61
878,Presztízs- és luxusmárkák rv. ea.,2025-07-16,3.5166,2025-07-17,3.4949,-0.0062,148.3525,0.9938,1.0238,2.38
879,USA részvény eszközalap,2025-07-16,4.237,2025-07-17,4.2548,0.0042,183.172,1.0042,1.0201,2.01
880,Ázsia kötvény eszközalap,2025-07-16,2.1949,2025-07-17,2.2048,0.0045,97.1203,1.0045,0.9907,-0.93
881,Aktív hozamfigyelõ vegyes eszközalap - D,2025-07-17,0.9267,2025-07-18,0.9297,0.0032,41.6551,1.0032,1.0044,0.44
882,Euró likviditás eszközalap - D,2025-07-17,0.9253,2025-07-18,0.9253,0.0,41.6032,1.0,0.9987,-0.13
883,Európai ingatlancégek részv. eszközalap,2025-07-17,1.8297,2025-07-18,1.8365,0.0037,84.8632,1.0037,0.945,-5.5
884,Európai kötvény eszközalap - D,2025-07-17,1.2293,2025-07-18,1.2302,0.0008,55.4216,1.0008,0.9932,-0.68
885,Európai részvény eszközalap,2025-07-17,2.4923,2025-07-18,2.5292,0.0148,113.0689,1.0148,0.9972,-0.28
886,Európai vállalati kötvény eszközalap,2025-07-17,1.3184,2025-07-18,1.3192,0.0006,59.1734,1.0006,1.0001,0.01
887,Fejlõdõ piaci részvény ESG eszközalap-D,2025-07-17,1.0323,2025-07-18,1.0394,0.0069,46.0802,1.0069,1.0276,2.76
888,Fejlõdõ ázsiai részvény eszközalap,2025-07-17,2.0858,2025-07-18,2.097,0.0054,90.3271,1.0054,1.061,6.1
889,Fenntartható növekedés részvény eszk.,2025-07-17,3.0344,2025-07-18,3.0637,0.0097,135.8336,1.0097,1.0134,1.34
890,Globális egészségügyi részvény eszk.,2025-07-17,3.175,2025-07-18,3.1464,-0.009,144.1537,0.991,1.0056,0.56
891,Globális növekedési részvény eszközalap,2025-07-17,2.2377,2025-07-18,2.2692,0.014,101.3583,1.014,0.9909,-0.91
892,Kiegyensúlyozott vegyes eszközalap - D,2025-07-17,1.3813,2025-07-18,1.3872,0.0043,61.7536,1.0043,1.0101,1.01
893,Latin-amerikai részvény eszközalap,2025-07-17,1.0429,2025-07-18,1.0601,0.0165,48.7179,1.0165,0.9763,-2.37
894,Magas kötvény arányú vegyes eszk. - D,2025-07-17,1.0944,2025-07-18,1.0973,0.0027,49.1531,1.0027,1.002,0.2
895,Magas védelmû vegyes eszközalap,2025-07-17,1.0897,2025-07-18,1.0925,0.0027,49.0732,1.0027,0.9986,-0.14
896,Nemz. élelmiszeripari cégek rv. ea - D,2025-07-17,3.1333,2025-07-18,3.1767,0.0139,144.6404,1.0139,0.9637,-3.63
897,Nyersanyagpiaci részvény eszközalap,2025-07-17,1.2943,2025-07-18,1.3079,0.0105,58.8794,1.0105,1.0043,0.43
898,Presztízs- és luxusmárkák rv. ea.,2025-07-17,3.4949,2025-07-18,3.5139,0.0054,151.8474,1.0054,1.0294,2.94
899,USA részvény eszközalap,2025-07-17,4.2548,2025-07-18,4.2794,0.0058,187.4268,1.0058,1.026,2.6
900,Ázsia kötvény eszközalap,2025-07-17,2.2048,2025-07-18,2.2106,0.0027,99.3251,1.0027,0.9933,-0.67
901,Aktív hozamfigyelõ vegyes eszközalap - D,2025-07-18,0.9297,2025-07-19,0.9295,-0.0002,42.5848,0.9998,1.0042,0.42
902,Euró likviditás eszközalap - D,2025-07-18,0.9253,2025-07-19,0.9251,-0.0002,42.5285,0.9998,0.9985,-0.15
903,Európai ingatlancégek részv. eszközalap,2025-07-18,1.8365,2025-07-19,1.8467,0.0056,86.6997,1.0056,0.9503,-4.97
904,Európai kötvény eszközalap - D,2025-07-18,1.2302,2025-07-19,1.2285,-0.0014,56.6518,0.9986,0.9918,-0.82
905,Európai részvény eszközalap,2025-07-18,2.5292,2025-07-19,2.5198,-0.0037,115.5981,0.9963,0.9935,-0.65
906,Európai vállalati kötvény eszközalap,2025-07-18,1.3192,2025-07-19,1.3184,-0.0006,60.4926,0.9994,0.9995,-0.05
907,Fejlõdõ piaci részvény ESG eszközalap-D,2025-07-18,1.0394,2025-07-19,1.0393,-0.0001,47.1196,0.9999,1.0275,2.75
908,Fejlõdõ ázsiai részvény eszközalap,2025-07-18,2.097,2025-07-19,2.0988,0.0008,92.4241,1.0008,1.0618,6.18
909,Fenntartható növekedés részvény eszk.,2025-07-18,3.0637,2025-07-19,3.0433,-0.0067,138.8973,0.9933,1.0067,0.67
910,Globális egészségügyi részvény eszk.,2025-07-18,3.1464,2025-07-19,3.1593,0.0041,147.3001,1.0041,1.0098,0.98
911,Globális növekedési részvény eszközalap,2025-07-18,2.2692,2025-07-19,2.2603,-0.0039,103.6275,0.9961,0.9871,-1.29
912,Kiegyensúlyozott vegyes eszközalap - D,2025-07-18,1.3872,2025-07-19,1.385,-0.0015,63.1408,0.9985,1.0085,0.85
913,Latin-amerikai részvény eszközalap,2025-07-18,1.0601,2025-07-19,1.0479,-0.0115,49.778,0.9885,0.9651,-3.49
914,Magas kötvény arányú vegyes eszk. - D,2025-07-18,1.0973,2025-07-19,1.0955,-0.0017,50.2504,0.9983,1.0002,0.02
915,Magas védelmû vegyes eszközalap,2025-07-18,1.0925,2025-07-19,1.0917,-0.0008,50.1657,0.9992,0.9978,-0.22
916,Nemz. élelmiszeripari cégek rv. ea - D,2025-07-18,3.1767,2025-07-19,3.1777,0.0003,147.8171,1.0003,0.964,-3.6
917,Nyersanyagpiaci részvény eszközalap,2025-07-18,1.3079,2025-07-19,1.3074,-0.0004,60.1873,0.9996,1.0039,0.39
918,Presztízs- és luxusmárkák rv. ea.,2025-07-18,3.5139,2025-07-19,3.5171,0.0009,155.3613,1.0009,1.0303,3.03
919,USA részvény eszközalap,2025-07-18,4.2794,2025-07-19,4.2601,-0.0045,191.7062,0.9955,1.0214,2.14
920,Ázsia kötvény eszközalap,2025-07-18,2.2106,2025-07-19,2.2058,-0.0022,101.5357,0.9978,0.9912,-0.88
921,Aktív hozamfigyelõ vegyes eszközalap - D,2025-07-19,0.9295,2025-07-19,0.9295,0.0,43.5143,1.0,1.0042,0.42
922,Euró likviditás eszközalap - D,2025-07-19,0.9251,2025-07-19,0.9251,0.0,43.4536,1.0,0.9985,-0.15
923,Európai ingatlancégek részv. eszközalap,2025-07-19,1.8467,2025-07-19,1.8467,0.0,88.5464,1.0,0.9503,-4.97
924,Európai kötvény eszközalap - D,2025-07-19,1.2285,2025-07-19,1.2285,0.0,57.8803,1.0,0.9918,-0.82
925,Európai részvény eszközalap,2025-07-19,2.5198,2025-07-19,2.5198,0.0,118.1179,1.0,0.9935,-0.65
926,Európai vállalati kötvény eszközalap,2025-07-19,1.3184,2025-07-19,1.3184,0.0,61.811,1.0,0.9995,-0.05
927,Fejlõdõ piaci részvény ESG eszközalap-D,2025-07-19,1.0393,2025-07-19,1.0393,0.0,48.1589,1.0,1.0275,2.75
928,Fejlõdõ ázsiai részvény eszközalap,2025-07-19,2.0988,2025-07-19,2.0988,0.0,94.5229,1.0,1.0618,6.18
929,Fenntartható növekedés részvény eszk.,2025-07-19,3.0433,2025-07-19,3.0433,0.0,141.9406,1.0,1.0067,0.67
930,Globális egészségügyi részvény eszk.,2025-07-19,3.1593,2025-07-19,3.1593,0.0,150.4594,1.0,1.0098,0.98
931,Globális növekedési részvény eszközalap,2025-07-19,2.2603,2025-07-19,2.2603,0.0,105.8878,1.0,0.9871,-1.29
932,Kiegyensúlyozott vegyes eszközalap - D,2025-07-19,1.385,2025-07-19,1.385,0.0,64.5258,1.0,1.0085,0.85
933,Latin-amerikai részvény eszközalap,2025-07-19,1.0479,2025-07-19,1.0479,0.0,50.8259,1.0,0.9651,-3.49
934,Magas kötvény arányú vegyes eszk. - D,2025-07-19,1.0955,2025-07-19,1.0955,0.0,51.3459,1.0,1.0002,0.02
935,Magas védelmû vegyes eszközalap,2025-07-19,1.0917,2025-07-19,1.0917,0.0,51.2574,1.0,0.9978,-0.22
936,Nemz. élelmiszeripari cégek rv. ea - D,2025-07-19,3.1777,2025-07-19,3.1777,0.0,150.9948,1.0,0.964,-3.6
937,Nyersanyagpiaci részvény eszközalap,2025-07-19,1.3074,2025-07-19,1.3074,0.0,61.4947,1.0,1.0039,0.39
938,Presztízs- és luxusmárkák rv. ea.,2025-07-19,3.5171,2025-07-19,3.5171,0.0,158.8784,1.0,1.0303,3.03
939,USA részvény eszközalap,2025-07-19,4.2601,2025-07-19,4.2601,0.0,195.9663,1.0,1.0214,2.14
940,Ázsia kötvény eszközalap,2025-07-19,2.2058,2025-07-19,2.2058,0.0,103.7415,1.0,0.9912,-0.88
941,Aktív hozamfigyelõ vegyes eszközalap - D,2025-07-20,0.9295,2025-07-20,0.9295,0.0,44.4438,1.0,1.0042,0.42
942,Euró likviditás eszközalap - D,2025-07-20,0.9251,2025-07-20,0.9251,0.0,44.3787,1.0,0.9985,-0.15
943,Európai ingatlancégek részv. eszközalap,2025-07-20,1.8467,2025-07-20,1.8467,0.0,90.3931,1.0,0.9503,-4.97
944,Európai kötvény eszközalap - D,2025-07-20,1.2285,2025-07-20,1.2285,0.0,59.1088,1.0,0.9918,-0.82
945,Európai részvény eszközalap,2025-07-20,2.5198,2025-07-20,2.5198,0.0,120.6377,1.0,0.9935,-0.65
946,Európai vállalati kötvény eszközalap,2025-07-20,1.3184,2025-07-20,1.3184,0.0,63.1294,1.0,0.9995,-0.05
947,Fejlõdõ piaci részvény ESG eszközalap-D,2025-07-20,1.0393,2025-07-20,1.0393,0.0,49.1982,1.0,1.0275,2.75
948,Fejlõdõ ázsiai részvény eszközalap,2025-07-20,2.0988,2025-07-20,2.0988,0.0,96.6217,1.0,1.0618,6.18
949,Fenntartható növekedés részvény eszk.,2025-07-20,3.0433,2025-07-20,3.0433,0.0,144.9839,1.0,1.0067,0.67
950,Globális egészségügyi részvény eszk.,2025-07-20,3.1593,2025-07-20,3.1593,0.0,153.6187,1.0,1.0098,0.98
951,Globális növekedési részvény eszközalap,2025-07-20,2.2603,2025-07-20,2.2603,0.0,108.1481,1.0,0.9871,-1.29
952,Kiegyensúlyozott vegyes eszközalap - D,2025-07-20,1.385,2025-07-20,1.385,0.0,65.9108,1.0,1.0085,0.85
953,Latin-amerikai részvény eszközalap,2025-07-20,1.0479,2025-07-20,1.0479,0.0,51.8738,1.0,0.9651,-3.49
954,Magas kötvény arányú vegyes eszk. - D,2025-07-20,1.0955,2025-07-20,1.0955,0.0,52.4414,1.0,1.0002,0.02
955,Magas védelmû vegyes eszközalap,2025-07-20,1.0917,2025-07-20,1.0917,0.0,52.3491,1.0,0.9978,-0.22
956,Nemz. élelmiszeripari cégek rv. ea - D,2025-07-20,3.1777,2025-07-20,3.1777,0.0,154.1725,1.0,0.964,-3.6
957,Nyersanyagpiaci részvény eszközalap,2025-07-20,1.3074,2025-07-20,1.3074,0.0,62.8021,1.0,1.0039,0.39
958,Presztízs- és luxusmárkák rv. ea.,2025-07-20,3.5171,2025-07-20,3.5171,0.0,162.3955,1.0,1.0303,3.03
959,USA részvény eszközalap,2025-07-20,4.2601,2025-07-20,4.2601,0.0,200.2264,1.0,1.0214,2.14
960,Ázsia kötvény eszközalap,2025-07-20,2.2058,2025-07-20,2.2058,0.0,105.9473,1.0,0.9912,-0.88
961,Aktív hozamfigyelõ vegyes eszközalap - D,2025-07-21,0.9295,2025-07-21,0.9295,0.0,45.3733,1.0,1.0042,0.42
962,Euró likviditás eszközalap - D,2025-07-21,0.9251,2025-07-21,0.9251,0.0,45.3038,1.0,0.9985,-0.15
963,Európai ingatlancégek részv. eszközalap,2025-07-21,1.8467,2025-07-21,1.8467,0.0,92.2398,1.0,0.9503,-4.97
964,Európai kötvény eszközalap - D,2025-07-21,1.2285,2025-07-21,1.2285,0.0,60.3373,1.0,0.9918,-0.82
965,Európai részvény eszközalap,2025-07-21,2.5198,2025-07-21,2.5198,0.0,123.1575,1.0,0.9935,-0.65
966,Európai vállalati kötvény eszközalap,2025-07-21,1.3184,2025-07-21,1.3184,0.0,64.4478,1.0,0.9995,-0.05
967,Fejlõdõ piaci részvény ESG eszközalap-D,2025-07-21,1.0393,2025-07-21,1.0393,0.0,50.2375,1.0,1.0275,2.75
968,Fejlõdõ ázsiai részvény eszközalap,2025-07-21,2.0988,2025-07-21,2.0988,0.0,98.7205,1.0,1.0618,6.18
969,Fenntartható növekedés részvény eszk.,2025-07-21,3.0433,2025-07-21,3.0433,0.0,148.0272,1.0,1.0067,0.67
970,Globális egészségügyi részvény eszk.,2025-07-21,3.1593,2025-07-21,3.1593,0.0,156.778,1.0,1.0098,0.98
971,Globális növekedési részvény eszközalap,2025-07-21,2.2603,2025-07-21,2.2603,0.0,110.4084,1.0,0.9871,-1.29
972,Kiegyensúlyozott vegyes eszközalap - D,2025-07-21,1.385,2025-07-21,1.385,0.0,67.2958,1.0,1.0085,0.85
973,Latin-amerikai részvény eszközalap,2025-07-21,1.0479,2025-07-21,1.0479,0.0,52.9217,1.0,0.9651,-3.49
974,Magas kötvény arányú vegyes eszk. - D,2025-07-21,1.0955,2025-07-21,1.0955,0.0,53.5369,1.0,1.0002,0.02
975,Magas védelmû vegyes eszközalap,2025-07-21,1.0917,2025-07-21,1.0917,0.0,53.4408,1.0,0.9978,-0.22
976,Nemz. élelmiszeripari cégek rv. ea - D,2025-07-21,3.1777,2025-07-21,3.1777,0.0,157.3502,1.0,0.964,-3.6
977,Nyersanyagpiaci részvény eszközalap,2025-07-21,1.3074,2025-07-21,1.3074,0.0,64.1095,1.0,1.0039,0.39
978,Presztízs- és luxusmárkák rv. ea.,2025-07-21,3.5171,2025-07-21,3.5171,0.0,165.9126,1.0,1.0303,3.03
979,USA részvény eszközalap,2025-07-21,4.2601,2025-07-21,4.2601,0.0,204.4865,1.0,1.0214,2.14
980,Ázsia kötvény eszközalap,2025-07-21,2.2058,2025-07-21,2.2058,0.0,108.1531,1.0,0.9912,-0.88
981,Aktív hozamfigyelõ vegyes eszközalap - D,2025-07-22,0.9304,2025-07-23,0.9307,0.0004,46.3037,1.0004,1.0046,0.46
982,Euró likviditás eszközalap - D,2025-07-22,0.926,2025-07-23,0.9262,0.0002,46.2298,1.0002,0.9987,-0.13
983,Európai ingatlancégek részv. eszközalap,2025-07-22,1.8724,2025-07-23,1.878,0.003,94.1122,1.003,0.9532,-4.68
984,Európai kötvény eszközalap - D,2025-07-22,1.2349,2025-07-23,1.237,0.0017,61.5722,1.0017,0.9935,-0.65
985,Európai részvény eszközalap,2025-07-22,2.5159,2025-07-23,2.4934,-0.0089,125.6734,0.9911,0.9846,-1.54
986,Európai vállalati kötvény eszközalap,2025-07-22,1.3226,2025-07-23,1.324,0.0011,65.7704,1.0011,1.0006,0.06
987,Fejlõdõ piaci részvény ESG eszközalap-D,2025-07-22,1.0425,2025-07-23,1.0348,-0.0074,51.28,0.9926,1.0199,1.99
988,Fejlõdõ ázsiai részvény eszközalap,2025-07-22,2.0956,2025-07-23,2.0739,-0.0104,100.8161,0.9896,1.0508,5.08
989,Fenntartható növekedés részvény eszk.,2025-07-22,3.0385,2025-07-23,3.027,-0.0038,151.0657,0.9962,1.0028,0.28
990,Globális egészségügyi részvény eszk.,2025-07-22,3.1409,2025-07-23,3.1721,0.0099,159.9189,1.0099,1.0198,1.98
991,Globális növekedési részvény eszközalap,2025-07-22,2.2464,2025-07-23,2.2401,-0.0028,112.6548,0.9972,0.9843,-1.57
992,Kiegyensúlyozott vegyes eszközalap - D,2025-07-22,1.3865,2025-07-23,1.3854,-0.0008,68.6823,0.9992,1.0077,0.77
993,Latin-amerikai részvény eszközalap,2025-07-22,1.0409,2025-07-23,1.0333,-0.0073,53.9626,0.9927,0.958,-4.2
994,Magas kötvény arányú vegyes eszk. - D,2025-07-22,1.0991,2025-07-23,1.0995,0.0004,54.636,1.0004,1.0006,0.06
995,Magas védelmû vegyes eszközalap,2025-07-22,1.091,2025-07-23,1.0888,-0.002,54.5318,0.998,0.9958,-0.42
996,Nemz. élelmiszeripari cégek rv. ea - D,2025-07-22,3.1674,2025-07-23,3.1587,-0.0028,160.5176,0.9972,0.9613,-3.87
997,Nyersanyagpiaci részvény eszközalap,2025-07-22,1.3243,2025-07-23,1.3265,0.0017,65.4338,1.0017,1.0056,0.56
998,Presztízs- és luxusmárkák rv. ea.,2025-07-22,3.4951,2025-07-23,3.4843,-0.0031,169.4077,0.9969,1.0271,2.71
999,USA részvény eszközalap,2025-07-22,4.2505,2025-07-23,4.2446,-0.0014,208.737,0.9986,1.0199,1.99
1000,Ázsia kötvény eszközalap,2025-07-22,2.2102,2025-07-23,2.2002,-0.0045,110.3633,0.9955,0.9867,-1.33
1001,Aktív hozamfigyelõ vegyes eszközalap - D,2025-07-23,0.9307,2025-07-24,0.9337,0.0032,47.2344,1.0032,1.0079,0.79
1002,Euró likviditás eszközalap - D,2025-07-23,0.9262,2025-07-24,0.9263,0.0001,47.156,1.0001,0.9988,-0.12
1003,Európai ingatlancégek részv. eszközalap,2025-07-23,1.878,2025-07-24,1.8617,-0.0087,95.9902,0.9913,0.9449,-5.51
1004,Európai kötvény eszközalap - D,2025-07-23,1.237,2025-07-24,1.2366,-0.0004,62.8092,0.9996,0.9931,-0.69
1005,Európai részvény eszközalap,2025-07-23,2.4934,2025-07-24,2.5117,0.0073,128.1668,1.0073,0.9918,-0.82
1006,Európai vállalati kötvény eszközalap,2025-07-23,1.324,2025-07-24,1.3242,0.0002,67.0944,1.0002,1.0008,0.08
1007,Fejlõdõ piaci részvény ESG eszközalap-D,2025-07-23,1.0348,2025-07-24,1.0486,0.0133,52.3148,1.0133,1.0335,3.35
1008,Fejlõdõ ázsiai részvény eszközalap,2025-07-23,2.0739,2025-07-24,2.0866,0.0061,102.89,1.0061,1.0572,5.72
1009,Fenntartható növekedés részvény eszk.,2025-07-23,3.027,2025-07-24,3.0596,0.0108,154.0927,1.0108,1.0137,1.37
1010,Globális egészségügyi részvény eszk.,2025-07-23,3.1721,2025-07-24,3.211,0.0123,163.091,1.0123,1.0323,3.23
1011,Globális növekedési részvény eszközalap,2025-07-23,2.2401,2025-07-24,2.2574,0.0077,114.8949,1.0077,0.9919,-0.81
1012,Kiegyensúlyozott vegyes eszközalap - D,2025-07-23,1.3854,2025-07-24,1.389,0.0026,70.0677,1.0026,1.0104,1.04
1013,Latin-amerikai részvény eszközalap,2025-07-23,1.0333,2025-07-24,1.0434,0.0098,54.9959,1.0098,0.9674,-3.26
1014,Magas kötvény arányú vegyes eszk. - D,2025-07-23,1.0995,2025-07-24,1.1005,0.0009,55.7355,1.0009,1.0015,0.15
1015,Magas védelmû vegyes eszközalap,2025-07-23,1.0888,2025-07-24,1.0917,0.0026,55.6206,1.0026,0.9984,-0.16
1016,Nemz. élelmiszeripari cégek rv. ea - D,2025-07-23,3.1587,2025-07-24,3.1698,0.0035,163.6763,1.0035,0.9646,-3.54
1017,Nyersanyagpiaci részvény eszközalap,2025-07-23,1.3265,2025-07-24,1.3458,0.0146,66.7603,1.0146,1.0203,2.03
1018,Presztízs- és luxusmárkák rv. ea.,2025-07-23,3.4843,2025-07-24,3.5385,0.0156,172.892,1.0156,1.0431,4.31
1019,USA részvény eszközalap,2025-07-23,4.2446,2025-07-24,4.2597,0.0036,212.9816,1.0036,1.0236,2.36
1020,Ázsia kötvény eszközalap,2025-07-23,2.2002,2025-07-24,2.1944,-0.0026,112.5635,0.9974,0.9841,-1.59
1021,Aktív hozamfigyelõ vegyes eszközalap - D,2025-07-24,0.9337,2025-07-25,0.9325,-0.0013,48.1681,0.9987,1.0065,0.65
1022,Euró likviditás eszközalap - D,2025-07-24,0.9263,2025-07-25,0.9247,-0.0017,48.0823,0.9983,0.9971,-0.29
1023,Európai ingatlancégek részv. eszközalap,2025-07-24,1.8617,2025-07-25,1.8582,-0.0019,97.8519,0.9981,0.9431,-5.69
1024,Európai kötvény eszközalap - D,2025-07-24,1.2366,2025-07-25,1.2283,-0.0067,64.0458,0.9933,0.9864,-1.36
1025,Európai részvény eszközalap,2025-07-24,2.5117,2025-07-25,2.52,0.0033,130.6785,1.0033,0.9951,-0.49
1026,Európai vállalati kötvény eszközalap,2025-07-24,1.3242,2025-07-25,1.3197,-0.0034,68.4186,0.9966,0.9974,-0.26
1027,Fejlõdõ piaci részvény ESG eszközalap-D,2025-07-24,1.0486,2025-07-25,1.0463,-0.0022,53.3634,0.9978,1.0312,3.12
1028,Fejlõdõ ázsiai részvény eszközalap,2025-07-24,2.0866,2025-07-25,2.0842,-0.0012,104.9766,0.9988,1.0559,5.59
1029,Fenntartható növekedés részvény eszk.,2025-07-24,3.0596,2025-07-25,3.071,0.0037,157.1523,1.0037,1.0174,1.74
1030,Globális egészségügyi részvény eszk.,2025-07-24,3.211,2025-07-25,3.2502,0.0122,166.302,1.0122,1.0449,4.49
1031,Globális növekedési részvény eszközalap,2025-07-24,2.2574,2025-07-25,2.2651,0.0034,117.1523,1.0034,0.9953,-0.47
1032,Kiegyensúlyozott vegyes eszközalap - D,2025-07-24,1.389,2025-07-25,1.3866,-0.0017,71.4567,0.9983,1.0086,0.86
1033,Latin-amerikai részvény eszközalap,2025-07-24,1.0434,2025-07-25,1.045,0.0015,56.0393,1.0015,0.9689,-3.11
1034,Magas kötvény arányú vegyes eszk. - D,2025-07-24,1.1005,2025-07-25,1.0966,-0.0035,56.836,0.9965,0.998,-0.2
1035,Magas védelmû vegyes eszközalap,2025-07-24,1.0917,2025-07-25,1.0923,0.0005,56.7123,1.0005,0.9989,-0.11
1036,Nemz. élelmiszeripari cégek rv. ea - D,2025-07-24,3.1698,2025-07-25,3.1594,-0.0033,166.8461,0.9967,0.9615,-3.85
1037,Nyersanyagpiaci részvény eszközalap,2025-07-24,1.3458,2025-07-25,1.3282,-0.0131,68.1061,0.9869,1.0069,0.69
1038,Presztízs- és luxusmárkák rv. ea.,2025-07-24,3.5385,2025-07-25,3.5156,-0.0065,176.4305,0.9935,1.0364,3.64
1039,USA részvény eszközalap,2025-07-24,4.2597,2025-07-25,4.2485,-0.0026,217.2413,0.9974,1.021,2.1
1040,Ázsia kötvény eszközalap,2025-07-24,2.1944,2025-07-25,2.1903,-0.0019,114.7579,0.9981,0.9823,-1.77
1041,Aktív hozamfigyelõ vegyes eszközalap - D,2025-07-25,0.9325,2025-07-26,0.9334,0.001,49.1006,1.001,1.0075,0.75
1042,Euró likviditás eszközalap - D,2025-07-25,0.9247,2025-07-26,0.9243,-0.0005,49.007,0.9995,0.9966,-0.34
1043,Európai ingatlancégek részv. eszközalap,2025-07-25,1.8582,2025-07-26,1.8441,-0.0076,99.7101,0.9924,0.9359,-6.41
1044,Európai kötvény eszközalap - D,2025-07-25,1.2283,2025-07-26,1.2263,-0.0016,65.2741,0.9984,0.9848,-1.52
1045,Európai részvény eszközalap,2025-07-25,2.52,2025-07-26,2.51,-0.004,133.1985,0.996,0.9911,-0.89
1046,Európai vállalati kötvény eszközalap,2025-07-25,1.3197,2025-07-26,1.3187,-0.0008,69.7383,0.9992,0.9966,-0.34
1047,Fejlõdõ piaci részvény ESG eszközalap-D,2025-07-25,1.0463,2025-07-26,1.0394,-0.0066,54.4097,0.9934,1.0244,2.44
1048,Fejlõdõ ázsiai részvény eszközalap,2025-07-25,2.0842,2025-07-26,2.0884,0.002,107.0608,1.002,1.0581,5.81
1049,Fenntartható növekedés részvény eszk.,2025-07-25,3.071,2025-07-26,3.08,0.0029,160.2233,1.0029,1.0204,2.04
1050,Globális egészségügyi részvény eszk.,2025-07-25,3.2502,2025-07-26,3.232,-0.0056,169.5522,0.9944,1.0391,3.91
1051,Globális növekedési részvény eszközalap,2025-07-25,2.2651,2025-07-26,2.2705,0.0024,119.4174,1.0024,0.9977,-0.23
1052,Kiegyensúlyozott vegyes eszközalap - D,2025-07-25,1.3866,2025-07-26,1.3869,0.0003,72.8433,1.0003,1.0089,0.89
1053,Latin-amerikai részvény eszközalap,2025-07-25,1.045,2025-07-26,1.0471,0.002,57.0843,1.002,0.9708,-2.92
1054,Magas kötvény arányú vegyes eszk. - D,2025-07-25,1.0966,2025-07-26,1.0961,-0.0004,57.9326,0.9996,0.9976,-0.24
1055,Magas védelmû vegyes eszközalap,2025-07-25,1.0923,2025-07-26,1.0922,-0.0001,57.8046,0.9999,0.9988,-0.12
1056,Nemz. élelmiszeripari cégek rv. ea - D,2025-07-25,3.1594,2025-07-26,3.1516,-0.0025,170.0055,0.9975,0.9591,-4.09
1057,Nyersanyagpiaci részvény eszközalap,2025-07-25,1.3282,2025-07-26,1.323,-0.0039,69.4343,0.9961,1.003,0.3
1058,Presztízs- és luxusmárkák rv. ea.,2025-07-25,3.5156,2025-07-26,3.5518,0.0103,179.9461,1.0103,1.047,4.7
1059,USA részvény eszközalap,2025-07-25,4.2485,2025-07-26,4.2798,0.0073,221.4898,1.0073,1.0284,2.84
1060,Ázsia kötvény eszközalap,2025-07-25,2.1903,2025-07-26,2.1931,0.0013,116.9482,1.0013,0.9835,-1.65
1061,Aktív hozamfigyelõ vegyes eszközalap - D,2025-07-26,0.9334,2025-07-26,0.9334,0.0,50.034,1.0,1.0075,0.75
1062,Euró likviditás eszközalap - D,2025-07-26,0.9243,2025-07-26,0.9243,0.0,49.9313,1.0,0.9966,-0.34
1063,Európai ingatlancégek részv. eszközalap,2025-07-26,1.8441,2025-07-26,1.8441,0.0,101.5542,1.0,0.9359,-6.41
1064,Európai kötvény eszközalap - D,2025-07-26,1.2263,2025-07-26,1.2263,0.0,66.5004,1.0,0.9848,-1.52
1065,Európai részvény eszközalap,2025-07-26,2.51,2025-07-26,2.51,0.0,135.7085,1.0,0.9911,-0.89
1066,Európai vállalati kötvény eszközalap,2025-07-26,1.3187,2025-07-26,1.3187,0.0,71.057,1.0,0.9966,-0.34
1067,Fejlõdõ piaci részvény ESG eszközalap-D,2025-07-26,1.0394,2025-07-26,1.0394,0.0,55.4491,1.0,1.0244,2.44
1068,Fejlõdõ ázsiai részvény eszközalap,2025-07-26,2.0884,2025-07-26,2.0884,0.0,109.1492,1.0,1.0581,5.81
1069,Fenntartható növekedés részvény eszk.,2025-07-26,3.08,2025-07-26,3.08,0.0,163.3033,1.0,1.0204,2.04
1070,Globális egészségügyi részvény eszk.,2025-07-26,3.232,2025-07-26,3.232,0.0,172.7842,1.0,1.0391,3.91
1071,Globális növekedési részvény eszközalap,2025-07-26,2.2705,2025-07-26,2.2705,0.0,121.6879,1.0,0.9977,-0.23
1072,Kiegyensúlyozott vegyes eszközalap - D,2025-07-26,1.3869,2025-07-26,1.3869,0.0,74.2302,1.0,1.0089,0.89
1073,Latin-amerikai részvény eszközalap,2025-07-26,1.0471,2025-07-26,1.0471,0.0,58.1314,1.0,0.9708,-2.92
1074,Magas kötvény arányú vegyes eszk. - D,2025-07-26,1.0961,2025-07-26,1.0961,0.0,59.0287,1.0,0.9976,-0.24
1075,Magas védelmû vegyes eszközalap,2025-07-26,1.0922,2025-07-26,1.0922,0.0,58.8968,1.0,0.9988,-0.12
1076,Nemz. élelmiszeripari cégek rv. ea - D,2025-07-26,3.1516,2025-07-26,3.1516,0.0,173.1571,1.0,0.9591,-4.09
1077,Nyersanyagpiaci részvény eszközalap,2025-07-26,1.323,2025-07-26,1.323,0.0,70.7573,1.0,1.003,0.3
1078,Presztízs- és luxusmárkák rv. ea.,2025-07-26,3.5518,2025-07-26,3.5518,0.0,183.4979,1.0,1.047,4.7
1079,USA részvény eszközalap,2025-07-26,4.2798,2025-07-26,4.2798,0.0,225.7696,1.0,1.0284,2.84
1080,Ázsia kötvény eszközalap,2025-07-26,2.1931,2025-07-26,2.1931,0.0,119.1413,1.0,0.9835,-1.65
1081,Aktív hozamfigyelõ vegyes eszközalap - D,2025-07-27,0.9334,2025-07-27,0.9334,0.0,50.9674,1.0,1.0075,0.75
1082,Euró likviditás eszközalap - D,2025-07-27,0.9243,2025-07-27,0.9243,0.0,50.8556,1.0,0.9966,-0.34
1083,Európai ingatlancégek részv. eszközalap,2025-07-27,1.8441,2025-07-27,1.8441,0.0,103.3983,1.0,0.9359,-6.41
1084,Európai kötvény eszközalap - D,2025-07-27,1.2263,2025-07-27,1.2263,0.0,67.7267,1.0,0.9848,-1.52
1085,Európai részvény eszközalap,2025-07-27,2.51,2025-07-27,2.51,0.0,138.2185,1.0,0.9911,-0.89
1086,Európai vállalati kötvény eszközalap,2025-07-27,1.3187,2025-07-27,1.3187,0.0,72.3757,1.0,0.9966,-0.34
1087,Fejlõdõ piaci részvény ESG eszközalap-D,2025-07-27,1.0394,2025-07-27,1.0394,0.0,56.4885,1.0,1.0244,2.44
1088,Fejlõdõ ázsiai részvény eszközalap,2025-07-27,2.0884,2025-07-27,2.0884,0.0,111.2376,1.0,1.0581,5.81
1089,Fenntartható növekedés részvény eszk.,2025-07-27,3.08,2025-07-27,3.08,0.0,166.3833,1.0,1.0204,2.04
1090,Globális egészségügyi részvény eszk.,2025-07-27,3.232,2025-07-27,3.232,0.0,176.0162,1.0,1.0391,3.91
1091,Globális növekedési részvény eszközalap,2025-07-27,2.2705,2025-07-27,2.2705,0.0,123.9584,1.0,0.9977,-0.23
1092,Kiegyensúlyozott vegyes eszközalap - D,2025-07-27,1.3869,2025-07-27,1.3869,0.0,75.6171,1.0,1.0089,0.89
1093,Latin-amerikai részvény eszközalap,2025-07-27,1.0471,2025-07-27,1.0471,0.0,59.1785,1.0,0.9708,-2.92
1094,Magas kötvény arányú vegyes eszk. - D,2025-07-27,1.0961,2025-07-27,1.0961,0.0,60.1248,1.0,0.9976,-0.24
1095,Magas védelmû vegyes eszközalap,2025-07-27,1.0922,2025-07-27,1.0922,0.0,59.989,1.0,0.9988,-0.12
1096,Nemz. élelmiszeripari cégek rv. ea - D,2025-07-27,3.1516,2025-07-27,3.1516,0.0,176.3087,1.0,0.9591,-4.09
1097,Nyersanyagpiaci részvény eszközalap,2025-07-27,1.323,2025-07-27,1.323,0.0,72.0803,1.0,1.003,0.3
1098,Presztízs- és luxusmárkák rv. ea.,2025-07-27,3.5518,2025-07-27,3.5518,0.0,187.0497,1.0,1.047,4.7
1099,USA részvény eszközalap,2025-07-27,4.2798,2025-07-27,4.2798,0.0,230.0494,1.0,1.0284,2.84
1100,Ázsia kötvény eszközalap,2025-07-27,2.1931,2025-07-27,2.1931,0.0,121.3344,1.0,0.9835,-1.65
1101,Aktív hozamfigyelõ vegyes eszközalap - D,2025-07-28,0.9334,2025-07-28,0.9334,0.0,51.9008,1.0,1.0075,0.75
1102,Euró likviditás eszközalap - D,2025-07-28,0.9243,2025-07-28,0.9243,0.0,51.7799,1.0,0.9966,-0.34
1103,Európai ingatlancégek részv. eszközalap,2025-07-28,1.8441,2025-07-28,1.8441,0.0,105.2424,1.0,0.9359,-6.41
1104,Európai kötvény eszközalap - D,2025-07-28,1.2263,2025-07-28,1.2263,0.0,68.953,1.0,0.9848,-1.52
1105,Európai részvény eszközalap,2025-07-28,2.51,2025-07-28,2.51,0.0,140.7285,1.0,0.9911,-0.89
1106,Európai vállalati kötvény eszközalap,2025-07-28,1.3187,2025-07-28,1.3187,0.0,73.6944,1.0,0.9966,-0.34
1107,Fejlõdõ piaci részvény ESG eszközalap-D,2025-07-28,1.0394,2025-07-28,1.0394,0.0,57.5279,1.0,1.0244,2.44
1108,Fejlõdõ ázsiai részvény eszközalap,2025-07-28,2.0884,2025-07-28,2.0884,0.0,113.326,1.0,1.0581,5.81
1109,Fenntartható növekedés részvény eszk.,2025-07-28,3.08,2025-07-28,3.08,0.0,169.4633,1.0,1.0204,2.04
1110,Globális egészségügyi részvény eszk.,2025-07-28,3.232,2025-07-28,3.232,0.0,179.2482,1.0,1.0391,3.91
1111,Globális növekedési részvény eszközalap,2025-07-28,2.2705,2025-07-28,2.2705,0.0,126.2289,1.0,0.9977,-0.23
1112,Kiegyensúlyozott vegyes eszközalap - D,2025-07-28,1.3869,2025-07-28,1.3869,0.0,77.004,1.0,1.0089,0.89
1113,Latin-amerikai részvény eszközalap,2025-07-28,1.0471,2025-07-28,1.0471,0.0,60.2256,1.0,0.9708,-2.92
1114,Magas kötvény arányú vegyes eszk. - D,2025-07-28,1.0961,2025-07-28,1.0961,0.0,61.2209,1.0,0.9976,-0.24
1115,Magas védelmû vegyes eszközalap,2025-07-28,1.0922,2025-07-28,1.0922,0.0,61.0812,1.0,0.9988,-0.12
1116,Nemz. élelmiszeripari cégek rv. ea - D,2025-07-28,3.1516,2025-07-28,3.1516,0.0,179.4603,1.0,0.9591,-4.09
1117,Nyersanyagpiaci részvény eszközalap,2025-07-28,1.323,2025-07-28,1.323,0.0,73.4033,1.0,1.003,0.3
1118,Presztízs- és luxusmárkák rv. ea.,2025-07-28,3.5518,2025-07-28,3.5518,0.0,190.6015,1.0,1.047,4.7
1119,USA részvény eszközalap,2025-07-28,4.2798,2025-07-28,4.2798,0.0,234.3292,1.0,1.0284,2.84
1120,Ázsia kötvény eszközalap,2025-07-28,2.1931,2025-07-28,2.1931,0.0,123.5275,1.0,0.9835,-1.65
1121,Aktív hozamfigyelõ vegyes eszközalap - D,2025-07-29,0.9346,2025-07-30,0.9376,0.0032,52.8354,1.0032,1.0108,1.08
1122,Euró likviditás eszközalap - D,2025-07-29,0.925,2025-07-30,0.9248,-0.0002,52.7049,0.9998,0.9964,-0.36
1123,Európai ingatlancégek részv. eszközalap,2025-07-29,1.8527,2025-07-30,1.8496,-0.0017,107.0951,0.9983,0.9343,-6.57
1124,Európai kötvény eszközalap - D,2025-07-29,1.23,2025-07-30,1.2302,0.0001,70.183,1.0001,0.9849,-1.51
1125,Európai részvény eszközalap,2025-07-29,2.5082,2025-07-30,2.5306,0.0089,143.2367,1.0089,0.9999,-0.01
1126,Európai vállalati kötvény eszközalap,2025-07-29,1.3217,2025-07-30,1.3217,0.0,75.0161,1.0,0.9966,-0.34
1127,Fejlõdõ piaci részvény ESG eszközalap-D,2025-07-29,1.044,2025-07-30,1.0532,0.0088,58.5719,1.0088,1.0334,3.34
1128,Fejlõdõ ázsiai részvény eszközalap,2025-07-29,2.0986,2025-07-30,2.1198,0.0101,115.4246,1.0101,1.0687,6.87
1129,Fenntartható növekedés részvény eszk.,2025-07-29,3.1028,2025-07-30,3.114,0.0036,172.5661,1.0036,1.024,2.4
1130,Globális egészségügyi részvény eszk.,2025-07-29,3.224,2025-07-30,3.1902,-0.0105,182.4722,0.9895,1.0281,2.81
1131,Globális növekedési részvény eszközalap,2025-07-29,2.2769,2025-07-30,2.288,0.0049,128.5058,1.0049,1.0025,0.25
1132,Kiegyensúlyozott vegyes eszközalap - D,2025-07-29,1.3917,2025-07-30,1.3966,0.0035,78.3957,1.0035,1.0125,1.25
1133,Latin-amerikai részvény eszközalap,2025-07-29,1.0364,2025-07-30,1.0427,0.006,61.262,1.006,0.9766,-2.34
1134,Magas kötvény arányú vegyes eszk. - D,2025-07-29,1.0994,2025-07-30,1.1014,0.0018,62.3203,1.0018,0.9994,-0.06
1135,Magas védelmû vegyes eszközalap,2025-07-29,1.0911,2025-07-30,1.0929,0.0017,62.1723,1.0017,1.0005,0.05
1136,Nemz. élelmiszeripari cégek rv. ea - D,2025-07-29,3.1577,2025-07-30,3.1822,0.0078,182.618,1.0078,0.9665,-3.35
1137,Nyersanyagpiaci részvény eszközalap,2025-07-29,1.3286,2025-07-30,1.3256,-0.0022,74.7319,0.9978,1.0008,0.08
1138,Presztízs- és luxusmárkák rv. ea.,2025-07-29,3.5688,2025-07-30,3.5423,-0.0074,194.1703,0.9926,1.0393,3.93
1139,USA részvény eszközalap,2025-07-29,4.3094,2025-07-30,4.3354,0.006,238.6386,1.006,1.0346,3.46
1140,Ázsia kötvény eszközalap,2025-07-29,2.2088,2025-07-30,2.2295,0.0094,125.7363,1.0094,0.9928,-0.72
1141,Aktív hozamfigyelõ vegyes eszközalap - D,2025-07-30,0.9376,2025-07-31,0.9362,-0.0015,53.773,0.9985,1.0093,0.93
1142,Euró likviditás eszközalap - D,2025-07-30,0.9248,2025-07-31,0.9245,-0.0003,53.6297,0.9997,0.9961,-0.39
1143,Európai ingatlancégek részv. eszközalap,2025-07-30,1.8496,2025-07-31,1.8439,-0.0031,108.9447,0.9969,0.9314,-6.86
1144,Európai kötvény eszközalap - D,2025-07-30,1.2302,2025-07-31,1.2282,-0.0016,71.4132,0.9984,0.9834,-1.66
1145,Európai részvény eszközalap,2025-07-30,2.5306,2025-07-31,2.5376,0.0028,145.7673,1.0028,1.0027,0.27
1146,Európai vállalati kötvény eszközalap,2025-07-30,1.3217,2025-07-31,1.321,-0.0005,76.3378,0.9995,0.9961,-0.39
1147,Fejlõdõ piaci részvény ESG eszközalap-D,2025-07-30,1.0532,2025-07-31,1.0527,-0.0005,59.6251,0.9995,1.0329,3.29
1148,Fejlõdõ ázsiai részvény eszközalap,2025-07-30,2.1198,2025-07-31,2.1202,0.0002,117.5444,1.0002,1.069,6.9
1149,Fenntartható növekedés részvény eszk.,2025-07-30,3.114,2025-07-31,3.1152,0.0004,175.6801,1.0004,1.0244,2.44
1150,Globális egészségügyi részvény eszk.,2025-07-30,3.1902,2025-07-31,3.198,0.0024,185.6624,1.0024,1.0306,3.06
1151,Globális növekedési részvény eszközalap,2025-07-30,2.288,2025-07-31,2.2761,-0.0052,130.7938,0.9948,0.9973,-0.27
1152,Kiegyensúlyozott vegyes eszközalap - D,2025-07-30,1.3966,2025-07-31,1.3979,0.0009,79.7923,1.0009,1.0134,1.34
1153,Latin-amerikai részvény eszközalap,2025-07-30,1.0427,2025-07-31,1.0496,0.0066,62.3047,1.0066,0.9831,-1.69
1154,Magas kötvény arányú vegyes eszk. - D,2025-07-30,1.1014,2025-07-31,1.1012,-0.0001,63.4217,0.9999,0.9993,-0.07
1155,Magas védelmû vegyes eszközalap,2025-07-30,1.0929,2025-07-31,1.0939,0.0009,63.2652,1.0009,1.0014,0.14
1156,Nemz. élelmiszeripari cégek rv. ea - D,2025-07-30,3.1822,2025-07-31,3.189,0.0021,185.8002,1.0021,0.9686,-3.14
1157,Nyersanyagpiaci részvény eszközalap,2025-07-30,1.3256,2025-07-31,1.327,0.0011,76.0575,1.0011,1.0019,0.19
1158,Presztízs- és luxusmárkák rv. ea.,2025-07-30,3.5423,2025-07-31,3.5348,-0.0021,197.7126,0.9979,1.0371,3.71
1159,USA részvény eszközalap,2025-07-30,4.3354,2025-07-31,4.352,0.0038,242.974,1.0038,1.0385,3.85
1160,Ázsia kötvény eszközalap,2025-07-30,2.2295,2025-07-31,2.2349,0.0024,127.9658,1.0024,0.9952,-0.48
1161,Aktív hozamfigyelõ vegyes eszközalap - D,2025-07-31,0.9362,2025-08-01,0.9345,-0.0018,54.7092,0.9982,1.0074,0.74
1162,Euró likviditás eszközalap - D,2025-07-31,0.9245,2025-08-01,0.9244,-0.0001,54.5542,0.9999,0.996,-0.4
1163,Európai ingatlancégek részv. eszközalap,2025-07-31,1.8439,2025-08-01,1.8423,-0.0008,110.7886,0.9992,0.9307,-6.93
1164,Európai kötvény eszközalap - D,2025-07-31,1.2282,2025-08-01,1.2292,0.0008,72.6414,1.0008,0.9842,-1.58
1165,Európai részvény eszközalap,2025-07-31,2.5376,2025-08-01,2.521,-0.0066,148.3049,0.9934,0.9961,-0.39
1166,Európai vállalati kötvény eszközalap,2025-07-31,1.321,2025-08-01,1.3216,0.0004,77.6588,1.0004,0.9965,-0.35
1167,Fejlõdõ piaci részvény ESG eszközalap-D,2025-07-31,1.0527,2025-08-01,1.0461,-0.0062,60.6778,0.9938,1.0265,2.65
1168,Fejlõdõ ázsiai részvény eszközalap,2025-07-31,2.1202,2025-08-01,2.111,-0.0043,119.6646,0.9957,1.0644,6.44
1169,Fenntartható növekedés részvény eszk.,2025-07-31,3.1152,2025-08-01,3.1007,-0.0047,178.7953,0.9953,1.0196,1.96
1170,Globális egészségügyi részvény eszk.,2025-07-31,3.198,2025-08-01,3.177,-0.0066,188.8604,0.9934,1.0238,2.38
1171,Globális növekedési részvény eszközalap,2025-07-31,2.2761,2025-08-01,2.2669,-0.0041,133.0699,0.9959,0.9932,-0.68
1172,Kiegyensúlyozott vegyes eszközalap - D,2025-07-31,1.3979,2025-08-01,1.3964,-0.0011,81.1902,0.9989,1.0123,1.23
1173,Latin-amerikai részvény eszközalap,2025-07-31,1.0496,2025-08-01,1.0577,0.0077,63.3543,1.0077,0.9907,-0.93
1174,Magas kötvény arányú vegyes eszk. - D,2025-07-31,1.1012,2025-08-01,1.1012,0.0,64.5229,1.0,0.9993,-0.07
1175,Magas védelmû vegyes eszközalap,2025-07-31,1.0939,2025-08-01,1.0907,-0.0029,64.3591,0.9971,0.9985,-0.15
1176,Nemz. élelmiszeripari cégek rv. ea - D,2025-07-31,3.189,2025-08-01,3.1699,-0.006,188.9892,0.994,0.9628,-3.72
1177,Nyersanyagpiaci részvény eszközalap,2025-07-31,1.327,2025-08-01,1.3088,-0.0137,77.3845,0.9863,0.9882,-1.18
1178,Presztízs- és luxusmárkák rv. ea.,2025-07-31,3.5348,2025-08-01,3.4486,-0.0244,201.2474,0.9756,1.0118,1.18
1179,USA részvény eszközalap,2025-07-31,4.352,2025-08-01,4.3338,-0.0042,247.326,0.9958,1.0342,3.42
1180,Ázsia kötvény eszközalap,2025-07-31,2.2349,2025-08-01,2.2544,0.0087,130.2007,1.0087,1.0038,0.38
1181,Aktív hozamfigyelõ vegyes eszközalap - D,2025-08-01,0.9345,2025-08-02,0.9293,-0.0056,55.6437,0.9944,1.0018,0.18
1182,Euró likviditás eszközalap - D,2025-08-01,0.9244,2025-08-02,0.9248,0.0005,55.4786,1.0005,0.9965,-0.35
1183,Európai ingatlancégek részv. eszközalap,2025-08-01,1.8423,2025-08-02,1.8199,-0.0122,112.6309,0.9878,0.9193,-8.07
1184,Európai kötvény eszközalap - D,2025-08-01,1.2292,2025-08-02,1.2298,0.0005,73.8706,1.0005,0.9846,-1.54
1185,Európai részvény eszközalap,2025-08-01,2.521,2025-08-02,2.4527,-0.0271,150.8259,0.9729,0.9691,-3.09
1186,Európai vállalati kötvény eszközalap,2025-08-01,1.3216,2025-08-02,1.3206,-0.0007,78.9804,0.9993,0.9958,-0.42
1187,Fejlõdõ piaci részvény ESG eszközalap-D,2025-08-01,1.0461,2025-08-02,1.021,-0.024,61.7239,0.976,1.0018,0.18
1188,Fejlõdõ ázsiai részvény eszközalap,2025-08-01,2.111,2025-08-02,2.0561,-0.026,121.7756,0.974,1.0367,3.67
1189,Fenntartható növekedés részvény eszk.,2025-08-01,3.1007,2025-08-02,3.0241,-0.0247,181.896,0.9753000000000001,0.9944,-0.56
1190,Globális egészségügyi részvény eszk.,2025-08-01,3.177,2025-08-02,3.1255,-0.0162,192.0374,0.9838,1.0072,0.72
1191,Globális növekedési részvény eszközalap,2025-08-01,2.2669,2025-08-02,2.2239,-0.019,135.3368,0.981,0.9744,-2.56
1192,Kiegyensúlyozott vegyes eszközalap - D,2025-08-01,1.3964,2025-08-02,1.383,-0.0096,82.5866,0.9904,1.0026,0.26
1193,Latin-amerikai részvény eszközalap,2025-08-01,1.0577,2025-08-02,1.0454,-0.0116,64.412,0.9884,0.9792,-2.08
1194,Magas kötvény arányú vegyes eszk. - D,2025-08-01,1.1012,2025-08-02,1.0956,-0.0051,65.6241,0.9949,0.9942,-0.58
1195,Magas védelmû vegyes eszközalap,2025-08-01,1.0907,2025-08-02,1.0839,-0.0062,65.4498,0.9938,0.9923,-0.77
1196,Nemz. élelmiszeripari cégek rv. ea - D,2025-08-01,3.1699,2025-08-02,3.1544,-0.0049,192.1591,0.9951,0.958,-4.2
1197,Nyersanyagpiaci részvény eszközalap,2025-08-01,1.3088,2025-08-02,1.284,-0.019,78.6933,0.981,0.9694,-3.06
1198,Presztízs- és luxusmárkák rv. ea.,2025-08-01,3.4486,2025-08-02,3.3473,-0.0294,204.696,0.9706,0.982,-1.8
1199,USA részvény eszközalap,2025-08-01,4.3338,2025-08-02,4.224,-0.0254,251.6598,0.9746,1.0079,0.79
1200,Ázsia kötvény eszközalap,2025-08-01,2.2544,2025-08-02,2.2614,0.0031,132.4551,1.0031,1.0069,0.69
1201,Aktív hozamfigyelõ vegyes eszközalap - D,2025-08-02,0.9293,2025-08-02,0.9293,0.0,56.573,1.0,1.0018,0.18
1202,Euró likviditás eszközalap - D,2025-08-02,0.9248,2025-08-02,0.9248,0.0,56.4034,1.0,0.9965,-0.35
1203,Európai ingatlancégek részv. eszközalap,2025-08-02,1.8199,2025-08-02,1.8199,0.0,114.4508,1.0,0.9193,-8.07
1204,Európai kötvény eszközalap - D,2025-08-02,1.2298,2025-08-02,1.2298,0.0,75.1004,1.0,0.9846,-1.54
1205,Európai részvény eszközalap,2025-08-02,2.4527,2025-08-02,2.4527,0.0,153.2786,1.0,0.9691,-3.09
1206,Európai vállalati kötvény eszközalap,2025-08-02,1.3206,2025-08-02,1.3206,0.0,80.301,1.0,0.9958,-0.42
1207,Fejlõdõ piaci részvény ESG eszközalap-D,2025-08-02,1.021,2025-08-02,1.021,0.0,62.7449,1.0,1.0018,0.18
1208,Fejlõdõ ázsiai részvény eszközalap,2025-08-02,2.0561,2025-08-02,2.0561,0.0,123.8317,1.0,1.0367,3.67
1209,Fenntartható növekedés részvény eszk.,2025-08-02,3.0241,2025-08-02,3.0241,0.0,184.9201,1.0,0.9944,-0.56
1210,Globális egészségügyi részvény eszk.,2025-08-02,3.1255,2025-08-02,3.1255,0.0,195.1629,1.0,1.0072,0.72
1211,Globális növekedési részvény eszközalap,2025-08-02,2.2239,2025-08-02,2.2239,0.0,137.5607,1.0,0.9744,-2.56
1212,Kiegyensúlyozott vegyes eszközalap - D,2025-08-02,1.383,2025-08-02,1.383,0.0,83.9696,1.0,1.0026,0.26
1213,Latin-amerikai részvény eszközalap,2025-08-02,1.0454,2025-08-02,1.0454,0.0,65.4574,1.0,0.9792,-2.08
1214,Magas kötvény arányú vegyes eszk. - D,2025-08-02,1.0956,2025-08-02,1.0956,0.0,66.7197,1.0,0.9942,-0.58
1215,Magas védelmû vegyes eszközalap,2025-08-02,1.0839,2025-08-02,1.0839,0.0,66.5337,1.0,0.9923,-0.77
1216,Nemz. élelmiszeripari cégek rv. ea - D,2025-08-02,3.1544,2025-08-02,3.1544,0.0,195.3135,1.0,0.958,-4.2
1217,Nyersanyagpiaci részvény eszközalap,2025-08-02,1.284,2025-08-02,1.284,0.0,79.9773,1.0,0.9694,-3.06
1218,Presztízs- és luxusmárkák rv. ea.,2025-08-02,3.3473,2025-08-02,3.3473,0.0,208.0433,1.0,0.982,-1.8
1219,USA részvény eszközalap,2025-08-02,4.224,2025-08-02,4.224,0.0,255.8838,1.0,1.0079,0.79
1220,Ázsia kötvény eszközalap,2025-08-02,2.2614,2025-08-02,2.2614,0.0,134.7165,1.0,1.0069,0.69
1221,Aktív hozamfigyelõ vegyes eszközalap - D,2025-08-03,0.9293,2025-08-03,0.9293,0.0,57.5023,1.0,1.0018,0.18
1222,Euró likviditás eszközalap - D,2025-08-03,0.9248,2025-08-03,0.9248,0.0,57.3282,1.0,0.9965,-0.35
1223,Európai ingatlancégek részv. eszközalap,2025-08-03,1.8199,2025-08-03,1.8199,0.0,116.2707,1.0,0.9193,-8.07
1224,Európai kötvény eszközalap - D,2025-08-03,1.2298,2025-08-03,1.2298,0.0,76.3302,1.0,0.9846,-1.54
1225,Európai részvény eszközalap,2025-08-03,2.4527,2025-08-03,2.4527,0.0,155.7313,1.0,0.9691,-3.09
1226,Európai vállalati kötvény eszközalap,2025-08-03,1.3206,2025-08-03,1.3206,0.0,81.6216,1.0,0.9958,-0.42
1227,Fejlõdõ piaci részvény ESG eszközalap-D,2025-08-03,1.021,2025-08-03,1.021,0.0,63.7659,1.0,1.0018,0.18
1228,Fejlõdõ ázsiai részvény eszközalap,2025-08-03,2.0561,2025-08-03,2.0561,0.0,125.8878,1.0,1.0367,3.67
1229,Fenntartható növekedés részvény eszk.,2025-08-03,3.0241,2025-08-03,3.0241,0.0,187.9442,1.0,0.9944,-0.56
1230,Globális egészségügyi részvény eszk.,2025-08-03,3.1255,2025-08-03,3.1255,0.0,198.2884,1.0,1.0072,0.72
1231,Globális növekedési részvény eszközalap,2025-08-03,2.2239,2025-08-03,2.2239,0.0,139.7846,1.0,0.9744,-2.56
1232,Kiegyensúlyozott vegyes eszközalap - D,2025-08-03,1.383,2025-08-03,1.383,0.0,85.3526,1.0,1.0026,0.26
1233,Latin-amerikai részvény eszközalap,2025-08-03,1.0454,2025-08-03,1.0454,0.0,66.5028,1.0,0.9792,-2.08
1234,Magas kötvény arányú vegyes eszk. - D,2025-08-03,1.0956,2025-08-03,1.0956,0.0,67.8153,1.0,0.9942,-0.58
1235,Magas védelmû vegyes eszközalap,2025-08-03,1.0839,2025-08-03,1.0839,0.0,67.6176,1.0,0.9923,-0.77
1236,Nemz. élelmiszeripari cégek rv. ea - D,2025-08-03,3.1544,2025-08-03,3.1544,0.0,198.4679,1.0,0.958,-4.2
1237,Nyersanyagpiaci részvény eszközalap,2025-08-03,1.284,2025-08-03,1.284,0.0,81.2613,1.0,0.9694,-3.06
1238,Presztízs- és luxusmárkák rv. ea.,2025-08-03,3.3473,2025-08-03,3.3473,0.0,211.3906,1.0,0.982,-1.8
1239,USA részvény eszközalap,2025-08-03,4.224,2025-08-03,4.224,0.0,260.1078,1.0,1.0079,0.79
1240,Ázsia kötvény eszközalap,2025-08-03,2.2614,2025-08-03,2.2614,0.0,136.9779,1.0,1.0069,0.69
1241,Aktív hozamfigyelõ vegyes eszközalap - D,2025-08-04,0.9293,2025-08-04,0.9293,0.0,58.4316,1.0,1.0018,0.18
1242,Euró likviditás eszközalap - D,2025-08-04,0.9248,2025-08-04,0.9248,0.0,58.253,1.0,0.9965,-0.35
1243,Európai ingatlancégek részv. eszközalap,2025-08-04,1.8199,2025-08-04,1.8199,0.0,118.0906,1.0,0.9193,-8.07
1244,Európai kötvény eszközalap - D,2025-08-04,1.2298,2025-08-04,1.2298,0.0,77.56,1.0,0.9846,-1.54
1245,Európai részvény eszközalap,2025-08-04,2.4527,2025-08-04,2.4527,0.0,158.184,1.0,0.9691,-3.09
1246,Európai vállalati kötvény eszközalap,2025-08-04,1.3206,2025-08-04,1.3206,0.0,82.9422,1.0,0.9958,-0.42
1247,Fejlõdõ piaci részvény ESG eszközalap-D,2025-08-04,1.021,2025-08-04,1.021,0.0,64.7869,1.0,1.0018,0.18
1248,Fejlõdõ ázsiai részvény eszközalap,2025-08-04,2.0561,2025-08-04,2.0561,0.0,127.9439,1.0,1.0367,3.67
1249,Fenntartható növekedés részvény eszk.,2025-08-04,3.0241,2025-08-04,3.0241,0.0,190.9683,1.0,0.9944,-0.56
1250,Globális egészségügyi részvény eszk.,2025-08-04,3.1255,2025-08-04,3.1255,0.0,201.4139,1.0,1.0072,0.72
1251,Globális növekedési részvény eszközalap,2025-08-04,2.2239,2025-08-04,2.2239,0.0,142.0085,1.0,0.9744,-2.56
1252,Kiegyensúlyozott vegyes eszközalap - D,2025-08-04,1.383,2025-08-04,1.383,0.0,86.7356,1.0,1.0026,0.26
1253,Latin-amerikai részvény eszközalap,2025-08-04,1.0454,2025-08-04,1.0454,0.0,67.5482,1.0,0.9792,-2.08
1254,Magas kötvény arányú vegyes eszk. - D,2025-08-04,1.0956,2025-08-04,1.0956,0.0,68.9109,1.0,0.9942,-0.58
1255,Magas védelmû vegyes eszközalap,2025-08-04,1.0839,2025-08-04,1.0839,0.0,68.7015,1.0,0.9923,-0.77
1256,Nemz. élelmiszeripari cégek rv. ea - D,2025-08-04,3.1544,2025-08-04,3.1544,0.0,201.6223,1.0,0.958,-4.2
1257,Nyersanyagpiaci részvény eszközalap,2025-08-04,1.284,2025-08-04,1.284,0.0,82.5453,1.0,0.9694,-3.06
1258,Presztízs- és luxusmárkák rv. ea.,2025-08-04,3.3473,2025-08-04,3.3473,0.0,214.7379,1.0,0.982,-1.8
1259,USA részvény eszközalap,2025-08-04,4.224,2025-08-04,4.224,0.0,264.3318,1.0,1.0079,0.79
1260,Ázsia kötvény eszközalap,2025-08-04,2.2614,2025-08-04,2.2614,0.0,139.2393,1.0,1.0069,0.69
1261,Aktív hozamfigyelõ vegyes eszközalap - D,2025-08-05,0.9344,2025-08-06,0.933,-0.0014,59.366,0.9986,1.0004,0.04
1262,Euró likviditás eszközalap - D,2025-08-05,0.9253,2025-08-06,0.9253,0.0,59.1783,1.0,0.9965,-0.35
1263,Európai ingatlancégek részv. eszközalap,2025-08-05,1.844,2025-08-06,1.8493,0.0029,119.9346,1.0029,0.922,-7.8
1264,Európai kötvény eszközalap - D,2025-08-05,1.2333,2025-08-06,1.2339,0.0005,78.7933,1.0005,0.9851,-1.49
1265,Európai részvény eszközalap,2025-08-05,2.4885,2025-08-06,2.493,0.0018,160.6725,1.0018,0.9709,-2.91
1266,Európai vállalati kötvény eszközalap,2025-08-05,1.3229,2025-08-06,1.3236,0.0005,84.2651,1.0005,0.9963,-0.37
1267,Fejlõdõ piaci részvény ESG eszközalap-D,2025-08-05,1.033,2025-08-06,1.0368,0.0037,65.8199,1.0037,1.0055,0.55
1268,Fejlõdõ ázsiai részvény eszközalap,2025-08-05,2.0832,2025-08-06,2.0987,0.0074,130.0271,1.0074,1.0444,4.44
1269,Fenntartható növekedés részvény eszk.,2025-08-05,3.0637,2025-08-06,3.04,-0.0077,194.032,0.9923,0.9868,-1.32
1270,Globális egészségügyi részvény eszk.,2025-08-05,3.1356,2025-08-06,3.1535,0.0057,204.5495,1.0057,1.013,1.3
1271,Globális növekedési részvény eszközalap,2025-08-05,2.2463,2025-08-06,2.2327,-0.006,144.2548,0.994,0.9685,-3.15
1272,Kiegyensúlyozott vegyes eszközalap - D,2025-08-05,1.3914,2025-08-06,1.3872,-0.003,88.127,0.997,0.9995,-0.05
1273,Latin-amerikai részvény eszközalap,2025-08-05,1.0488,2025-08-06,1.0559,0.0068,68.597,1.0068,0.9858,-1.42
1274,Magas kötvény arányú vegyes eszk. - D,2025-08-05,1.1005,2025-08-06,1.0993,-0.0011,70.0114,0.9989,0.9931,-0.69
1275,Magas védelmû vegyes eszközalap,2025-08-05,1.0865,2025-08-06,1.0869,0.0004,69.788,1.0004,0.9927,-0.73
1276,Nemz. élelmiszeripari cégek rv. ea - D,2025-08-05,3.1592,2025-08-06,3.1652,0.0019,204.7815,1.0019,0.9599,-4.01
1277,Nyersanyagpiaci részvény eszközalap,2025-08-05,1.3035,2025-08-06,1.3096,0.0047,83.8488,1.0047,0.9739,-2.61
1278,Presztízs- és luxusmárkák rv. ea.,2025-08-05,3.356,2025-08-06,3.3755,0.0058,218.0939,1.0058,0.9877,-1.23
1279,USA részvény eszközalap,2025-08-05,4.2821,2025-08-06,4.2689,-0.0031,268.6139,0.9969,1.0048,0.48
1280,Ázsia kötvény eszközalap,2025-08-05,2.2376,2025-08-06,2.246,0.0037,141.4769,1.0037,1.0107,1.07
1281,Aktív hozamfigyelõ vegyes eszközalap - D,2025-08-06,0.933,2025-08-07,0.9325,-0.0006,60.299,0.9994,0.9998,-0.02
1282,Euró likviditás eszközalap - D,2025-08-06,0.9253,2025-08-07,0.9253,0.0,60.1036,1.0,0.9965,-0.35
1283,Európai ingatlancégek részv. eszközalap,2025-08-06,1.8493,2025-08-07,1.8701,0.0113,121.7839,1.0113,0.9324,-6.76
1284,Európai kötvény eszközalap - D,2025-08-06,1.2339,2025-08-07,1.233,-0.0008,80.0272,0.9992,0.9844,-1.56
1285,Európai részvény eszközalap,2025-08-06,2.493,2025-08-07,2.5032,0.0041,163.1655,1.0041,0.9748,-2.52
1286,Európai vállalati kötvény eszközalap,2025-08-06,1.3236,2025-08-07,1.3232,-0.0003,85.5887,0.9997,0.996,-0.4
1287,Fejlõdõ piaci részvény ESG eszközalap-D,2025-08-06,1.0368,2025-08-07,1.0302,-0.0064,66.8567,0.9936,0.9991,-0.09
1288,Fejlõdõ ázsiai részvény eszközalap,2025-08-06,2.0987,2025-08-07,2.089,-0.0046,132.1258,0.9954,1.0396,3.96
1289,Fenntartható növekedés részvény eszk.,2025-08-06,3.04,2025-08-07,3.0415,0.0005,197.072,1.0005,0.9873,-1.27
1290,Globális egészségügyi részvény eszk.,2025-08-06,3.1535,2025-08-07,3.1174,-0.0115,207.703,0.9885,1.0013,0.13
1291,Globális növekedési részvény eszközalap,2025-08-06,2.2327,2025-08-07,2.2124,-0.0091,146.4875,0.9909,0.9597,-4.03
1292,Kiegyensúlyozott vegyes eszközalap - D,2025-08-06,1.3872,2025-08-07,1.3885,0.0009,89.5142,1.0009,1.0004,0.04
1293,Latin-amerikai részvény eszközalap,2025-08-06,1.0559,2025-08-07,1.0648,0.0085,69.6529,1.0085,0.9942,-0.58
1294,Magas kötvény arányú vegyes eszk. - D,2025-08-06,1.0993,2025-08-07,1.0993,0.0001,71.1107,1.0001,0.9932,-0.68
1295,Magas védelmû vegyes eszközalap,2025-08-06,1.0869,2025-08-07,1.0873,0.0004,70.8749,1.0004,0.9931,-0.69
1296,Nemz. élelmiszeripari cégek rv. ea - D,2025-08-06,3.1652,2025-08-07,3.1795,0.0045,207.9467,1.0045,0.9642,-3.58
1297,Nyersanyagpiaci részvény eszközalap,2025-08-06,1.3096,2025-08-07,1.3111,0.0011,85.1584,1.0011,0.975,-2.5
1298,Presztízs- és luxusmárkák rv. ea.,2025-08-06,3.3755,2025-08-07,3.3773,0.0005,221.4694,1.0005,0.9882,-1.18
1299,USA részvény eszközalap,2025-08-06,4.2689,2025-08-07,4.2876,0.0044,272.8828,1.0044,1.0092,0.92
1300,Ázsia kötvény eszközalap,2025-08-06,2.246,2025-08-07,2.2363,-0.0043,143.7229,0.9957,1.0063,0.63
1301,Aktív hozamfigyelõ vegyes eszközalap - D,2025-08-07,0.9325,2025-08-08,0.9331,0.0007,61.2315,1.0007,1.0005,0.05
1302,Euró likviditás eszközalap - D,2025-08-07,0.9253,2025-08-08,0.9252,-0.0002,61.0289,0.9998,0.9963,-0.37
1303,Európai ingatlancégek részv. eszközalap,2025-08-07,1.8701,2025-08-08,1.872,0.001,123.654,1.001,0.9334,-6.66
1304,Európai kötvény eszközalap - D,2025-08-07,1.233,2025-08-08,1.2333,0.0003,81.2602,1.0003,0.9846,-1.54
1305,Európai részvény eszközalap,2025-08-07,2.5032,2025-08-08,2.5376,0.0137,165.6687,1.0137,0.9882,-1.18
1306,Európai vállalati kötvény eszközalap,2025-08-07,1.3232,2025-08-08,1.3236,0.0002,86.9119,1.0002,0.9962,-0.38
1307,Fejlõdõ piaci részvény ESG eszközalap-D,2025-08-07,1.0302,2025-08-08,1.0428,0.0122,67.8869,1.0122,1.0113,1.13
1308,Fejlõdõ ázsiai részvény eszközalap,2025-08-07,2.089,2025-08-08,2.1288,0.019,134.2148,1.019,1.0593,5.93
1309,Fenntartható növekedés részvény eszk.,2025-08-07,3.0415,2025-08-08,3.0426,0.0004,200.1135,1.0004,0.9877,-1.23
1310,Globális egészségügyi részvény eszk.,2025-08-07,3.1174,2025-08-08,3.0967,-0.0066,210.8204,0.9934,0.9947,-0.53
1311,Globális növekedési részvény eszközalap,2025-08-07,2.2124,2025-08-08,2.2259,0.0061,148.6999,1.0061,0.9656,-3.44
1312,Kiegyensúlyozott vegyes eszközalap - D,2025-08-07,1.3885,2025-08-08,1.392,0.0025,90.9027,1.0025,1.003,0.3
1313,Latin-amerikai részvény eszközalap,2025-08-07,1.0648,2025-08-08,1.0707,0.0055,70.7177,1.0055,0.9997,-0.03
1314,Magas kötvény arányú vegyes eszk. - D,2025-08-07,1.0993,2025-08-08,1.101,0.0015,72.21,1.0015,0.9947,-0.53
1315,Magas védelmû vegyes eszközalap,2025-08-07,1.0873,2025-08-08,1.0897,0.0023,71.9622,1.0023,0.9953,-0.47
1316,Nemz. élelmiszeripari cégek rv. ea - D,2025-08-07,3.1795,2025-08-08,3.1904,0.0034,211.1262,1.0034,0.9675,-3.25
1317,Nyersanyagpiaci részvény eszközalap,2025-08-07,1.3111,2025-08-08,1.3147,0.0028,86.4695,1.0028,0.9777,-2.23
1318,Presztízs- és luxusmárkák rv. ea.,2025-08-07,3.3773,2025-08-08,3.3957,0.0054,224.8467,1.0054,0.9936,-0.64
1319,USA részvény eszközalap,2025-08-07,4.2876,2025-08-08,4.2849,-0.0006,277.1704,0.9994,1.0086,0.86
1320,Ázsia kötvény eszközalap,2025-08-07,2.2363,2025-08-08,2.2156,-0.0092,145.9592,0.9908,0.9971,-0.29
1321,Aktív hozamfigyelõ vegyes eszközalap - D,2025-08-08,0.9331,2025-08-09,0.9327,-0.0004,62.1646,0.9996,1.0001,0.01
1322,Euró likviditás eszközalap - D,2025-08-08,0.9252,2025-08-09,0.9246,-0.0006,61.9541,0.9994,0.9957,-0.43
1323,Európai ingatlancégek részv. eszközalap,2025-08-08,1.872,2025-08-09,1.8754,0.0018,125.526,1.0018,0.935,-6.5
1324,Európai kötvény eszközalap - D,2025-08-08,1.2333,2025-08-09,1.2302,-0.0025,82.4935,0.9975,0.9822,-1.78
1325,Európai részvény eszközalap,2025-08-08,2.5376,2025-08-09,2.5425,0.0019,168.2063,1.0019,0.9901,-0.99
1326,Európai vállalati kötvény eszközalap,2025-08-08,1.3236,2025-08-09,1.3216,-0.0015,88.2355,0.9985,0.9947,-0.53
1327,Fejlõdõ piaci részvény ESG eszközalap-D,2025-08-08,1.0428,2025-08-09,1.0412,-0.0016,68.9297,0.9984,1.0097,0.97
1328,Fejlõdõ ázsiai részvény eszközalap,2025-08-08,2.1288,2025-08-09,2.1211,-0.0036,136.3436,0.9964,1.0555,5.55
1329,Fenntartható növekedés részvény eszk.,2025-08-08,3.0426,2025-08-09,3.0512,0.0028,203.1561,1.0028,0.9904,-0.96
1330,Globális egészségügyi részvény eszk.,2025-08-08,3.0967,2025-08-09,3.1095,0.0041,213.9171,1.0041,0.9988,-0.12
1331,Globális növekedési részvény eszközalap,2025-08-08,2.2259,2025-08-09,2.2186,-0.0033,150.9258,0.9967,0.9624,-3.76
1332,Kiegyensúlyozott vegyes eszközalap - D,2025-08-08,1.392,2025-08-09,1.3917,-0.0002,92.2947,0.9998,1.0027,0.27
1333,Latin-amerikai részvény eszközalap,2025-08-08,1.0707,2025-08-09,1.0881,0.0163,71.7884,1.0163,1.016,1.6
1334,Magas kötvény arányú vegyes eszk. - D,2025-08-08,1.101,2025-08-09,1.0996,-0.0013,73.311,0.9987,0.9934,-0.66
1335,Magas védelmû vegyes eszközalap,2025-08-08,1.0897,2025-08-09,1.0906,0.0008,73.0519,1.0008,0.9961,-0.39
1336,Nemz. élelmiszeripari cégek rv. ea - D,2025-08-08,3.1904,2025-08-09,3.2091,0.0059,214.3166,1.0059,0.9732,-2.68
1337,Nyersanyagpiaci részvény eszközalap,2025-08-08,1.3147,2025-08-09,1.3303,0.0118,87.7842,1.0118,0.9893,-1.07
1338,Presztízs- és luxusmárkák rv. ea.,2025-08-08,3.3957,2025-08-09,3.4048,0.0027,228.2424,1.0027,0.9963,-0.37
1339,USA részvény eszközalap,2025-08-08,4.2849,2025-08-09,4.3036,0.0044,281.4553,1.0044,1.013,1.3
1340,Ázsia kötvény eszközalap,2025-08-08,2.2156,2025-08-09,2.223,0.0034,148.1748,1.0034,1.0004,0.04
1341,Aktív hozamfigyelõ vegyes eszközalap - D,2025-08-09,0.9327,2025-08-09,0.9327,0.0,63.0973,1.0,1.0001,0.01
1342,Euró likviditás eszközalap - D,2025-08-09,0.9246,2025-08-09,0.9246,0.0,62.8787,1.0,0.9957,-0.43
1343,Európai ingatlancégek részv. eszközalap,2025-08-09,1.8754,2025-08-09,1.8754,0.0,127.4014,1.0,0.935,-6.5
1344,Európai kötvény eszközalap - D,2025-08-09,1.2302,2025-08-09,1.2302,0.0,83.7237,1.0,0.9822,-1.78
1345,Európai részvény eszközalap,2025-08-09,2.5425,2025-08-09,2.5425,0.0,170.7488,1.0,0.9901,-0.99
1346,Európai vállalati kötvény eszközalap,2025-08-09,1.3216,2025-08-09,1.3216,0.0,89.5571,1.0,0.9947,-0.53
1347,Fejlõdõ piaci részvény ESG eszközalap-D,2025-08-09,1.0412,2025-08-09,1.0412,0.0,69.9709,1.0,1.0097,0.97
1348,Fejlõdõ ázsiai részvény eszközalap,2025-08-09,2.1211,2025-08-09,2.1211,0.0,138.4647,1.0,1.0555,5.55
1349,Fenntartható növekedés részvény eszk.,2025-08-09,3.0512,2025-08-09,3.0512,0.0,206.2073,1.0,0.9904,-0.96
1350,Globális egészségügyi részvény eszk.,2025-08-09,3.1095,2025-08-09,3.1095,0.0,217.0266,1.0,0.9988,-0.12
1351,Globális növekedési részvény eszközalap,2025-08-09,2.2186,2025-08-09,2.2186,0.0,153.1444,1.0,0.9624,-3.76
1352,Kiegyensúlyozott vegyes eszközalap - D,2025-08-09,1.3917,2025-08-09,1.3917,0.0,93.6864,1.0,1.0027,0.27
1353,Latin-amerikai részvény eszközalap,2025-08-09,1.0881,2025-08-09,1.0881,0.0,72.8765,1.0,1.016,1.6
1354,Magas kötvény arányú vegyes eszk. - D,2025-08-09,1.0996,2025-08-09,1.0996,0.0,74.4106,1.0,0.9934,-0.66
1355,Magas védelmû vegyes eszközalap,2025-08-09,1.0906,2025-08-09,1.0906,0.0,74.1425,1.0,0.9961,-0.39
1356,Nemz. élelmiszeripari cégek rv. ea - D,2025-08-09,3.2091,2025-08-09,3.2091,0.0,217.5257,1.0,0.9732,-2.68
1357,Nyersanyagpiaci részvény eszközalap,2025-08-09,1.3303,2025-08-09,1.3303,0.0,89.1145,1.0,0.9893,-1.07
1358,Presztízs- és luxusmárkák rv. ea.,2025-08-09,3.4048,2025-08-09,3.4048,0.0,231.6472,1.0,0.9963,-0.37
1359,USA részvény eszközalap,2025-08-09,4.3036,2025-08-09,4.3036,0.0,285.7589,1.0,1.013,1.3
1360,Ázsia kötvény eszközalap,2025-08-09,2.223,2025-08-09,2.223,0.0,150.3978,1.0,1.0004,0.04
1361,Aktív hozamfigyelõ vegyes eszközalap - D,2025-08-10,0.9327,2025-08-10,0.9327,0.0,64.03,1.0,1.0001,0.01
1362,Euró likviditás eszközalap - D,2025-08-10,0.9246,2025-08-10,0.9246,0.0,63.8033,1.0,0.9957,-0.43
1363,Európai ingatlancégek részv. eszközalap,2025-08-10,1.8754,2025-08-10,1.8754,0.0,129.2768,1.0,0.935,-6.5
1364,Európai kötvény eszközalap - D,2025-08-10,1.2302,2025-08-10,1.2302,0.0,84.9539,1.0,0.9822,-1.78
1365,Európai részvény eszközalap,2025-08-10,2.5425,2025-08-10,2.5425,0.0,173.2913,1.0,0.9901,-0.99
1366,Európai vállalati kötvény eszközalap,2025-08-10,1.3216,2025-08-10,1.3216,0.0,90.8787,1.0,0.9947,-0.53
1367,Fejlõdõ piaci részvény ESG eszközalap-D,2025-08-10,1.0412,2025-08-10,1.0412,0.0,71.0121,1.0,1.0097,0.97
1368,Fejlõdõ ázsiai részvény eszközalap,2025-08-10,2.1211,2025-08-10,2.1211,0.0,140.5858,1.0,1.0555,5.55
1369,Fenntartható növekedés részvény eszk.,2025-08-10,3.0512,2025-08-10,3.0512,0.0,209.2585,1.0,0.9904,-0.96
1370,Globális egészségügyi részvény eszk.,2025-08-10,3.1095,2025-08-10,3.1095,0.0,220.1361,1.0,0.9988,-0.12
1371,Globális növekedési részvény eszközalap,2025-08-10,2.2186,2025-08-10,2.2186,0.0,155.363,1.0,0.9624,-3.76
1372,Kiegyensúlyozott vegyes eszközalap - D,2025-08-10,1.3917,2025-08-10,1.3917,0.0,95.0781,1.0,1.0027,0.27
1373,Latin-amerikai részvény eszközalap,2025-08-10,1.0881,2025-08-10,1.0881,0.0,73.9646,1.0,1.016,1.6
1374,Magas kötvény arányú vegyes eszk. - D,2025-08-10,1.0996,2025-08-10,1.0996,0.0,75.5102,1.0,0.9934,-0.66
1375,Magas védelmû vegyes eszközalap,2025-08-10,1.0906,2025-08-10,1.0906,0.0,75.2331,1.0,0.9961,-0.39
1376,Nemz. élelmiszeripari cégek rv. ea - D,2025-08-10,3.2091,2025-08-10,3.2091,0.0,220.7348,1.0,0.9732,-2.68
1377,Nyersanyagpiaci részvény eszközalap,2025-08-10,1.3303,2025-08-10,1.3303,0.0,90.4448,1.0,0.9893,-1.07
1378,Presztízs- és luxusmárkák rv. ea.,2025-08-10,3.4048,2025-08-10,3.4048,0.0,235.052,1.0,0.9963,-0.37
1379,USA részvény eszközalap,2025-08-10,4.3036,2025-08-10,4.3036,0.0,290.0625,1.0,1.013,1.3
1380,Ázsia kötvény eszközalap,2025-08-10,2.223,2025-08-10,2.223,0.0,152.6208,1.0,1.0004,0.04
1381,Aktív hozamfigyelõ vegyes eszközalap - D,2025-08-11,0.9327,2025-08-11,0.9327,0.0,64.9627,1.0,1.0001,0.01
1382,Euró likviditás eszközalap - D,2025-08-11,0.9246,2025-08-11,0.9246,0.0,64.7279,1.0,0.9957,-0.43
1383,Európai ingatlancégek részv. eszközalap,2025-08-11,1.8754,2025-08-11,1.8754,0.0,131.1522,1.0,0.935,-6.5
1384,Európai kötvény eszközalap - D,2025-08-11,1.2302,2025-08-11,1.2302,0.0,86.1841,1.0,0.9822,-1.78
1385,Európai részvény eszközalap,2025-08-11,2.5425,2025-08-11,2.5425,0.0,175.8338,1.0,0.9901,-0.99
1386,Európai vállalati kötvény eszközalap,2025-08-11,1.3216,2025-08-11,1.3216,0.0,92.2003,1.0,0.9947,-0.53
1387,Fejlõdõ piaci részvény ESG eszközalap-D,2025-08-11,1.0412,2025-08-11,1.0412,0.0,72.0533,1.0,1.0097,0.97
1388,Fejlõdõ ázsiai részvény eszközalap,2025-08-11,2.1211,2025-08-11,2.1211,0.0,142.7069,1.0,1.0555,5.55
1389,Fenntartható növekedés részvény eszk.,2025-08-11,3.0512,2025-08-11,3.0512,0.0,212.3097,1.0,0.9904,-0.96
1390,Globális egészségügyi részvény eszk.,2025-08-11,3.1095,2025-08-11,3.1095,0.0,223.2456,1.0,0.9988,-0.12
1391,Globális növekedési részvény eszközalap,2025-08-11,2.2186,2025-08-11,2.2186,0.0,157.5816,1.0,0.9624,-3.76
1392,Kiegyensúlyozott vegyes eszközalap - D,2025-08-11,1.3917,2025-08-11,1.3917,0.0,96.4698,1.0,1.0027,0.27
1393,Latin-amerikai részvény eszközalap,2025-08-11,1.0881,2025-08-11,1.0881,0.0,75.0527,1.0,1.016,1.6
1394,Magas kötvény arányú vegyes eszk. - D,2025-08-11,1.0996,2025-08-11,1.0996,0.0,76.6098,1.0,0.9934,-0.66
1395,Magas védelmû vegyes eszközalap,2025-08-11,1.0906,2025-08-11,1.0906,0.0,76.3237,1.0,0.9961,-0.39
1396,Nemz. élelmiszeripari cégek rv. ea - D,2025-08-11,3.2091,2025-08-11,3.2091,0.0,223.9439,1.0,0.9732,-2.68
1397,Nyersanyagpiaci részvény eszközalap,2025-08-11,1.3303,2025-08-11,1.3303,0.0,91.7751,1.0,0.9893,-1.07
1398,Presztízs- és luxusmárkák rv. ea.,2025-08-11,3.4048,2025-08-11,3.4048,0.0,238.4568,1.0,0.9963,-0.37
1399,USA részvény eszközalap,2025-08-11,4.3036,2025-08-11,4.3036,0.0,294.3661,1.0,1.013,1.3
1400,Ázsia kötvény eszközalap,2025-08-11,2.223,2025-08-11,2.223,0.0,154.8438,1.0,1.0004,0.04
1401,Aktív hozamfigyelõ vegyes eszközalap - D,2025-08-12,0.9328,2025-08-13,0.9342,0.0015,65.8955,1.0015,1.0016,0.16
1402,Euró likviditás eszközalap - D,2025-08-12,0.9245,2025-08-13,0.9244,-0.0002,65.6524,0.9998,0.9955,-0.45
1403,Európai ingatlancégek részv. eszközalap,2025-08-12,1.8711,2025-08-13,1.8543,-0.0089,133.0233,0.9911,0.9267,-7.33
1404,Európai kötvény eszközalap - D,2025-08-12,1.2297,2025-08-13,1.2269,-0.0023,87.4138,0.9977,0.9799,-2.01
1405,Európai részvény eszközalap,2025-08-12,2.5404,2025-08-13,2.5425,0.0008,178.3742,1.0008,0.9909,-0.91
1406,Európai vállalati kötvény eszközalap,2025-08-12,1.3215,2025-08-13,1.3199,-0.0012,93.5218,0.9988,0.9935,-0.65
1407,Fejlõdõ piaci részvény ESG eszközalap-D,2025-08-12,1.0458,2025-08-13,1.049,0.0031,73.0991,1.0031,1.0128,1.28
1408,Fejlõdõ ázsiai részvény eszközalap,2025-08-12,2.1317,2025-08-13,2.115,-0.0078,144.8386,0.9922,1.0473,4.73
1409,Fenntartható növekedés részvény eszk.,2025-08-12,3.0571,2025-08-13,3.0748,0.0058,215.3668,1.0058,0.9962,-0.38
1410,Globális egészségügyi részvény eszk.,2025-08-12,3.1273,2025-08-13,3.1246,-0.0009,226.3729,0.9991,0.9979,-0.21
1411,Globális növekedési részvény eszközalap,2025-08-12,2.2167,2025-08-13,2.2258,0.0041,159.7983,1.0041,0.9663,-3.37
1412,Kiegyensúlyozott vegyes eszközalap - D,2025-08-12,1.3933,2025-08-13,1.394,0.0005,97.8631,1.0005,1.0033,0.33
1413,Latin-amerikai részvény eszközalap,2025-08-12,1.0934,2025-08-13,1.1008,0.0067,76.1461,1.0067,1.0228,2.28
1414,Magas kötvény arányú vegyes eszk. - D,2025-08-12,1.0999,2025-08-13,1.0989,-0.0009,77.7097,0.9991,0.9926,-0.74
1415,Magas védelmû vegyes eszközalap,2025-08-12,1.0896,2025-08-13,1.09,0.0004,77.4133,1.0004,0.9965,-0.35
1416,Nemz. élelmiszeripari cégek rv. ea - D,2025-08-12,3.2152,2025-08-13,3.2112,-0.0012,227.1591,0.9988,0.972,-2.8
1417,Nyersanyagpiaci részvény eszközalap,2025-08-12,1.3235,2025-08-13,1.3321,0.0065,93.0986,1.0065,0.9957,-0.43
1418,Presztízs- és luxusmárkák rv. ea.,2025-08-12,3.3841,2025-08-13,3.3994,0.0045,241.8409,1.0045,1.0007,0.07
1419,USA részvény eszközalap,2025-08-12,4.3123,2025-08-13,4.3437,0.0073,298.6784,1.0073,1.0204,2.04
1420,Ázsia kötvény eszközalap,2025-08-12,2.2203,2025-08-13,2.2271,0.0031,157.0641,1.0031,1.0035,0.35
1421,Aktív hozamfigyelõ vegyes eszközalap - D,2025-08-13,0.9342,2025-08-14,0.9378,0.0039,66.8297,1.0039,1.0055,0.55
1422,Euró likviditás eszközalap - D,2025-08-13,0.9244,2025-08-14,0.9252,0.0008,66.5768,1.0008,0.9963,-0.37
1423,Európai ingatlancégek részv. eszközalap,2025-08-13,1.8543,2025-08-14,1.8547,0.0002,134.8776,1.0002,0.9269,-7.31
1424,Európai kötvény eszközalap - D,2025-08-13,1.2269,2025-08-14,1.2321,0.0042,88.6407,1.0042,0.984,-1.6
1425,Európai részvény eszközalap,2025-08-13,2.5425,2025-08-14,2.5615,0.0075,180.9167,1.0075,0.9983,-0.17
1426,Európai vállalati kötvény eszközalap,2025-08-13,1.3199,2025-08-14,1.3239,0.003,94.8417,1.003,0.9965,-0.35
1427,Fejlõdõ piaci részvény ESG eszközalap-D,2025-08-13,1.049,2025-08-14,1.0601,0.0105,74.1481,1.0105,1.0234,2.34
1428,Fejlõdõ ázsiai részvény eszközalap,2025-08-13,2.115,2025-08-14,2.1357,0.0098,146.9536,1.0098,1.0575,5.75
1429,Fenntartható növekedés részvény eszk.,2025-08-13,3.0748,2025-08-14,3.0793,0.0015,218.4416,1.0015,0.9977,-0.23
1430,Globális egészségügyi részvény eszk.,2025-08-13,3.1246,2025-08-14,3.1633,0.0124,229.4975,1.0124,1.0103,1.03
1431,Globális növekedési részvény eszközalap,2025-08-13,2.2258,2025-08-14,2.2327,0.0031,162.0241,1.0031,0.9693,-3.07
1432,Kiegyensúlyozott vegyes eszközalap - D,2025-08-13,1.394,2025-08-14,1.3992,0.0037,99.2571,1.0037,1.007,0.7
1433,Latin-amerikai részvény eszközalap,2025-08-13,1.1008,2025-08-14,1.0992,-0.0014,77.2469,0.9986,1.0213,2.13
1434,Magas kötvény arányú vegyes eszk. - D,2025-08-13,1.0989,2025-08-14,1.1033,0.004,78.8086,1.004,0.9965,-0.35
1435,Magas védelmû vegyes eszközalap,2025-08-13,1.09,2025-08-14,1.0921,0.0019,78.5033,1.0019,0.9984,-0.16
1436,Nemz. élelmiszeripari cégek rv. ea - D,2025-08-13,3.2112,2025-08-14,3.2005,-0.0033,230.3703,0.9967,0.9688,-3.12
1437,Nyersanyagpiaci részvény eszközalap,2025-08-13,1.3321,2025-08-14,1.339,0.0052,94.4307,1.0052,1.0009,0.09
1438,Presztízs- és luxusmárkák rv. ea.,2025-08-13,3.3994,2025-08-14,3.4404,0.0121,245.2403,1.0121,1.0128,1.28
1439,USA részvény eszközalap,2025-08-13,4.3437,2025-08-14,4.3325,-0.0026,303.0221,0.9974,1.0178,1.78
1440,Ázsia kötvény eszközalap,2025-08-13,2.2271,2025-08-14,2.2107,-0.0074,159.2912,0.9926,0.9961,-0.39
1441,Aktív hozamfigyelõ vegyes eszközalap - D,2025-08-14,0.9378,2025-08-15,0.9377,-0.0001,67.7675,0.9999,1.0054,0.54
1442,Euró likviditás eszközalap - D,2025-08-14,0.9252,2025-08-15,0.9249,-0.0003,67.502,0.9997,0.996,-0.4
1443,Európai ingatlancégek részv. eszközalap,2025-08-14,1.8547,2025-08-15,1.8633,0.0047,136.7323,1.0047,0.9313,-6.87
1444,Európai kötvény eszközalap - D,2025-08-14,1.2321,2025-08-15,1.2301,-0.0017,89.8728,0.9983,0.9824,-1.76
1445,Európai részvény eszközalap,2025-08-14,2.5615,2025-08-15,2.5864,0.0097,183.4782,1.0097,1.008,0.8
1446,Európai vállalati kötvény eszközalap,2025-08-14,1.3239,2025-08-15,1.3228,-0.0008,96.1656,0.9992,0.9957,-0.43
1447,Fejlõdõ piaci részvény ESG eszközalap-D,2025-08-14,1.0601,2025-08-15,1.0599,-0.0001,75.2082,0.9999,1.0233,2.33
1448,Fejlõdõ ázsiai részvény eszközalap,2025-08-14,2.1357,2025-08-15,2.1418,0.0028,149.0893,1.0028,1.0605,6.05
1449,Fenntartható növekedés részvény eszk.,2025-08-14,3.0793,2025-08-15,3.099,0.0064,221.5209,1.0064,1.0041,0.41
1450,Globális egészségügyi részvény eszk.,2025-08-14,3.1633,2025-08-15,3.1658,0.0008,232.6608,1.0008,1.0111,1.11
1451,Globális növekedési részvény eszközalap,2025-08-14,2.2327,2025-08-15,2.225,-0.0035,164.2568,0.9965,0.9659,-3.41
1452,Kiegyensúlyozott vegyes eszközalap - D,2025-08-14,1.3992,2025-08-15,1.3999,0.0005,100.6563,1.0005,1.0075,0.75
1453,Latin-amerikai részvény eszközalap,2025-08-14,1.0992,2025-08-15,1.0969,-0.0021,78.3461,0.9979,1.0192,1.92
1454,Magas kötvény arányú vegyes eszk. - D,2025-08-14,1.1033,2025-08-15,1.1027,-0.0006,79.9119,0.9994,0.9959,-0.41
1455,Magas védelmû vegyes eszközalap,2025-08-14,1.0921,2025-08-15,1.0939,0.0016,79.5954,1.0016,1.0,0.0
1456,Nemz. élelmiszeripari cégek rv. ea - D,2025-08-14,3.2005,2025-08-15,3.2025,0.0006,233.5708,1.0006,0.9694,-3.06
1457,Nyersanyagpiaci részvény eszközalap,2025-08-14,1.339,2025-08-15,1.3404,0.0011,95.7697,1.0011,1.002,0.2
1458,Presztízs- és luxusmárkák rv. ea.,2025-08-14,3.4404,2025-08-15,3.4245,-0.0046,248.6807,0.9954,1.0082,0.82
1459,USA részvény eszközalap,2025-08-14,4.3325,2025-08-15,4.356,0.0054,307.3546,1.0054,1.0232,2.32
1460,Ázsia kötvény eszközalap,2025-08-14,2.2107,2025-08-15,2.2242,0.0061,161.5019,1.0061,1.0022,0.22
1461,Aktív hozamfigyelõ vegyes eszközalap - D,2025-08-15,0.9377,2025-08-16,0.9351,-0.0027,68.7052,0.9973,1.0027,0.27
1462,Euró likviditás eszközalap - D,2025-08-15,0.9249,2025-08-16,0.9244,-0.0005,68.4269,0.9995,0.9955,-0.45
1463,Európai ingatlancégek részv. eszközalap,2025-08-15,1.8633,2025-08-16,1.8527,-0.0057,138.5956,0.9943,0.926,-7.4
1464,Európai kötvény eszközalap - D,2025-08-15,1.2301,2025-08-16,1.2254,-0.0038,91.1029,0.9962,0.9786,-2.14
1465,Európai részvény eszközalap,2025-08-15,2.5864,2025-08-16,2.59,0.0014,186.0646,1.0014,1.0094,0.94
1466,Európai vállalati kötvény eszközalap,2025-08-15,1.3228,2025-08-16,1.3202,-0.002,97.4884,0.998,0.9937,-0.63
1467,Fejlõdõ piaci részvény ESG eszközalap-D,2025-08-15,1.0599,2025-08-16,1.0574,-0.0024,76.2681,0.9976,1.0209,2.09
1468,Fejlõdõ ázsiai részvény eszközalap,2025-08-15,2.1418,2025-08-16,2.1362,-0.0026,151.2311,0.9974,1.0577,5.77
1469,Fenntartható növekedés részvény eszk.,2025-08-15,3.099,2025-08-16,3.0809,-0.0058,224.6199,0.9942,0.9982,-0.18
1470,Globális egészségügyi részvény eszk.,2025-08-15,3.1658,2025-08-16,3.1657,0.0,235.8266,1.0,1.0111,1.11
1471,Globális növekedési részvény eszközalap,2025-08-15,2.225,2025-08-16,2.223,-0.0009,166.4818,0.9991,0.9651,-3.49
1472,Kiegyensúlyozott vegyes eszközalap - D,2025-08-15,1.3999,2025-08-16,1.3958,-0.0029,102.0562,0.9971,1.0045,0.45
1473,Latin-amerikai részvény eszközalap,2025-08-15,1.0969,2025-08-16,1.0961,-0.0007,79.443,0.9993,1.0185,1.85
1474,Magas kötvény arányú vegyes eszk. - D,2025-08-15,1.1027,2025-08-16,1.0987,-0.0036,81.0146,0.9964,0.9923,-0.77
1475,Magas védelmû vegyes eszközalap,2025-08-15,1.0939,2025-08-16,1.0951,0.0011,80.6893,1.0011,1.0011,0.11
1476,Nemz. élelmiszeripari cégek rv. ea - D,2025-08-15,3.2025,2025-08-16,3.1843,-0.0057,236.7733,0.9943,0.9638,-3.62
1477,Nyersanyagpiaci részvény eszközalap,2025-08-15,1.3404,2025-08-16,1.3426,0.0016,97.1101,1.0016,1.0036,0.36
1478,Presztízs- és luxusmárkák rv. ea.,2025-08-15,3.4245,2025-08-16,3.4296,0.0015,252.1052,1.0015,1.0097,0.97
1479,USA részvény eszközalap,2025-08-15,4.356,2025-08-16,4.3374,-0.0043,311.7106,0.9957,1.0188,1.88
1480,Ázsia kötvény eszközalap,2025-08-15,2.2242,2025-08-16,2.2179,-0.0028,163.7261,0.9972,0.9994,-0.06
1481,Aktív hozamfigyelõ vegyes eszközalap - D,2025-08-16,0.9351,2025-08-16,0.9351,0.0,69.6403,1.0,1.0027,0.27
1482,Euró likviditás eszközalap - D,2025-08-16,0.9244,2025-08-16,0.9244,0.0,69.3513,1.0,0.9955,-0.45
1483,Európai ingatlancégek részv. eszközalap,2025-08-16,1.8527,2025-08-16,1.8527,0.0,140.4483,1.0,0.926,-7.4
1484,Európai kötvény eszközalap - D,2025-08-16,1.2254,2025-08-16,1.2254,0.0,92.3283,1.0,0.9786,-2.14
1485,Európai részvény eszközalap,2025-08-16,2.59,2025-08-16,2.59,0.0,188.6546,1.0,1.0094,0.94
1486,Európai vállalati kötvény eszközalap,2025-08-16,1.3202,2025-08-16,1.3202,0.0,98.8086,1.0,0.9937,-0.63
1487,Fejlõdõ piaci részvény ESG eszközalap-D,2025-08-16,1.0574,2025-08-16,1.0574,0.0,77.3255,1.0,1.0209,2.09
1488,Fejlõdõ ázsiai részvény eszközalap,2025-08-16,2.1362,2025-08-16,2.1362,0.0,153.3673,1.0,1.0577,5.77
1489,Fenntartható növekedés részvény eszk.,2025-08-16,3.0809,2025-08-16,3.0809,0.0,227.7008,1.0,0.9982,-0.18
1490,Globális egészségügyi részvény eszk.,2025-08-16,3.1657,2025-08-16,3.1657,0.0,238.9923,1.0,1.0111,1.11
1491,Globális növekedési részvény eszközalap,2025-08-16,2.223,2025-08-16,2.223,0.0,168.7048,1.0,0.9651,-3.49
1492,Kiegyensúlyozott vegyes eszközalap - D,2025-08-16,1.3958,2025-08-16,1.3958,0.0,103.452,1.0,1.0045,0.45
1493,Latin-amerikai részvény eszközalap,2025-08-16,1.0961,2025-08-16,1.0961,0.0,80.5391,1.0,1.0185,1.85
1494,Magas kötvény arányú vegyes eszk. - D,2025-08-16,1.0987,2025-08-16,1.0987,0.0,82.1133,1.0,0.9923,-0.77
1495,Magas védelmû vegyes eszközalap,2025-08-16,1.0951,2025-08-16,1.0951,0.0,81.7844,1.0,1.0011,0.11
1496,Nemz. élelmiszeripari cégek rv. ea - D,2025-08-16,3.1843,2025-08-16,3.1843,0.0,239.9576,1.0,0.9638,-3.62
1497,Nyersanyagpiaci részvény eszközalap,2025-08-16,1.3426,2025-08-16,1.3426,0.0,98.4527,1.0,1.0036,0.36
1498,Presztízs- és luxusmárkák rv. ea.,2025-08-16,3.4296,2025-08-16,3.4296,0.0,255.5348,1.0,1.0097,0.97
1499,USA részvény eszközalap,2025-08-16,4.3374,2025-08-16,4.3374,0.0,316.048,1.0,1.0188,1.88
1500,Ázsia kötvény eszközalap,2025-08-16,2.2179,2025-08-16,2.2179,0.0,165.944,1.0,0.9994,-0.06
1501,Aktív hozamfigyelõ vegyes eszközalap - D,2025-08-17,0.9351,2025-08-17,0.9351,0.0,70.5754,1.0,1.0027,0.27
1502,Euró likviditás eszközalap - D,2025-08-17,0.9244,2025-08-17,0.9244,0.0,70.2757,1.0,0.9955,-0.45
1503,Európai ingatlancégek részv. eszközalap,2025-08-17,1.8527,2025-08-17,1.8527,0.0,142.301,1.0,0.926,-7.4
1504,Európai kötvény eszközalap - D,2025-08-17,1.2254,2025-08-17,1.2254,0.0,93.5537,1.0,0.9786,-2.14
1505,Európai részvény eszközalap,2025-08-17,2.59,2025-08-17,2.59,0.0,191.2446,1.0,1.0094,0.94
1506,Európai vállalati kötvény eszközalap,2025-08-17,1.3202,2025-08-17,1.3202,0.0,100.1288,1.0,0.9937,-0.63
1507,Fejlõdõ piaci részvény ESG eszközalap-D,2025-08-17,1.0574,2025-08-17,1.0574,0.0,78.3829,1.0,1.0209,2.09
1508,Fejlõdõ ázsiai részvény eszközalap,2025-08-17,2.1362,2025-08-17,2.1362,0.0,155.5035,1.0,1.0577,5.77
1509,Fenntartható növekedés részvény eszk.,2025-08-17,3.0809,2025-08-17,3.0809,0.0,230.7817,1.0,0.9982,-0.18
1510,Globális egészségügyi részvény eszk.,2025-08-17,3.1657,2025-08-17,3.1657,0.0,242.158,1.0,1.0111,1.11
1511,Globális növekedési részvény eszközalap,2025-08-17,2.223,2025-08-17,2.223,0.0,170.9278,1.0,0.9651,-3.49
1512,Kiegyensúlyozott vegyes eszközalap - D,2025-08-17,1.3958,2025-08-17,1.3958,0.0,104.8478,1.0,1.0045,0.45
1513,Latin-amerikai részvény eszközalap,2025-08-17,1.0961,2025-08-17,1.0961,0.0,81.6352,1.0,1.0185,1.85
1514,Magas kötvény arányú vegyes eszk. - D,2025-08-17,1.0987,2025-08-17,1.0987,0.0,83.212,1.0,0.9923,-0.77
1515,Magas védelmû vegyes eszközalap,2025-08-17,1.0951,2025-08-17,1.0951,0.0,82.8795,1.0,1.0011,0.11
1516,Nemz. élelmiszeripari cégek rv. ea - D,2025-08-17,3.1843,2025-08-17,3.1843,0.0,243.1419,1.0,0.9638,-3.62
1517,Nyersanyagpiaci részvény eszközalap,2025-08-17,1.3426,2025-08-17,1.3426,0.0,99.7953,1.0,1.0036,0.36
1518,Presztízs- és luxusmárkák rv. ea.,2025-08-17,3.4296,2025-08-17,3.4296,0.0,258.9644,1.0,1.0097,0.97
1519,USA részvény eszközalap,2025-08-17,4.3374,2025-08-17,4.3374,0.0,320.3854,1.0,1.0188,1.88
1520,Ázsia kötvény eszközalap,2025-08-17,2.2179,2025-08-17,2.2179,0.0,168.1619,1.0,0.9994,-0.06
1521,Aktív hozamfigyelõ vegyes eszközalap - D,2025-08-18,0.9351,2025-08-18,0.9351,0.0,71.5105,1.0,1.0027,0.27
1522,Euró likviditás eszközalap - D,2025-08-18,0.9244,2025-08-18,0.9244,0.0,71.2001,1.0,0.9955,-0.45
1523,Európai ingatlancégek részv. eszközalap,2025-08-18,1.8527,2025-08-18,1.8527,0.0,144.1537,1.0,0.926,-7.4
1524,Európai kötvény eszközalap - D,2025-08-18,1.2254,2025-08-18,1.2254,0.0,94.7791,1.0,0.9786,-2.14
1525,Európai részvény eszközalap,2025-08-18,2.59,2025-08-18,2.59,0.0,193.8346,1.0,1.0094,0.94
1526,Európai vállalati kötvény eszközalap,2025-08-18,1.3202,2025-08-18,1.3202,0.0,101.449,1.0,0.9937,-0.63
1527,Fejlõdõ piaci részvény ESG eszközalap-D,2025-08-18,1.0574,2025-08-18,1.0574,0.0,79.4403,1.0,1.0209,2.09
1528,Fejlõdõ ázsiai részvény eszközalap,2025-08-18,2.1362,2025-08-18,2.1362,0.0,157.6397,1.0,1.0577,5.77
1529,Fenntartható növekedés részvény eszk.,2025-08-18,3.0809,2025-08-18,3.0809,0.0,233.8626,1.0,0.9982,-0.18
1530,Globális egészségügyi részvény eszk.,2025-08-18,3.1657,2025-08-18,3.1657,0.0,245.3237,1.0,1.0111,1.11
1531,Globális növekedési részvény eszközalap,2025-08-18,2.223,2025-08-18,2.223,0.0,173.1508,1.0,0.9651,-3.49
1532,Kiegyensúlyozott vegyes eszközalap - D,2025-08-18,1.3958,2025-08-18,1.3958,0.0,106.2436,1.0,1.0045,0.45
1533,Latin-amerikai részvény eszközalap,2025-08-18,1.0961,2025-08-18,1.0961,0.0,82.7313,1.0,1.0185,1.85
1534,Magas kötvény arányú vegyes eszk. - D,2025-08-18,1.0987,2025-08-18,1.0987,0.0,84.3107,1.0,0.9923,-0.77
1535,Magas védelmû vegyes eszközalap,2025-08-18,1.0951,2025-08-18,1.0951,0.0,83.9746,1.0,1.0011,0.11
1536,Nemz. élelmiszeripari cégek rv. ea - D,2025-08-18,3.1843,2025-08-18,3.1843,0.0,246.3262,1.0,0.9638,-3.62
1537,Nyersanyagpiaci részvény eszközalap,2025-08-18,1.3426,2025-08-18,1.3426,0.0,101.1379,1.0,1.0036,0.36
1538,Presztízs- és luxusmárkák rv. ea.,2025-08-18,3.4296,2025-08-18,3.4296,0.0,262.394,1.0,1.0097,0.97
1539,USA részvény eszközalap,2025-08-18,4.3374,2025-08-18,4.3374,0.0,324.7228,1.0,1.0188,1.88
1540,Ázsia kötvény eszközalap,2025-08-18,2.2179,2025-08-18,2.2179,0.0,170.3798,1.0,0.9994,-0.06
1541,Aktív hozamfigyelõ vegyes eszközalap - D,2025-08-19,0.9354,2025-08-20,0.9358,0.0004,72.4459,1.0004,1.0031,0.31
1542,Euró likviditás eszközalap - D,2025-08-19,0.9245,2025-08-20,0.9247,0.0002,72.1246,1.0002,0.9957,-0.43
1543,Európai ingatlancégek részv. eszközalap,2025-08-19,1.8476,2025-08-20,1.8472,-0.0002,146.0013,0.9998,0.9258,-7.42
1544,Európai kötvény eszközalap - D,2025-08-19,1.2258,2025-08-20,1.2269,0.0009,96.0049,1.0009,0.9795,-2.05
1545,Európai részvény eszközalap,2025-08-19,2.5814,2025-08-20,2.6024,0.0082,196.416,1.0082,1.0177,1.77
1546,Európai vállalati kötvény eszközalap,2025-08-19,1.3204,2025-08-20,1.3215,0.0009,102.7694,1.0009,0.9946,-0.54
1547,Fejlõdõ piaci részvény ESG eszközalap-D,2025-08-19,1.0621,2025-08-20,1.0626,0.0005,80.5024,1.0005,1.0214,2.14
1548,Fejlõdõ ázsiai részvény eszközalap,2025-08-19,2.1496,2025-08-20,2.1372,-0.0057,159.7893,0.9943,1.0517,5.17
1549,Fenntartható növekedés részvény eszk.,2025-08-19,3.0922,2025-08-20,3.0836,-0.0028,236.9548,0.9972,0.9954,-0.46
1550,Globális egészségügyi részvény eszk.,2025-08-19,3.2482,2025-08-20,3.2377,-0.0032,248.5719,0.9968,1.0078,0.78
1551,Globális növekedési részvény eszközalap,2025-08-19,2.2328,2025-08-20,2.2418,0.004,175.3836,1.004,0.9689,-3.11
1552,Kiegyensúlyozott vegyes eszközalap - D,2025-08-19,1.397,2025-08-20,1.3971,0.0001,107.6406,1.0001,1.0046,0.46
1553,Latin-amerikai részvény eszközalap,2025-08-19,1.1044,2025-08-20,1.0807,-0.0215,83.8357,0.9785,0.9966,-0.34
1554,Magas kötvény arányú vegyes eszk. - D,2025-08-19,1.0993,2025-08-20,1.1,0.0006,85.41,1.0006,0.9929,-0.71
1555,Magas védelmû vegyes eszközalap,2025-08-19,1.0939,2025-08-20,1.0965,0.0024,85.0685,1.0024,1.0035,0.35
1556,Nemz. élelmiszeripari cégek rv. ea - D,2025-08-19,3.2022,2025-08-20,3.2256,0.0073,249.5284,1.0073,0.9709,-2.91
1557,Nyersanyagpiaci részvény eszközalap,2025-08-19,1.3383,2025-08-20,1.3462,0.0059,102.4762,1.0059,1.0095,0.95
1558,Presztízs- és luxusmárkák rv. ea.,2025-08-19,3.448,2025-08-20,3.4976,0.0144,265.842,1.0144,1.0242,2.42
1559,USA részvény eszközalap,2025-08-19,4.3583,2025-08-20,4.3341,-0.0056,329.0811,0.9944,1.0131,1.31
1560,Ázsia kötvény eszközalap,2025-08-19,2.2196,2025-08-20,2.2208,0.0006,172.5994,1.0006,1.0,0.0
1561,Aktív hozamfigyelõ vegyes eszközalap - D,2025-08-20,0.9358,2025-08-20,0.9358,0.0,73.3817,1.0,1.0031,0.31
1562,Euró likviditás eszközalap - D,2025-08-20,0.9247,2025-08-20,0.9247,0.0,73.0493,1.0,0.9957,-0.43
1563,Európai ingatlancégek részv. eszközalap,2025-08-20,1.8472,2025-08-20,1.8472,0.0,147.8485,1.0,0.9258,-7.42
1564,Európai kötvény eszközalap - D,2025-08-20,1.2269,2025-08-20,1.2269,0.0,97.2318,1.0,0.9795,-2.05
1565,Európai részvény eszközalap,2025-08-20,2.6024,2025-08-20,2.6024,0.0,199.0184,1.0,1.0177,1.77
1566,Európai vállalati kötvény eszközalap,2025-08-20,1.3215,2025-08-20,1.3215,0.0,104.0909,1.0,0.9946,-0.54
1567,Fejlõdõ piaci részvény ESG eszközalap-D,2025-08-20,1.0626,2025-08-20,1.0626,0.0,81.565,1.0,1.0214,2.14
1568,Fejlõdõ ázsiai részvény eszközalap,2025-08-20,2.1372,2025-08-20,2.1372,0.0,161.9265,1.0,1.0517,5.17
1569,Fenntartható növekedés részvény eszk.,2025-08-20,3.0836,2025-08-20,3.0836,0.0,240.0384,1.0,0.9954,-0.46
1570,Globális egészségügyi részvény eszk.,2025-08-20,3.2377,2025-08-20,3.2377,0.0,251.8096,1.0,1.0078,0.78
1571,Globális növekedési részvény eszközalap,2025-08-20,2.2418,2025-08-20,2.2418,0.0,177.6254,1.0,0.9689,-3.11
1572,Kiegyensúlyozott vegyes eszközalap - D,2025-08-20,1.3971,2025-08-20,1.3971,0.0,109.0377,1.0,1.0046,0.46
1573,Latin-amerikai részvény eszközalap,2025-08-20,1.0807,2025-08-20,1.0807,0.0,84.9164,1.0,0.9966,-0.34
1574,Magas kötvény arányú vegyes eszk. - D,2025-08-20,1.1,2025-08-20,1.1,0.0,86.51,1.0,0.9929,-0.71
1575,Magas védelmû vegyes eszközalap,2025-08-20,1.0965,2025-08-20,1.0965,0.0,86.165,1.0,1.0035,0.35
1576,Nemz. élelmiszeripari cégek rv. ea - D,2025-08-20,3.2256,2025-08-20,3.2256,0.0,252.754,1.0,0.9709,-2.91
1577,Nyersanyagpiaci részvény eszközalap,2025-08-20,1.3462,2025-08-20,1.3462,0.0,103.8224,1.0,1.0095,0.95
1578,Presztízs- és luxusmárkák rv. ea.,2025-08-20,3.4976,2025-08-20,3.4976,0.0,269.3396,1.0,1.0242,2.42
1579,USA részvény eszközalap,2025-08-20,4.3341,2025-08-20,4.3341,0.0,333.4152,1.0,1.0131,1.31
1580,Ázsia kötvény eszközalap,2025-08-20,2.2208,2025-08-20,2.2208,0.0,174.8202,1.0,1.0,0.0
1581,Aktív hozamfigyelõ vegyes eszközalap - D,2025-08-21,0.9358,2025-08-21,0.9358,0.0,74.3175,1.0,1.0031,0.31
1582,Euró likviditás eszközalap - D,2025-08-21,0.9247,2025-08-21,0.9247,0.0,73.974,1.0,0.9957,-0.43
1583,Európai ingatlancégek részv. eszközalap,2025-08-21,1.8472,2025-08-21,1.8472,0.0,149.6957,1.0,0.9258,-7.42
1584,Európai kötvény eszközalap - D,2025-08-21,1.2269,2025-08-21,1.2269,0.0,98.4587,1.0,0.9795,-2.05
1585,Európai részvény eszközalap,2025-08-21,2.6024,2025-08-21,2.6024,0.0,201.6208,1.0,1.0177,1.77
1586,Európai vállalati kötvény eszközalap,2025-08-21,1.3215,2025-08-21,1.3215,0.0,105.4124,1.0,0.9946,-0.54
1587,Fejlõdõ piaci részvény ESG eszközalap-D,2025-08-21,1.0626,2025-08-21,1.0626,0.0,82.6276,1.0,1.0214,2.14
1588,Fejlõdõ ázsiai részvény eszközalap,2025-08-21,2.1372,2025-08-21,2.1372,0.0,164.0637,1.0,1.0517,5.17
1589,Fenntartható növekedés részvény eszk.,2025-08-21,3.0836,2025-08-21,3.0836,0.0,243.122,1.0,0.9954,-0.46
1590,Globális egészségügyi részvény eszk.,2025-08-21,3.2377,2025-08-21,3.2377,0.0,255.0473,1.0,1.0078,0.78
1591,Globális növekedési részvény eszközalap,2025-08-21,2.2418,2025-08-21,2.2418,0.0,179.8672,1.0,0.9689,-3.11
1592,Kiegyensúlyozott vegyes eszközalap - D,2025-08-21,1.3971,2025-08-21,1.3971,0.0,110.4348,1.0,1.0046,0.46
1593,Latin-amerikai részvény eszközalap,2025-08-21,1.0807,2025-08-21,1.0807,0.0,85.9971,1.0,0.9966,-0.34
1594,Magas kötvény arányú vegyes eszk. - D,2025-08-21,1.1,2025-08-21,1.1,0.0,87.61,1.0,0.9929,-0.71
1595,Magas védelmû vegyes eszközalap,2025-08-21,1.0965,2025-08-21,1.0965,0.0,87.2615,1.0,1.0035,0.35
1596,Nemz. élelmiszeripari cégek rv. ea - D,2025-08-21,3.2256,2025-08-21,3.2256,0.0,255.9796,1.0,0.9709,-2.91
1597,Nyersanyagpiaci részvény eszközalap,2025-08-21,1.3462,2025-08-21,1.3462,0.0,105.1686,1.0,1.0095,0.95
1598,Presztízs- és luxusmárkák rv. ea.,2025-08-21,3.4976,2025-08-21,3.4976,0.0,272.8372,1.0,1.0242,2.42
1599,USA részvény eszközalap,2025-08-21,4.3341,2025-08-21,4.3341,0.0,337.7493,1.0,1.0131,1.31
1600,Ázsia kötvény eszközalap,2025-08-21,2.2208,2025-08-21,2.2208,0.0,177.041,1.0,1.0,0.0
1601,Aktív hozamfigyelõ vegyes eszközalap - D,2025-08-22,0.9333,2025-08-23,0.9381,0.0051,75.2508,1.0051,1.0082,0.82
1602,Euró likviditás eszközalap - D,2025-08-22,0.9243,2025-08-23,0.9249,0.0006,74.8983,1.0006,0.9963,-0.37
1603,Európai ingatlancégek részv. eszközalap,2025-08-22,1.8547,2025-08-23,1.8761,0.0115,151.5504,1.0115,0.9364,-6.36
1604,Európai kötvény eszközalap - D,2025-08-22,1.2248,2025-08-23,1.2281,0.0027,99.6835,1.0027,0.9822,-1.78
1605,Európai részvény eszközalap,2025-08-22,2.5911,2025-08-23,2.5994,0.0032,204.2119,1.0032,1.0209,2.09
1606,Európai vállalati kötvény eszközalap,2025-08-22,1.3194,2025-08-23,1.3212,0.0014,106.7318,1.0014,0.996,-0.4
1607,Fejlõdõ piaci részvény ESG eszközalap-D,2025-08-22,1.0594,2025-08-23,1.0664,0.0066,83.687,1.0066,1.0281,2.81
1608,Fejlõdõ ázsiai részvény eszközalap,2025-08-22,2.1385,2025-08-23,2.1297,-0.0041,166.2022,0.9959,1.0474,4.74
1609,Fenntartható növekedés részvény eszk.,2025-08-22,3.0699,2025-08-23,3.083,0.0043,246.1919,1.0043,0.9997,-0.03
1610,Globális egészségügyi részvény eszk.,2025-08-22,3.2634,2025-08-23,3.2868,0.0071,258.3107,1.0071,1.015,1.5
1611,Globális növekedési részvény eszközalap,2025-08-22,2.2259,2025-08-23,2.2339,0.0036,182.0931,1.0036,0.9724,-2.76
1612,Kiegyensúlyozott vegyes eszközalap - D,2025-08-22,1.3933,2025-08-23,1.3978,0.0032,111.8281,1.0032,1.0079,0.79
1613,Latin-amerikai részvény eszközalap,2025-08-22,1.0844,2025-08-23,1.1063,0.0202,87.0815,1.0202,1.0167,1.67
1614,Magas kötvény arányú vegyes eszk. - D,2025-08-22,1.0975,2025-08-23,1.1008,0.003,88.7075,1.003,0.9959,-0.41
1615,Magas védelmû vegyes eszközalap,2025-08-22,1.0953,2025-08-23,1.0969,0.0015,88.3568,1.0015,1.005,0.5
1616,Nemz. élelmiszeripari cégek rv. ea - D,2025-08-22,3.2576,2025-08-23,3.2263,-0.0096,259.2372,0.9904,0.9616,-3.84
1617,Nyersanyagpiaci részvény eszközalap,2025-08-22,1.3511,2025-08-23,1.3645,0.0099,106.5197,1.0099,1.0195,1.95
1618,Presztízs- és luxusmárkák rv. ea.,2025-08-22,3.4725,2025-08-23,3.5372,0.0186,276.3097,1.0186,1.0433,4.33
1619,USA részvény eszközalap,2025-08-22,4.3345,2025-08-23,4.3623,0.0064,342.0838,1.0064,1.0196,1.96
1620,Ázsia kötvény eszközalap,2025-08-22,2.2247,2025-08-23,2.2346,0.0044,179.2657,1.0044,1.0044,0.44
1621,Aktív hozamfigyelõ vegyes eszközalap - D,2025-08-23,0.9381,2025-08-23,0.9381,0.0,76.1889,1.0,1.0082,0.82
1622,Euró likviditás eszközalap - D,2025-08-23,0.9249,2025-08-23,0.9249,0.0,75.8232,1.0,0.9963,-0.37
1623,Európai ingatlancégek részv. eszközalap,2025-08-23,1.8761,2025-08-23,1.8761,0.0,153.4265,1.0,0.9364,-6.36
1624,Európai kötvény eszközalap - D,2025-08-23,1.2281,2025-08-23,1.2281,0.0,100.9116,1.0,0.9822,-1.78
1625,Európai részvény eszközalap,2025-08-23,2.5994,2025-08-23,2.5994,0.0,206.8113,1.0,1.0209,2.09
1626,Európai vállalati kötvény eszközalap,2025-08-23,1.3212,2025-08-23,1.3212,0.0,108.053,1.0,0.996,-0.4
1627,Fejlõdõ piaci részvény ESG eszközalap-D,2025-08-23,1.0664,2025-08-23,1.0664,0.0,84.7534,1.0,1.0281,2.81
1628,Fejlõdõ ázsiai részvény eszközalap,2025-08-23,2.1297,2025-08-23,2.1297,0.0,168.3319,1.0,1.0474,4.74
1629,Fenntartható növekedés részvény eszk.,2025-08-23,3.083,2025-08-23,3.083,0.0,249.2749,1.0,0.9997,-0.03
1630,Globális egészségügyi részvény eszk.,2025-08-23,3.2868,2025-08-23,3.2868,0.0,261.5975,1.0,1.015,1.5
1631,Globális növekedési részvény eszközalap,2025-08-23,2.2339,2025-08-23,2.2339,0.0,184.327,1.0,0.9724,-2.76
1632,Kiegyensúlyozott vegyes eszközalap - D,2025-08-23,1.3978,2025-08-23,1.3978,0.0,113.2259,1.0,1.0079,0.79
1633,Latin-amerikai részvény eszközalap,2025-08-23,1.1063,2025-08-23,1.1063,0.0,88.1878,1.0,1.0167,1.67
1634,Magas kötvény arányú vegyes eszk. - D,2025-08-23,1.1008,2025-08-23,1.1008,0.0,89.8083,1.0,0.9959,-0.41
1635,Magas védelmû vegyes eszközalap,2025-08-23,1.0969,2025-08-23,1.0969,0.0,89.4537,1.0,1.005,0.5
1636,Nemz. élelmiszeripari cégek rv. ea - D,2025-08-23,3.2263,2025-08-23,3.2263,0.0,262.4635,1.0,0.9616,-3.84
1637,Nyersanyagpiaci részvény eszközalap,2025-08-23,1.3645,2025-08-23,1.3645,0.0,107.8842,1.0,1.0195,1.95
1638,Presztízs- és luxusmárkák rv. ea.,2025-08-23,3.5372,2025-08-23,3.5372,0.0,279.8469,1.0,1.0433,4.33
1639,USA részvény eszközalap,2025-08-23,4.3623,2025-08-23,4.3623,0.0,346.4461,1.0,1.0196,1.96
1640,Ázsia kötvény eszközalap,2025-08-23,2.2346,2025-08-23,2.2346,0.0,181.5003,1.0,1.0044,0.44
1641,Aktív hozamfigyelõ vegyes eszközalap - D,2025-08-24,0.9381,2025-08-24,0.9381,0.0,77.127,1.0,1.0082,0.82
1642,Euró likviditás eszközalap - D,2025-08-24,0.9249,2025-08-24,0.9249,0.0,76.7481,1.0,0.9963,-0.37
1643,Európai ingatlancégek részv. eszközalap,2025-08-24,1.8761,2025-08-24,1.8761,0.0,155.3026,1.0,0.9364,-6.36
1644,Európai kötvény eszközalap - D,2025-08-24,1.2281,2025-08-24,1.2281,0.0,102.1397,1.0,0.9822,-1.78
1645,Európai részvény eszközalap,2025-08-24,2.5994,2025-08-24,2.5994,0.0,209.4107,1.0,1.0209,2.09
1646,Európai vállalati kötvény eszközalap,2025-08-24,1.3212,2025-08-24,1.3212,0.0,109.3742,1.0,0.996,-0.4
1647,Fejlõdõ piaci részvény ESG eszközalap-D,2025-08-24,1.0664,2025-08-24,1.0664,0.0,85.8198,1.0,1.0281,2.81
1648,Fejlõdõ ázsiai részvény eszközalap,2025-08-24,2.1297,2025-08-24,2.1297,0.0,170.4616,1.0,1.0474,4.74
1649,Fenntartható növekedés részvény eszk.,2025-08-24,3.083,2025-08-24,3.083,0.0,252.3579,1.0,0.9997,-0.03
1650,Globális egészségügyi részvény eszk.,2025-08-24,3.2868,2025-08-24,3.2868,0.0,264.8843,1.0,1.015,1.5
1651,Globális növekedési részvény eszközalap,2025-08-24,2.2339,2025-08-24,2.2339,0.0,186.5609,1.0,0.9724,-2.76
1652,Kiegyensúlyozott vegyes eszközalap - D,2025-08-24,1.3978,2025-08-24,1.3978,0.0,114.6237,1.0,1.0079,0.79
1653,Latin-amerikai részvény eszközalap,2025-08-24,1.1063,2025-08-24,1.1063,0.0,89.2941,1.0,1.0167,1.67
1654,Magas kötvény arányú vegyes eszk. - D,2025-08-24,1.1008,2025-08-24,1.1008,0.0,90.9091,1.0,0.9959,-0.41
1655,Magas védelmû vegyes eszközalap,2025-08-24,1.0969,2025-08-24,1.0969,0.0,90.5506,1.0,1.005,0.5
1656,Nemz. élelmiszeripari cégek rv. ea - D,2025-08-24,3.2263,2025-08-24,3.2263,0.0,265.6898,1.0,0.9616,-3.84
1657,Nyersanyagpiaci részvény eszközalap,2025-08-24,1.3645,2025-08-24,1.3645,0.0,109.2487,1.0,1.0195,1.95
1658,Presztízs- és luxusmárkák rv. ea.,2025-08-24,3.5372,2025-08-24,3.5372,0.0,283.3841,1.0,1.0433,4.33
1659,USA részvény eszközalap,2025-08-24,4.3623,2025-08-24,4.3623,0.0,350.8084,1.0,1.0196,1.96
1660,Ázsia kötvény eszközalap,2025-08-24,2.2346,2025-08-24,2.2346,0.0,183.7349,1.0,1.0044,0.44
1661,Aktív hozamfigyelõ vegyes eszközalap - D,2025-08-25,0.9381,2025-08-25,0.9381,0.0,78.0651,1.0,1.0082,0.82
1662,Euró likviditás eszközalap - D,2025-08-25,0.9249,2025-08-25,0.9249,0.0,77.673,1.0,0.9963,-0.37
1663,Európai ingatlancégek részv. eszközalap,2025-08-25,1.8761,2025-08-25,1.8761,0.0,157.1787,1.0,0.9364,-6.36
1664,Európai kötvény eszközalap - D,2025-08-25,1.2281,2025-08-25,1.2281,0.0,103.3678,1.0,0.9822,-1.78
1665,Európai részvény eszközalap,2025-08-25,2.5994,2025-08-25,2.5994,0.0,212.0101,1.0,1.0209,2.09
1666,Európai vállalati kötvény eszközalap,2025-08-25,1.3212,2025-08-25,1.3212,0.0,110.6954,1.0,0.996,-0.4
1667,Fejlõdõ piaci részvény ESG eszközalap-D,2025-08-25,1.0664,2025-08-25,1.0664,0.0,86.8862,1.0,1.0281,2.81
1668,Fejlõdõ ázsiai részvény eszközalap,2025-08-25,2.1297,2025-08-25,2.1297,0.0,172.5913,1.0,1.0474,4.74
1669,Fenntartható növekedés részvény eszk.,2025-08-25,3.083,2025-08-25,3.083,0.0,255.4409,1.0,0.9997,-0.03
1670,Globális egészségügyi részvény eszk.,2025-08-25,3.2868,2025-08-25,3.2868,0.0,268.1711,1.0,1.015,1.5
1671,Globális növekedési részvény eszközalap,2025-08-25,2.2339,2025-08-25,2.2339,0.0,188.7948,1.0,0.9724,-2.76
1672,Kiegyensúlyozott vegyes eszközalap - D,2025-08-25,1.3978,2025-08-25,1.3978,0.0,116.0215,1.0,1.0079,0.79
1673,Latin-amerikai részvény eszközalap,2025-08-25,1.1063,2025-08-25,1.1063,0.0,90.4004,1.0,1.0167,1.67
1674,Magas kötvény arányú vegyes eszk. - D,2025-08-25,1.1008,2025-08-25,1.1008,0.0,92.0099,1.0,0.9959,-0.41
1675,Magas védelmû vegyes eszközalap,2025-08-25,1.0969,2025-08-25,1.0969,0.0,91.6475,1.0,1.005,0.5
1676,Nemz. élelmiszeripari cégek rv. ea - D,2025-08-25,3.2263,2025-08-25,3.2263,0.0,268.9161,1.0,0.9616,-3.84
1677,Nyersanyagpiaci részvény eszközalap,2025-08-25,1.3645,2025-08-25,1.3645,0.0,110.6132,1.0,1.0195,1.95
1678,Presztízs- és luxusmárkák rv. ea.,2025-08-25,3.5372,2025-08-25,3.5372,0.0,286.9213,1.0,1.0433,4.33
1679,USA részvény eszközalap,2025-08-25,4.3623,2025-08-25,4.3623,0.0,355.1707,1.0,1.0196,1.96
1680,Ázsia kötvény eszközalap,2025-08-25,2.2346,2025-08-25,2.2346,0.0,185.9695,1.0,1.0044,0.44
1681,Aktív hozamfigyelõ vegyes eszközalap - D,2025-08-26,0.9363,2025-08-27,0.938,0.0019,79.0014,1.0019,1.0101,1.01
1682,Euró likviditás eszközalap - D,2025-08-26,0.9244,2025-08-27,0.9248,0.0005,78.5974,1.0005,0.9968,-0.32
1683,Európai ingatlancégek részv. eszközalap,2025-08-26,1.8618,2025-08-27,1.851,-0.0058,159.0405,0.9942,0.931,-6.9
1684,Európai kötvény eszközalap - D,2025-08-26,1.224,2025-08-27,1.2263,0.0019,104.5918,1.0019,0.984,-1.6
1685,Európai részvény eszközalap,2025-08-26,2.5815,2025-08-27,2.5534,-0.0109,214.5916,0.9891,1.0098,0.98
1686,Európai vállalati kötvény eszközalap,2025-08-26,1.3192,2025-08-27,1.3209,0.0013,112.0146,1.0013,0.9973,-0.27
1687,Fejlõdõ piaci részvény ESG eszközalap-D,2025-08-26,1.0746,2025-08-27,1.0714,-0.003,87.9608,0.997,1.0251,2.51
1688,Fejlõdõ ázsiai részvény eszközalap,2025-08-26,2.1636,2025-08-27,2.1621,-0.0007,174.7549,0.9993,1.0467,4.67
1689,Fenntartható növekedés részvény eszk.,2025-08-26,3.0777,2025-08-27,3.092,0.0047,258.5186,1.0047,1.0044,0.44
1690,Globális egészségügyi részvény eszk.,2025-08-26,3.2709,2025-08-27,3.2448,-0.008,271.442,0.992,1.0069,0.69
1691,Globális növekedési részvény eszközalap,2025-08-26,2.2178,2025-08-27,2.2163,-0.0007,191.0126,0.9993,0.9717,-2.83
1692,Kiegyensúlyozott vegyes eszközalap - D,2025-08-26,1.3962,2025-08-27,1.3975,0.0009,117.4177,1.0009,1.0088,0.88
1693,Latin-amerikai részvény eszközalap,2025-08-26,1.1102,2025-08-27,1.0974,-0.0116,91.5106,0.9884,1.0049,0.49
1694,Magas kötvény arányú vegyes eszk. - D,2025-08-26,1.0983,2025-08-27,1.0998,0.0013,93.1082,1.0013,0.9972,-0.28
1695,Magas védelmû vegyes eszközalap,2025-08-26,1.0938,2025-08-27,1.091,-0.0025,92.7413,0.9975,1.0025,0.25
1696,Nemz. élelmiszeripari cégek rv. ea - D,2025-08-26,3.1941,2025-08-27,3.1754,-0.0059,272.1102,0.9941,0.9559,-4.41
1697,Nyersanyagpiaci részvény eszközalap,2025-08-26,1.3642,2025-08-27,1.3646,0.0003,111.9774,1.0003,1.0198,1.98
1698,Presztízs- és luxusmárkák rv. ea.,2025-08-26,3.5336,2025-08-27,3.5309,-0.0008,290.4549,0.9992,1.0425,4.25
1699,USA részvény eszközalap,2025-08-26,4.3584,2025-08-27,4.389,0.007,359.5291,1.007,1.0268,2.68
1700,Ázsia kötvény eszközalap,2025-08-26,2.2186,2025-08-27,2.2339,0.0069,188.1881,1.0069,1.0113,1.13
1701,Aktív hozamfigyelõ vegyes eszközalap - D,2025-08-27,0.938,2025-08-28,0.9397,0.0019,79.9394,1.0019,1.012,1.2
1702,Euró likviditás eszközalap - D,2025-08-27,0.9248,2025-08-28,0.9252,0.0003,79.5222,1.0003,0.9971,-0.29
1703,Európai ingatlancégek részv. eszközalap,2025-08-27,1.851,2025-08-28,1.8525,0.0008,160.8915,1.0008,0.9317,-6.83
1704,Európai kötvény eszközalap - D,2025-08-27,1.2263,2025-08-28,1.2279,0.0013,105.8181,1.0013,0.9853,-1.47
1705,Európai részvény eszközalap,2025-08-27,2.5534,2025-08-28,2.5496,-0.0015,217.145,0.9985,1.0083,0.83
1706,Európai vállalati kötvény eszközalap,2025-08-27,1.3209,2025-08-28,1.3223,0.0011,113.3355,1.0011,0.9983,-0.17
1707,Fejlõdõ piaci részvény ESG eszközalap-D,2025-08-27,1.0714,2025-08-28,1.0639,-0.007,89.0322,0.993,1.0179,1.79
1708,Fejlõdõ ázsiai részvény eszközalap,2025-08-27,2.1621,2025-08-28,2.1605,-0.0007,176.917,0.9993,1.0459,4.59
1709,Fenntartható növekedés részvény eszk.,2025-08-27,3.092,2025-08-28,3.1099,0.0058,261.6106,1.0058,1.0102,1.02
1710,Globális egészségügyi részvény eszk.,2025-08-27,3.2448,2025-08-28,3.2603,0.0048,274.6868,1.0048,1.0117,1.17
1711,Globális növekedési részvény eszközalap,2025-08-27,2.2163,2025-08-28,2.2313,0.0068,193.2289,1.0068,0.9783,-2.17
1712,Kiegyensúlyozott vegyes eszközalap - D,2025-08-27,1.3975,2025-08-28,1.4013,0.0027,118.8152,1.0027,1.0115,1.15
1713,Latin-amerikai részvény eszközalap,2025-08-27,1.0974,2025-08-28,1.1025,0.0047,92.608,1.0047,1.0096,0.96
1714,Magas kötvény arányú vegyes eszk. - D,2025-08-27,1.0998,2025-08-28,1.1018,0.0019,94.208,1.0019,0.9991,-0.09
1715,Magas védelmû vegyes eszközalap,2025-08-27,1.091,2025-08-28,1.0913,0.0002,93.8323,1.0002,1.0027,0.27
1716,Nemz. élelmiszeripari cégek rv. ea - D,2025-08-27,3.1754,2025-08-28,3.1822,0.0021,275.2856,1.0021,0.9579,-4.21
1717,Nyersanyagpiaci részvény eszközalap,2025-08-27,1.3646,2025-08-28,1.3692,0.0033,113.342,1.0033,1.0232,2.32
1718,Presztízs- és luxusmárkák rv. ea.,2025-08-27,3.5309,2025-08-28,3.5838,0.015,293.9858,1.015,1.0581,5.81
1719,USA részvény eszközalap,2025-08-27,4.389,2025-08-28,4.4289,0.0091,363.9181,1.0091,1.0361,3.61
1720,Ázsia kötvény eszközalap,2025-08-27,2.2339,2025-08-28,2.2403,0.0029,190.422,1.0029,1.0143,1.43
1721,Aktív hozamfigyelõ vegyes eszközalap - D,2025-08-28,0.9397,2025-08-29,0.9392,-0.0006,80.8791,0.9994,1.0114,1.14
1722,Euró likviditás eszközalap - D,2025-08-28,0.9252,2025-08-29,0.925,-0.0002,80.4474,0.9998,0.9969,-0.31
1723,Európai ingatlancégek részv. eszközalap,2025-08-28,1.8525,2025-08-29,1.8317,-0.0112,162.744,0.9888,0.9213,-7.87
1724,Európai kötvény eszközalap - D,2025-08-28,1.2279,2025-08-29,1.228,0.0,107.046,1.0,0.9853,-1.47
1725,Európai részvény eszközalap,2025-08-28,2.5496,2025-08-29,2.548,-0.0007,219.6946,0.9993,1.0076,0.76
1726,Európai vállalati kötvény eszközalap,2025-08-28,1.3223,2025-08-29,1.3212,-0.0008,114.6578,0.9992,0.9975,-0.25
1727,Fejlõdõ piaci részvény ESG eszközalap-D,2025-08-28,1.0639,2025-08-29,1.0622,-0.0016,90.0961,0.9984,1.0163,1.63
1728,Fejlõdõ ázsiai részvény eszközalap,2025-08-28,2.1605,2025-08-29,2.1486,-0.0055,179.0775,0.9945,1.0402,4.02
1729,Fenntartható növekedés részvény eszk.,2025-08-28,3.1099,2025-08-29,3.0961,-0.0045,264.7205,0.9955,1.0057,0.57
1730,Globális egészségügyi részvény eszk.,2025-08-28,3.2603,2025-08-29,3.2395,-0.0064,277.9471,0.9936,1.0052,0.52
1731,Globális növekedési részvény eszközalap,2025-08-28,2.2313,2025-08-29,2.2209,-0.0047,195.4602,0.9953,0.9737,-2.63
1732,Kiegyensúlyozott vegyes eszközalap - D,2025-08-28,1.4013,2025-08-29,1.4011,-0.0001,120.2165,0.9999,1.0114,1.14
1733,Latin-amerikai részvény eszközalap,2025-08-28,1.1025,2025-08-29,1.1236,0.0192,93.7105,1.0192,1.029,2.9
1734,Magas kötvény arányú vegyes eszk. - D,2025-08-28,1.1018,2025-08-29,1.1017,-0.0001,95.3098,0.9999,0.999,-0.1
1735,Magas védelmû vegyes eszközalap,2025-08-28,1.0913,2025-08-29,1.0915,0.0002,94.9236,1.0002,1.0029,0.29
1736,Nemz. élelmiszeripari cégek rv. ea - D,2025-08-28,3.1822,2025-08-29,3.1634,-0.0059,278.4678,0.9941,0.9522,-4.78
1737,Nyersanyagpiaci részvény eszközalap,2025-08-28,1.3692,2025-08-29,1.3651,-0.003,114.7112,0.997,1.0201,2.01
1738,Presztízs- és luxusmárkák rv. ea.,2025-08-28,3.5838,2025-08-29,3.596,0.0034,297.5696,1.0034,1.0617,6.17
1739,USA részvény eszközalap,2025-08-28,4.4289,2025-08-29,4.4132,-0.0035,368.347,0.9965,1.0325,3.25
1740,Ázsia kötvény eszközalap,2025-08-28,2.2403,2025-08-29,2.2327,-0.0034,192.6623,0.9966,1.0108,1.08
1741,Aktív hozamfigyelõ vegyes eszközalap - D,2025-08-29,0.9392,2025-08-30,0.9358,-0.0035,81.8183,0.9965,1.0079,0.79
1742,Euró likviditás eszközalap - D,2025-08-29,0.925,2025-08-30,0.925,0.0,81.3724,1.0,0.9969,-0.31
1743,Európai ingatlancégek részv. eszközalap,2025-08-29,1.8317,2025-08-30,1.8217,-0.0055,164.5757,0.9945,0.9162,-8.38
1744,Európai kötvény eszközalap - D,2025-08-29,1.228,2025-08-30,1.227,-0.0008,108.274,0.9992,0.9845,-1.55
1745,Európai részvény eszközalap,2025-08-29,2.548,2025-08-30,2.5271,-0.0082,222.2426,0.9918,0.9993,-0.07
1746,Európai vállalati kötvény eszközalap,2025-08-29,1.3212,2025-08-30,1.3205,-0.0006,115.979,0.9994,0.997,-0.3
1747,Fejlõdõ piaci részvény ESG eszközalap-D,2025-08-29,1.0622,2025-08-30,1.0613,-0.0008,91.1583,0.9992,1.0154,1.54
1748,Fejlõdõ ázsiai részvény eszközalap,2025-08-29,2.1486,2025-08-30,2.1444,-0.002,181.2261,0.998,1.0381,3.81
1749,Fenntartható növekedés részvény eszk.,2025-08-29,3.0961,2025-08-30,3.0659,-0.0098,267.8166,0.9902,0.9958,-0.42
1750,Globális egészségügyi részvény eszk.,2025-08-29,3.2395,2025-08-30,3.2498,0.0032,281.1866,1.0032,1.0084,0.84
1751,Globális növekedési részvény eszközalap,2025-08-29,2.2209,2025-08-30,2.2027,-0.0082,197.6811,0.9918,0.9658,-3.42
1752,Kiegyensúlyozott vegyes eszközalap - D,2025-08-29,1.4011,2025-08-30,1.3955,-0.004,121.6176,0.996,1.0073,0.73
1753,Latin-amerikai részvény eszközalap,2025-08-29,1.1236,2025-08-30,1.1197,-0.0035,94.8341,0.9965,1.0254,2.54
1754,Magas kötvény arányú vegyes eszk. - D,2025-08-29,1.1017,2025-08-30,1.099,-0.0025,96.4115,0.9975,0.9965,-0.35
1755,Magas védelmû vegyes eszközalap,2025-08-29,1.0915,2025-08-30,1.0896,-0.0017,96.0151,0.9983,1.0012,0.12
1756,Nemz. élelmiszeripari cégek rv. ea - D,2025-08-29,3.1634,2025-08-30,3.1627,-0.0002,281.6312,0.9998,0.9521,-4.79
1757,Nyersanyagpiaci részvény eszközalap,2025-08-29,1.3651,2025-08-30,1.367,0.0014,116.0763,1.0014,1.0215,2.15
1758,Presztízs- és luxusmárkák rv. ea.,2025-08-29,3.596,2025-08-30,3.5588,-0.0103,301.1656,0.9897,1.0508,5.08
1759,USA részvény eszközalap,2025-08-29,4.4132,2025-08-30,4.3737,-0.009,372.7602,0.991,1.0232,2.32
1760,Ázsia kötvény eszközalap,2025-08-29,2.2327,2025-08-30,2.2264,-0.0028,194.895,0.9972,1.008,0.8
1761,Aktív hozamfigyelõ vegyes eszközalap - D,2025-08-30,0.9358,2025-08-30,0.9358,0.0,82.7541,1.0,1.0079,0.79
1762,Euró likviditás eszközalap - D,2025-08-30,0.925,2025-08-30,0.925,0.0,82.2974,1.0,0.9969,-0.31
1763,Európai ingatlancégek részv. eszközalap,2025-08-30,1.8217,2025-08-30,1.8217,0.0,166.3974,1.0,0.9162,-8.38
1764,Európai kötvény eszközalap - D,2025-08-30,1.227,2025-08-30,1.227,0.0,109.501,1.0,0.9845,-1.55
1765,Európai részvény eszközalap,2025-08-30,2.5271,2025-08-30,2.5271,0.0,224.7697,1.0,0.9993,-0.07
1766,Európai vállalati kötvény eszközalap,2025-08-30,1.3205,2025-08-30,1.3205,0.0,117.2995,1.0,0.997,-0.3
1767,Fejlõdõ piaci részvény ESG eszközalap-D,2025-08-30,1.0613,2025-08-30,1.0613,0.0,92.2196,1.0,1.0154,1.54
1768,Fejlõdõ ázsiai részvény eszközalap,2025-08-30,2.1444,2025-08-30,2.1444,0.0,183.3705,1.0,1.0381,3.81
1769,Fenntartható növekedés részvény eszk.,2025-08-30,3.0659,2025-08-30,3.0659,0.0,270.8825,1.0,0.9958,-0.42
1770,Globális egészségügyi részvény eszk.,2025-08-30,3.2498,2025-08-30,3.2498,0.0,284.4364,1.0,1.0084,0.84
1771,Globális növekedési részvény eszközalap,2025-08-30,2.2027,2025-08-30,2.2027,0.0,199.8838,1.0,0.9658,-3.42
1772,Kiegyensúlyozott vegyes eszközalap - D,2025-08-30,1.3955,2025-08-30,1.3955,0.0,123.0131,1.0,1.0073,0.73
1773,Latin-amerikai részvény eszközalap,2025-08-30,1.1197,2025-08-30,1.1197,0.0,95.9538,1.0,1.0254,2.54
1774,Magas kötvény arányú vegyes eszk. - D,2025-08-30,1.099,2025-08-30,1.099,0.0,97.5105,1.0,0.9965,-0.35
1775,Magas védelmû vegyes eszközalap,2025-08-30,1.0896,2025-08-30,1.0896,0.0,97.1047,1.0,1.0012,0.12
1776,Nemz. élelmiszeripari cégek rv. ea - D,2025-08-30,3.1627,2025-08-30,3.1627,0.0,284.7939,1.0,0.9521,-4.79
1777,Nyersanyagpiaci részvény eszközalap,2025-08-30,1.367,2025-08-30,1.367,0.0,117.4433,1.0,1.0215,2.15
1778,Presztízs- és luxusmárkák rv. ea.,2025-08-30,3.5588,2025-08-30,3.5588,0.0,304.7244,1.0,1.0508,5.08
1779,USA részvény eszközalap,2025-08-30,4.3737,2025-08-30,4.3737,0.0,377.1339,1.0,1.0232,2.32
1780,Ázsia kötvény eszközalap,2025-08-30,2.2264,2025-08-30,2.2264,0.0,197.1214,1.0,1.008,0.8
1781,Aktív hozamfigyelõ vegyes eszközalap - D,2025-08-31,0.9358,2025-08-31,0.9358,0.0,83.6899,1.0,1.0079,0.79
1782,Euró likviditás eszközalap - D,2025-08-31,0.925,2025-08-31,0.925,0.0,83.2224,1.0,0.9969,-0.31
1783,Európai ingatlancégek részv. eszközalap,2025-08-31,1.8217,2025-08-31,1.8217,0.0,168.2191,1.0,0.9162,-8.38
1784,Európai kötvény eszközalap - D,2025-08-31,1.227,2025-08-31,1.227,0.0,110.728,1.0,0.9845,-1.55
1785,Európai részvény eszközalap,2025-08-31,2.5271,2025-08-31,2.5271,0.0,227.2968,1.0,0.9993,-0.07
1786,Európai vállalati kötvény eszközalap,2025-08-31,1.3205,2025-08-31,1.3205,0.0,118.62,1.0,0.997,-0.3
1787,Fejlõdõ piaci részvény ESG eszközalap-D,2025-08-31,1.0613,2025-08-31,1.0613,0.0,93.2809,1.0,1.0154,1.54
1788,Fejlõdõ ázsiai részvény eszközalap,2025-08-31,2.1444,2025-08-31,2.1444,0.0,185.5149,1.0,1.0381,3.81
1789,Fenntartható növekedés részvény eszk.,2025-08-31,3.0659,2025-08-31,3.0659,0.0,273.9484,1.0,0.9958,-0.42
1790,Globális egészségügyi részvény eszk.,2025-08-31,3.2498,2025-08-31,3.2498,0.0,287.6862,1.0,1.0084,0.84
1791,Globális növekedési részvény eszközalap,2025-08-31,2.2027,2025-08-31,2.2027,0.0,202.0865,1.0,0.9658,-3.42
1792,Kiegyensúlyozott vegyes eszközalap - D,2025-08-31,1.3955,2025-08-31,1.3955,0.0,124.4086,1.0,1.0073,0.73
1793,Latin-amerikai részvény eszközalap,2025-08-31,1.1197,2025-08-31,1.1197,0.0,97.0735,1.0,1.0254,2.54
1794,Magas kötvény arányú vegyes eszk. - D,2025-08-31,1.099,2025-08-31,1.099,0.0,98.6095,1.0,0.9965,-0.35
1795,Magas védelmû vegyes eszközalap,2025-08-31,1.0896,2025-08-31,1.0896,0.0,98.1943,1.0,1.0012,0.12
1796,Nemz. élelmiszeripari cégek rv. ea - D,2025-08-31,3.1627,2025-08-31,3.1627,0.0,287.9566,1.0,0.9521,-4.79
1797,Nyersanyagpiaci részvény eszközalap,2025-08-31,1.367,2025-08-31,1.367,0.0,118.8103,1.0,1.0215,2.15
1798,Presztízs- és luxusmárkák rv. ea.,2025-08-31,3.5588,2025-08-31,3.5588,0.0,308.2832,1.0,1.0508,5.08
1799,USA részvény eszközalap,2025-08-31,4.3737,2025-08-31,4.3737,0.0,381.5076,1.0,1.0232,2.32
1800,Ázsia kötvény eszközalap,2025-08-31,2.2264,2025-08-31,2.2264,0.0,199.3478,1.0,1.008,0.8
1801,Aktív hozamfigyelõ vegyes eszközalap - D,2025-09-01,0.9358,2025-09-01,0.9358,0.0,84.6257,1.0,1.0079,0.79
1802,Euró likviditás eszközalap - D,2025-09-01,0.925,2025-09-01,0.925,0.0,84.1474,1.0,0.9969,-0.31
1803,Európai ingatlancégek részv. eszközalap,2025-09-01,1.8217,2025-09-01,1.8217,0.0,170.0408,1.0,0.9162,-8.38
1804,Európai kötvény eszközalap - D,2025-09-01,1.227,2025-09-01,1.227,0.0,111.955,1.0,0.9845,-1.55
1805,Európai részvény eszközalap,2025-09-01,2.5271,2025-09-01,2.5271,0.0,229.8239,1.0,0.9993,-0.07
1806,Európai vállalati kötvény eszközalap,2025-09-01,1.3205,2025-09-01,1.3205,0.0,119.9405,1.0,0.997,-0.3
1807,Fejlõdõ piaci részvény ESG eszközalap-D,2025-09-01,1.0613,2025-09-01,1.0613,0.0,94.3422,1.0,1.0154,1.54
1808,Fejlõdõ ázsiai részvény eszközalap,2025-09-01,2.1444,2025-09-01,2.1444,0.0,187.6593,1.0,1.0381,3.81
1809,Fenntartható növekedés részvény eszk.,2025-09-01,3.0659,2025-09-01,3.0659,0.0,277.0143,1.0,0.9958,-0.42
1810,Globális egészségügyi részvény eszk.,2025-09-01,3.2498,2025-09-01,3.2498,0.0,290.936,1.0,1.0084,0.84
1811,Globális növekedési részvény eszközalap,2025-09-01,2.2027,2025-09-01,2.2027,0.0,204.2892,1.0,0.9658,-3.42
1812,Kiegyensúlyozott vegyes eszközalap - D,2025-09-01,1.3955,2025-09-01,1.3955,0.0,125.8041,1.0,1.0073,0.73
1813,Latin-amerikai részvény eszközalap,2025-09-01,1.1197,2025-09-01,1.1197,0.0,98.1932,1.0,1.0254,2.54
1814,Magas kötvény arányú vegyes eszk. - D,2025-09-01,1.099,2025-09-01,1.099,0.0,99.7085,1.0,0.9965,-0.35
1815,Magas védelmû vegyes eszközalap,2025-09-01,1.0896,2025-09-01,1.0896,0.0,99.2839,1.0,1.0012,0.12
1816,Nemz. élelmiszeripari cégek rv. ea - D,2025-09-01,3.1627,2025-09-01,3.1627,0.0,291.1193,1.0,0.9521,-4.79
1817,Nyersanyagpiaci részvény eszközalap,2025-09-01,1.367,2025-09-01,1.367,0.0,120.1773,1.0,1.0215,2.15
1818,Presztízs- és luxusmárkák rv. ea.,2025-09-01,3.5588,2025-09-01,3.5588,0.0,311.842,1.0,1.0508,5.08
1819,USA részvény eszközalap,2025-09-01,4.3737,2025-09-01,4.3737,0.0,385.8813,1.0,1.0232,2.32
1820,Ázsia kötvény eszközalap,2025-09-01,2.2264,2025-09-01,2.2264,0.0,201.5742,1.0,1.008,0.8
1821,Aktív hozamfigyelõ vegyes eszközalap - D,2025-09-02,0.9357,2025-09-03,0.9309,-0.0051,85.5614,0.9949,1.0028,0.28
1822,Euró likviditás eszközalap - D,2025-09-02,0.9246,2025-09-03,0.9241,-0.0005,85.072,0.9995,0.9964,-0.36
1823,Európai ingatlancégek részv. eszközalap,2025-09-02,1.8221,2025-09-03,1.7595,-0.0344,171.8629,0.9656,0.8847,-11.53
1824,Európai kötvény eszközalap - D,2025-09-02,1.2248,2025-09-03,1.2217,-0.0025,113.1798,0.9975,0.9821,-1.79
1825,Európai részvény eszközalap,2025-09-02,2.5329,2025-09-03,2.4953,-0.0149,232.3568,0.9851,0.9844,-1.56
1826,Európai vállalati kötvény eszközalap,2025-09-02,1.3186,2025-09-03,1.3158,-0.0022,121.2591,0.9978,0.9948,-0.52
1827,Fejlõdõ piaci részvény ESG eszközalap-D,2025-09-02,1.0586,2025-09-03,1.0566,-0.0019,95.4008,0.9981,1.0135,1.35
1828,Fejlõdõ ázsiai részvény eszközalap,2025-09-02,2.1516,2025-09-03,2.1419,-0.0045,189.8109,0.9955,1.0334,3.34
1829,Fenntartható növekedés részvény eszk.,2025-09-02,3.0657,2025-09-03,3.0476,-0.0059,280.08,0.9941,0.99,-1.0
1830,Globális egészségügyi részvény eszk.,2025-09-02,3.26,2025-09-03,3.2599,0.0,294.196,1.0,1.0084,0.84
1831,Globális növekedési részvény eszközalap,2025-09-02,2.2025,2025-09-03,2.1787,-0.0108,206.4917,0.9892,0.9553,-4.47
1832,Kiegyensúlyozott vegyes eszközalap - D,2025-09-02,1.3927,2025-09-03,1.3879,-0.0034,127.1968,0.9966,1.0039,0.39
1833,Latin-amerikai részvény eszközalap,2025-09-02,1.1141,2025-09-03,1.109,-0.0046,99.3073,0.9954,1.0207,2.07
1834,Magas kötvény arányú vegyes eszk. - D,2025-09-02,1.0966,2025-09-03,1.0931,-0.0032,100.8051,0.9968,0.9933,-0.67
1835,Magas védelmû vegyes eszközalap,2025-09-02,1.09,2025-09-03,1.0869,-0.0029,100.3739,0.9971,0.9983,-0.17
1836,Nemz. élelmiszeripari cégek rv. ea - D,2025-09-02,3.1776,2025-09-03,3.1772,-0.0001,294.2969,0.9999,0.952,-4.8
1837,Nyersanyagpiaci részvény eszközalap,2025-09-02,1.3712,2025-09-03,1.3603,-0.0079,121.5485,0.9921,1.0135,1.35
1838,Presztízs- és luxusmárkák rv. ea.,2025-09-02,3.5605,2025-09-03,3.546,-0.0041,315.4025,0.9959,1.0464,4.64
1839,USA részvény eszközalap,2025-09-02,4.3734,2025-09-03,4.3595,-0.0032,390.2547,0.9968,1.0199,1.99
1840,Ázsia kötvény eszközalap,2025-09-02,2.2145,2025-09-03,2.2289,0.0065,203.7887,1.0065,1.0145,1.45
1841,Aktív hozamfigyelõ vegyes eszközalap - D,2025-09-03,0.9309,2025-09-04,0.9344,0.0037,86.4923,1.0037,1.0065,0.65
1842,Euró likviditás eszközalap - D,2025-09-03,0.9241,2025-09-04,0.9246,0.0005,85.9961,1.0005,0.9969,-0.31
1843,Európai ingatlancégek részv. eszközalap,2025-09-03,1.7595,2025-09-04,1.7746,0.0086,173.6224,1.0086,0.8923,-10.77
1844,Európai kötvény eszközalap - D,2025-09-03,1.2217,2025-09-04,1.2246,0.0023,114.4015,1.0023,0.9843,-1.57
1845,Európai részvény eszközalap,2025-09-03,2.4953,2025-09-04,2.5118,0.0066,234.8521,1.0066,0.9909,-0.91
1846,Európai vállalati kötvény eszközalap,2025-09-03,1.3158,2025-09-04,1.3179,0.0016,122.5749,1.0016,0.9963,-0.37
1847,Fejlõdõ piaci részvény ESG eszközalap-D,2025-09-03,1.0566,2025-09-04,1.0619,0.0051,96.4574,1.0051,1.0187,1.87
1848,Fejlõdõ ázsiai részvény eszközalap,2025-09-03,2.1419,2025-09-04,2.1459,0.0018,191.9528,1.0018,1.0353,3.53
1849,Fenntartható növekedés részvény eszk.,2025-09-03,3.0476,2025-09-04,3.0715,0.0078,283.1276,1.0078,0.9977,-0.23
1850,Globális egészségügyi részvény eszk.,2025-09-03,3.2599,2025-09-04,3.2598,0.0,297.4559,1.0,1.0084,0.84
1851,Globális növekedési részvény eszközalap,2025-09-03,2.1787,2025-09-04,2.1829,0.0019,208.6704,1.0019,0.9571,-4.29
1852,Kiegyensúlyozott vegyes eszközalap - D,2025-09-03,1.3879,2025-09-04,1.3922,0.0031,128.5847,1.0031,1.007,0.7
1853,Latin-amerikai részvény eszközalap,2025-09-03,1.109,2025-09-04,1.1149,0.0053,100.4163,1.0053,1.0261,2.61
1854,Magas kötvény arányú vegyes eszk. - D,2025-09-03,1.0931,2025-09-04,1.0962,0.0028,101.8982,1.0028,0.9961,-0.39
1855,Magas védelmû vegyes eszközalap,2025-09-03,1.0869,2025-09-04,1.0884,0.0014,101.4608,1.0014,0.9997,-0.03
1856,Nemz. élelmiszeripari cégek rv. ea - D,2025-09-03,3.1772,2025-09-04,3.1707,-0.002,297.4741,0.998,0.9501,-4.99
1857,Nyersanyagpiaci részvény eszközalap,2025-09-03,1.3603,2025-09-04,1.3654,0.0037,122.9088,1.0037,1.0172,1.72
1858,Presztízs- és luxusmárkák rv. ea.,2025-09-03,3.546,2025-09-04,3.5796,0.0095,318.9485,1.0095,1.0564,5.64
1859,USA részvény eszközalap,2025-09-03,4.3595,2025-09-04,4.389,0.0068,394.6142,1.0068,1.0269,2.69
1860,Ázsia kötvény eszközalap,2025-09-03,2.2289,2025-09-04,2.2267,-0.001,206.0176,0.999,1.0135,1.35
1861,Aktív hozamfigyelõ vegyes eszközalap - D,2025-09-04,0.9344,2025-09-05,0.9387,0.0046,87.4267,1.0046,1.0111,1.11
1862,Euró likviditás eszközalap - D,2025-09-04,0.9246,2025-09-05,0.9247,0.0002,86.9207,1.0002,0.9971,-0.29
1863,Európai ingatlancégek részv. eszközalap,2025-09-04,1.7746,2025-09-05,1.7753,0.0004,175.397,1.0004,0.8927,-10.73
1864,Európai kötvény eszközalap - D,2025-09-04,1.2246,2025-09-05,1.2265,0.0016,115.6261,1.0016,0.9859,-1.41
1865,Európai részvény eszközalap,2025-09-04,2.5118,2025-09-05,2.525,0.0053,237.3639,1.0053,0.9962,-0.38
1866,Európai vállalati kötvény eszközalap,2025-09-04,1.3179,2025-09-05,1.3197,0.0014,123.8928,1.0014,0.9977,-0.23
1867,Fejlõdõ piaci részvény ESG eszközalap-D,2025-09-04,1.0619,2025-09-05,1.0601,-0.0017,97.5193,0.9983,1.0169,1.69
1868,Fejlõdõ ázsiai részvény eszközalap,2025-09-04,2.1459,2025-09-05,2.1393,-0.0031,194.0987,0.9969,1.0321,3.21
1869,Fenntartható növekedés részvény eszk.,2025-09-04,3.0715,2025-09-05,3.1009,0.0096,286.1991,1.0096,1.0073,0.73
1870,Globális egészségügyi részvény eszk.,2025-09-04,3.2598,2025-09-05,3.2675,0.0024,300.7157,1.0024,1.0109,1.09
1871,Globális növekedési részvény eszközalap,2025-09-04,2.1829,2025-09-05,2.2048,0.01,210.8533,1.01,0.9667,-3.33
1872,Kiegyensúlyozott vegyes eszközalap - D,2025-09-04,1.3922,2025-09-05,1.3987,0.0047,129.9769,1.0047,1.0118,1.18
1873,Latin-amerikai részvény eszközalap,2025-09-04,1.1149,2025-09-05,1.1136,-0.0012,101.5312,0.9988,1.0249,2.49
1874,Magas kötvény arányú vegyes eszk. - D,2025-09-04,1.0962,2025-09-05,1.0999,0.0034,102.9944,1.0034,0.9995,-0.05
1875,Magas védelmû vegyes eszközalap,2025-09-04,1.0884,2025-09-05,1.0894,0.0009,102.5492,1.0009,1.0006,0.06
1876,Nemz. élelmiszeripari cégek rv. ea - D,2025-09-04,3.1707,2025-09-05,3.1998,0.0092,300.6448,1.0092,0.9588,-4.12
1877,Nyersanyagpiaci részvény eszközalap,2025-09-04,1.3654,2025-09-05,1.361,-0.0032,124.2742,0.9968,1.014,1.4
1878,Presztízs- és luxusmárkák rv. ea.,2025-09-04,3.5796,2025-09-05,3.5738,-0.0016,322.5281,0.9984,1.0547,5.47
1879,USA részvény eszközalap,2025-09-04,4.389,2025-09-05,4.4366,0.0109,399.0032,1.0109,1.038,3.8
1880,Ázsia kötvény eszközalap,2025-09-04,2.2267,2025-09-05,2.2318,0.0023,208.2443,1.0023,1.0158,1.58
1881,Aktív hozamfigyelõ vegyes eszközalap - D,2025-09-05,0.9387,2025-09-06,0.9397,0.0011,88.3654,1.0011,1.0122,1.22
1882,Euró likviditás eszközalap - D,2025-09-05,0.9247,2025-09-06,0.9255,0.0008,87.8454,1.0008,0.9979,-0.21
1883,Európai ingatlancégek részv. eszközalap,2025-09-05,1.7753,2025-09-06,1.805,0.0167,177.1723,1.0167,0.9076,-9.24
1884,Európai kötvény eszközalap - D,2025-09-05,1.2265,2025-09-06,1.231,0.0036,116.8526,1.0036,0.9894,-1.06
1885,Európai részvény eszközalap,2025-09-05,2.525,2025-09-06,2.5146,-0.0041,239.8889,0.9959,0.9921,-0.79
1886,Európai vállalati kötvény eszközalap,2025-09-05,1.3197,2025-09-06,1.3235,0.0029,125.2125,1.0029,1.0006,0.06
1887,Fejlõdõ piaci részvény ESG eszközalap-D,2025-09-05,1.0601,2025-09-06,1.0642,0.0039,98.5794,1.0039,1.0209,2.09
1888,Fejlõdõ ázsiai részvény eszközalap,2025-09-05,2.1393,2025-09-06,2.1771,0.0177,196.238,1.0177,1.0503,5.03
1889,Fenntartható növekedés részvény eszk.,2025-09-05,3.1009,2025-09-06,3.0805,-0.0066,289.3,0.9934,1.0006,0.06
1890,Globális egészségügyi részvény eszk.,2025-09-05,3.2675,2025-09-06,3.2883,0.0064,303.9832,1.0064,1.0173,1.73
1891,Globális növekedési részvény eszközalap,2025-09-05,2.2048,2025-09-06,2.2047,0.0,213.0581,1.0,0.9667,-3.33
1892,Kiegyensúlyozott vegyes eszközalap - D,2025-09-05,1.3987,2025-09-06,1.4,0.0009,131.3756,1.0009,1.0127,1.27
1893,Latin-amerikai részvény eszközalap,2025-09-05,1.1136,2025-09-06,1.1292,0.014,102.6448,1.014,1.0392,3.92
1894,Magas kötvény arányú vegyes eszk. - D,2025-09-05,1.0999,2025-09-06,1.1023,0.0022,104.0943,1.0022,1.0017,0.17
1895,Magas védelmû vegyes eszközalap,2025-09-05,1.0894,2025-09-06,1.0879,-0.0013,103.6386,0.9987,0.9993,-0.07
1896,Nemz. élelmiszeripari cégek rv. ea - D,2025-09-05,3.1998,2025-09-06,3.184,-0.0049,303.8446,0.9951,0.9541,-4.59
1897,Nyersanyagpiaci részvény eszközalap,2025-09-05,1.361,2025-09-06,1.3665,0.0041,125.6352,1.0041,1.0181,1.81
1898,Presztízs- és luxusmárkák rv. ea.,2025-09-05,3.5738,2025-09-06,3.5605,-0.0037,326.1019,0.9963,1.0508,5.08
1899,USA részvény eszközalap,2025-09-05,4.4366,2025-09-06,4.3942,-0.0096,403.4398,0.9904,1.0281,2.81
1900,Ázsia kötvény eszközalap,2025-09-05,2.2318,2025-09-06,2.2314,-0.0002,210.4761,0.9998,1.0156,1.56
1901,Aktív hozamfigyelõ vegyes eszközalap - D,2025-09-06,0.9397,2025-09-06,0.9397,0.0,89.3051,1.0,1.0122,1.22
1902,Euró likviditás eszközalap - D,2025-09-06,0.9255,2025-09-06,0.9255,0.0,88.7709,1.0,0.9979,-0.21
1903,Európai ingatlancégek részv. eszközalap,2025-09-06,1.805,2025-09-06,1.805,0.0,178.9773,1.0,0.9076,-9.24
1904,Európai kötvény eszközalap - D,2025-09-06,1.231,2025-09-06,1.231,0.0,118.0836,1.0,0.9894,-1.06
1905,Európai részvény eszközalap,2025-09-06,2.5146,2025-09-06,2.5146,0.0,242.4035,1.0,0.9921,-0.79
1906,Európai vállalati kötvény eszközalap,2025-09-06,1.3235,2025-09-06,1.3235,0.0,126.536,1.0,1.0006,0.06
1907,Fejlõdõ piaci részvény ESG eszközalap-D,2025-09-06,1.0642,2025-09-06,1.0642,0.0,99.6436,1.0,1.0209,2.09
1908,Fejlõdõ ázsiai részvény eszközalap,2025-09-06,2.1771,2025-09-06,2.1771,0.0,198.4151,1.0,1.0503,5.03
1909,Fenntartható növekedés részvény eszk.,2025-09-06,3.0805,2025-09-06,3.0805,0.0,292.3805,1.0,1.0006,0.06
1910,Globális egészségügyi részvény eszk.,2025-09-06,3.2883,2025-09-06,3.2883,0.0,307.2715,1.0,1.0173,1.73
1911,Globális növekedési részvény eszközalap,2025-09-06,2.2047,2025-09-06,2.2047,0.0,215.2628,1.0,0.9667,-3.33
1912,Kiegyensúlyozott vegyes eszközalap - D,2025-09-06,1.4,2025-09-06,1.4,0.0,132.7756,1.0,1.0127,1.27
1913,Latin-amerikai részvény eszközalap,2025-09-06,1.1292,2025-09-06,1.1292,0.0,103.774,1.0,1.0392,3.92
1914,Magas kötvény arányú vegyes eszk. - D,2025-09-06,1.1023,2025-09-06,1.1023,0.0,105.1966,1.0,1.0017,0.17
1915,Magas védelmû vegyes eszközalap,2025-09-06,1.0879,2025-09-06,1.0879,0.0,104.7265,1.0,0.9993,-0.07
1916,Nemz. élelmiszeripari cégek rv. ea - D,2025-09-06,3.184,2025-09-06,3.184,0.0,307.0286,1.0,0.9541,-4.59
1917,Nyersanyagpiaci részvény eszközalap,2025-09-06,1.3665,2025-09-06,1.3665,0.0,127.0017,1.0,1.0181,1.81
1918,Presztízs- és luxusmárkák rv. ea.,2025-09-06,3.5605,2025-09-06,3.5605,0.0,329.6624,1.0,1.0508,5.08
1919,USA részvény eszközalap,2025-09-06,4.3942,2025-09-06,4.3942,0.0,407.834,1.0,1.0281,2.81
1920,Ázsia kötvény eszközalap,2025-09-06,2.2314,2025-09-06,2.2314,0.0,212.7075,1.0,1.0156,1.56
1921,Aktív hozamfigyelõ vegyes eszközalap - D,2025-09-07,0.9397,2025-09-07,0.9397,0.0,90.2448,1.0,1.0122,1.22
1922,Euró likviditás eszközalap - D,2025-09-07,0.9255,2025-09-07,0.9255,0.0,89.6964,1.0,0.9979,-0.21
1923,Európai ingatlancégek részv. eszközalap,2025-09-07,1.805,2025-09-07,1.805,0.0,180.7823,1.0,0.9076,-9.24
1924,Európai kötvény eszközalap - D,2025-09-07,1.231,2025-09-07,1.231,0.0,119.3146,1.0,0.9894,-1.06
1925,Európai részvény eszközalap,2025-09-07,2.5146,2025-09-07,2.5146,0.0,244.9181,1.0,0.9921,-0.79
1926,Európai vállalati kötvény eszközalap,2025-09-07,1.3235,2025-09-07,1.3235,0.0,127.8595,1.0,1.0006,0.06
1927,Fejlõdõ piaci részvény ESG eszközalap-D,2025-09-07,1.0642,2025-09-07,1.0642,0.0,100.7078,1.0,1.0209,2.09
1928,Fejlõdõ ázsiai részvény eszközalap,2025-09-07,2.1771,2025-09-07,2.1771,0.0,200.5922,1.0,1.0503,5.03
1929,Fenntartható növekedés részvény eszk.,2025-09-07,3.0805,2025-09-07,3.0805,0.0,295.461,1.0,1.0006,0.06
1930,Globális egészségügyi részvény eszk.,2025-09-07,3.2883,2025-09-07,3.2883,0.0,310.5598,1.0,1.0173,1.73
1931,Globális növekedési részvény eszközalap,2025-09-07,2.2047,2025-09-07,2.2047,0.0,217.4675,1.0,0.9667,-3.33
1932,Kiegyensúlyozott vegyes eszközalap - D,2025-09-07,1.4,2025-09-07,1.4,0.0,134.1756,1.0,1.0127,1.27
1933,Latin-amerikai részvény eszközalap,2025-09-07,1.1292,2025-09-07,1.1292,0.0,104.9032,1.0,1.0392,3.92
1934,Magas kötvény arányú vegyes eszk. - D,2025-09-07,1.1023,2025-09-07,1.1023,0.0,106.2989,1.0,1.0017,0.17
1935,Magas védelmû vegyes eszközalap,2025-09-07,1.0879,2025-09-07,1.0879,0.0,105.8144,1.0,0.9993,-0.07
1936,Nemz. élelmiszeripari cégek rv. ea - D,2025-09-07,3.184,2025-09-07,3.184,0.0,310.2126,1.0,0.9541,-4.59
1937,Nyersanyagpiaci részvény eszközalap,2025-09-07,1.3665,2025-09-07,1.3665,0.0,128.3682,1.0,1.0181,1.81
1938,Presztízs- és luxusmárkák rv. ea.,2025-09-07,3.5605,2025-09-07,3.5605,0.0,333.2229,1.0,1.0508,5.08
1939,USA részvény eszközalap,2025-09-07,4.3942,2025-09-07,4.3942,0.0,412.2282,1.0,1.0281,2.81
1940,Ázsia kötvény eszközalap,2025-09-07,2.2314,2025-09-07,2.2314,0.0,214.9389,1.0,1.0156,1.56
1941,Aktív hozamfigyelõ vegyes eszközalap - D,2025-09-08,0.9397,2025-09-08,0.9397,0.0,91.1845,1.0,1.0122,1.22
1942,Euró likviditás eszközalap - D,2025-09-08,0.9255,2025-09-08,0.9255,0.0,90.6219,1.0,0.9979,-0.21
1943,Európai ingatlancégek részv. eszközalap,2025-09-08,1.805,2025-09-08,1.805,0.0,182.5873,1.0,0.9076,-9.24
1944,Európai kötvény eszközalap - D,2025-09-08,1.231,2025-09-08,1.231,0.0,120.5456,1.0,0.9894,-1.06
1945,Európai részvény eszközalap,2025-09-08,2.5146,2025-09-08,2.5146,0.0,247.4327,1.0,0.9921,-0.79
1946,Európai vállalati kötvény eszközalap,2025-09-08,1.3235,2025-09-08,1.3235,0.0,129.183,1.0,1.0006,0.06
1947,Fejlõdõ piaci részvény ESG eszközalap-D,2025-09-08,1.0642,2025-09-08,1.0642,0.0,101.772,1.0,1.0209,2.09
1948,Fejlõdõ ázsiai részvény eszközalap,2025-09-08,2.1771,2025-09-08,2.1771,0.0,202.7693,1.0,1.0503,5.03
1949,Fenntartható növekedés részvény eszk.,2025-09-08,3.0805,2025-09-08,3.0805,0.0,298.5415,1.0,1.0006,0.06
1950,Globális egészségügyi részvény eszk.,2025-09-08,3.2883,2025-09-08,3.2883,0.0,313.8481,1.0,1.0173,1.73
1951,Globális növekedési részvény eszközalap,2025-09-08,2.2047,2025-09-08,2.2047,0.0,219.6722,1.0,0.9667,-3.33
1952,Kiegyensúlyozott vegyes eszközalap - D,2025-09-08,1.4,2025-09-08,1.4,0.0,135.5756,1.0,1.0127,1.27
1953,Latin-amerikai részvény eszközalap,2025-09-08,1.1292,2025-09-08,1.1292,0.0,106.0324,1.0,1.0392,3.92
1954,Magas kötvény arányú vegyes eszk. - D,2025-09-08,1.1023,2025-09-08,1.1023,0.0,107.4012,1.0,1.0017,0.17
1955,Magas védelmû vegyes eszközalap,2025-09-08,1.0879,2025-09-08,1.0879,0.0,106.9023,1.0,0.9993,-0.07
1956,Nemz. élelmiszeripari cégek rv. ea - D,2025-09-08,3.184,2025-09-08,3.184,0.0,313.3966,1.0,0.9541,-4.59
1957,Nyersanyagpiaci részvény eszközalap,2025-09-08,1.3665,2025-09-08,1.3665,0.0,129.7347,1.0,1.0181,1.81
1958,Presztízs- és luxusmárkák rv. ea.,2025-09-08,3.5605,2025-09-08,3.5605,0.0,336.7834,1.0,1.0508,5.08
1959,USA részvény eszközalap,2025-09-08,4.3942,2025-09-08,4.3942,0.0,416.6224,1.0,1.0281,2.81
1960,Ázsia kötvény eszközalap,2025-09-08,2.2314,2025-09-08,2.2314,0.0,217.1703,1.0,1.0156,1.56
1961,Aktív hozamfigyelõ vegyes eszközalap - D,2025-09-09,0.9426,2025-09-10,0.9418,-0.0008,92.1271,0.9992,1.0114,1.14
1962,Euró likviditás eszközalap - D,2025-09-09,0.9257,2025-09-10,0.9254,-0.0003,91.5476,0.9997,0.9976,-0.24
1963,Európai ingatlancégek részv. eszközalap,2025-09-09,1.8064,2025-09-10,1.8048,-0.0009,184.3937,0.9991,0.9068,-9.32
1964,Európai kötvény eszközalap - D,2025-09-09,1.2329,2025-09-10,1.2315,-0.0012,121.7785,0.9988,0.9883,-1.17
1965,Európai részvény eszközalap,2025-09-09,2.5343,2025-09-10,2.5404,0.0024,249.967,1.0024,0.9945,-0.55
1966,Európai vállalati kötvény eszközalap,2025-09-09,1.325,2025-09-10,1.3242,-0.0006,130.508,0.9994,1.0,0.0
1967,Fejlõdõ piaci részvény ESG eszközalap-D,2025-09-09,1.0761,2025-09-10,1.0865,0.0097,102.8481,1.0097,1.0308,3.08
1968,Fejlõdõ ázsiai részvény eszközalap,2025-09-09,2.1819,2025-09-10,2.2078,0.0119,204.9512,1.0119,1.0628,6.28
1969,Fenntartható növekedés részvény eszk.,2025-09-09,3.0982,2025-09-10,3.097,-0.0004,301.6397,0.9996,1.0002,0.02
1970,Globális egészségügyi részvény eszk.,2025-09-09,3.2646,2025-09-10,3.2799,0.0047,317.1127,1.0047,1.0221,2.21
1971,Globális növekedési részvény eszközalap,2025-09-09,2.2072,2025-09-10,2.192,-0.0069,221.8794,0.9931,0.96,-4.0
1972,Kiegyensúlyozott vegyes eszközalap - D,2025-09-09,1.4014,2025-09-10,1.4026,0.0009,136.977,1.0009,1.0136,1.36
1973,Latin-amerikai részvény eszközalap,2025-09-09,1.1231,2025-09-10,1.1256,0.0022,107.1555,1.0022,1.0415,4.15
1974,Magas kötvény arányú vegyes eszk. - D,2025-09-09,1.1039,2025-09-10,1.1038,-0.0001,108.5051,0.9999,1.0016,0.16
1975,Magas védelmû vegyes eszközalap,2025-09-09,1.09,2025-09-10,1.0902,0.0002,107.9923,1.0002,0.9995,-0.05
1976,Nemz. élelmiszeripari cégek rv. ea - D,2025-09-09,3.1646,2025-09-10,3.1713,0.0021,316.5612,1.0021,0.9561,-4.39
1977,Nyersanyagpiaci részvény eszközalap,2025-09-09,1.3763,2025-09-10,1.3695,-0.0049,131.111,0.9951,1.0131,1.31
1978,Presztízs- és luxusmárkák rv. ea.,2025-09-09,3.5521,2025-09-10,3.5496,-0.0007,340.3355,0.9993,1.0501,5.01
1979,USA részvény eszközalap,2025-09-09,4.3959,2025-09-10,4.4084,0.0028,421.0183,1.0028,1.031,3.1
1980,Ázsia kötvény eszközalap,2025-09-09,2.2285,2025-09-10,2.2236,-0.0022,219.3988,0.9978,1.0134,1.34
1981,Aktív hozamfigyelõ vegyes eszközalap - D,2025-09-10,0.9418,2025-09-11,0.9424,0.0007,93.0689,1.0007,1.0121,1.21
1982,Euró likviditás eszközalap - D,2025-09-10,0.9254,2025-09-11,0.9253,-0.0001,92.473,0.9999,0.9975,-0.25
1983,Európai ingatlancégek részv. eszközalap,2025-09-10,1.8048,2025-09-11,1.799,-0.0032,186.1985,0.9968,0.9039,-9.61
1984,Európai kötvény eszközalap - D,2025-09-10,1.2315,2025-09-11,1.232,0.0004,123.01,1.0004,0.9886,-1.14
1985,Európai részvény eszközalap,2025-09-10,2.5404,2025-09-11,2.5399,-0.0002,252.5074,0.9998,0.9943,-0.57
1986,Európai vállalati kötvény eszközalap,2025-09-10,1.3242,2025-09-11,1.3249,0.0005,131.8322,1.0005,1.0005,0.05
1987,Fejlõdõ piaci részvény ESG eszközalap-D,2025-09-10,1.0865,2025-09-11,1.0938,0.0067,103.9346,1.0067,1.0377,3.77
1988,Fejlõdõ ázsiai részvény eszközalap,2025-09-10,2.2078,2025-09-11,2.2313,0.0107,207.159,1.0107,1.0742,7.42
1989,Fenntartható növekedés részvény eszk.,2025-09-10,3.097,2025-09-11,3.0886,-0.0027,304.7367,0.9973,0.9975,-0.25
1990,Globális egészségügyi részvény eszk.,2025-09-10,3.2799,2025-09-11,3.2721,-0.0024,320.3926,0.9976,1.0197,1.97
1991,Globális növekedési részvény eszközalap,2025-09-10,2.192,2025-09-11,2.1677,-0.0111,224.0714,0.9889,0.9494,-5.06
1992,Kiegyensúlyozott vegyes eszközalap - D,2025-09-10,1.4026,2025-09-11,1.405,0.0017,138.3796,1.0017,1.0153,1.53
1993,Latin-amerikai részvény eszközalap,2025-09-10,1.1256,2025-09-11,1.1323,0.006,108.2811,1.006,1.0478,4.78
1994,Magas kötvény arányú vegyes eszk. - D,2025-09-10,1.1038,2025-09-11,1.105,0.0011,109.6089,1.0011,1.0027,0.27
1995,Magas védelmû vegyes eszközalap,2025-09-10,1.0902,2025-09-11,1.0896,-0.0006,109.0825,0.9994,0.9989,-0.11
1996,Nemz. élelmiszeripari cégek rv. ea - D,2025-09-10,3.1713,2025-09-11,3.1485,-0.0072,319.7325,0.9928,0.9492,-5.08
1997,Nyersanyagpiaci részvény eszközalap,2025-09-10,1.3695,2025-09-11,1.3666,-0.0021,132.4805,0.9979,1.011,1.1
1998,Presztízs- és luxusmárkák rv. ea.,2025-09-10,3.5496,2025-09-11,3.5206,-0.0082,343.8851,0.9918,1.0414,4.14
1999,USA részvény eszközalap,2025-09-10,4.4084,2025-09-11,4.4377,0.0067,425.4267,1.0067,1.0379,3.79
2000,Ázsia kötvény eszközalap,2025-09-10,2.2236,2025-09-11,2.2353,0.0053,221.6224,1.0053,1.0188,1.88
2001,Aktív hozamfigyelõ vegyes eszközalap - D,2025-09-11,0.9424,2025-09-12,0.9453,0.0031,94.0113,1.0031,1.0152,1.52
2002,Euró likviditás eszközalap - D,2025-09-11,0.9253,2025-09-12,0.9247,-0.0006,93.3983,0.9994,0.9969,-0.31
2003,Európai ingatlancégek részv. eszközalap,2025-09-11,1.799,2025-09-12,1.8036,0.0025,187.9975,1.0025,0.9061,-9.39
2004,Európai kötvény eszközalap - D,2025-09-11,1.232,2025-09-12,1.2317,-0.0002,124.242,0.9998,0.9885,-1.15
2005,Európai részvény eszközalap,2025-09-11,2.5399,2025-09-12,2.5524,0.0049,255.0473,1.0049,0.9991,-0.09
2006,Európai vállalati kötvény eszközalap,2025-09-11,1.3249,2025-09-12,1.3244,-0.0004,133.1571,0.9996,1.0001,0.01
2007,Fejlõdõ piaci részvény ESG eszközalap-D,2025-09-11,1.0938,2025-09-12,1.0999,0.0056,105.0284,1.0056,1.0435,4.35
2008,Fejlõdõ ázsiai részvény eszközalap,2025-09-11,2.2313,2025-09-12,2.2415,0.0046,209.3903,1.0046,1.0791,7.91
2009,Fenntartható növekedés részvény eszk.,2025-09-11,3.0886,2025-09-12,3.111,0.0073,307.8253,1.0073,1.0048,0.48
2010,Globális egészségügyi részvény eszk.,2025-09-11,3.2721,2025-09-12,3.2849,0.0039,323.6647,1.0039,1.0236,2.36
2011,Globális növekedési részvény eszközalap,2025-09-11,2.1677,2025-09-12,2.1938,0.012,226.2391,1.012,0.9608,-3.92
2012,Kiegyensúlyozott vegyes eszközalap - D,2025-09-11,1.405,2025-09-12,1.4102,0.0037,139.7846,1.0037,1.0191,1.91
2013,Latin-amerikai részvény eszközalap,2025-09-11,1.1323,2025-09-12,1.1443,0.0106,109.4134,1.0106,1.0589,5.89
2014,Magas kötvény arányú vegyes eszk. - D,2025-09-11,1.105,2025-09-12,1.1074,0.0021,110.7139,1.0021,1.0048,0.48
2015,Magas védelmû vegyes eszközalap,2025-09-11,1.0896,2025-09-12,1.0906,0.0009,110.1721,1.0009,0.9998,-0.02
2016,Nemz. élelmiszeripari cégek rv. ea - D,2025-09-11,3.1485,2025-09-12,3.1751,0.0085,322.881,1.0085,0.9573,-4.27
2017,Nyersanyagpiaci részvény eszközalap,2025-09-11,1.3666,2025-09-12,1.3842,0.0129,133.8471,1.0129,1.024,2.4
2018,Presztízs- és luxusmárkák rv. ea.,2025-09-11,3.5206,2025-09-12,3.5611,0.0115,347.4057,1.0115,1.0534,5.34
2019,USA részvény eszközalap,2025-09-11,4.4377,2025-09-12,4.4758,0.0086,429.8644,1.0086,1.0468,4.68
2020,Ázsia kötvény eszközalap,2025-09-11,2.2353,2025-09-12,2.2394,0.0018,223.8577,1.0018,1.0206,2.06
2021,Aktív hozamfigyelõ vegyes eszközalap - D,2025-09-12,0.9453,2025-09-13,0.9432,-0.0023,94.9566,0.9977,1.0129,1.29
2022,Euró likviditás eszközalap - D,2025-09-12,0.9247,2025-09-13,0.9244,-0.0004,94.323,0.9996,0.9965,-0.35
2023,Európai ingatlancégek részv. eszközalap,2025-09-12,1.8036,2025-09-13,1.8058,0.0013,189.8011,1.0013,0.9073,-9.27
2024,Európai kötvény eszközalap - D,2025-09-12,1.2317,2025-09-13,1.2286,-0.0025,125.4737,0.9975,0.986,-1.4
2025,Európai részvény eszközalap,2025-09-12,2.5524,2025-09-13,2.5581,0.0022,257.5997,1.0022,1.0013,0.13
2026,Európai vállalati kötvény eszközalap,2025-09-12,1.3244,2025-09-13,1.3228,-0.0012,134.4815,0.9988,0.9989,-0.11
2027,Fejlõdõ piaci részvény ESG eszközalap-D,2025-09-12,1.0999,2025-09-13,1.1061,0.0056,106.1283,1.0056,1.0494,4.94
2028,Fejlõdõ ázsiai részvény eszközalap,2025-09-12,2.2415,2025-09-13,2.2447,0.0014,211.6318,1.0014,1.0807,8.07
2029,Fenntartható növekedés részvény eszk.,2025-09-12,3.111,2025-09-13,3.1017,-0.003,310.9363,0.997,1.0018,0.18
2030,Globális egészségügyi részvény eszk.,2025-09-12,3.2849,2025-09-13,3.2951,0.0031,326.9496,1.0031,1.0268,2.68
2031,Globális növekedési részvény eszközalap,2025-09-12,2.1938,2025-09-13,2.1785,-0.0069,228.4329,0.9931,0.9541,-4.59
2032,Kiegyensúlyozott vegyes eszközalap - D,2025-09-12,1.4102,2025-09-13,1.4102,0.0,141.1948,1.0,1.0191,1.91
2033,Latin-amerikai részvény eszközalap,2025-09-12,1.1443,2025-09-13,1.1442,-0.0001,110.5577,0.9999,1.0588,5.88
2034,Magas kötvény arányú vegyes eszk. - D,2025-09-12,1.1074,2025-09-13,1.106,-0.0012,111.8213,0.9988,1.0036,0.36
2035,Magas védelmû vegyes eszközalap,2025-09-12,1.0906,2025-09-13,1.0907,0.0001,111.2627,1.0001,0.9999,-0.01
2036,Nemz. élelmiszeripari cégek rv. ea - D,2025-09-12,3.1751,2025-09-13,3.1632,-0.0037,326.0561,0.9963,0.9537,-4.63
2037,Nyersanyagpiaci részvény eszközalap,2025-09-12,1.3842,2025-09-13,1.3827,-0.0011,135.2313,0.9989,1.0229,2.29
2038,Presztízs- és luxusmárkák rv. ea.,2025-09-12,3.5611,2025-09-13,3.5514,-0.0027,350.9668,0.9973,1.0506,5.06
2039,USA részvény eszközalap,2025-09-12,4.4758,2025-09-13,4.4712,-0.001,434.3402,0.999,1.0457,4.57
2040,Ázsia kötvény eszközalap,2025-09-12,2.2394,2025-09-13,2.2396,0.0001,226.0971,1.0001,1.0207,2.07
2041,Aktív hozamfigyelõ vegyes eszközalap - D,2025-09-13,0.9432,2025-09-13,0.9432,0.0,95.8998,1.0,1.0129,1.29
2042,Euró likviditás eszközalap - D,2025-09-13,0.9244,2025-09-13,0.9244,0.0,95.2474,1.0,0.9965,-0.35
2043,Európai ingatlancégek részv. eszközalap,2025-09-13,1.8058,2025-09-13,1.8058,0.0,191.6069,1.0,0.9073,-9.27
2044,Európai kötvény eszközalap - D,2025-09-13,1.2286,2025-09-13,1.2286,0.0,126.7023,1.0,0.986,-1.4
2045,Európai részvény eszközalap,2025-09-13,2.5581,2025-09-13,2.5581,0.0,260.1578,1.0,1.0013,0.13
2046,Európai vállalati kötvény eszközalap,2025-09-13,1.3228,2025-09-13,1.3228,0.0,135.8043,1.0,0.9989,-0.11
2047,Fejlõdõ piaci részvény ESG eszközalap-D,2025-09-13,1.1061,2025-09-13,1.1061,0.0,107.2344,1.0,1.0494,4.94
2048,Fejlõdõ ázsiai részvény eszközalap,2025-09-13,2.2447,2025-09-13,2.2447,0.0,213.8765,1.0,1.0807,8.07
2049,Fenntartható növekedés részvény eszk.,2025-09-13,3.1017,2025-09-13,3.1017,0.0,314.038,1.0,1.0018,0.18
2050,Globális egészségügyi részvény eszk.,2025-09-13,3.2951,2025-09-13,3.2951,0.0,330.2447,1.0,1.0268,2.68
2051,Globális növekedési részvény eszközalap,2025-09-13,2.1785,2025-09-13,2.1785,0.0,230.6114,1.0,0.9541,-4.59
2052,Kiegyensúlyozott vegyes eszközalap - D,2025-09-13,1.4102,2025-09-13,1.4102,0.0,142.605,1.0,1.0191,1.91
2053,Latin-amerikai részvény eszközalap,2025-09-13,1.1442,2025-09-13,1.1442,0.0,111.7019,1.0,1.0588,5.88
2054,Magas kötvény arányú vegyes eszk. - D,2025-09-13,1.106,2025-09-13,1.106,0.0,112.9273,1.0,1.0036,0.36
2055,Magas védelmû vegyes eszközalap,2025-09-13,1.0907,2025-09-13,1.0907,0.0,112.3534,1.0,0.9999,-0.01
2056,Nemz. élelmiszeripari cégek rv. ea - D,2025-09-13,3.1632,2025-09-13,3.1632,0.0,329.2193,1.0,0.9537,-4.63
2057,Nyersanyagpiaci részvény eszközalap,2025-09-13,1.3827,2025-09-13,1.3827,0.0,136.614,1.0,1.0229,2.29
2058,Presztízs- és luxusmárkák rv. ea.,2025-09-13,3.5514,2025-09-13,3.5514,0.0,354.5182,1.0,1.0506,5.06
2059,USA részvény eszközalap,2025-09-13,4.4712,2025-09-13,4.4712,0.0,438.8114,1.0,1.0457,4.57
2060,Ázsia kötvény eszközalap,2025-09-13,2.2396,2025-09-13,2.2396,0.0,228.3367,1.0,1.0207,2.07
2061,Aktív hozamfigyelõ vegyes eszközalap - D,2025-09-14,0.9432,2025-09-14,0.9432,0.0,96.843,1.0,1.0129,1.29
2062,Euró likviditás eszközalap - D,2025-09-14,0.9244,2025-09-14,0.9244,0.0,96.1718,1.0,0.9965,-0.35
2063,Európai ingatlancégek részv. eszközalap,2025-09-14,1.8058,2025-09-14,1.8058,0.0,193.4127,1.0,0.9073,-9.27
2064,Európai kötvény eszközalap - D,2025-09-14,1.2286,2025-09-14,1.2286,0.0,127.9309,1.0,0.986,-1.4
2065,Európai részvény eszközalap,2025-09-14,2.5581,2025-09-14,2.5581,0.0,262.7159,1.0,1.0013,0.13
2066,Európai vállalati kötvény eszközalap,2025-09-14,1.3228,2025-09-14,1.3228,0.0,137.1271,1.0,0.9989,-0.11
2067,Fejlõdõ piaci részvény ESG eszközalap-D,2025-09-14,1.1061,2025-09-14,1.1061,0.0,108.3405,1.0,1.0494,4.94
2068,Fejlõdõ ázsiai részvény eszközalap,2025-09-14,2.2447,2025-09-14,2.2447,0.0,216.1212,1.0,1.0807,8.07
2069,Fenntartható növekedés részvény eszk.,2025-09-14,3.1017,2025-09-14,3.1017,0.0,317.1397,1.0,1.0018,0.18
2070,Globális egészségügyi részvény eszk.,2025-09-14,3.2951,2025-09-14,3.2951,0.0,333.5398,1.0,1.0268,2.68
2071,Globális növekedési részvény eszközalap,2025-09-14,2.1785,2025-09-14,2.1785,0.0,232.7899,1.0,0.9541,-4.59
2072,Kiegyensúlyozott vegyes eszközalap - D,2025-09-14,1.4102,2025-09-14,1.4102,0.0,144.0152,1.0,1.0191,1.91
2073,Latin-amerikai részvény eszközalap,2025-09-14,1.1442,2025-09-14,1.1442,0.0,112.8461,1.0,1.0588,5.88
2074,Magas kötvény arányú vegyes eszk. - D,2025-09-14,1.106,2025-09-14,1.106,0.0,114.0333,1.0,1.0036,0.36
2075,Magas védelmû vegyes eszközalap,2025-09-14,1.0907,2025-09-14,1.0907,0.0,113.4441,1.0,0.9999,-0.01
2076,Nemz. élelmiszeripari cégek rv. ea - D,2025-09-14,3.1632,2025-09-14,3.1632,0.0,332.3825,1.0,0.9537,-4.63
2077,Nyersanyagpiaci részvény eszközalap,2025-09-14,1.3827,2025-09-14,1.3827,0.0,137.9967,1.0,1.0229,2.29
2078,Presztízs- és luxusmárkák rv. ea.,2025-09-14,3.5514,2025-09-14,3.5514,0.0,358.0696,1.0,1.0506,5.06
2079,USA részvény eszközalap,2025-09-14,4.4712,2025-09-14,4.4712,0.0,443.2826,1.0,1.0457,4.57
2080,Ázsia kötvény eszközalap,2025-09-14,2.2396,2025-09-14,2.2396,0.0,230.5763,1.0,1.0207,2.07
2081,Aktív hozamfigyelõ vegyes eszközalap - D,2025-09-15,0.9432,2025-09-15,0.9432,0.0,97.7862,1.0,1.0129,1.29
2082,Euró likviditás eszközalap - D,2025-09-15,0.9244,2025-09-15,0.9244,0.0,97.0962,1.0,0.9965,-0.35
2083,Európai ingatlancégek részv. eszközalap,2025-09-15,1.8058,2025-09-15,1.8058,0.0,195.2185,1.0,0.9073,-9.27
2084,Európai kötvény eszközalap - D,2025-09-15,1.2286,2025-09-15,1.2286,0.0,129.1595,1.0,0.986,-1.4
2085,Európai részvény eszközalap,2025-09-15,2.5581,2025-09-15,2.5581,0.0,265.274,1.0,1.0013,0.13
2086,Európai vállalati kötvény eszközalap,2025-09-15,1.3228,2025-09-15,1.3228,0.0,138.4499,1.0,0.9989,-0.11
2087,Fejlõdõ piaci részvény ESG eszközalap-D,2025-09-15,1.1061,2025-09-15,1.1061,0.0,109.4466,1.0,1.0494,4.94
2088,Fejlõdõ ázsiai részvény eszközalap,2025-09-15,2.2447,2025-09-15,2.2447,0.0,218.3659,1.0,1.0807,8.07
2089,Fenntartható növekedés részvény eszk.,2025-09-15,3.1017,2025-09-15,3.1017,0.0,320.2414,1.0,1.0018,0.18
2090,Globális egészségügyi részvény eszk.,2025-09-15,3.2951,2025-09-15,3.2951,0.0,336.8349,1.0,1.0268,2.68
2091,Globális növekedési részvény eszközalap,2025-09-15,2.1785,2025-09-15,2.1785,0.0,234.9684,1.0,0.9541,-4.59
2092,Kiegyensúlyozott vegyes eszközalap - D,2025-09-15,1.4102,2025-09-15,1.4102,0.0,145.4254,1.0,1.0191,1.91
2093,Latin-amerikai részvény eszközalap,2025-09-15,1.1442,2025-09-15,1.1442,0.0,113.9903,1.0,1.0588,5.88
2094,Magas kötvény arányú vegyes eszk. - D,2025-09-15,1.106,2025-09-15,1.106,0.0,115.1393,1.0,1.0036,0.36
2095,Magas védelmû vegyes eszközalap,2025-09-15,1.0907,2025-09-15,1.0907,0.0,114.5348,1.0,0.9999,-0.01
2096,Nemz. élelmiszeripari cégek rv. ea - D,2025-09-15,3.1632,2025-09-15,3.1632,0.0,335.5457,1.0,0.9537,-4.63
2097,Nyersanyagpiaci részvény eszközalap,2025-09-15,1.3827,2025-09-15,1.3827,0.0,139.3794,1.0,1.0229,2.29
2098,Presztízs- és luxusmárkák rv. ea.,2025-09-15,3.5514,2025-09-15,3.5514,0.0,361.621,1.0,1.0506,5.06
2099,USA részvény eszközalap,2025-09-15,4.4712,2025-09-15,4.4712,0.0,447.7538,1.0,1.0457,4.57
2100,Ázsia kötvény eszközalap,2025-09-15,2.2396,2025-09-15,2.2396,0.0,232.8159,1.0,1.0207,2.07
2101,Aktív hozamfigyelõ vegyes eszközalap - D,2025-09-16,0.9449,2025-09-17,0.9424,-0.0026,98.7311,0.9974,1.0103,1.03
2102,Euró likviditás eszközalap - D,2025-09-16,0.9247,2025-09-17,0.9248,0.0001,98.0209,1.0001,0.9966,-0.34
2103,Európai ingatlancégek részv. eszközalap,2025-09-16,1.8196,2025-09-17,1.7945,-0.0138,197.0381,0.9862,0.8948,-10.52
2104,Európai kötvény eszközalap - D,2025-09-16,1.23,2025-09-17,1.23,0.0,130.3895,1.0,0.986,-1.4
2105,Európai részvény eszközalap,2025-09-16,2.5769,2025-09-17,2.5388,-0.0148,267.8509,0.9852,0.9865,-1.35
2106,Európai vállalati kötvény eszközalap,2025-09-16,1.3245,2025-09-17,1.3244,-0.0001,139.7744,0.9999,0.9988,-0.12
2107,Fejlõdõ piaci részvény ESG eszközalap-D,2025-09-16,1.1081,2025-09-17,1.1122,0.0037,110.5547,1.0037,1.0533,5.33
2108,Fejlõdõ ázsiai részvény eszközalap,2025-09-16,2.2325,2025-09-17,2.2298,-0.0012,220.5984,0.9988,1.0794,7.94
2109,Fenntartható növekedés részvény eszk.,2025-09-16,3.1067,2025-09-17,3.076,-0.0099,323.3481,0.9901,0.9919,-0.81
2110,Globális egészségügyi részvény eszk.,2025-09-16,3.2615,2025-09-17,3.2434,-0.0055,340.0964,0.9945,1.0212,2.12
2111,Globális növekedési részvény eszközalap,2025-09-16,2.1707,2025-09-17,2.147,-0.0109,237.1391,0.9891,0.9437,-5.63
2112,Kiegyensúlyozott vegyes eszközalap - D,2025-09-16,1.412,2025-09-17,1.4074,-0.0033,146.8374,0.9967,1.0157,1.57
2113,Latin-amerikai részvény eszközalap,2025-09-16,1.1536,2025-09-17,1.1506,-0.0026,115.1439,0.9974,1.056,5.6
2114,Magas kötvény arányú vegyes eszk. - D,2025-09-16,1.1074,2025-09-17,1.1056,-0.0017,116.2467,0.9983,1.0019,0.19
2115,Magas védelmû vegyes eszközalap,2025-09-16,1.0931,2025-09-17,1.0899,-0.0029,115.6279,0.9971,0.997,-0.3
2116,Nemz. élelmiszeripari cégek rv. ea - D,2025-09-16,3.1412,2025-09-17,3.1086,-0.0104,338.6869,0.9896,0.9438,-5.62
2117,Nyersanyagpiaci részvény eszközalap,2025-09-16,1.3792,2025-09-17,1.3627,-0.012,140.7586,0.988,1.0106,1.06
2118,Presztízs- és luxusmárkák rv. ea.,2025-09-16,3.5744,2025-09-17,3.5502,-0.0068,365.1954,0.9932,1.0434,4.34
2119,USA részvény eszközalap,2025-09-16,4.4769,2025-09-17,4.4357,-0.0092,452.2307,0.9908,1.0361,3.61
2120,Ázsia kötvény eszközalap,2025-09-16,2.2367,2025-09-17,2.2278,-0.004,235.0526,0.996,1.0166,1.66
2121,Aktív hozamfigyelõ vegyes eszközalap - D,2025-09-17,0.9424,2025-09-18,0.9412,-0.0013,99.6735,0.9987,1.009,0.9
2122,Euró likviditás eszközalap - D,2025-09-17,0.9248,2025-09-18,0.9248,0.0,98.9457,1.0,0.9966,-0.34
2123,Európai ingatlancégek részv. eszközalap,2025-09-17,1.7945,2025-09-18,1.8047,0.0057,198.8326,1.0057,0.8999,-10.01
2124,Európai kötvény eszközalap - D,2025-09-17,1.23,2025-09-18,1.2309,0.0007,131.6195,1.0007,0.9867,-1.33
2125,Európai részvény eszközalap,2025-09-17,2.5388,2025-09-18,2.5393,0.0002,270.3897,1.0002,0.9867,-1.33
2126,Európai vállalati kötvény eszközalap,2025-09-17,1.3244,2025-09-18,1.3246,0.0002,141.0988,1.0002,0.999,-0.1
2127,Fejlõdõ piaci részvény ESG eszközalap-D,2025-09-17,1.1122,2025-09-18,1.1213,0.0082,111.6669,1.0082,1.0619,6.19
2128,Fejlõdõ ázsiai részvény eszközalap,2025-09-17,2.2298,2025-09-18,2.2452,0.0069,222.8282,1.0069,1.0868,8.68
2129,Fenntartható növekedés részvény eszk.,2025-09-17,3.076,2025-09-18,3.0674,-0.0028,326.4241,0.9972,0.9891,-1.09
2130,Globális egészségügyi részvény eszk.,2025-09-17,3.2434,2025-09-18,3.2587,0.0047,343.3398,1.0047,1.026,2.6
2131,Globális növekedési részvény eszközalap,2025-09-17,2.147,2025-09-18,2.1423,-0.0022,239.2861,0.9978,0.9417,-5.83
2132,Kiegyensúlyozott vegyes eszközalap - D,2025-09-17,1.4074,2025-09-18,1.4063,-0.0008,148.2448,0.9992,1.0149,1.49
2133,Latin-amerikai részvény eszközalap,2025-09-17,1.1506,2025-09-18,1.1603,0.0084,116.2945,1.0084,1.0649,6.49
2134,Magas kötvény arányú vegyes eszk. - D,2025-09-17,1.1056,2025-09-18,1.1056,0.0,117.3523,1.0,1.0019,0.19
2135,Magas védelmû vegyes eszközalap,2025-09-17,1.0899,2025-09-18,1.0897,-0.0002,116.7178,0.9998,0.9968,-0.32
2136,Nemz. élelmiszeripari cégek rv. ea - D,2025-09-17,3.1086,2025-09-18,3.1364,0.0089,341.7955,1.0089,0.9522,-4.78
2137,Nyersanyagpiaci részvény eszközalap,2025-09-17,1.3627,2025-09-18,1.3622,-0.0004,142.1213,0.9996,1.0102,1.02
2138,Presztízs- és luxusmárkák rv. ea.,2025-09-17,3.5502,2025-09-18,3.5582,0.0023,368.7456,1.0023,1.0458,4.58
2139,USA részvény eszközalap,2025-09-17,4.4357,2025-09-18,4.4335,-0.0005,456.6664,0.9995,1.0356,3.56
2140,Ázsia kötvény eszközalap,2025-09-17,2.2278,2025-09-18,2.2191,-0.0039,237.2804,0.9961,1.0127,1.27
2141,Aktív hozamfigyelõ vegyes eszközalap - D,2025-09-18,0.9412,2025-09-19,0.9429,0.0019,100.6147,1.0019,1.0109,1.09
2142,Euró likviditás eszközalap - D,2025-09-18,0.9248,2025-09-19,0.9247,-0.0001,99.8705,0.9999,0.9965,-0.35
2143,Európai ingatlancégek részv. eszközalap,2025-09-18,1.8047,2025-09-19,1.8028,-0.0011,200.6373,0.9989,0.8989,-10.11
2144,Európai kötvény eszközalap - D,2025-09-18,1.2309,2025-09-19,1.2286,-0.0018,132.8504,0.9982,0.9849,-1.51
2145,Európai részvény eszközalap,2025-09-18,2.5393,2025-09-19,2.5735,0.0135,272.929,1.0135,1.0,0.0
2146,Európai vállalati kötvény eszközalap,2025-09-18,1.3246,2025-09-19,1.3241,-0.0004,142.4234,0.9996,0.9986,-0.14
2147,Fejlõdõ piaci részvény ESG eszközalap-D,2025-09-18,1.1213,2025-09-19,1.1233,0.0018,112.7882,1.0018,1.0638,6.38
2148,Fejlõdõ ázsiai részvény eszközalap,2025-09-18,2.2452,2025-09-19,2.2549,0.0043,225.0734,1.0043,1.0915,9.15
2149,Fenntartható növekedés részvény eszk.,2025-09-18,3.0674,2025-09-19,3.0923,0.0081,329.4915,1.0081,0.9971,-0.29
2150,Globális egészségügyi részvény eszk.,2025-09-18,3.2587,2025-09-19,3.2458,-0.004,346.5985,0.996,1.0219,2.19
2151,Globális növekedési részvény eszközalap,2025-09-18,2.1423,2025-09-19,2.1724,0.014,241.4284,1.014,0.9549,-4.51
2152,Kiegyensúlyozott vegyes eszközalap - D,2025-09-18,1.4063,2025-09-19,1.4098,0.0025,149.6511,1.0025,1.0174,1.74
2153,Latin-amerikai részvény eszközalap,2025-09-18,1.1603,2025-09-19,1.1591,-0.001,117.4548,0.999,1.0638,6.38
2154,Magas kötvény arányú vegyes eszk. - D,2025-09-18,1.1056,2025-09-19,1.1058,0.0002,118.4579,1.0002,1.0021,0.21
2155,Magas védelmû vegyes eszközalap,2025-09-18,1.0897,2025-09-19,1.0937,0.0037,117.8075,1.0037,1.0005,0.05
2156,Nemz. élelmiszeripari cégek rv. ea - D,2025-09-18,3.1364,2025-09-19,3.1277,-0.0028,344.9319,0.9972,0.9496,-5.04
2157,Nyersanyagpiaci részvény eszközalap,2025-09-18,1.3622,2025-09-19,1.3609,-0.0009,143.4835,0.9991,1.0093,0.93
2158,Presztízs- és luxusmárkák rv. ea.,2025-09-18,3.5582,2025-09-19,3.5846,0.0074,372.3038,1.0074,1.0536,5.36
2159,USA részvény eszközalap,2025-09-18,4.4335,2025-09-19,4.4814,0.0108,461.0999,1.0108,1.0468,4.68
2160,Ázsia kötvény eszközalap,2025-09-18,2.2191,2025-09-19,2.2226,0.0016,239.4995,1.0016,1.0143,1.43
2161,Aktív hozamfigyelõ vegyes eszközalap - D,2025-09-19,0.9429,2025-09-20,0.9431,0.0002,101.5576,1.0002,1.0111,1.11
2162,Euró likviditás eszközalap - D,2025-09-19,0.9247,2025-09-20,0.9246,-0.0002,100.7952,0.9998,0.9963,-0.37
2163,Európai ingatlancégek részv. eszközalap,2025-09-19,1.8028,2025-09-20,1.8001,-0.0015,202.4401,0.9985,0.8975,-10.25
2164,Európai kötvény eszközalap - D,2025-09-19,1.2286,2025-09-20,1.2265,-0.0017,134.079,0.9983,0.9832,-1.68
2165,Európai részvény eszközalap,2025-09-19,2.5735,2025-09-20,2.5758,0.0009,275.5025,1.0009,1.0009,0.09
2166,Európai vállalati kötvény eszközalap,2025-09-19,1.3241,2025-09-20,1.323,-0.0008,143.7475,0.9992,0.9978,-0.22
2167,Fejlõdõ piaci részvény ESG eszközalap-D,2025-09-19,1.1233,2025-09-20,1.1191,-0.0038,113.9115,0.9962,1.0598,5.98
2168,Fejlõdõ ázsiai részvény eszközalap,2025-09-19,2.2549,2025-09-20,2.2512,-0.0016,227.3283,0.9984,1.0897,8.97
2169,Fenntartható növekedés részvény eszk.,2025-09-19,3.0923,2025-09-20,3.1018,0.0031,332.5838,1.0031,1.0002,0.02
2170,Globális egészségügyi részvény eszk.,2025-09-19,3.2458,2025-09-20,3.2586,0.0039,349.8443,1.0039,1.0258,2.58
2171,Globális növekedési részvény eszközalap,2025-09-19,2.1724,2025-09-20,2.1714,-0.0005,243.6008,0.9995,0.9544,-4.56
2172,Kiegyensúlyozott vegyes eszközalap - D,2025-09-19,1.4098,2025-09-20,1.4128,0.0022,151.0609,1.0022,1.0197,1.97
2173,Latin-amerikai részvény eszközalap,2025-09-19,1.1591,2025-09-20,1.1618,0.0023,118.6139,1.0023,1.0663,6.63
2174,Magas kötvény arányú vegyes eszk. - D,2025-09-19,1.1058,2025-09-20,1.1062,0.0004,119.5637,1.0004,1.0025,0.25
2175,Magas védelmû vegyes eszközalap,2025-09-19,1.0937,2025-09-20,1.0942,0.0005,118.9012,1.0005,1.001,0.1
2176,Nemz. élelmiszeripari cégek rv. ea - D,2025-09-19,3.1277,2025-09-20,3.1176,-0.0032,348.0596,0.9968,0.9465,-5.35
2177,Nyersanyagpiaci részvény eszközalap,2025-09-19,1.3609,2025-09-20,1.3703,0.0069,144.8444,1.0069,1.0163,1.63
2178,Presztízs- és luxusmárkák rv. ea.,2025-09-19,3.5846,2025-09-20,3.5687,-0.0044,375.8884,0.9956,1.0489,4.89
2179,USA részvény eszközalap,2025-09-19,4.4814,2025-09-20,4.5125,0.0069,465.5813,1.0069,1.054,5.4
2180,Ázsia kötvény eszközalap,2025-09-19,2.2226,2025-09-20,2.2314,0.0039,241.7221,1.0039,1.0182,1.82
2181,Aktív hozamfigyelõ vegyes eszközalap - D,2025-09-20,0.9431,2025-09-20,0.9431,0.0,102.5007,1.0,1.0111,1.11
2182,Euró likviditás eszközalap - D,2025-09-20,0.9246,2025-09-20,0.9246,0.0,101.7198,1.0,0.9963,-0.37
2183,Európai ingatlancégek részv. eszközalap,2025-09-20,1.8001,2025-09-20,1.8001,0.0,204.2402,1.0,0.8975,-10.25
2184,Európai kötvény eszközalap - D,2025-09-20,1.2265,2025-09-20,1.2265,0.0,135.3055,1.0,0.9832,-1.68
2185,Európai részvény eszközalap,2025-09-20,2.5758,2025-09-20,2.5758,0.0,278.0783,1.0,1.0009,0.09
2186,Európai vállalati kötvény eszközalap,2025-09-20,1.323,2025-09-20,1.323,0.0,145.0705,1.0,0.9978,-0.22
2187,Fejlõdõ piaci részvény ESG eszközalap-D,2025-09-20,1.1191,2025-09-20,1.1191,0.0,115.0306,1.0,1.0598,5.98
2188,Fejlõdõ ázsiai részvény eszközalap,2025-09-20,2.2512,2025-09-20,2.2512,0.0,229.5795,1.0,1.0897,8.97
2189,Fenntartható növekedés részvény eszk.,2025-09-20,3.1018,2025-09-20,3.1018,0.0,335.6856,1.0,1.0002,0.02
2190,Globális egészségügyi részvény eszk.,2025-09-20,3.2586,2025-09-20,3.2586,0.0,353.1029,1.0,1.0258,2.58
2191,Globális növekedési részvény eszközalap,2025-09-20,2.1714,2025-09-20,2.1714,0.0,245.7722,1.0,0.9544,-4.56
2192,Kiegyensúlyozott vegyes eszközalap - D,2025-09-20,1.4128,2025-09-20,1.4128,0.0,152.4737,1.0,1.0197,1.97
2193,Latin-amerikai részvény eszközalap,2025-09-20,1.1618,2025-09-20,1.1618,0.0,119.7757,1.0,1.0663,6.63
2194,Magas kötvény arányú vegyes eszk. - D,2025-09-20,1.1062,2025-09-20,1.1062,0.0,120.6699,1.0,1.0025,0.25
2195,Magas védelmû vegyes eszközalap,2025-09-20,1.0942,2025-09-20,1.0942,0.0,119.9954,1.0,1.001,0.1
2196,Nemz. élelmiszeripari cégek rv. ea - D,2025-09-20,3.1176,2025-09-20,3.1176,0.0,351.1772,1.0,0.9465,-5.35
2197,Nyersanyagpiaci részvény eszközalap,2025-09-20,1.3703,2025-09-20,1.3703,0.0,146.2147,1.0,1.0163,1.63
2198,Presztízs- és luxusmárkák rv. ea.,2025-09-20,3.5687,2025-09-20,3.5687,0.0,379.4571,1.0,1.0489,4.89
2199,USA részvény eszközalap,2025-09-20,4.5125,2025-09-20,4.5125,0.0,470.0938,1.0,1.054,5.4
2200,Ázsia kötvény eszközalap,2025-09-20,2.2314,2025-09-20,2.2314,0.0,243.9535,1.0,1.0182,1.82
2201,Aktív hozamfigyelõ vegyes eszközalap - D,2025-09-21,0.9431,2025-09-21,0.9431,0.0,103.4438,1.0,1.0111,1.11
2202,Euró likviditás eszközalap - D,2025-09-21,0.9246,2025-09-21,0.9246,0.0,102.6444,1.0,0.9963,-0.37
2203,Európai ingatlancégek részv. eszközalap,2025-09-21,1.8001,2025-09-21,1.8001,0.0,206.0403,1.0,0.8975,-10.25
2204,Európai kötvény eszközalap - D,2025-09-21,1.2265,2025-09-21,1.2265,0.0,136.532,1.0,0.9832,-1.68
2205,Európai részvény eszközalap,2025-09-21,2.5758,2025-09-21,2.5758,0.0,280.6541,1.0,1.0009,0.09
2206,Európai vállalati kötvény eszközalap,2025-09-21,1.323,2025-09-21,1.323,0.0,146.3935,1.0,0.9978,-0.22
2207,Fejlõdõ piaci részvény ESG eszközalap-D,2025-09-21,1.1191,2025-09-21,1.1191,0.0,116.1497,1.0,1.0598,5.98
2208,Fejlõdõ ázsiai részvény eszközalap,2025-09-21,2.2512,2025-09-21,2.2512,0.0,231.8307,1.0,1.0897,8.97
2209,Fenntartható növekedés részvény eszk.,2025-09-21,3.1018,2025-09-21,3.1018,0.0,338.7874,1.0,1.0002,0.02
2210,Globális egészségügyi részvény eszk.,2025-09-21,3.2586,2025-09-21,3.2586,0.0,356.3615,1.0,1.0258,2.58
2211,Globális növekedési részvény eszközalap,2025-09-21,2.1714,2025-09-21,2.1714,0.0,247.9436,1.0,0.9544,-4.56
2212,Kiegyensúlyozott vegyes eszközalap - D,2025-09-21,1.4128,2025-09-21,1.4128,0.0,153.8865,1.0,1.0197,1.97
2213,Latin-amerikai részvény eszközalap,2025-09-21,1.1618,2025-09-21,1.1618,0.0,120.9375,1.0,1.0663,6.63
2214,Magas kötvény arányú vegyes eszk. - D,2025-09-21,1.1062,2025-09-21,1.1062,0.0,121.7761,1.0,1.0025,0.25
2215,Magas védelmû vegyes eszközalap,2025-09-21,1.0942,2025-09-21,1.0942,0.0,121.0896,1.0,1.001,0.1
2216,Nemz. élelmiszeripari cégek rv. ea - D,2025-09-21,3.1176,2025-09-21,3.1176,0.0,354.2948,1.0,0.9465,-5.35
2217,Nyersanyagpiaci részvény eszközalap,2025-09-21,1.3703,2025-09-21,1.3703,0.0,147.585,1.0,1.0163,1.63
2218,Presztízs- és luxusmárkák rv. ea.,2025-09-21,3.5687,2025-09-21,3.5687,0.0,383.0258,1.0,1.0489,4.89
2219,USA részvény eszközalap,2025-09-21,4.5125,2025-09-21,4.5125,0.0,474.6063,1.0,1.054,5.4
2220,Ázsia kötvény eszközalap,2025-09-21,2.2314,2025-09-21,2.2314,0.0,246.1849,1.0,1.0182,1.82
2221,Aktív hozamfigyelõ vegyes eszközalap - D,2025-09-22,0.9431,2025-09-22,0.9431,0.0,104.3869,1.0,1.0111,1.11
2222,Euró likviditás eszközalap - D,2025-09-22,0.9246,2025-09-22,0.9246,0.0,103.569,1.0,0.9963,-0.37
2223,Európai ingatlancégek részv. eszközalap,2025-09-22,1.8001,2025-09-22,1.8001,0.0,207.8404,1.0,0.8975,-10.25
2224,Európai kötvény eszközalap - D,2025-09-22,1.2265,2025-09-22,1.2265,0.0,137.7585,1.0,0.9832,-1.68
2225,Európai részvény eszközalap,2025-09-22,2.5758,2025-09-22,2.5758,0.0,283.2299,1.0,1.0009,0.09
2226,Európai vállalati kötvény eszközalap,2025-09-22,1.323,2025-09-22,1.323,0.0,147.7165,1.0,0.9978,-0.22
2227,Fejlõdõ piaci részvény ESG eszközalap-D,2025-09-22,1.1191,2025-09-22,1.1191,0.0,117.2688,1.0,1.0598,5.98
2228,Fejlõdõ ázsiai részvény eszközalap,2025-09-22,2.2512,2025-09-22,2.2512,0.0,234.0819,1.0,1.0897,8.97
2229,Fenntartható növekedés részvény eszk.,2025-09-22,3.1018,2025-09-22,3.1018,0.0,341.8892,1.0,1.0002,0.02
2230,Globális egészségügyi részvény eszk.,2025-09-22,3.2586,2025-09-22,3.2586,0.0,359.6201,1.0,1.0258,2.58
2231,Globális növekedési részvény eszközalap,2025-09-22,2.1714,2025-09-22,2.1714,0.0,250.115,1.0,0.9544,-4.56
2232,Kiegyensúlyozott vegyes eszközalap - D,2025-09-22,1.4128,2025-09-22,1.4128,0.0,155.2993,1.0,1.0197,1.97
2233,Latin-amerikai részvény eszközalap,2025-09-22,1.1618,2025-09-22,1.1618,0.0,122.0993,1.0,1.0663,6.63
2234,Magas kötvény arányú vegyes eszk. - D,2025-09-22,1.1062,2025-09-22,1.1062,0.0,122.8823,1.0,1.0025,0.25
2235,Magas védelmû vegyes eszközalap,2025-09-22,1.0942,2025-09-22,1.0942,0.0,122.1838,1.0,1.001,0.1
2236,Nemz. élelmiszeripari cégek rv. ea - D,2025-09-22,3.1176,2025-09-22,3.1176,0.0,357.4124,1.0,0.9465,-5.35
2237,Nyersanyagpiaci részvény eszközalap,2025-09-22,1.3703,2025-09-22,1.3703,0.0,148.9553,1.0,1.0163,1.63
2238,Presztízs- és luxusmárkák rv. ea.,2025-09-22,3.5687,2025-09-22,3.5687,0.0,386.5945,1.0,1.0489,4.89
2239,USA részvény eszközalap,2025-09-22,4.5125,2025-09-22,4.5125,0.0,479.1188,1.0,1.054,5.4
2240,Ázsia kötvény eszközalap,2025-09-22,2.2314,2025-09-22,2.2314,0.0,248.4163,1.0,1.0182,1.82
2241,Aktív hozamfigyelõ vegyes eszközalap - D,2025-09-23,0.9437,2025-09-24,0.9423,-0.0015,105.3306,0.9985,1.0096,0.96
2242,Euró likviditás eszközalap - D,2025-09-23,0.9248,2025-09-24,0.9246,-0.0002,104.4938,0.9998,0.9961,-0.39
2243,Európai ingatlancégek részv. eszközalap,2025-09-23,1.786,2025-09-24,1.7961,0.0057,209.6264,1.0057,0.9027,-9.73
2244,Európai kötvény eszközalap - D,2025-09-23,1.2273,2025-09-24,1.2264,-0.0008,138.9858,0.9992,0.9824,-1.76
2245,Európai részvény eszközalap,2025-09-23,2.5692,2025-09-24,2.5789,0.0038,285.7991,1.0038,1.0047,0.47
2246,Európai vállalati kötvény eszközalap,2025-09-23,1.3238,2025-09-24,1.3234,-0.0003,149.0403,0.9997,0.9975,-0.25
2247,Fejlõdõ piaci részvény ESG eszközalap-D,2025-09-23,1.1169,2025-09-24,1.1168,0.0,118.3857,1.0,1.0598,5.98
2248,Fejlõdõ ázsiai részvény eszközalap,2025-09-23,2.2523,2025-09-24,2.2562,0.0017,236.3342,1.0017,1.0916,9.16
2249,Fenntartható növekedés részvény eszk.,2025-09-23,3.1086,2025-09-24,3.0826,-0.0084,344.9978,0.9916,0.9918,-0.82
2250,Globális egészségügyi részvény eszk.,2025-09-23,3.2532,2025-09-24,3.266,0.004,362.8733,1.004,1.0299,2.99
2251,Globális növekedési részvény eszközalap,2025-09-23,2.1749,2025-09-24,2.1597,-0.007,252.2899,0.993,0.9477,-5.23
2252,Kiegyensúlyozott vegyes eszközalap - D,2025-09-23,1.415,2025-09-24,1.4126,-0.0017,156.7143,0.9983,1.0179,1.79
2253,Latin-amerikai részvény eszközalap,2025-09-23,1.1545,2025-09-24,1.1784,0.0207,123.2538,1.0207,1.0883,8.83
2254,Magas kötvény arányú vegyes eszk. - D,2025-09-23,1.1072,2025-09-24,1.1059,-0.0012,123.9895,0.9988,1.0013,0.13
2255,Magas védelmû vegyes eszközalap,2025-09-23,1.0931,2025-09-24,1.0949,0.0017,123.2769,1.0017,1.0027,0.27
2256,Nemz. élelmiszeripari cégek rv. ea - D,2025-09-23,3.0857,2025-09-24,3.0702,-0.005,360.4981,0.995,0.9418,-5.82
2257,Nyersanyagpiaci részvény eszközalap,2025-09-23,1.3744,2025-09-24,1.3804,0.0044,150.3297,1.0044,1.0208,2.08
2258,Presztízs- és luxusmárkák rv. ea.,2025-09-23,3.556,2025-09-24,3.6078,0.0146,390.1505,1.0146,1.0643,6.43
2259,USA részvény eszközalap,2025-09-23,4.5331,2025-09-24,4.4931,-0.0088,483.6519,0.9912,1.0447,4.47
2260,Ázsia kötvény eszközalap,2025-09-23,2.2313,2025-09-24,2.2232,-0.0036,250.6476,0.9964,1.0146,1.46
2261,Aktív hozamfigyelõ vegyes eszközalap - D,2025-09-24,0.9423,2025-09-25,0.9407,-0.0017,106.2729,0.9983,1.0078,0.78
2262,Euró likviditás eszközalap - D,2025-09-24,0.9246,2025-09-25,0.9246,0.0,105.4184,1.0,0.9961,-0.39
2263,Európai ingatlancégek részv. eszközalap,2025-09-24,1.7961,2025-09-25,1.7965,0.0002,211.4225,1.0002,0.9028,-9.72
2264,Európai kötvény eszközalap - D,2025-09-24,1.2264,2025-09-25,1.2262,-0.0001,140.2122,0.9999,0.9823,-1.77
2265,Európai részvény eszközalap,2025-09-24,2.5789,2025-09-25,2.5786,-0.0001,288.378,0.9999,1.0046,0.46
2266,Európai vállalati kötvény eszközalap,2025-09-24,1.3234,2025-09-25,1.3235,0.0001,150.3637,1.0001,0.9976,-0.24
2267,Fejlõdõ piaci részvény ESG eszközalap-D,2025-09-24,1.1168,2025-09-25,1.1178,0.0009,119.5025,1.0009,1.0607,6.07
2268,Fejlõdõ ázsiai részvény eszközalap,2025-09-24,2.2562,2025-09-25,2.2635,0.0033,238.5904,1.0033,1.0952,9.52
2269,Fenntartható növekedés részvény eszk.,2025-09-24,3.0826,2025-09-25,3.076,-0.0021,348.0804,0.9979,0.9897,-1.03
2270,Globális egészségügyi részvény eszk.,2025-09-24,3.266,2025-09-25,3.2426,-0.0072,366.1393,0.9928,1.0225,2.25
2271,Globális növekedési részvény eszközalap,2025-09-24,2.1597,2025-09-25,2.1568,-0.0013,254.4496,0.9987,0.9465,-5.35
2272,Kiegyensúlyozott vegyes eszközalap - D,2025-09-24,1.4126,2025-09-25,1.4107,-0.0013,158.1269,0.9987,1.0166,1.66
2273,Latin-amerikai részvény eszközalap,2025-09-24,1.1784,2025-09-25,1.1699,-0.0072,124.4322,0.9928,1.0805,8.05
2274,Magas kötvény arányú vegyes eszk. - D,2025-09-24,1.1059,2025-09-25,1.1051,-0.0007,125.0954,0.9993,1.0006,0.06
2275,Magas védelmû vegyes eszközalap,2025-09-24,1.0949,2025-09-25,1.0945,-0.0004,124.3718,0.9996,1.0023,0.23
2276,Nemz. élelmiszeripari cégek rv. ea - D,2025-09-24,3.0702,2025-09-25,3.0967,0.0086,363.5683,1.0086,0.9499,-5.01
2277,Nyersanyagpiaci részvény eszközalap,2025-09-24,1.3804,2025-09-25,1.3755,-0.0035,151.7101,0.9965,1.0172,1.72
2278,Presztízs- és luxusmárkák rv. ea.,2025-09-24,3.6078,2025-09-25,3.5638,-0.0122,393.7583,0.9878,1.0513,5.13
2279,USA részvény eszközalap,2025-09-24,4.4931,2025-09-25,4.5007,0.0017,488.145,1.0017,1.0465,4.65
2280,Ázsia kötvény eszközalap,2025-09-24,2.2232,2025-09-25,2.2307,0.0034,252.8708,1.0034,1.018,1.8
2281,Aktív hozamfigyelõ vegyes eszközalap - D,2025-09-25,0.9407,2025-09-26,0.9389,-0.0019,107.2136,0.9981,1.0059,0.59
2282,Euró likviditás eszközalap - D,2025-09-25,0.9246,2025-09-26,0.9243,-0.0004,106.343,0.9996,0.9957,-0.43
2283,Európai ingatlancégek részv. eszközalap,2025-09-25,1.7965,2025-09-26,1.7745,-0.0122,213.219,0.9878,0.8918,-10.82
2284,Európai kötvény eszközalap - D,2025-09-25,1.2262,2025-09-26,1.2244,-0.0015,141.4384,0.9985,0.9809,-1.91
2285,Európai részvény eszközalap,2025-09-25,2.5786,2025-09-26,2.5688,-0.0038,290.9566,0.9962,1.0008,0.08
2286,Európai vállalati kötvény eszközalap,2025-09-25,1.3235,2025-09-26,1.3216,-0.0014,151.6872,0.9986,0.9962,-0.38
2287,Fejlõdõ piaci részvény ESG eszközalap-D,2025-09-25,1.1178,2025-09-26,1.1178,0.0,120.6203,1.0,1.0607,6.07
2288,Fejlõdõ ázsiai részvény eszközalap,2025-09-25,2.2635,2025-09-26,2.2515,-0.0053,240.8539,0.9947,1.0894,8.94
2289,Fenntartható növekedés részvény eszk.,2025-09-25,3.076,2025-09-26,3.0766,0.0002,351.1564,1.0002,0.9899,-1.01
2290,Globális egészségügyi részvény eszk.,2025-09-25,3.2426,2025-09-26,3.2141,-0.0088,369.3819,0.9912,1.0135,1.35
2291,Globális növekedési részvény eszközalap,2025-09-25,2.1568,2025-09-26,2.1554,-0.0007,256.6064,0.9993,0.9458,-5.42
2292,Kiegyensúlyozott vegyes eszközalap - D,2025-09-25,1.4107,2025-09-26,1.4087,-0.0015,159.5376,0.9985,1.0151,1.51
2293,Latin-amerikai részvény eszközalap,2025-09-25,1.1699,2025-09-26,1.1692,-0.0006,125.6021,0.9994,1.0799,7.99
2294,Magas kötvény arányú vegyes eszk. - D,2025-09-25,1.1051,2025-09-26,1.1035,-0.0015,126.2005,0.9985,0.9991,-0.09
2295,Magas védelmû vegyes eszközalap,2025-09-25,1.0945,2025-09-26,1.0929,-0.0014,125.4663,0.9986,1.0009,0.09
2296,Nemz. élelmiszeripari cégek rv. ea - D,2025-09-25,3.0967,2025-09-26,3.0973,0.0002,366.665,1.0002,0.9501,-4.99
2297,Nyersanyagpiaci részvény eszközalap,2025-09-25,1.3755,2025-09-26,1.3713,-0.003,153.0856,0.997,1.0141,1.41
2298,Presztízs- és luxusmárkák rv. ea.,2025-09-25,3.5638,2025-09-26,3.5289,-0.0098,397.3221,0.9902,1.041,4.1
2299,USA részvény eszközalap,2025-09-25,4.5007,2025-09-26,4.5003,-0.0001,492.6457,0.9999,1.0464,4.64
2300,Ázsia kötvény eszközalap,2025-09-25,2.2307,2025-09-26,2.2352,0.002,255.1015,1.002,1.0201,2.01
2301,Aktív hozamfigyelõ vegyes eszközalap - D,2025-09-26,0.9389,2025-09-27,0.9412,0.0024,108.1525,1.0024,1.0083,0.83
2302,Euró likviditás eszközalap - D,2025-09-26,0.9243,2025-09-27,0.9244,0.0002,107.2673,1.0002,0.9959,-0.41
2303,Európai ingatlancégek részv. eszközalap,2025-09-26,1.7745,2025-09-27,1.7881,0.0077,214.9935,1.0077,0.8987,-10.13
2304,Európai kötvény eszközalap - D,2025-09-26,1.2244,2025-09-27,1.2263,0.0016,142.6628,1.0016,0.9824,-1.76
2305,Európai részvény eszközalap,2025-09-26,2.5688,2025-09-27,2.5933,0.0095,293.5254,1.0095,1.0103,1.03
2306,Európai vállalati kötvény eszközalap,2025-09-26,1.3216,2025-09-27,1.3227,0.0008,153.0088,1.0008,0.997,-0.3
2307,Fejlõdõ piaci részvény ESG eszközalap-D,2025-09-26,1.1178,2025-09-27,1.1094,-0.0075,121.7381,0.9925,1.0528,5.28
2308,Fejlõdõ ázsiai részvény eszközalap,2025-09-26,2.2515,2025-09-27,2.2424,-0.004,243.1054,0.996,1.085,8.5
2309,Fenntartható növekedés részvény eszk.,2025-09-26,3.0766,2025-09-27,3.0968,0.0066,354.233,1.0066,0.9964,-0.36
2310,Globális egészségügyi részvény eszk.,2025-09-26,3.2141,2025-09-27,3.2089,-0.0016,372.596,0.9984,1.0119,1.19
2311,Globális növekedési részvény eszközalap,2025-09-26,2.1554,2025-09-27,2.1666,0.0052,258.7618,1.0052,0.9507,-4.93
2312,Kiegyensúlyozott vegyes eszközalap - D,2025-09-26,1.4087,2025-09-27,1.4114,0.002,160.9463,1.002,1.0171,1.71
2313,Latin-amerikai részvény eszközalap,2025-09-26,1.1692,2025-09-27,1.1682,-0.0009,126.7713,0.9991,1.0789,7.89
2314,Magas kötvény arányú vegyes eszk. - D,2025-09-26,1.1035,2025-09-27,1.1053,0.0016,127.304,1.0016,1.0007,0.07
2315,Magas védelmû vegyes eszközalap,2025-09-26,1.0929,2025-09-27,1.096,0.0028,126.5592,1.0028,1.0037,0.37
2316,Nemz. élelmiszeripari cégek rv. ea - D,2025-09-26,3.0973,2025-09-27,3.0852,-0.0039,369.7623,0.9961,0.9464,-5.36
2317,Nyersanyagpiaci részvény eszközalap,2025-09-26,1.3713,2025-09-27,1.3735,0.0016,154.4569,1.0016,1.0158,1.58
2318,Presztízs- és luxusmárkák rv. ea.,2025-09-26,3.5289,2025-09-27,3.5543,0.0072,400.851,1.0072,1.0485,4.85
2319,USA részvény eszközalap,2025-09-26,4.5003,2025-09-27,4.519,0.0041,497.146,1.0041,1.0507,5.07
2320,Ázsia kötvény eszközalap,2025-09-26,2.2352,2025-09-27,2.2441,0.004,257.3367,1.004,1.0241,2.41
2321,Aktív hozamfigyelõ vegyes eszközalap - D,2025-09-27,0.9412,2025-09-27,0.9412,0.0,109.0937,1.0,1.0083,0.83
2322,Euró likviditás eszközalap - D,2025-09-27,0.9244,2025-09-27,0.9244,0.0,108.1917,1.0,0.9959,-0.41
2323,Európai ingatlancégek részv. eszközalap,2025-09-27,1.7881,2025-09-27,1.7881,0.0,216.7816,1.0,0.8987,-10.13
2324,Európai kötvény eszközalap - D,2025-09-27,1.2263,2025-09-27,1.2263,0.0,143.8891,1.0,0.9824,-1.76
2325,Európai részvény eszközalap,2025-09-27,2.5933,2025-09-27,2.5933,0.0,296.1187,1.0,1.0103,1.03
2326,Európai vállalati kötvény eszközalap,2025-09-27,1.3227,2025-09-27,1.3227,0.0,154.3315,1.0,0.997,-0.3
2327,Fejlõdõ piaci részvény ESG eszközalap-D,2025-09-27,1.1094,2025-09-27,1.1094,0.0,122.8475,1.0,1.0528,5.28
2328,Fejlõdõ ázsiai részvény eszközalap,2025-09-27,2.2424,2025-09-27,2.2424,0.0,245.3478,1.0,1.085,8.5
2329,Fenntartható növekedés részvény eszk.,2025-09-27,3.0968,2025-09-27,3.0968,0.0,357.3298,1.0,0.9964,-0.36
2330,Globális egészségügyi részvény eszk.,2025-09-27,3.2089,2025-09-27,3.2089,0.0,375.8049,1.0,1.0119,1.19
2331,Globális növekedési részvény eszközalap,2025-09-27,2.1666,2025-09-27,2.1666,0.0,260.9284,1.0,0.9507,-4.93
2332,Kiegyensúlyozott vegyes eszközalap - D,2025-09-27,1.4114,2025-09-27,1.4114,0.0,162.3577,1.0,1.0171,1.71
2333,Latin-amerikai részvény eszközalap,2025-09-27,1.1682,2025-09-27,1.1682,0.0,127.9395,1.0,1.0789,7.89
2334,Magas kötvény arányú vegyes eszk. - D,2025-09-27,1.1053,2025-09-27,1.1053,0.0,128.4093,1.0,1.0007,0.07
2335,Magas védelmû vegyes eszközalap,2025-09-27,1.096,2025-09-27,1.096,0.0,127.6552,1.0,1.0037,0.37
2336,Nemz. élelmiszeripari cégek rv. ea - D,2025-09-27,3.0852,2025-09-27,3.0852,0.0,372.8475,1.0,0.9464,-5.36
2337,Nyersanyagpiaci részvény eszközalap,2025-09-27,1.3735,2025-09-27,1.3735,0.0,155.8304,1.0,1.0158,1.58
2338,Presztízs- és luxusmárkák rv. ea.,2025-09-27,3.5543,2025-09-27,3.5543,0.0,404.4053,1.0,1.0485,4.85
2339,USA részvény eszközalap,2025-09-27,4.519,2025-09-27,4.519,0.0,501.665,1.0,1.0507,5.07
2340,Ázsia kötvény eszközalap,2025-09-27,2.2441,2025-09-27,2.2441,0.0,259.5808,1.0,1.0241,2.41
2341,Aktív hozamfigyelõ vegyes eszközalap - D,2025-09-28,0.9412,2025-09-28,0.9412,0.0,110.0349,1.0,1.0083,0.83
2342,Euró likviditás eszközalap - D,2025-09-28,0.9244,2025-09-28,0.9244,0.0,109.1161,1.0,0.9959,-0.41
2343,Európai ingatlancégek részv. eszközalap,2025-09-28,1.7881,2025-09-28,1.7881,0.0,218.5697,1.0,0.8987,-10.13
2344,Európai kötvény eszközalap - D,2025-09-28,1.2263,2025-09-28,1.2263,0.0,145.1154,1.0,0.9824,-1.76
2345,Európai részvény eszközalap,2025-09-28,2.5933,2025-09-28,2.5933,0.0,298.712,1.0,1.0103,1.03
2346,Európai vállalati kötvény eszközalap,2025-09-28,1.3227,2025-09-28,1.3227,0.0,155.6542,1.0,0.997,-0.3
2347,Fejlõdõ piaci részvény ESG eszközalap-D,2025-09-28,1.1094,2025-09-28,1.1094,0.0,123.9569,1.0,1.0528,5.28
2348,Fejlõdõ ázsiai részvény eszközalap,2025-09-28,2.2424,2025-09-28,2.2424,0.0,247.5902,1.0,1.085,8.5
2349,Fenntartható növekedés részvény eszk.,2025-09-28,3.0968,2025-09-28,3.0968,0.0,360.4266,1.0,0.9964,-0.36
2350,Globális egészségügyi részvény eszk.,2025-09-28,3.2089,2025-09-28,3.2089,0.0,379.0138,1.0,1.0119,1.19
2351,Globális növekedési részvény eszközalap,2025-09-28,2.1666,2025-09-28,2.1666,0.0,263.095,1.0,0.9507,-4.93
2352,Kiegyensúlyozott vegyes eszközalap - D,2025-09-28,1.4114,2025-09-28,1.4114,0.0,163.7691,1.0,1.0171,1.71
2353,Latin-amerikai részvény eszközalap,2025-09-28,1.1682,2025-09-28,1.1682,0.0,129.1077,1.0,1.0789,7.89
2354,Magas kötvény arányú vegyes eszk. - D,2025-09-28,1.1053,2025-09-28,1.1053,0.0,129.5146,1.0,1.0007,0.07
2355,Magas védelmû vegyes eszközalap,2025-09-28,1.096,2025-09-28,1.096,0.0,128.7512,1.0,1.0037,0.37
2356,Nemz. élelmiszeripari cégek rv. ea - D,2025-09-28,3.0852,2025-09-28,3.0852,0.0,375.9327,1.0,0.9464,-5.36
2357,Nyersanyagpiaci részvény eszközalap,2025-09-28,1.3735,2025-09-28,1.3735,0.0,157.2039,1.0,1.0158,1.58
2358,Presztízs- és luxusmárkák rv. ea.,2025-09-28,3.5543,2025-09-28,3.5543,0.0,407.9596,1.0,1.0485,4.85
2359,USA részvény eszközalap,2025-09-28,4.519,2025-09-28,4.519,0.0,506.184,1.0,1.0507,5.07
2360,Ázsia kötvény eszközalap,2025-09-28,2.2441,2025-09-28,2.2441,0.0,261.8249,1.0,1.0241,2.41
2361,Aktív hozamfigyelõ vegyes eszközalap - D,2025-09-29,0.9412,2025-09-29,0.9412,0.0,110.9761,1.0,1.0083,0.83
2362,Euró likviditás eszközalap - D,2025-09-29,0.9244,2025-09-29,0.9244,0.0,110.0405,1.0,0.9959,-0.41
2363,Európai ingatlancégek részv. eszközalap,2025-09-29,1.7881,2025-09-29,1.7881,0.0,220.3578,1.0,0.8987,-10.13
2364,Európai kötvény eszközalap - D,2025-09-29,1.2263,2025-09-29,1.2263,0.0,146.3417,1.0,0.9824,-1.76
2365,Európai részvény eszközalap,2025-09-29,2.5933,2025-09-29,2.5933,0.0,301.3053,1.0,1.0103,1.03
2366,Európai vállalati kötvény eszközalap,2025-09-29,1.3227,2025-09-29,1.3227,0.0,156.9769,1.0,0.997,-0.3
2367,Fejlõdõ piaci részvény ESG eszközalap-D,2025-09-29,1.1094,2025-09-29,1.1094,0.0,125.0663,1.0,1.0528,5.28
2368,Fejlõdõ ázsiai részvény eszközalap,2025-09-29,2.2424,2025-09-29,2.2424,0.0,249.8326,1.0,1.085,8.5
2369,Fenntartható növekedés részvény eszk.,2025-09-29,3.0968,2025-09-29,3.0968,0.0,363.5234,1.0,0.9964,-0.36
2370,Globális egészségügyi részvény eszk.,2025-09-29,3.2089,2025-09-29,3.2089,0.0,382.2227,1.0,1.0119,1.19
2371,Globális növekedési részvény eszközalap,2025-09-29,2.1666,2025-09-29,2.1666,0.0,265.2616,1.0,0.9507,-4.93
2372,Kiegyensúlyozott vegyes eszközalap - D,2025-09-29,1.4114,2025-09-29,1.4114,0.0,165.1805,1.0,1.0171,1.71
2373,Latin-amerikai részvény eszközalap,2025-09-29,1.1682,2025-09-29,1.1682,0.0,130.2759,1.0,1.0789,7.89
2374,Magas kötvény arányú vegyes eszk. - D,2025-09-29,1.1053,2025-09-29,1.1053,0.0,130.6199,1.0,1.0007,0.07
2375,Magas védelmû vegyes eszközalap,2025-09-29,1.096,2025-09-29,1.096,0.0,129.8472,1.0,1.0037,0.37
2376,Nemz. élelmiszeripari cégek rv. ea - D,2025-09-29,3.0852,2025-09-29,3.0852,0.0,379.0179,1.0,0.9464,-5.36
2377,Nyersanyagpiaci részvény eszközalap,2025-09-29,1.3735,2025-09-29,1.3735,0.0,158.5774,1.0,1.0158,1.58
2378,Presztízs- és luxusmárkák rv. ea.,2025-09-29,3.5543,2025-09-29,3.5543,0.0,411.5139,1.0,1.0485,4.85
2379,USA részvény eszközalap,2025-09-29,4.519,2025-09-29,4.519,0.0,510.703,1.0,1.0507,5.07
2380,Ázsia kötvény eszközalap,2025-09-29,2.2441,2025-09-29,2.2441,0.0,264.069,1.0,1.0241,2.41
2381,Aktív hozamfigyelõ vegyes eszközalap - D,2025-09-30,0.9425,2025-10-01,0.9438,0.0014,111.9186,1.0014,1.0098,0.98
2382,Euró likviditás eszközalap - D,2025-09-30,0.9247,2025-10-01,0.9248,0.0001,110.9652,1.0001,0.996,-0.4
2383,Európai ingatlancégek részv. eszközalap,2025-09-30,1.8035,2025-10-01,1.8179,0.008,222.1613,1.008,0.9059,-9.41
2384,Európai kötvény eszközalap - D,2025-09-30,1.2289,2025-10-01,1.2295,0.0004,147.5706,1.0004,0.9828,-1.72
2385,Európai részvény eszközalap,2025-09-30,2.6,2025-10-01,2.6147,0.0057,303.9053,1.0057,1.0161,1.61
2386,Európai vállalati kötvény eszközalap,2025-09-30,1.3244,2025-10-01,1.3246,0.0002,158.3013,1.0002,0.9972,-0.28
2387,Fejlõdõ piaci részvény ESG eszközalap-D,2025-09-30,1.1218,2025-10-01,1.1207,-0.001,126.1881,0.999,1.0517,5.17
2388,Fejlõdõ ázsiai részvény eszközalap,2025-09-30,2.2423,2025-10-01,2.2869,0.0199,252.0749,1.0199,1.1066,10.66
2389,Fenntartható növekedés részvény eszk.,2025-09-30,3.0952,2025-10-01,3.1052,0.0032,366.6186,1.0032,0.9996,-0.04
2390,Globális egészségügyi részvény eszk.,2025-09-30,3.2138,2025-10-01,3.2526,0.0121,385.4365,1.0121,1.0242,2.42
2391,Globális növekedési részvény eszközalap,2025-09-30,2.1679,2025-10-01,2.1777,0.0045,267.4295,1.0045,0.955,-4.5
2392,Kiegyensúlyozott vegyes eszközalap - D,2025-09-30,1.4152,2025-10-01,1.417,0.0013,166.5957,1.0013,1.0184,1.84
2393,Latin-amerikai részvény eszközalap,2025-09-30,1.1753,2025-10-01,1.1727,-0.0022,131.4512,0.9978,1.0765,7.65
2394,Magas kötvény arányú vegyes eszk. - D,2025-09-30,1.1081,2025-10-01,1.109,0.0008,131.728,1.0008,1.0015,0.15
2395,Magas védelmû vegyes eszközalap,2025-09-30,1.0969,2025-10-01,1.0974,0.0005,130.9441,1.0005,1.0042,0.42
2396,Nemz. élelmiszeripari cégek rv. ea - D,2025-09-30,3.0779,2025-10-01,3.097,0.0062,382.0958,1.0062,0.9522,-4.78
2397,Nyersanyagpiaci részvény eszközalap,2025-09-30,1.3893,2025-10-01,1.3861,-0.0023,159.9667,0.9977,1.0134,1.34
2398,Presztízs- és luxusmárkák rv. ea.,2025-09-30,3.5953,2025-10-01,3.5746,-0.0058,415.1092,0.9942,1.0424,4.24
2399,USA részvény eszközalap,2025-09-30,4.5131,2025-10-01,4.521,0.0017,515.2161,1.0017,1.0525,5.25
2400,Ázsia kötvény eszközalap,2025-09-30,2.2389,2025-10-01,2.2334,-0.0025,266.3079,0.9975,1.0216,2.16
2401,Aktív hozamfigyelõ vegyes eszközalap - D,2025-10-01,0.9438,2025-10-02,0.9467,0.0031,112.8624,1.0031,1.0129,1.29
2402,Euró likviditás eszközalap - D,2025-10-01,0.9248,2025-10-02,0.925,0.0003,111.89,1.0003,0.9963,-0.37
2403,Európai ingatlancégek részv. eszközalap,2025-10-01,1.8179,2025-10-02,1.8212,0.0019,223.9792,1.0019,0.9076,-9.24
2404,Európai kötvény eszközalap - D,2025-10-01,1.2295,2025-10-02,1.2303,0.0007,148.8001,1.0007,0.9835,-1.65
2405,Európai részvény eszközalap,2025-10-01,2.6147,2025-10-02,2.6434,0.011,306.52,1.011,1.0273,2.73
2406,Európai vállalati kötvény eszközalap,2025-10-01,1.3246,2025-10-02,1.3251,0.0004,159.6259,1.0004,0.9976,-0.24
2407,Fejlõdõ piaci részvény ESG eszközalap-D,2025-10-01,1.1207,2025-10-02,1.1299,0.0082,127.3088,1.0082,1.0603,6.03
2408,Fejlõdõ ázsiai részvény eszközalap,2025-10-01,2.2869,2025-10-02,2.2868,0.0,254.3618,1.0,1.1066,10.66
2409,Fenntartható növekedés részvény eszk.,2025-10-01,3.1052,2025-10-02,3.1296,0.0079,369.7238,1.0079,1.0075,0.75
2410,Globális egészségügyi részvény eszk.,2025-10-01,3.2526,2025-10-02,3.3512,0.0303,388.6891,1.0303,1.0552,5.52
2411,Globális növekedési részvény eszközalap,2025-10-01,2.1777,2025-10-02,2.1739,-0.0017,269.6072,0.9983,0.9534,-4.66
2412,Kiegyensúlyozott vegyes eszközalap - D,2025-10-01,1.417,2025-10-02,1.421,0.0028,168.0127,1.0028,1.0213,2.13
2413,Latin-amerikai részvény eszközalap,2025-10-01,1.1727,2025-10-02,1.1591,-0.0116,132.6239,0.9884,1.064,6.4
2414,Magas kötvény arányú vegyes eszk. - D,2025-10-01,1.109,2025-10-02,1.1107,0.0016,132.837,1.0016,1.0031,0.31
2415,Magas védelmû vegyes eszközalap,2025-10-01,1.0974,2025-10-02,1.1005,0.0028,132.0415,1.0028,1.007,0.7
2416,Nemz. élelmiszeripari cégek rv. ea - D,2025-10-01,3.097,2025-10-02,3.0855,-0.0037,385.1928,0.9963,0.9487,-5.13
2417,Nyersanyagpiaci részvény eszközalap,2025-10-01,1.3861,2025-10-02,1.3929,0.0049,161.3528,1.0049,1.0184,1.84
2418,Presztízs- és luxusmárkák rv. ea.,2025-10-01,3.5746,2025-10-02,3.5893,0.0041,418.6838,1.0041,1.0467,4.67
2419,USA részvény eszközalap,2025-10-01,4.521,2025-10-02,4.5373,0.0036,519.7371,1.0036,1.0563,5.63
2420,Ázsia kötvény eszközalap,2025-10-01,2.2334,2025-10-02,2.2345,0.0005,268.5413,1.0005,1.0221,2.21
2421,Aktív hozamfigyelõ vegyes eszközalap - D,2025-10-02,0.9467,2025-10-03,0.9488,0.0022,113.8091,1.0022,1.0151,1.51
2422,Euró likviditás eszközalap - D,2025-10-02,0.925,2025-10-03,0.9251,0.0001,112.815,1.0001,0.9964,-0.36
2423,Európai ingatlancégek részv. eszközalap,2025-10-02,1.8212,2025-10-03,1.8125,-0.0048,225.8004,0.9952,0.9032,-9.68
2424,Európai kötvény eszközalap - D,2025-10-02,1.2303,2025-10-03,1.2307,0.0003,150.0304,1.0003,0.9838,-1.62
2425,Európai részvény eszközalap,2025-10-02,2.6434,2025-10-03,2.6681,0.0093,309.1634,1.0093,1.0368,3.68
2426,Európai vállalati kötvény eszközalap,2025-10-02,1.3251,2025-10-03,1.3261,0.0008,160.951,1.0008,0.9984,-0.16
2427,Fejlõdõ piaci részvény ESG eszközalap-D,2025-10-02,1.1299,2025-10-03,1.135,0.0045,128.4387,1.0045,1.0651,6.51
2428,Fejlõdõ ázsiai részvény eszközalap,2025-10-02,2.2868,2025-10-03,2.3136,0.0117,256.6486,1.0117,1.1196,11.96
2429,Fenntartható növekedés részvény eszk.,2025-10-02,3.1296,2025-10-03,3.1485,0.006,372.8534,1.006,1.0136,1.36
2430,Globális egészségügyi részvény eszk.,2025-10-02,3.3512,2025-10-03,3.3875,0.0108,392.0403,1.0108,1.0666,6.66
2431,Globális növekedési részvény eszközalap,2025-10-02,2.1739,2025-10-03,2.1806,0.0031,271.7811,1.0031,0.9563,-4.37
2432,Kiegyensúlyozott vegyes eszközalap - D,2025-10-02,1.421,2025-10-03,1.4252,0.0029,169.4337,1.0029,1.0243,2.43
2433,Latin-amerikai részvény eszközalap,2025-10-02,1.1591,2025-10-03,1.1439,-0.0131,133.783,0.9869,1.0501,5.01
2434,Magas kötvény arányú vegyes eszk. - D,2025-10-02,1.1107,2025-10-03,1.1127,0.0018,133.9477,1.0018,1.0049,0.49
2435,Magas védelmû vegyes eszközalap,2025-10-02,1.1005,2025-10-03,1.1035,0.0028,133.142,1.0028,1.0098,0.98
2436,Nemz. élelmiszeripari cégek rv. ea - D,2025-10-02,3.0855,2025-10-03,3.089,0.0011,388.2783,1.0011,0.9498,-5.02
2437,Nyersanyagpiaci részvény eszközalap,2025-10-02,1.3929,2025-10-03,1.3885,-0.0032,162.7457,0.9968,1.0151,1.51
2438,Presztízs- és luxusmárkák rv. ea.,2025-10-02,3.5893,2025-10-03,3.6316,0.0118,422.2731,1.0118,1.059,5.9
2439,USA részvény eszközalap,2025-10-02,4.5373,2025-10-03,4.5498,0.0028,524.2744,1.0028,1.0592,5.92
2440,Ázsia kötvény eszközalap,2025-10-02,2.2345,2025-10-03,2.2379,0.0015,270.7758,1.0015,1.0236,2.36
2441,Aktív hozamfigyelõ vegyes eszközalap - D,2025-10-03,0.9488,2025-10-04,0.9493,0.0006,114.7579,1.0006,1.0157,1.57
2442,Euró likviditás eszközalap - D,2025-10-03,0.9251,2025-10-04,0.925,-0.0001,113.7401,0.9999,0.9963,-0.37
2443,Európai ingatlancégek részv. eszközalap,2025-10-03,1.8125,2025-10-04,1.8227,0.0056,227.6129,1.0056,0.9083,-9.17
2444,Európai kötvény eszközalap - D,2025-10-03,1.2307,2025-10-04,1.2311,0.0003,151.2611,1.0003,0.9841,-1.59
2445,Európai részvény eszközalap,2025-10-03,2.6681,2025-10-04,2.6723,0.0016,311.8315,1.0016,1.0385,3.85
2446,Európai vállalati kötvény eszközalap,2025-10-03,1.3261,2025-10-04,1.3265,0.0003,162.2771,1.0003,0.9987,-0.13
2447,Fejlõdõ piaci részvény ESG eszközalap-D,2025-10-03,1.135,2025-10-04,1.1392,0.0037,129.5737,1.0037,1.069,6.9
2448,Fejlõdõ ázsiai részvény eszközalap,2025-10-03,2.3136,2025-10-04,2.321,0.0032,258.9622,1.0032,1.1231,12.31
2449,Fenntartható növekedés részvény eszk.,2025-10-03,3.1485,2025-10-04,3.1576,0.0029,376.0019,1.0029,1.0165,1.65
2450,Globális egészségügyi részvény eszk.,2025-10-03,3.3875,2025-10-04,3.4054,0.0053,395.4278,1.0053,1.0722,7.22
2451,Globális növekedési részvény eszközalap,2025-10-03,2.1806,2025-10-04,2.1867,0.0028,273.9617,1.0028,0.959,-4.1
2452,Kiegyensúlyozott vegyes eszközalap - D,2025-10-03,1.4252,2025-10-04,1.4264,0.0009,170.8589,1.0009,1.0252,2.52
2453,Latin-amerikai részvény eszközalap,2025-10-03,1.1439,2025-10-04,1.1423,-0.0014,134.9269,0.9986,1.0486,4.86
2454,Magas kötvény arányú vegyes eszk. - D,2025-10-03,1.1127,2025-10-04,1.1133,0.0006,135.0604,1.0006,1.0055,0.55
2455,Magas védelmû vegyes eszközalap,2025-10-03,1.1035,2025-10-04,1.1035,-0.0001,134.2455,0.9999,1.0097,0.97
2456,Nemz. élelmiszeripari cégek rv. ea - D,2025-10-03,3.089,2025-10-04,3.0843,-0.0015,391.3673,0.9985,0.9483,-5.17
2457,Nyersanyagpiaci részvény eszközalap,2025-10-03,1.3885,2025-10-04,1.3963,0.0057,164.1342,1.0057,1.0209,2.09
2458,Presztízs- és luxusmárkák rv. ea.,2025-10-03,3.6316,2025-10-04,3.6291,-0.0007,425.9047,0.9993,1.0583,5.83
2459,USA részvény eszközalap,2025-10-03,4.5498,2025-10-04,4.5361,-0.003,528.8242,0.997,1.0561,5.61
2460,Ázsia kötvény eszközalap,2025-10-03,2.2379,2025-10-04,2.2416,0.0017,273.0137,1.0017,1.0254,2.54
2461,Aktív hozamfigyelõ vegyes eszközalap - D,2025-10-04,0.9493,2025-10-04,0.9493,0.0,115.7072,1.0,1.0157,1.57
2462,Euró likviditás eszközalap - D,2025-10-04,0.925,2025-10-04,0.925,0.0,114.6651,1.0,0.9963,-0.37
2463,Európai ingatlancégek részv. eszközalap,2025-10-04,1.8227,2025-10-04,1.8227,0.0,229.4356,1.0,0.9083,-9.17
2464,Európai kötvény eszközalap - D,2025-10-04,1.2311,2025-10-04,1.2311,0.0,152.4922,1.0,0.9841,-1.59
2465,Európai részvény eszközalap,2025-10-04,2.6723,2025-10-04,2.6723,0.0,314.5038,1.0,1.0385,3.85
2466,Európai vállalati kötvény eszközalap,2025-10-04,1.3265,2025-10-04,1.3265,0.0,163.6036,1.0,0.9987,-0.13
2467,Fejlõdõ piaci részvény ESG eszközalap-D,2025-10-04,1.1392,2025-10-04,1.1392,0.0,130.7129,1.0,1.069,6.9
2468,Fejlõdõ ázsiai részvény eszközalap,2025-10-04,2.321,2025-10-04,2.321,0.0,261.2832,1.0,1.1231,12.31
2469,Fenntartható növekedés részvény eszk.,2025-10-04,3.1576,2025-10-04,3.1576,0.0,379.1595,1.0,1.0165,1.65
2470,Globális egészségügyi részvény eszk.,2025-10-04,3.4054,2025-10-04,3.4054,0.0,398.8332,1.0,1.0722,7.22
2471,Globális növekedési részvény eszközalap,2025-10-04,2.1867,2025-10-04,2.1867,0.0,276.1484,1.0,0.959,-4.1
2472,Kiegyensúlyozott vegyes eszközalap - D,2025-10-04,1.4264,2025-10-04,1.4264,0.0,172.2853,1.0,1.0252,2.52
2473,Latin-amerikai részvény eszközalap,2025-10-04,1.1423,2025-10-04,1.1423,0.0,136.0692,1.0,1.0486,4.86
2474,Magas kötvény arányú vegyes eszk. - D,2025-10-04,1.1133,2025-10-04,1.1133,0.0,136.1737,1.0,1.0055,0.55
2475,Magas védelmû vegyes eszközalap,2025-10-04,1.1035,2025-10-04,1.1035,0.0,135.349,1.0,1.0097,0.97
2476,Nemz. élelmiszeripari cégek rv. ea - D,2025-10-04,3.0843,2025-10-04,3.0843,0.0,394.4516,1.0,0.9483,-5.17
2477,Nyersanyagpiaci részvény eszközalap,2025-10-04,1.3963,2025-10-04,1.3963,0.0,165.5305,1.0,1.0209,2.09
2478,Presztízs- és luxusmárkák rv. ea.,2025-10-04,3.6291,2025-10-04,3.6291,0.0,429.5338,1.0,1.0583,5.83
2479,USA részvény eszközalap,2025-10-04,4.5361,2025-10-04,4.5361,0.0,533.3603,1.0,1.0561,5.61
2480,Ázsia kötvény eszközalap,2025-10-04,2.2416,2025-10-04,2.2416,0.0,275.2553,1.0,1.0254,2.54
2481,Aktív hozamfigyelõ vegyes eszközalap - D,2025-10-05,0.9493,2025-10-05,0.9493,0.0,116.6565,1.0,1.0157,1.57
2482,Euró likviditás eszközalap - D,2025-10-05,0.925,2025-10-05,0.925,0.0,115.5901,1.0,0.9963,-0.37
2483,Európai ingatlancégek részv. eszközalap,2025-10-05,1.8227,2025-10-05,1.8227,0.0,231.2583,1.0,0.9083,-9.17
2484,Európai kötvény eszközalap - D,2025-10-05,1.2311,2025-10-05,1.2311,0.0,153.7233,1.0,0.9841,-1.59
2485,Európai részvény eszközalap,2025-10-05,2.6723,2025-10-05,2.6723,0.0,317.1761,1.0,1.0385,3.85
2486,Európai vállalati kötvény eszközalap,2025-10-05,1.3265,2025-10-05,1.3265,0.0,164.9301,1.0,0.9987,-0.13
2487,Fejlõdõ piaci részvény ESG eszközalap-D,2025-10-05,1.1392,2025-10-05,1.1392,0.0,131.8521,1.0,1.069,6.9
2488,Fejlõdõ ázsiai részvény eszközalap,2025-10-05,2.321,2025-10-05,2.321,0.0,263.6042,1.0,1.1231,12.31
2489,Fenntartható növekedés részvény eszk.,2025-10-05,3.1576,2025-10-05,3.1576,0.0,382.3171,1.0,1.0165,1.65
2490,Globális egészségügyi részvény eszk.,2025-10-05,3.4054,2025-10-05,3.4054,0.0,402.2386,1.0,1.0722,7.22
2491,Globális növekedési részvény eszközalap,2025-10-05,2.1867,2025-10-05,2.1867,0.0,278.3351,1.0,0.959,-4.1
2492,Kiegyensúlyozott vegyes eszközalap - D,2025-10-05,1.4264,2025-10-05,1.4264,0.0,173.7117,1.0,1.0252,2.52
2493,Latin-amerikai részvény eszközalap,2025-10-05,1.1423,2025-10-05,1.1423,0.0,137.2115,1.0,1.0486,4.86
2494,Magas kötvény arányú vegyes eszk. - D,2025-10-05,1.1133,2025-10-05,1.1133,0.0,137.287,1.0,1.0055,0.55
2495,Magas védelmû vegyes eszközalap,2025-10-05,1.1035,2025-10-05,1.1035,0.0,136.4525,1.0,1.0097,0.97
2496,Nemz. élelmiszeripari cégek rv. ea - D,2025-10-05,3.0843,2025-10-05,3.0843,0.0,397.5359,1.0,0.9483,-5.17
2497,Nyersanyagpiaci részvény eszközalap,2025-10-05,1.3963,2025-10-05,1.3963,0.0,166.9268,1.0,1.0209,2.09
2498,Presztízs- és luxusmárkák rv. ea.,2025-10-05,3.6291,2025-10-05,3.6291,0.0,433.1629,1.0,1.0583,5.83
2499,USA részvény eszközalap,2025-10-05,4.5361,2025-10-05,4.5361,0.0,537.8964,1.0,1.0561,5.61
2500,Ázsia kötvény eszközalap,2025-10-05,2.2416,2025-10-05,2.2416,0.0,277.4969,1.0,1.0254,2.54
2501,Aktív hozamfigyelõ vegyes eszközalap - D,2025-10-06,0.9493,2025-10-06,0.9493,0.0,117.6058,1.0,1.0157,1.57
2502,Euró likviditás eszközalap - D,2025-10-06,0.925,2025-10-06,0.925,0.0,116.5151,1.0,0.9963,-0.37
2503,Európai ingatlancégek részv. eszközalap,2025-10-06,1.8227,2025-10-06,1.8227,0.0,233.081,1.0,0.9083,-9.17
2504,Európai kötvény eszközalap - D,2025-10-06,1.2311,2025-10-06,1.2311,0.0,154.9544,1.0,0.9841,-1.59
2505,Európai részvény eszközalap,2025-10-06,2.6723,2025-10-06,2.6723,0.0,319.8484,1.0,1.0385,3.85
2506,Európai vállalati kötvény eszközalap,2025-10-06,1.3265,2025-10-06,1.3265,0.0,166.2566,1.0,0.9987,-0.13
2507,Fejlõdõ piaci részvény ESG eszközalap-D,2025-10-06,1.1392,2025-10-06,1.1392,0.0,132.9913,1.0,1.069,6.9
2508,Fejlõdõ ázsiai részvény eszközalap,2025-10-06,2.321,2025-10-06,2.321,0.0,265.9252,1.0,1.1231,12.31
2509,Fenntartható növekedés részvény eszk.,2025-10-06,3.1576,2025-10-06,3.1576,0.0,385.4747,1.0,1.0165,1.65
2510,Globális egészségügyi részvény eszk.,2025-10-06,3.4054,2025-10-06,3.4054,0.0,405.644,1.0,1.0722,7.22
2511,Globális növekedési részvény eszközalap,2025-10-06,2.1867,2025-10-06,2.1867,0.0,280.5218,1.0,0.959,-4.1
2512,Kiegyensúlyozott vegyes eszközalap - D,2025-10-06,1.4264,2025-10-06,1.4264,0.0,175.1381,1.0,1.0252,2.52
2513,Latin-amerikai részvény eszközalap,2025-10-06,1.1423,2025-10-06,1.1423,0.0,138.3538,1.0,1.0486,4.86
2514,Magas kötvény arányú vegyes eszk. - D,2025-10-06,1.1133,2025-10-06,1.1133,0.0,138.4003,1.0,1.0055,0.55
2515,Magas védelmû vegyes eszközalap,2025-10-06,1.1035,2025-10-06,1.1035,0.0,137.556,1.0,1.0097,0.97
2516,Nemz. élelmiszeripari cégek rv. ea - D,2025-10-06,3.0843,2025-10-06,3.0843,0.0,400.6202,1.0,0.9483,-5.17
2517,Nyersanyagpiaci részvény eszközalap,2025-10-06,1.3963,2025-10-06,1.3963,0.0,168.3231,1.0,1.0209,2.09
2518,Presztízs- és luxusmárkák rv. ea.,2025-10-06,3.6291,2025-10-06,3.6291,0.0,436.792,1.0,1.0583,5.83
2519,USA részvény eszközalap,2025-10-06,4.5361,2025-10-06,4.5361,0.0,542.4325,1.0,1.0561,5.61
2520,Ázsia kötvény eszközalap,2025-10-06,2.2416,2025-10-06,2.2416,0.0,279.7385,1.0,1.0254,2.54
2521,Aktív hozamfigyelõ vegyes eszközalap - D,2025-10-07,0.9493,2025-10-08,0.9488,-0.0005,118.5551,0.9995,1.0152,1.52
2522,Euró likviditás eszközalap - D,2025-10-07,0.9251,2025-10-08,0.925,-0.0001,117.4402,0.9999,0.9962,-0.38
2523,Európai ingatlancégek részv. eszközalap,2025-10-07,1.8138,2025-10-08,1.8055,-0.0046,234.8948,0.9954,0.9041,-9.59
2524,Európai kötvény eszközalap - D,2025-10-07,1.2302,2025-10-08,1.2297,-0.0004,156.1846,0.9996,0.9837,-1.63
2525,Európai részvény eszközalap,2025-10-07,2.6627,2025-10-08,2.655,-0.0029,322.5111,0.9971,1.0355,3.55
2526,Európai vállalati kötvény eszközalap,2025-10-07,1.3263,2025-10-08,1.3262,0.0,167.5829,1.0,0.9987,-0.13
2527,Fejlõdõ piaci részvény ESG eszközalap-D,2025-10-07,1.1422,2025-10-08,1.1401,-0.0019,134.1335,0.9981,1.067,6.7
2528,Fejlõdõ ázsiai részvény eszközalap,2025-10-07,2.3209,2025-10-08,2.3208,0.0,268.2461,1.0,1.1231,12.31
2529,Fenntartható növekedés részvény eszk.,2025-10-07,3.1722,2025-10-08,3.1684,-0.0012,388.6469,0.9988,1.0153,1.53
2530,Globális egészségügyi részvény eszk.,2025-10-07,3.4232,2025-10-08,3.4051,-0.0053,409.0672,0.9947,1.0666,6.66
2531,Globális növekedési részvény eszközalap,2025-10-07,2.1929,2025-10-08,2.1869,-0.0027,282.7147,0.9973,0.9564,-4.36
2532,Kiegyensúlyozott vegyes eszközalap - D,2025-10-07,1.4278,2025-10-08,1.4284,0.0004,176.5659,1.0004,1.0256,2.56
2533,Latin-amerikai részvény eszközalap,2025-10-07,1.1404,2025-10-08,1.1403,-0.0001,139.4942,0.9999,1.0485,4.85
2534,Magas kötvény arányú vegyes eszk. - D,2025-10-07,1.1133,2025-10-08,1.1134,0.0001,139.5136,1.0001,1.0056,0.56
2535,Magas védelmû vegyes eszközalap,2025-10-07,1.1024,2025-10-08,1.1016,-0.0008,138.6584,0.9992,1.0089,0.89
2536,Nemz. élelmiszeripari cégek rv. ea - D,2025-10-07,3.0709,2025-10-08,3.0965,0.0083,403.6911,1.0083,0.9562,-4.38
2537,Nyersanyagpiaci részvény eszközalap,2025-10-07,1.4043,2025-10-08,1.4028,-0.0011,169.7274,0.9989,1.0198,1.98
2538,Presztízs- és luxusmárkák rv. ea.,2025-10-07,3.6256,2025-10-08,3.6319,0.0017,440.4176,1.0017,1.0601,6.01
2539,USA részvény eszközalap,2025-10-07,4.5537,2025-10-08,4.5499,-0.0008,546.9862,0.9992,1.0552,5.52
2540,Ázsia kötvény eszközalap,2025-10-07,2.2536,2025-10-08,2.254,0.0002,281.9921,1.0002,1.0256,2.56
2541,Aktív hozamfigyelõ vegyes eszközalap - D,2025-10-08,0.9488,2025-10-09,0.9515,0.0029,119.5039,1.0029,1.0182,1.82
2542,Euró likviditás eszközalap - D,2025-10-08,0.925,2025-10-09,0.9255,0.0005,118.3652,1.0005,0.9967,-0.33
2543,Európai ingatlancégek részv. eszközalap,2025-10-08,1.8055,2025-10-09,1.7948,-0.0059,236.7003,0.9941,0.8988,-10.12
2544,Európai kötvény eszközalap - D,2025-10-08,1.2297,2025-10-09,1.2329,0.0026,157.4143,1.0026,0.9863,-1.37
2545,Európai részvény eszközalap,2025-10-08,2.655,2025-10-09,2.6677,0.0048,325.1661,1.0048,1.0404,4.04
2546,Európai vállalati kötvény eszközalap,2025-10-08,1.3262,2025-10-09,1.328,0.0014,168.9091,1.0014,1.0001,0.01
2547,Fejlõdõ piaci részvény ESG eszközalap-D,2025-10-08,1.1401,2025-10-09,1.1473,0.0064,135.2736,1.0064,1.0738,7.38
2548,Fejlõdõ ázsiai részvény eszközalap,2025-10-08,2.3208,2025-10-09,2.3401,0.0083,270.5669,1.0083,1.1325,13.25
2549,Fenntartható növekedés részvény eszk.,2025-10-08,3.1684,2025-10-09,3.1933,0.0079,391.8153,1.0079,1.0233,2.33
2550,Globális egészségügyi részvény eszk.,2025-10-08,3.4051,2025-10-09,3.4179,0.0038,412.4723,1.0038,1.0706,7.06
2551,Globális növekedési részvény eszközalap,2025-10-08,2.1869,2025-10-09,2.2101,0.0106,284.9016,1.0106,0.9666,-3.34
2552,Kiegyensúlyozott vegyes eszközalap - D,2025-10-08,1.4284,2025-10-09,1.434,0.0039,177.9943,1.0039,1.0296,2.96
2553,Latin-amerikai részvény eszközalap,2025-10-08,1.1403,2025-10-09,1.1471,0.006,140.6345,1.006,1.0548,5.48
2554,Magas kötvény arányú vegyes eszk. - D,2025-10-08,1.1134,2025-10-09,1.117,0.0033,140.627,1.0033,1.0089,0.89
2555,Magas védelmû vegyes eszközalap,2025-10-08,1.1016,2025-10-09,1.1036,0.0018,139.76,1.0018,1.0107,1.07
2556,Nemz. élelmiszeripari cégek rv. ea - D,2025-10-08,3.0965,2025-10-09,3.1058,0.003,406.7876,1.003,0.9591,-4.09
2557,Nyersanyagpiaci részvény eszközalap,2025-10-08,1.4028,2025-10-09,1.4124,0.0069,171.1302,1.0069,1.0268,2.68
2558,Presztízs- és luxusmárkák rv. ea.,2025-10-08,3.6319,2025-10-09,3.6749,0.0118,444.0495,1.0118,1.0726,7.26
2559,USA részvény eszközalap,2025-10-08,4.5499,2025-10-09,4.5925,0.0094,551.5361,1.0094,1.0651,6.51
2560,Ázsia kötvény eszközalap,2025-10-08,2.254,2025-10-09,2.267,0.0058,284.2461,1.0058,1.0315,3.15
2561,Aktív hozamfigyelõ vegyes eszközalap - D,2025-10-09,0.9515,2025-10-10,0.9503,-0.0013,120.4554,0.9987,1.0168,1.68
2562,Euró likviditás eszközalap - D,2025-10-09,0.9255,2025-10-10,0.9253,-0.0002,119.2907,0.9998,0.9965,-0.35
2563,Európai ingatlancégek részv. eszközalap,2025-10-09,1.7948,2025-10-10,1.7974,0.0015,238.4951,1.0015,0.9001,-9.99
2564,Európai kötvény eszközalap - D,2025-10-09,1.2329,2025-10-10,1.2315,-0.0011,158.6472,0.9989,0.9852,-1.48
2565,Európai részvény eszközalap,2025-10-09,2.6677,2025-10-10,2.6637,-0.0015,327.8338,0.9985,1.0389,3.89
2566,Európai vállalati kötvény eszközalap,2025-10-09,1.328,2025-10-10,1.3267,-0.001,170.2371,0.999,0.9991,-0.09
2567,Fejlõdõ piaci részvény ESG eszközalap-D,2025-10-09,1.1473,2025-10-10,1.1493,0.0018,136.4209,1.0018,1.0758,7.58
2568,Fejlõdõ ázsiai részvény eszközalap,2025-10-09,2.3401,2025-10-10,2.3622,0.0094,272.907,1.0094,1.1431,14.31
2569,Fenntartható növekedés részvény eszk.,2025-10-09,3.1933,2025-10-10,3.192,-0.0004,395.0086,0.9996,1.0229,2.29
2570,Globális egészségügyi részvény eszk.,2025-10-09,3.4179,2025-10-10,3.4281,0.003,415.8902,1.003,1.0738,7.38
2571,Globális növekedési részvény eszközalap,2025-10-09,2.2101,2025-10-10,2.1989,-0.005,287.1117,0.995,0.9617,-3.83
2572,Kiegyensúlyozott vegyes eszközalap - D,2025-10-09,1.434,2025-10-10,1.4346,0.0004,179.4283,1.0004,1.03,3.0
2573,Latin-amerikai részvény eszközalap,2025-10-09,1.1471,2025-10-10,1.1515,0.0038,141.7816,1.0038,1.0588,5.88
2574,Magas kötvény arányú vegyes eszk. - D,2025-10-09,1.117,2025-10-10,1.1166,-0.0004,141.744,0.9996,1.0085,0.85
2575,Magas védelmû vegyes eszközalap,2025-10-09,1.1036,2025-10-10,1.1024,-0.0011,140.8636,0.9989,1.0096,0.96
2576,Nemz. élelmiszeripari cégek rv. ea - D,2025-10-09,3.1058,2025-10-10,3.1228,0.0055,409.8934,1.0055,0.9644,-3.56
2577,Nyersanyagpiaci részvény eszközalap,2025-10-09,1.4124,2025-10-10,1.4082,-0.003,172.5426,0.997,1.0237,2.37
2578,Presztízs- és luxusmárkák rv. ea.,2025-10-09,3.6749,2025-10-10,3.5899,-0.0231,447.7244,0.9769,1.0478,4.78
2579,USA részvény eszközalap,2025-10-09,4.5925,2025-10-10,4.598,0.0012,556.1286,1.0012,1.0664,6.64
2580,Ázsia kötvény eszközalap,2025-10-09,2.267,2025-10-10,2.2676,0.0003,286.5131,1.0003,1.0318,3.18
2581,Aktív hozamfigyelõ vegyes eszközalap - D,2025-10-10,0.9503,2025-10-11,0.9447,-0.0059,121.4057,0.9941,1.0108,1.08
2582,Euró likviditás eszközalap - D,2025-10-10,0.9253,2025-10-11,0.926,0.0007,120.216,1.0007,0.9972,-0.28
2583,Európai ingatlancégek részv. eszközalap,2025-10-10,1.7974,2025-10-11,1.8023,0.0027,240.2925,1.0027,0.9026,-9.74
2584,Európai kötvény eszközalap - D,2025-10-10,1.2315,2025-10-11,1.2355,0.0032,159.8787,1.0032,0.9883,-1.17
2585,Európai részvény eszközalap,2025-10-10,2.6637,2025-10-11,2.6249,-0.0146,330.4975,0.9854,1.0237,2.37
2586,Európai vállalati kötvény eszközalap,2025-10-10,1.3267,2025-10-11,1.3281,0.001,171.5638,1.001,1.0001,0.01
2587,Fejlõdõ piaci részvény ESG eszközalap-D,2025-10-10,1.1493,2025-10-11,1.12,-0.0255,137.5702,0.9745,1.0483,4.83
2588,Fejlõdõ ázsiai részvény eszközalap,2025-10-10,2.3622,2025-10-11,2.3621,0.0,275.2692,1.0,1.1431,14.31
2589,Fenntartható növekedés részvény eszk.,2025-10-10,3.192,2025-10-11,3.1252,-0.0209,398.2006,0.9791,1.0015,0.15
2590,Globális egészségügyi részvény eszk.,2025-10-10,3.4281,2025-10-11,3.4022,-0.0076,419.3183,0.9924,1.0657,6.57
2591,Globális növekedési részvény eszközalap,2025-10-10,2.1989,2025-10-11,2.165,-0.0154,289.3106,0.9846,0.9469,-5.31
2592,Kiegyensúlyozott vegyes eszközalap - D,2025-10-10,1.4346,2025-10-11,1.4252,-0.0066,180.8629,0.9934,1.0232,2.32
2593,Latin-amerikai részvény eszközalap,2025-10-10,1.1515,2025-10-11,1.1191,-0.0282,142.9331,0.9718,1.029,2.9
2594,Magas kötvény arányú vegyes eszk. - D,2025-10-10,1.1166,2025-10-11,1.1143,-0.002,142.8606,0.998,1.0065,0.65
2595,Magas védelmû vegyes eszközalap,2025-10-10,1.1024,2025-10-11,1.0978,-0.0042,141.966,0.9958,1.0054,0.54
2596,Nemz. élelmiszeripari cégek rv. ea - D,2025-10-10,3.1228,2025-10-11,3.1349,0.0039,413.0162,1.0039,0.9681,-3.19
2597,Nyersanyagpiaci részvény eszközalap,2025-10-10,1.4082,2025-10-11,1.3839,-0.0173,173.9508,0.9827,1.006,0.6
2598,Presztízs- és luxusmárkák rv. ea.,2025-10-10,3.5899,2025-10-11,3.5003,-0.025,451.3143,0.975,1.0216,2.16
2599,USA részvény eszközalap,2025-10-10,4.598,2025-10-11,4.4804,-0.0256,560.7266,0.9744,1.0391,3.91
2600,Ázsia kötvény eszközalap,2025-10-10,2.2676,2025-10-11,2.2742,0.0029,288.7807,1.0029,1.0348,3.48
2601,Aktív hozamfigyelõ vegyes eszközalap - D,2025-10-11,0.9447,2025-10-11,0.9447,0.0,122.3504,1.0,1.0108,1.08
2602,Euró likviditás eszközalap - D,2025-10-11,0.926,2025-10-11,0.926,0.0,121.142,1.0,0.9972,-0.28
2603,Európai ingatlancégek részv. eszközalap,2025-10-11,1.8023,2025-10-11,1.8023,0.0,242.0948,1.0,0.9026,-9.74
2604,Európai kötvény eszközalap - D,2025-10-11,1.2355,2025-10-11,1.2355,0.0,161.1142,1.0,0.9883,-1.17
2605,Európai részvény eszközalap,2025-10-11,2.6249,2025-10-11,2.6249,0.0,333.1224,1.0,1.0237,2.37
2606,Európai vállalati kötvény eszközalap,2025-10-11,1.3281,2025-10-11,1.3281,0.0,172.8919,1.0,1.0001,0.01
2607,Fejlõdõ piaci részvény ESG eszközalap-D,2025-10-11,1.12,2025-10-11,1.12,0.0,138.6902,1.0,1.0483,4.83
2608,Fejlõdõ ázsiai részvény eszközalap,2025-10-11,2.3621,2025-10-11,2.3621,0.0,277.6313,1.0,1.1431,14.31
2609,Fenntartható növekedés részvény eszk.,2025-10-11,3.1252,2025-10-11,3.1252,0.0,401.3258,1.0,1.0015,0.15
2610,Globális egészségügyi részvény eszk.,2025-10-11,3.4022,2025-10-11,3.4022,0.0,422.7205,1.0,1.0657,6.57
2611,Globális növekedési részvény eszközalap,2025-10-11,2.165,2025-10-11,2.165,0.0,291.4756,1.0,0.9469,-5.31
2612,Kiegyensúlyozott vegyes eszközalap - D,2025-10-11,1.4252,2025-10-11,1.4252,0.0,182.2881,1.0,1.0232,2.32
2613,Latin-amerikai részvény eszközalap,2025-10-11,1.1191,2025-10-11,1.1191,0.0,144.0522,1.0,1.029,2.9
2614,Magas kötvény arányú vegyes eszk. - D,2025-10-11,1.1143,2025-10-11,1.1143,0.0,143.9749,1.0,1.0065,0.65
2615,Magas védelmû vegyes eszközalap,2025-10-11,1.0978,2025-10-11,1.0978,0.0,143.0638,1.0,1.0054,0.54
2616,Nemz. élelmiszeripari cégek rv. ea - D,2025-10-11,3.1349,2025-10-11,3.1349,0.0,416.1511,1.0,0.9681,-3.19
2617,Nyersanyagpiaci részvény eszközalap,2025-10-11,1.3839,2025-10-11,1.3839,0.0,175.3347,1.0,1.006,0.6
2618,Presztízs- és luxusmárkák rv. ea.,2025-10-11,3.5003,2025-10-11,3.5003,0.0,454.8146,1.0,1.0216,2.16
2619,USA részvény eszközalap,2025-10-11,4.4804,2025-10-11,4.4804,0.0,565.207,1.0,1.0391,3.91
2620,Ázsia kötvény eszközalap,2025-10-11,2.2742,2025-10-11,2.2742,0.0,291.0549,1.0,1.0348,3.48
2621,Aktív hozamfigyelõ vegyes eszközalap - D,2025-10-12,0.9447,2025-10-12,0.9447,0.0,123.2951,1.0,1.0108,1.08
2622,Euró likviditás eszközalap - D,2025-10-12,0.926,2025-10-12,0.926,0.0,122.068,1.0,0.9972,-0.28
2623,Európai ingatlancégek részv. eszközalap,2025-10-12,1.8023,2025-10-12,1.8023,0.0,243.8971,1.0,0.9026,-9.74
2624,Európai kötvény eszközalap - D,2025-10-12,1.2355,2025-10-12,1.2355,0.0,162.3497,1.0,0.9883,-1.17
2625,Európai részvény eszközalap,2025-10-12,2.6249,2025-10-12,2.6249,0.0,335.7473,1.0,1.0237,2.37
2626,Európai vállalati kötvény eszközalap,2025-10-12,1.3281,2025-10-12,1.3281,0.0,174.22,1.0,1.0001,0.01
2627,Fejlõdõ piaci részvény ESG eszközalap-D,2025-10-12,1.12,2025-10-12,1.12,0.0,139.8102,1.0,1.0483,4.83
2628,Fejlõdõ ázsiai részvény eszközalap,2025-10-12,2.3621,2025-10-12,2.3621,0.0,279.9934,1.0,1.1431,14.31
2629,Fenntartható növekedés részvény eszk.,2025-10-12,3.1252,2025-10-12,3.1252,0.0,404.451,1.0,1.0015,0.15
2630,Globális egészségügyi részvény eszk.,2025-10-12,3.4022,2025-10-12,3.4022,0.0,426.1227,1.0,1.0657,6.57
2631,Globális növekedési részvény eszközalap,2025-10-12,2.165,2025-10-12,2.165,0.0,293.6406,1.0,0.9469,-5.31
2632,Kiegyensúlyozott vegyes eszközalap - D,2025-10-12,1.4252,2025-10-12,1.4252,0.0,183.7133,1.0,1.0232,2.32
2633,Latin-amerikai részvény eszközalap,2025-10-12,1.1191,2025-10-12,1.1191,0.0,145.1713,1.0,1.029,2.9
2634,Magas kötvény arányú vegyes eszk. - D,2025-10-12,1.1143,2025-10-12,1.1143,0.0,145.0892,1.0,1.0065,0.65
2635,Magas védelmû vegyes eszközalap,2025-10-12,1.0978,2025-10-12,1.0978,0.0,144.1616,1.0,1.0054,0.54
2636,Nemz. élelmiszeripari cégek rv. ea - D,2025-10-12,3.1349,2025-10-12,3.1349,0.0,419.286,1.0,0.9681,-3.19
2637,Nyersanyagpiaci részvény eszközalap,2025-10-12,1.3839,2025-10-12,1.3839,0.0,176.7186,1.0,1.006,0.6
2638,Presztízs- és luxusmárkák rv. ea.,2025-10-12,3.5003,2025-10-12,3.5003,0.0,458.3149,1.0,1.0216,2.16
2639,USA részvény eszközalap,2025-10-12,4.4804,2025-10-12,4.4804,0.0,569.6874,1.0,1.0391,3.91
2640,Ázsia kötvény eszközalap,2025-10-12,2.2742,2025-10-12,2.2742,0.0,293.3291,1.0,1.0348,3.48
2641,Aktív hozamfigyelõ vegyes eszközalap - D,2025-10-13,0.9447,2025-10-13,0.9447,0.0,124.2398,1.0,1.0108,1.08
2642,Euró likviditás eszközalap - D,2025-10-13,0.926,2025-10-13,0.926,0.0,122.994,1.0,0.9972,-0.28
2643,Európai ingatlancégek részv. eszközalap,2025-10-13,1.8023,2025-10-13,1.8023,0.0,245.6994,1.0,0.9026,-9.74
2644,Európai kötvény eszközalap - D,2025-10-13,1.2355,2025-10-13,1.2355,0.0,163.5852,1.0,0.9883,-1.17
2645,Európai részvény eszközalap,2025-10-13,2.6249,2025-10-13,2.6249,0.0,338.3722,1.0,1.0237,2.37
2646,Európai vállalati kötvény eszközalap,2025-10-13,1.3281,2025-10-13,1.3281,0.0,175.5481,1.0,1.0001,0.01
2647,Fejlõdõ piaci részvény ESG eszközalap-D,2025-10-13,1.12,2025-10-13,1.12,0.0,140.9302,1.0,1.0483,4.83
2648,Fejlõdõ ázsiai részvény eszközalap,2025-10-13,2.3621,2025-10-13,2.3621,0.0,282.3555,1.0,1.1431,14.31
2649,Fenntartható növekedés részvény eszk.,2025-10-13,3.1252,2025-10-13,3.1252,0.0,407.5762,1.0,1.0015,0.15
2650,Globális egészségügyi részvény eszk.,2025-10-13,3.4022,2025-10-13,3.4022,0.0,429.5249,1.0,1.0657,6.57
2651,Globális növekedési részvény eszközalap,2025-10-13,2.165,2025-10-13,2.165,0.0,295.8056,1.0,0.9469,-5.31
2652,Kiegyensúlyozott vegyes eszközalap - D,2025-10-13,1.4252,2025-10-13,1.4252,0.0,185.1385,1.0,1.0232,2.32
2653,Latin-amerikai részvény eszközalap,2025-10-13,1.1191,2025-10-13,1.1191,0.0,146.2904,1.0,1.029,2.9
2654,Magas kötvény arányú vegyes eszk. - D,2025-10-13,1.1143,2025-10-13,1.1143,0.0,146.2035,1.0,1.0065,0.65
2655,Magas védelmû vegyes eszközalap,2025-10-13,1.0978,2025-10-13,1.0978,0.0,145.2594,1.0,1.0054,0.54
2656,Nemz. élelmiszeripari cégek rv. ea - D,2025-10-13,3.1349,2025-10-13,3.1349,0.0,422.4209,1.0,0.9681,-3.19
2657,Nyersanyagpiaci részvény eszközalap,2025-10-13,1.3839,2025-10-13,1.3839,0.0,178.1025,1.0,1.006,0.6
2658,Presztízs- és luxusmárkák rv. ea.,2025-10-13,3.5003,2025-10-13,3.5003,0.0,461.8152,1.0,1.0216,2.16
2659,USA részvény eszközalap,2025-10-13,4.4804,2025-10-13,4.4804,0.0,574.1678,1.0,1.0391,3.91
2660,Ázsia kötvény eszközalap,2025-10-13,2.2742,2025-10-13,2.2742,0.0,295.6033,1.0,1.0348,3.48
2661,Aktív hozamfigyelõ vegyes eszközalap - D,2025-10-14,0.9485,2025-10-15,0.9482,-0.0003,125.1883,0.9997,1.0105,1.05
2662,Euró likviditás eszközalap - D,2025-10-14,0.9263,2025-10-15,0.9266,0.0003,123.9203,1.0003,0.9975,-0.25
2663,Európai ingatlancégek részv. eszközalap,2025-10-14,1.8393,2025-10-15,1.8496,0.0056,247.5387,1.0056,0.9076,-9.24
2664,Európai kötvény eszközalap - D,2025-10-14,1.2363,2025-10-15,1.2385,0.0018,164.8215,1.0018,0.9901,-0.99
2665,Európai részvény eszközalap,2025-10-14,2.641,2025-10-15,2.6361,-0.0019,341.0132,0.9981,1.0218,2.18
2666,Európai vállalati kötvény eszközalap,2025-10-14,1.3285,2025-10-15,1.3291,0.0005,176.8766,1.0005,1.0006,0.06
2667,Fejlõdõ piaci részvény ESG eszközalap-D,2025-10-14,1.1364,2025-10-15,1.1201,-0.0144,142.0666,0.9856,1.0333,3.33
2668,Fejlõdõ ázsiai részvény eszközalap,2025-10-14,2.3378,2025-10-15,2.2848,-0.0226,284.6933,0.9774,1.1173,11.73
2669,Fenntartható növekedés részvény eszk.,2025-10-14,3.1632,2025-10-15,3.148,-0.0048,410.7394,0.9952,0.9967,-0.33
2670,Globális egészségügyi részvény eszk.,2025-10-14,3.3685,2025-10-15,3.3556,-0.0038,432.8934,0.9962,1.0616,6.16
2671,Globális növekedési részvény eszközalap,2025-10-14,2.1735,2025-10-15,2.1723,-0.0005,297.9791,0.9995,0.9464,-5.36
2672,Kiegyensúlyozott vegyes eszközalap - D,2025-10-14,1.4262,2025-10-15,1.4241,-0.0015,186.5647,0.9985,1.0217,2.17
2673,Latin-amerikai részvény eszközalap,2025-10-14,1.1387,2025-10-15,1.1298,-0.0079,147.4291,0.9921,1.0208,2.08
2674,Magas kötvény arányú vegyes eszk. - D,2025-10-14,1.1151,2025-10-15,1.1152,0.0001,147.3186,1.0001,1.0066,0.66
2675,Magas védelmû vegyes eszközalap,2025-10-14,1.0992,2025-10-15,1.0987,-0.0004,146.3586,0.9996,1.005,0.5
2676,Nemz. élelmiszeripari cégek rv. ea - D,2025-10-14,3.1214,2025-10-15,3.137,0.005,425.5423,1.005,0.973,-2.7
2677,Nyersanyagpiaci részvény eszközalap,2025-10-14,1.4077,2025-10-15,1.4052,-0.0018,179.5102,0.9982,1.0042,0.42
2678,Presztízs- és luxusmárkák rv. ea.,2025-10-14,3.4985,2025-10-15,3.4974,-0.0003,465.3137,0.9997,1.0213,2.13
2679,USA részvény eszközalap,2025-10-14,4.5649,2025-10-15,4.543,-0.0048,578.7327,0.9952,1.0341,3.41
2680,Ázsia kötvény eszközalap,2025-10-14,2.2741,2025-10-15,2.2794,0.0023,297.8774,1.0023,1.0372,3.72
2681,Aktív hozamfigyelõ vegyes eszközalap - D,2025-10-15,0.9482,2025-10-16,0.9507,0.0026,126.1365,1.0026,1.0132,1.32
2682,Euró likviditás eszközalap - D,2025-10-15,0.9266,2025-10-16,0.9271,0.0006,124.8469,1.0006,0.9981,-0.19
2683,Európai ingatlancégek részv. eszközalap,2025-10-15,1.8496,2025-10-16,1.8529,0.0018,249.3883,1.0018,0.9093,-9.07
2684,Európai kötvény eszközalap - D,2025-10-15,1.2385,2025-10-16,1.2424,0.0031,166.06,1.0031,0.9932,-0.68
2685,Európai részvény eszközalap,2025-10-15,2.6361,2025-10-16,2.6516,0.0059,343.6493,1.0059,1.0278,2.78
2686,Európai vállalati kötvény eszközalap,2025-10-15,1.3291,2025-10-16,1.3335,0.0033,178.2057,1.0033,1.0039,0.39
2687,Fejlõdõ piaci részvény ESG eszközalap-D,2025-10-15,1.1201,2025-10-16,1.1337,0.0121,143.1867,1.0121,1.0458,4.58
2688,Fejlõdõ ázsiai részvény eszközalap,2025-10-15,2.2848,2025-10-16,2.3493,0.0282,286.9781,1.0282,1.1488,14.88
2689,Fenntartható növekedés részvény eszk.,2025-10-15,3.148,2025-10-16,3.153,0.0016,413.8874,1.0016,0.9983,-0.17
2690,Globális egészségügyi részvény eszk.,2025-10-15,3.3556,2025-10-16,3.3786,0.0069,436.249,1.0069,1.0689,6.89
2691,Globális növekedési részvény eszközalap,2025-10-15,2.1723,2025-10-16,2.1667,-0.0026,300.1514,0.9974,0.944,-5.6
2692,Kiegyensúlyozott vegyes eszközalap - D,2025-10-15,1.4241,2025-10-16,1.4312,0.005,187.9888,1.005,1.0268,2.68
2693,Latin-amerikai részvény eszközalap,2025-10-15,1.1298,2025-10-16,1.1397,0.0088,148.5589,1.0088,1.0298,2.98
2694,Magas kötvény arányú vegyes eszk. - D,2025-10-15,1.1152,2025-10-16,1.1198,0.0041,148.4338,1.0041,1.0107,1.07
2695,Magas védelmû vegyes eszközalap,2025-10-15,1.0987,2025-10-16,1.1014,0.0024,147.4573,1.0024,1.0074,0.74
2696,Nemz. élelmiszeripari cégek rv. ea - D,2025-10-15,3.137,2025-10-16,3.1642,0.0087,428.6793,1.0087,0.9814,-1.86
2697,Nyersanyagpiaci részvény eszközalap,2025-10-15,1.4052,2025-10-16,1.4144,0.0066,180.9154,1.0066,1.0109,1.09
2698,Presztízs- és luxusmárkák rv. ea.,2025-10-15,3.4974,2025-10-16,3.6092,0.032,468.8111,1.032,1.054,5.4
2699,USA részvény eszközalap,2025-10-15,4.543,2025-10-16,4.5497,0.0015,583.2757,1.0015,1.0357,3.57
2700,Ázsia kötvény eszközalap,2025-10-15,2.2794,2025-10-16,2.2644,-0.0066,300.1568,0.9934,1.0304,3.04
2701,Aktív hozamfigyelõ vegyes eszközalap - D,2025-10-16,0.9507,2025-10-17,0.9501,-0.0006,127.0872,0.9994,1.0126,1.26
2702,Euró likviditás eszközalap - D,2025-10-16,0.9271,2025-10-17,0.9271,0.0,125.774,1.0,0.9981,-0.19
2703,Európai ingatlancégek részv. eszközalap,2025-10-16,1.8529,2025-10-17,1.8687,0.0085,251.2412,1.0085,0.917,-8.3
2704,Európai kötvény eszközalap - D,2025-10-16,1.2424,2025-10-17,1.242,-0.0003,167.3024,0.9997,0.9929,-0.71
2705,Európai részvény eszközalap,2025-10-16,2.6516,2025-10-17,2.668,0.0062,346.3009,1.0062,1.0342,3.42
2706,Európai vállalati kötvény eszközalap,2025-10-16,1.3335,2025-10-17,1.3328,-0.0005,179.5392,0.9995,1.0034,0.34
2707,Fejlõdõ piaci részvény ESG eszközalap-D,2025-10-16,1.1337,2025-10-17,1.1389,0.0046,144.3204,1.0046,1.0506,5.06
2708,Fejlõdõ ázsiai részvény eszközalap,2025-10-16,2.3493,2025-10-17,2.3449,-0.0019,289.3274,0.9981,1.1466,14.66
2709,Fenntartható növekedés részvény eszk.,2025-10-16,3.153,2025-10-17,3.1273,-0.0082,417.0404,0.9918,0.9901,-0.99
2710,Globális egészségügyi részvény eszk.,2025-10-16,3.3786,2025-10-17,3.3992,0.0061,439.6276,1.0061,1.0755,7.55
2711,Globális növekedési részvény eszközalap,2025-10-16,2.1667,2025-10-17,2.158,-0.004,302.3181,0.996,0.9402,-5.98
2712,Kiegyensúlyozott vegyes eszközalap - D,2025-10-16,1.4312,2025-10-17,1.4294,-0.0013,189.42,0.9987,1.0254,2.54
2713,Latin-amerikai részvény eszközalap,2025-10-16,1.1397,2025-10-17,1.1522,0.011,149.6986,1.011,1.0411,4.11
2714,Magas kötvény arányú vegyes eszk. - D,2025-10-16,1.1198,2025-10-17,1.1189,-0.0007,149.5536,0.9993,1.01,1.0
2715,Magas védelmû vegyes eszközalap,2025-10-16,1.1014,2025-10-17,1.1029,0.0013,148.5587,1.0013,1.0087,0.87
2716,Nemz. élelmiszeripari cégek rv. ea - D,2025-10-16,3.1642,2025-10-17,3.1813,0.0054,431.8435,1.0054,0.9867,-1.33
2717,Nyersanyagpiaci részvény eszközalap,2025-10-16,1.4144,2025-10-17,1.4173,0.002,182.3298,1.002,1.0129,1.29
2718,Presztízs- és luxusmárkák rv. ea.,2025-10-16,3.6092,2025-10-17,3.6208,0.0032,472.4203,1.0032,1.0573,5.73
2719,USA részvény eszközalap,2025-10-16,4.5497,2025-10-17,4.5035,-0.0102,587.8254,0.9898,1.0251,2.51
2720,Ázsia kötvény eszközalap,2025-10-16,2.2644,2025-10-17,2.2615,-0.0013,302.4212,0.9987,1.029,2.9
2721,Aktív hozamfigyelõ vegyes eszközalap - D,2025-10-17,0.9501,2025-10-18,0.9497,-0.0004,128.0373,0.9996,1.0121,1.21
2722,Euró likviditás eszközalap - D,2025-10-17,0.9271,2025-10-18,0.927,-0.0001,126.7011,0.9999,0.998,-0.2
2723,Európai ingatlancégek részv. eszközalap,2025-10-17,1.8687,2025-10-18,1.8527,-0.0086,253.1099,0.9914,0.9091,-9.09
2724,Európai kötvény eszközalap - D,2025-10-17,1.242,2025-10-18,1.2414,-0.0005,168.5444,0.9995,0.9924,-0.76
2725,Európai részvény eszközalap,2025-10-17,2.668,2025-10-18,2.6431,-0.0093,348.9689,0.9907,1.0245,2.45
2726,Európai vállalati kötvény eszközalap,2025-10-17,1.3328,2025-10-18,1.3319,-0.0007,180.872,0.9993,1.0027,0.27
2727,Fejlõdõ piaci részvény ESG eszközalap-D,2025-10-17,1.1389,2025-10-18,1.1315,-0.0065,145.4593,0.9935,1.0437,4.37
2728,Fejlõdõ ázsiai részvény eszközalap,2025-10-17,2.3449,2025-10-18,2.3163,-0.0122,291.6723,0.9878,1.1326,13.26
2729,Fenntartható növekedés részvény eszk.,2025-10-17,3.1273,2025-10-18,3.1348,0.0024,420.1677,1.0024,0.9925,-0.75
2730,Globális egészségügyi részvény eszk.,2025-10-17,3.3992,2025-10-18,3.3862,-0.0038,443.0268,0.9962,1.0714,7.14
2731,Globális növekedési részvény eszközalap,2025-10-17,2.158,2025-10-18,2.1697,0.0054,304.4761,1.0054,0.9453,-5.47
2732,Kiegyensúlyozott vegyes eszközalap - D,2025-10-17,1.4294,2025-10-18,1.4279,-0.001,190.8494,0.999,1.0244,2.44
2733,Latin-amerikai részvény eszközalap,2025-10-17,1.1522,2025-10-18,1.1438,-0.0073,150.8508,0.9927,1.0335,3.35
2734,Magas kötvény arányú vegyes eszk. - D,2025-10-17,1.1189,2025-10-18,1.1181,-0.0007,150.6725,0.9993,1.0093,0.93
2735,Magas védelmû vegyes eszközalap,2025-10-17,1.1029,2025-10-18,1.101,-0.0017,149.6616,0.9983,1.007,0.7
2736,Nemz. élelmiszeripari cégek rv. ea - D,2025-10-17,3.1813,2025-10-18,3.2033,0.0069,435.0248,1.0069,0.9935,-0.65
2737,Nyersanyagpiaci részvény eszközalap,2025-10-17,1.4173,2025-10-18,1.3904,-0.019,183.7471,0.981,0.9936,-0.64
2738,Presztízs- és luxusmárkák rv. ea.,2025-10-17,3.6208,2025-10-18,3.6126,-0.0023,476.0411,0.9977,1.0549,5.49
2739,USA részvény eszközalap,2025-10-17,4.5035,2025-10-18,4.5293,0.0057,592.3289,1.0057,1.0309,3.09
2740,Ázsia kötvény eszközalap,2025-10-17,2.2615,2025-10-18,2.255,-0.0029,304.6827,0.9971,1.026,2.6
2741,Aktív hozamfigyelõ vegyes eszközalap - D,2025-10-18,0.9497,2025-10-18,0.9497,0.0,128.987,1.0,1.0121,1.21
2742,Euró likviditás eszközalap - D,2025-10-18,0.927,2025-10-18,0.927,0.0,127.6281,1.0,0.998,-0.2
2743,Európai ingatlancégek részv. eszközalap,2025-10-18,1.8527,2025-10-18,1.8527,0.0,254.9626,1.0,0.9091,-9.09
2744,Európai kötvény eszközalap - D,2025-10-18,1.2414,2025-10-18,1.2414,0.0,169.7858,1.0,0.9924,-0.76
2745,Európai részvény eszközalap,2025-10-18,2.6431,2025-10-18,2.6431,0.0,351.612,1.0,1.0245,2.45
2746,Európai vállalati kötvény eszközalap,2025-10-18,1.3319,2025-10-18,1.3319,0.0,182.2039,1.0,1.0027,0.27
2747,Fejlõdõ piaci részvény ESG eszközalap-D,2025-10-18,1.1315,2025-10-18,1.1315,0.0,146.5908,1.0,1.0437,4.37
2748,Fejlõdõ ázsiai részvény eszközalap,2025-10-18,2.3163,2025-10-18,2.3163,0.0,293.9886,1.0,1.1326,13.26
2749,Fenntartható növekedés részvény eszk.,2025-10-18,3.1348,2025-10-18,3.1348,0.0,423.3025,1.0,0.9925,-0.75
2750,Globális egészségügyi részvény eszk.,2025-10-18,3.3862,2025-10-18,3.3862,0.0,446.413,1.0,1.0714,7.14
2751,Globális növekedési részvény eszközalap,2025-10-18,2.1697,2025-10-18,2.1697,0.0,306.6458,1.0,0.9453,-5.47
2752,Kiegyensúlyozott vegyes eszközalap - D,2025-10-18,1.4279,2025-10-18,1.4279,0.0,192.2773,1.0,1.0244,2.44
2753,Latin-amerikai részvény eszközalap,2025-10-18,1.1438,2025-10-18,1.1438,0.0,151.9946,1.0,1.0335,3.35
2754,Magas kötvény arányú vegyes eszk. - D,2025-10-18,1.1181,2025-10-18,1.1181,0.0,151.7906,1.0,1.0093,0.93
2755,Magas védelmû vegyes eszközalap,2025-10-18,1.101,2025-10-18,1.101,0.0,150.7626,1.0,1.007,0.7
2756,Nemz. élelmiszeripari cégek rv. ea - D,2025-10-18,3.2033,2025-10-18,3.2033,0.0,438.2281,1.0,0.9935,-0.65
2757,Nyersanyagpiaci részvény eszközalap,2025-10-18,1.3904,2025-10-18,1.3904,0.0,185.1375,1.0,0.9936,-0.64
2758,Presztízs- és luxusmárkák rv. ea.,2025-10-18,3.6126,2025-10-18,3.6126,0.0,479.6537,1.0,1.0549,5.49
2759,USA részvény eszközalap,2025-10-18,4.5293,2025-10-18,4.5293,0.0,596.8582,1.0,1.0309,3.09
2760,Ázsia kötvény eszközalap,2025-10-18,2.255,2025-10-18,2.255,0.0,306.9377,1.0,1.026,2.6
2761,Aktív hozamfigyelõ vegyes eszközalap - D,2025-10-19,0.9497,2025-10-19,0.9497,0.0,129.9367,1.0,1.0121,1.21
2762,Euró likviditás eszközalap - D,2025-10-19,0.927,2025-10-19,0.927,0.0,128.5551,1.0,0.998,-0.2
2763,Európai ingatlancégek részv. eszközalap,2025-10-19,1.8527,2025-10-19,1.8527,0.0,256.8153,1.0,0.9091,-9.09
2764,Európai kötvény eszközalap - D,2025-10-19,1.2414,2025-10-19,1.2414,0.0,171.0272,1.0,0.9924,-0.76
2765,Európai részvény eszközalap,2025-10-19,2.6431,2025-10-19,2.6431,0.0,354.2551,1.0,1.0245,2.45
2766,Európai vállalati kötvény eszközalap,2025-10-19,1.3319,2025-10-19,1.3319,0.0,183.5358,1.0,1.0027,0.27
2767,Fejlõdõ piaci részvény ESG eszközalap-D,2025-10-19,1.1315,2025-10-19,1.1315,0.0,147.7223,1.0,1.0437,4.37
2768,Fejlõdõ ázsiai részvény eszközalap,2025-10-19,2.3163,2025-10-19,2.3163,0.0,296.3049,1.0,1.1326,13.26
2769,Fenntartható növekedés részvény eszk.,2025-10-19,3.1348,2025-10-19,3.1348,0.0,426.4373,1.0,0.9925,-0.75
2770,Globális egészségügyi részvény eszk.,2025-10-19,3.3862,2025-10-19,3.3862,0.0,449.7992,1.0,1.0714,7.14
2771,Globális növekedési részvény eszközalap,2025-10-19,2.1697,2025-10-19,2.1697,0.0,308.8155,1.0,0.9453,-5.47
2772,Kiegyensúlyozott vegyes eszközalap - D,2025-10-19,1.4279,2025-10-19,1.4279,0.0,193.7052,1.0,1.0244,2.44
2773,Latin-amerikai részvény eszközalap,2025-10-19,1.1438,2025-10-19,1.1438,0.0,153.1384,1.0,1.0335,3.35
2774,Magas kötvény arányú vegyes eszk. - D,2025-10-19,1.1181,2025-10-19,1.1181,0.0,152.9087,1.0,1.0093,0.93
2775,Magas védelmû vegyes eszközalap,2025-10-19,1.101,2025-10-19,1.101,0.0,151.8636,1.0,1.007,0.7
2776,Nemz. élelmiszeripari cégek rv. ea - D,2025-10-19,3.2033,2025-10-19,3.2033,0.0,441.4314,1.0,0.9935,-0.65
2777,Nyersanyagpiaci részvény eszközalap,2025-10-19,1.3904,2025-10-19,1.3904,0.0,186.5279,1.0,0.9936,-0.64
2778,Presztízs- és luxusmárkák rv. ea.,2025-10-19,3.6126,2025-10-19,3.6126,0.0,483.2663,1.0,1.0549,5.49
2779,USA részvény eszközalap,2025-10-19,4.5293,2025-10-19,4.5293,0.0,601.3875,1.0,1.0309,3.09
2780,Ázsia kötvény eszközalap,2025-10-19,2.255,2025-10-19,2.255,0.0,309.1927,1.0,1.026,2.6
2781,Aktív hozamfigyelõ vegyes eszközalap - D,2025-10-20,0.9497,2025-10-20,0.9497,0.0,130.8864,1.0,1.0121,1.21
2782,Euró likviditás eszközalap - D,2025-10-20,0.927,2025-10-20,0.927,0.0,129.4821,1.0,0.998,-0.2
2783,Európai ingatlancégek részv. eszközalap,2025-10-20,1.8527,2025-10-20,1.8527,0.0,258.668,1.0,0.9091,-9.09
2784,Európai kötvény eszközalap - D,2025-10-20,1.2414,2025-10-20,1.2414,0.0,172.2686,1.0,0.9924,-0.76
2785,Európai részvény eszközalap,2025-10-20,2.6431,2025-10-20,2.6431,0.0,356.8982,1.0,1.0245,2.45
2786,Európai vállalati kötvény eszközalap,2025-10-20,1.3319,2025-10-20,1.3319,0.0,184.8677,1.0,1.0027,0.27
2787,Fejlõdõ piaci részvény ESG eszközalap-D,2025-10-20,1.1315,2025-10-20,1.1315,0.0,148.8538,1.0,1.0437,4.37
2788,Fejlõdõ ázsiai részvény eszközalap,2025-10-20,2.3163,2025-10-20,2.3163,0.0,298.6212,1.0,1.1326,13.26
2789,Fenntartható növekedés részvény eszk.,2025-10-20,3.1348,2025-10-20,3.1348,0.0,429.5721,1.0,0.9925,-0.75
2790,Globális egészségügyi részvény eszk.,2025-10-20,3.3862,2025-10-20,3.3862,0.0,453.1854,1.0,1.0714,7.14
2791,Globális növekedési részvény eszközalap,2025-10-20,2.1697,2025-10-20,2.1697,0.0,310.9852,1.0,0.9453,-5.47
2792,Kiegyensúlyozott vegyes eszközalap - D,2025-10-20,1.4279,2025-10-20,1.4279,0.0,195.1331,1.0,1.0244,2.44
2793,Latin-amerikai részvény eszközalap,2025-10-20,1.1438,2025-10-20,1.1438,0.0,154.2822,1.0,1.0335,3.35
2794,Magas kötvény arányú vegyes eszk. - D,2025-10-20,1.1181,2025-10-20,1.1181,0.0,154.0268,1.0,1.0093,0.93
2795,Magas védelmû vegyes eszközalap,2025-10-20,1.101,2025-10-20,1.101,0.0,152.9646,1.0,1.007,0.7
2796,Nemz. élelmiszeripari cégek rv. ea - D,2025-10-20,3.2033,2025-10-20,3.2033,0.0,444.6347,1.0,0.9935,-0.65
2797,Nyersanyagpiaci részvény eszközalap,2025-10-20,1.3904,2025-10-20,1.3904,0.0,187.9183,1.0,0.9936,-0.64
2798,Presztízs- és luxusmárkák rv. ea.,2025-10-20,3.6126,2025-10-20,3.6126,0.0,486.8789,1.0,1.0549,5.49
2799,USA részvény eszközalap,2025-10-20,4.5293,2025-10-20,4.5293,0.0,605.9168,1.0,1.0309,3.09
2800,Ázsia kötvény eszközalap,2025-10-20,2.255,2025-10-20,2.255,0.0,311.4477,1.0,1.026,2.6
2801,Aktív hozamfigyelõ vegyes eszközalap - D,2025-10-21,0.9544,2025-10-22,0.9567,0.0024,131.8408,1.0024,1.0146,1.46
2802,Euró likviditás eszközalap - D,2025-10-21,0.9271,2025-10-22,0.9272,0.0002,130.4092,1.0002,0.9982,-0.18
2803,Európai ingatlancégek részv. eszközalap,2025-10-21,1.864,2025-10-22,1.8867,0.0122,260.532,1.0122,0.9202,-7.98
2804,Európai kötvény eszközalap - D,2025-10-21,1.2414,2025-10-22,1.2431,0.0013,173.51,1.0013,0.9937,-0.63
2805,Európai részvény eszközalap,2025-10-21,2.6757,2025-10-22,2.6822,0.0024,359.5739,1.0024,1.027,2.7
2806,Európai vállalati kötvény eszközalap,2025-10-21,1.3323,2025-10-22,1.3337,0.0011,186.2,1.0011,1.0038,0.38
2807,Fejlõdõ piaci részvény ESG eszközalap-D,2025-10-21,1.1502,2025-10-22,1.1491,-0.001,150.004,0.999,1.0427,4.27
2808,Fejlõdõ ázsiai részvény eszközalap,2025-10-21,2.3392,2025-10-22,2.3536,0.0062,300.9604,1.0062,1.1396,13.96
2809,Fenntartható növekedés részvény eszk.,2025-10-21,3.1737,2025-10-22,3.194,0.0064,432.7458,1.0064,0.9989,-0.11
2810,Globális egészségügyi részvény eszk.,2025-10-21,3.4092,2025-10-22,3.4117,0.0007,456.5946,1.0007,1.0721,7.21
2811,Globális növekedési részvény eszközalap,2025-10-21,2.1995,2025-10-22,2.2157,0.0074,313.1847,1.0074,0.9523,-4.77
2812,Kiegyensúlyozott vegyes eszközalap - D,2025-10-21,1.4352,2025-10-22,1.4403,0.0036,196.5683,1.0036,1.0281,2.81
2813,Latin-amerikai részvény eszközalap,2025-10-21,1.1636,2025-10-22,1.1578,-0.005,155.4458,0.995,1.0284,2.84
2814,Magas kötvény arányú vegyes eszk. - D,2025-10-21,1.1211,2025-10-22,1.1241,0.0027,155.1479,1.0027,1.012,1.2
2815,Magas védelmû vegyes eszközalap,2025-10-21,1.1037,2025-10-22,1.104,0.0002,154.0683,1.0002,1.0072,0.72
2816,Nemz. élelmiszeripari cégek rv. ea - D,2025-10-21,3.2042,2025-10-22,3.1999,-0.0013,447.8389,0.9987,0.9922,-0.78
2817,Nyersanyagpiaci részvény eszközalap,2025-10-21,1.4057,2025-10-22,1.3871,-0.0132,189.324,0.9868,0.9805,-1.95
2818,Presztízs- és luxusmárkák rv. ea.,2025-10-21,3.6644,2025-10-22,3.6922,0.0076,490.5433,1.0076,1.0629,6.29
2819,USA részvény eszközalap,2025-10-21,4.5843,2025-10-22,4.6071,0.005,610.5011,1.005,1.0361,3.61
2820,Ázsia kötvény eszközalap,2025-10-21,2.261,2025-10-22,2.2727,0.0052,313.7087,1.0052,1.0314,3.14
2821,Aktív hozamfigyelõ vegyes eszközalap - D,2025-10-22,0.9567,2025-10-23,0.9559,-0.0008,132.7975,0.9992,1.0138,1.38
2822,Euró likviditás eszközalap - D,2025-10-22,0.9272,2025-10-23,0.9272,0.0,131.3364,1.0,0.9982,-0.18
2823,Európai ingatlancégek részv. eszközalap,2025-10-22,1.8867,2025-10-23,1.9095,0.0121,262.4187,1.0121,0.9313,-6.87
2824,Európai kötvény eszközalap - D,2025-10-22,1.2431,2025-10-23,1.2425,-0.0005,174.7531,0.9995,0.9932,-0.68
2825,Európai részvény eszközalap,2025-10-22,2.6822,2025-10-23,2.6607,-0.008,362.2561,0.992,1.0188,1.88
2826,Európai vállalati kötvény eszközalap,2025-10-22,1.3337,2025-10-23,1.3335,-0.0002,187.5337,0.9998,1.0036,0.36
2827,Fejlõdõ piaci részvény ESG eszközalap-D,2025-10-22,1.1491,2025-10-23,1.1439,-0.0046,151.1531,0.9954,1.0379,3.79
2828,Fejlõdõ ázsiai részvény eszközalap,2025-10-22,2.3536,2025-10-23,2.3507,-0.0012,303.314,0.9988,1.1383,13.83
2829,Fenntartható növekedés részvény eszk.,2025-10-22,3.194,2025-10-23,3.1898,-0.0013,435.9398,0.9987,0.9976,-0.24
2830,Globális egészségügyi részvény eszk.,2025-10-22,3.4117,2025-10-23,3.4297,0.0053,460.0063,1.0053,1.0778,7.78
2831,Globális növekedési részvény eszközalap,2025-10-22,2.2157,2025-10-23,2.2096,-0.0027,315.4004,0.9973,0.9497,-5.03
2832,Kiegyensúlyozott vegyes eszközalap - D,2025-10-22,1.4403,2025-10-23,1.4375,-0.0019,198.0086,0.9981,1.0261,2.61
2833,Latin-amerikai részvény eszközalap,2025-10-22,1.1578,2025-10-23,1.1571,-0.0006,156.6036,0.9994,1.0278,2.78
2834,Magas kötvény arányú vegyes eszk. - D,2025-10-22,1.1241,2025-10-23,1.1225,-0.0014,156.272,0.9986,1.0106,1.06
2835,Magas védelmû vegyes eszközalap,2025-10-22,1.104,2025-10-23,1.1015,-0.0022,155.1723,0.9978,1.005,0.5
2836,Nemz. élelmiszeripari cégek rv. ea - D,2025-10-22,3.1999,2025-10-23,3.2223,0.007,451.0388,1.007,0.9992,-0.08
2837,Nyersanyagpiaci részvény eszközalap,2025-10-22,1.3871,2025-10-23,1.3856,-0.0011,190.7111,0.9989,0.9794,-2.06
2838,Presztízs- és luxusmárkák rv. ea.,2025-10-22,3.6922,2025-10-23,3.6688,-0.0063,494.2355,0.9937,1.0562,5.62
2839,USA részvény eszközalap,2025-10-22,4.6071,2025-10-23,4.5747,-0.007,615.1082,0.993,1.0289,2.89
2840,Ázsia kötvény eszközalap,2025-10-22,2.2727,2025-10-23,2.2777,0.0022,315.9814,1.0022,1.0336,3.36
2841,Aktív hozamfigyelõ vegyes eszközalap - D,2025-10-23,0.9559,2025-10-23,0.9559,0.0,133.7534,1.0,1.0138,1.38
2842,Euró likviditás eszközalap - D,2025-10-23,0.9272,2025-10-23,0.9272,0.0,132.2636,1.0,0.9982,-0.18
2843,Európai ingatlancégek részv. eszközalap,2025-10-23,1.9095,2025-10-23,1.9095,0.0,264.3282,1.0,0.9313,-6.87
2844,Európai kötvény eszközalap - D,2025-10-23,1.2425,2025-10-23,1.2425,0.0,175.9956,1.0,0.9932,-0.68
2845,Európai részvény eszközalap,2025-10-23,2.6607,2025-10-23,2.6607,0.0,364.9168,1.0,1.0188,1.88
2846,Európai vállalati kötvény eszközalap,2025-10-23,1.3335,2025-10-23,1.3335,0.0,188.8672,1.0,1.0036,0.36
2847,Fejlõdõ piaci részvény ESG eszközalap-D,2025-10-23,1.1439,2025-10-23,1.1439,0.0,152.297,1.0,1.0379,3.79
2848,Fejlõdõ ázsiai részvény eszközalap,2025-10-23,2.3507,2025-10-23,2.3507,0.0,305.6647,1.0,1.1383,13.83
2849,Fenntartható növekedés részvény eszk.,2025-10-23,3.1898,2025-10-23,3.1898,0.0,439.1296,1.0,0.9976,-0.24
2850,Globális egészségügyi részvény eszk.,2025-10-23,3.4297,2025-10-23,3.4297,0.0,463.436,1.0,1.0778,7.78
2851,Globális növekedési részvény eszközalap,2025-10-23,2.2096,2025-10-23,2.2096,0.0,317.61,1.0,0.9497,-5.03
2852,Kiegyensúlyozott vegyes eszközalap - D,2025-10-23,1.4375,2025-10-23,1.4375,0.0,199.4461,1.0,1.0261,2.61
2853,Latin-amerikai részvény eszközalap,2025-10-23,1.1571,2025-10-23,1.1571,0.0,157.7607,1.0,1.0278,2.78
2854,Magas kötvény arányú vegyes eszk. - D,2025-10-23,1.1225,2025-10-23,1.1225,0.0,157.3945,1.0,1.0106,1.06
2855,Magas védelmû vegyes eszközalap,2025-10-23,1.1015,2025-10-23,1.1015,0.0,156.2738,1.0,1.005,0.5
2856,Nemz. élelmiszeripari cégek rv. ea - D,2025-10-23,3.2223,2025-10-23,3.2223,0.0,454.2611,1.0,0.9992,-0.08
2857,Nyersanyagpiaci részvény eszközalap,2025-10-23,1.3856,2025-10-23,1.3856,0.0,192.0967,1.0,0.9794,-2.06
2858,Presztízs- és luxusmárkák rv. ea.,2025-10-23,3.6688,2025-10-23,3.6688,0.0,497.9043,1.0,1.0562,5.62
2859,USA részvény eszközalap,2025-10-23,4.5747,2025-10-23,4.5747,0.0,619.6829,1.0,1.0289,2.89
2860,Ázsia kötvény eszközalap,2025-10-23,2.2777,2025-10-23,2.2777,0.0,318.2591,1.0,1.0336,3.36
2861,Aktív hozamfigyelõ vegyes eszközalap - D,2025-10-24,0.9559,2025-10-24,0.9559,0.0,134.7093,1.0,1.0138,1.38
2862,Euró likviditás eszközalap - D,2025-10-24,0.9272,2025-10-24,0.9272,0.0,133.1908,1.0,0.9982,-0.18
2863,Európai ingatlancégek részv. eszközalap,2025-10-24,1.9095,2025-10-24,1.9095,0.0,266.2377,1.0,0.9313,-6.87
2864,Európai kötvény eszközalap - D,2025-10-24,1.2425,2025-10-24,1.2425,0.0,177.2381,1.0,0.9932,-0.68
2865,Európai részvény eszközalap,2025-10-24,2.6607,2025-10-24,2.6607,0.0,367.5775,1.0,1.0188,1.88
2866,Európai vállalati kötvény eszközalap,2025-10-24,1.3335,2025-10-24,1.3335,0.0,190.2007,1.0,1.0036,0.36
2867,Fejlõdõ piaci részvény ESG eszközalap-D,2025-10-24,1.1439,2025-10-24,1.1439,0.0,153.4409,1.0,1.0379,3.79
2868,Fejlõdõ ázsiai részvény eszközalap,2025-10-24,2.3507,2025-10-24,2.3507,0.0,308.0154,1.0,1.1383,13.83
2869,Fenntartható növekedés részvény eszk.,2025-10-24,3.1898,2025-10-24,3.1898,0.0,442.3194,1.0,0.9976,-0.24
2870,Globális egészségügyi részvény eszk.,2025-10-24,3.4297,2025-10-24,3.4297,0.0,466.8657,1.0,1.0778,7.78
2871,Globális növekedési részvény eszközalap,2025-10-24,2.2096,2025-10-24,2.2096,0.0,319.8196,1.0,0.9497,-5.03
2872,Kiegyensúlyozott vegyes eszközalap - D,2025-10-24,1.4375,2025-10-24,1.4375,0.0,200.8836,1.0,1.0261,2.61
2873,Latin-amerikai részvény eszközalap,2025-10-24,1.1571,2025-10-24,1.1571,0.0,158.9178,1.0,1.0278,2.78
2874,Magas kötvény arányú vegyes eszk. - D,2025-10-24,1.1225,2025-10-24,1.1225,0.0,158.517,1.0,1.0106,1.06
2875,Magas védelmû vegyes eszközalap,2025-10-24,1.1015,2025-10-24,1.1015,0.0,157.3753,1.0,1.005,0.5
2876,Nemz. élelmiszeripari cégek rv. ea - D,2025-10-24,3.2223,2025-10-24,3.2223,0.0,457.4834,1.0,0.9992,-0.08
2877,Nyersanyagpiaci részvény eszközalap,2025-10-24,1.3856,2025-10-24,1.3856,0.0,193.4823,1.0,0.9794,-2.06
2878,Presztízs- és luxusmárkák rv. ea.,2025-10-24,3.6688,2025-10-24,3.6688,0.0,501.5731,1.0,1.0562,5.62
2879,USA részvény eszközalap,2025-10-24,4.5747,2025-10-24,4.5747,0.0,624.2576,1.0,1.0289,2.89
2880,Ázsia kötvény eszközalap,2025-10-24,2.2777,2025-10-24,2.2777,0.0,320.5368,1.0,1.0336,3.36
2881,Aktív hozamfigyelõ vegyes eszközalap - D,2025-10-25,0.9559,2025-10-25,0.9559,0.0,135.6652,1.0,1.0138,1.38
2882,Euró likviditás eszközalap - D,2025-10-25,0.9272,2025-10-25,0.9272,0.0,134.118,1.0,0.9982,-0.18
2883,Európai ingatlancégek részv. eszközalap,2025-10-25,1.9095,2025-10-25,1.9095,0.0,268.1472,1.0,0.9313,-6.87
2884,Európai kötvény eszközalap - D,2025-10-25,1.2425,2025-10-25,1.2425,0.0,178.4806,1.0,0.9932,-0.68
2885,Európai részvény eszközalap,2025-10-25,2.6607,2025-10-25,2.6607,0.0,370.2382,1.0,1.0188,1.88
2886,Európai vállalati kötvény eszközalap,2025-10-25,1.3335,2025-10-25,1.3335,0.0,191.5342,1.0,1.0036,0.36
2887,Fejlõdõ piaci részvény ESG eszközalap-D,2025-10-25,1.1439,2025-10-25,1.1439,0.0,154.5848,1.0,1.0379,3.79
2888,Fejlõdõ ázsiai részvény eszközalap,2025-10-25,2.3507,2025-10-25,2.3507,0.0,310.3661,1.0,1.1383,13.83
2889,Fenntartható növekedés részvény eszk.,2025-10-25,3.1898,2025-10-25,3.1898,0.0,445.5092,1.0,0.9976,-0.24
2890,Globális egészségügyi részvény eszk.,2025-10-25,3.4297,2025-10-25,3.4297,0.0,470.2954,1.0,1.0778,7.78
2891,Globális növekedési részvény eszközalap,2025-10-25,2.2096,2025-10-25,2.2096,0.0,322.0292,1.0,0.9497,-5.03
2892,Kiegyensúlyozott vegyes eszközalap - D,2025-10-25,1.4375,2025-10-25,1.4375,0.0,202.3211,1.0,1.0261,2.61
2893,Latin-amerikai részvény eszközalap,2025-10-25,1.1571,2025-10-25,1.1571,0.0,160.0749,1.0,1.0278,2.78
2894,Magas kötvény arányú vegyes eszk. - D,2025-10-25,1.1225,2025-10-25,1.1225,0.0,159.6395,1.0,1.0106,1.06
2895,Magas védelmû vegyes eszközalap,2025-10-25,1.1015,2025-10-25,1.1015,0.0,158.4768,1.0,1.005,0.5
2896,Nemz. élelmiszeripari cégek rv. ea - D,2025-10-25,3.2223,2025-10-25,3.2223,0.0,460.7057,1.0,0.9992,-0.08
2897,Nyersanyagpiaci részvény eszközalap,2025-10-25,1.3856,2025-10-25,1.3856,0.0,194.8679,1.0,0.9794,-2.06
2898,Presztízs- és luxusmárkák rv. ea.,2025-10-25,3.6688,2025-10-25,3.6688,0.0,505.2419,1.0,1.0562,5.62
2899,USA részvény eszközalap,2025-10-25,4.5747,2025-10-25,4.5747,0.0,628.8323,1.0,1.0289,2.89
2900,Ázsia kötvény eszközalap,2025-10-25,2.2777,2025-10-25,2.2777,0.0,322.8145,1.0,1.0336,3.36
2901,Aktív hozamfigyelõ vegyes eszközalap - D,2025-10-26,0.9559,2025-10-26,0.9559,0.0,136.6211,1.0,1.0138,1.38
2902,Euró likviditás eszközalap - D,2025-10-26,0.9272,2025-10-26,0.9272,0.0,135.0452,1.0,0.9982,-0.18
2903,Európai ingatlancégek részv. eszközalap,2025-10-26,1.9095,2025-10-26,1.9095,0.0,270.0567,1.0,0.9313,-6.87
2904,Európai kötvény eszközalap - D,2025-10-26,1.2425,2025-10-26,1.2425,0.0,179.7231,1.0,0.9932,-0.68
2905,Európai részvény eszközalap,2025-10-26,2.6607,2025-10-26,2.6607,0.0,372.8989,1.0,1.0188,1.88
2906,Európai vállalati kötvény eszközalap,2025-10-26,1.3335,2025-10-26,1.3335,0.0,192.8677,1.0,1.0036,0.36
2907,Fejlõdõ piaci részvény ESG eszközalap-D,2025-10-26,1.1439,2025-10-26,1.1439,0.0,155.7287,1.0,1.0379,3.79
2908,Fejlõdõ ázsiai részvény eszközalap,2025-10-26,2.3507,2025-10-26,2.3507,0.0,312.7168,1.0,1.1383,13.83
2909,Fenntartható növekedés részvény eszk.,2025-10-26,3.1898,2025-10-26,3.1898,0.0,448.699,1.0,0.9976,-0.24
2910,Globális egészségügyi részvény eszk.,2025-10-26,3.4297,2025-10-26,3.4297,0.0,473.7251,1.0,1.0778,7.78
2911,Globális növekedési részvény eszközalap,2025-10-26,2.2096,2025-10-26,2.2096,0.0,324.2388,1.0,0.9497,-5.03
2912,Kiegyensúlyozott vegyes eszközalap - D,2025-10-26,1.4375,2025-10-26,1.4375,0.0,203.7586,1.0,1.0261,2.61
2913,Latin-amerikai részvény eszközalap,2025-10-26,1.1571,2025-10-26,1.1571,0.0,161.232,1.0,1.0278,2.78
2914,Magas kötvény arányú vegyes eszk. - D,2025-10-26,1.1225,2025-10-26,1.1225,0.0,160.762,1.0,1.0106,1.06
2915,Magas védelmû vegyes eszközalap,2025-10-26,1.1015,2025-10-26,1.1015,0.0,159.5783,1.0,1.005,0.5
2916,Nemz. élelmiszeripari cégek rv. ea - D,2025-10-26,3.2223,2025-10-26,3.2223,0.0,463.928,1.0,0.9992,-0.08
2917,Nyersanyagpiaci részvény eszközalap,2025-10-26,1.3856,2025-10-26,1.3856,0.0,196.2535,1.0,0.9794,-2.06
2918,Presztízs- és luxusmárkák rv. ea.,2025-10-26,3.6688,2025-10-26,3.6688,0.0,508.9107,1.0,1.0562,5.62
2919,USA részvény eszközalap,2025-10-26,4.5747,2025-10-26,4.5747,0.0,633.407,1.0,1.0289,2.89
2920,Ázsia kötvény eszközalap,2025-10-26,2.2777,2025-10-26,2.2777,0.0,325.0922,1.0,1.0336,3.36
2921,Aktív hozamfigyelõ vegyes eszközalap - D,2025-10-27,0.9559,2025-10-27,0.9559,0.0,137.577,1.0,1.0138,1.38
2922,Euró likviditás eszközalap - D,2025-10-27,0.9272,2025-10-27,0.9272,0.0,135.9724,1.0,0.9982,-0.18
2923,Európai ingatlancégek részv. eszközalap,2025-10-27,1.9095,2025-10-27,1.9095,0.0,271.9662,1.0,0.9313,-6.87
2924,Európai kötvény eszközalap - D,2025-10-27,1.2425,2025-10-27,1.2425,0.0,180.9656,1.0,0.9932,-0.68
2925,Európai részvény eszközalap,2025-10-27,2.6607,2025-10-27,2.6607,0.0,375.5596,1.0,1.0188,1.88
2926,Európai vállalati kötvény eszközalap,2025-10-27,1.3335,2025-10-27,1.3335,0.0,194.2012,1.0,1.0036,0.36
2927,Fejlõdõ piaci részvény ESG eszközalap-D,2025-10-27,1.1439,2025-10-27,1.1439,0.0,156.8726,1.0,1.0379,3.79
2928,Fejlõdõ ázsiai részvény eszközalap,2025-10-27,2.3507,2025-10-27,2.3507,0.0,315.0675,1.0,1.1383,13.83
2929,Fenntartható növekedés részvény eszk.,2025-10-27,3.1898,2025-10-27,3.1898,0.0,451.8888,1.0,0.9976,-0.24
2930,Globális egészségügyi részvény eszk.,2025-10-27,3.4297,2025-10-27,3.4297,0.0,477.1548,1.0,1.0778,7.78
2931,Globális növekedési részvény eszközalap,2025-10-27,2.2096,2025-10-27,2.2096,0.0,326.4484,1.0,0.9497,-5.03
2932,Kiegyensúlyozott vegyes eszközalap - D,2025-10-27,1.4375,2025-10-27,1.4375,0.0,205.1961,1.0,1.0261,2.61
2933,Latin-amerikai részvény eszközalap,2025-10-27,1.1571,2025-10-27,1.1571,0.0,162.3891,1.0,1.0278,2.78
2934,Magas kötvény arányú vegyes eszk. - D,2025-10-27,1.1225,2025-10-27,1.1225,0.0,161.8845,1.0,1.0106,1.06
2935,Magas védelmû vegyes eszközalap,2025-10-27,1.1015,2025-10-27,1.1015,0.0,160.6798,1.0,1.005,0.5
2936,Nemz. élelmiszeripari cégek rv. ea - D,2025-10-27,3.2223,2025-10-27,3.2223,0.0,467.1503,1.0,0.9992,-0.08
2937,Nyersanyagpiaci részvény eszközalap,2025-10-27,1.3856,2025-10-27,1.3856,0.0,197.6391,1.0,0.9794,-2.06
2938,Presztízs- és luxusmárkák rv. ea.,2025-10-27,3.6688,2025-10-27,3.6688,0.0,512.5795,1.0,1.0562,5.62
2939,USA részvény eszközalap,2025-10-27,4.5747,2025-10-27,4.5747,0.0,637.9817,1.0,1.0289,2.89
2940,Ázsia kötvény eszközalap,2025-10-27,2.2777,2025-10-27,2.2777,0.0,327.3699,1.0,1.0336,3.36
2941,Aktív hozamfigyelõ vegyes eszközalap - D,2025-10-28,0.9612,2025-10-29,0.961,-0.0002,138.5382,0.9998,1.0136,1.36
2942,Euró likviditás eszközalap - D,2025-10-28,0.9265,2025-10-29,0.9265,0.0,136.8989,1.0,0.9982,-0.18
2943,Európai ingatlancégek részv. eszközalap,2025-10-28,1.8914,2025-10-29,1.8734,-0.0095,273.8576,0.9905,0.9225,-7.75
2944,Európai kötvény eszközalap - D,2025-10-28,1.2387,2025-10-29,1.2388,0.0001,182.2043,1.0001,0.9933,-0.67
2945,Európai részvény eszközalap,2025-10-28,2.6941,2025-10-29,2.6894,-0.0017,378.2537,0.9983,1.0171,1.71
2946,Európai vállalati kötvény eszközalap,2025-10-28,1.3326,2025-10-29,1.3331,0.0004,195.5338,1.0004,1.004,0.4
2947,Fejlõdõ piaci részvény ESG eszközalap-D,2025-10-28,1.1656,2025-10-29,1.1572,-0.0072,158.0382,0.9928,1.0304,3.04
2948,Fejlõdõ ázsiai részvény eszközalap,2025-10-28,2.4019,2025-10-29,2.4025,0.0002,317.4694,1.0002,1.1385,13.85
2949,Fenntartható növekedés részvény eszk.,2025-10-28,3.2482,2025-10-29,3.242,-0.0019,455.137,0.9981,0.9957,-0.43
2950,Globális egészségügyi részvény eszk.,2025-10-28,3.4137,2025-10-29,3.424,0.003,480.5685,1.003,1.081,8.1
2951,Globális növekedési részvény eszközalap,2025-10-28,2.2351,2025-10-29,2.2159,-0.0086,328.6835,0.9914,0.9415,-5.85
2952,Kiegyensúlyozott vegyes eszközalap - D,2025-10-28,1.4464,2025-10-29,1.4476,0.0009,206.6425,1.0009,1.0271,2.71
2953,Latin-amerikai részvény eszközalap,2025-10-28,1.1767,2025-10-29,1.1811,0.0038,163.5658,1.0038,1.0317,3.17
2954,Magas kötvény arányú vegyes eszk. - D,2025-10-28,1.1246,2025-10-29,1.1253,0.0006,163.0091,1.0006,1.0112,1.12
2955,Magas védelmû vegyes eszközalap,2025-10-28,1.105,2025-10-29,1.1046,-0.0003,161.7848,0.9997,1.0047,0.47
2956,Nemz. élelmiszeripari cégek rv. ea - D,2025-10-28,3.1772,2025-10-29,3.162,-0.0048,470.3275,0.9952,0.9944,-0.56
2957,Nyersanyagpiaci részvény eszközalap,2025-10-28,1.3903,2025-10-29,1.391,0.0005,199.0294,1.0005,0.9799,-2.01
2958,Presztízs- és luxusmárkák rv. ea.,2025-10-28,3.7045,2025-10-29,3.6692,-0.0095,516.284,0.9905,1.0462,4.62
2959,USA részvény eszközalap,2025-10-28,4.6733,2025-10-29,4.6806,0.0016,642.655,1.0016,1.0305,3.05
2960,Ázsia kötvény eszközalap,2025-10-28,2.2726,2025-10-29,2.2732,0.0003,329.6425,1.0003,1.0339,3.39
2961,Aktív hozamfigyelõ vegyes eszközalap - D,2025-10-29,0.961,2025-10-30,0.9588,-0.0023,139.4992,0.9977,1.0112,1.12
2962,Euró likviditás eszközalap - D,2025-10-29,0.9265,2025-10-30,0.9266,0.0002,137.8254,1.0002,0.9984,-0.16
2963,Európai ingatlancégek részv. eszközalap,2025-10-29,1.8734,2025-10-30,1.8635,-0.0053,275.731,0.9947,0.9176,-8.24
2964,Európai kötvény eszközalap - D,2025-10-29,1.2388,2025-10-30,1.2392,0.0003,183.4431,1.0003,0.9936,-0.64
2965,Európai részvény eszközalap,2025-10-29,2.6894,2025-10-30,2.6873,-0.0008,380.9431,0.9992,1.0162,1.62
2966,Európai vállalati kötvény eszközalap,2025-10-29,1.3331,2025-10-30,1.3335,0.0003,196.8669,1.0003,1.0043,0.43
2967,Fejlõdõ piaci részvény ESG eszközalap-D,2025-10-29,1.1572,2025-10-30,1.1695,0.0106,159.1954,1.0106,1.0413,4.13
2968,Fejlõdõ ázsiai részvény eszközalap,2025-10-29,2.4025,2025-10-30,2.4025,0.0,319.8719,1.0,1.1385,13.85
2969,Fenntartható növekedés részvény eszk.,2025-10-29,3.242,2025-10-30,3.2315,-0.0033,458.379,0.9967,0.9924,-0.76
2970,Globális egészségügyi részvény eszk.,2025-10-29,3.424,2025-10-30,3.3876,-0.0106,483.9925,0.9894,1.0696,6.96
2971,Globális növekedési részvény eszközalap,2025-10-29,2.2159,2025-10-30,2.1711,-0.0202,330.8994,0.9798,0.9225,-7.75
2972,Kiegyensúlyozott vegyes eszközalap - D,2025-10-29,1.4476,2025-10-30,1.4499,0.0016,208.0901,1.0016,1.0287,2.87
2973,Latin-amerikai részvény eszközalap,2025-10-29,1.1811,2025-10-30,1.189,0.0066,164.7469,1.0066,1.0385,3.85
2974,Magas kötvény arányú vegyes eszk. - D,2025-10-29,1.1253,2025-10-30,1.1264,0.001,164.1344,1.001,1.0122,1.22
2975,Magas védelmû vegyes eszközalap,2025-10-29,1.1046,2025-10-30,1.1047,0.0001,162.8894,1.0001,1.0048,0.48
2976,Nemz. élelmiszeripari cégek rv. ea - D,2025-10-29,3.162,2025-10-30,3.11,-0.0164,473.4895,0.9836,0.9781,-2.19
2977,Nyersanyagpiaci részvény eszközalap,2025-10-29,1.391,2025-10-30,1.3971,0.0044,200.4204,1.0044,0.9842,-1.58
2978,Presztízs- és luxusmárkák rv. ea.,2025-10-29,3.6692,2025-10-30,3.6521,-0.0047,519.9532,0.9953,1.0413,4.13
2979,USA részvény eszközalap,2025-10-29,4.6806,2025-10-30,4.6737,-0.0015,647.3356,0.9985,1.029,2.9
2980,Ázsia kötvény eszközalap,2025-10-29,2.2732,2025-10-30,2.2757,0.0011,331.9157,1.0011,1.0351,3.51
2981,Aktív hozamfigyelõ vegyes eszközalap - D,2025-10-30,0.9588,2025-10-31,0.9577,-0.0011,140.458,0.9989,1.0101,1.01
2982,Euró likviditás eszközalap - D,2025-10-30,0.9266,2025-10-31,0.9264,-0.0003,138.752,0.9997,0.9981,-0.19
2983,Európai ingatlancégek részv. eszközalap,2025-10-30,1.8635,2025-10-31,1.8554,-0.0043,277.5945,0.9957,0.9136,-8.64
2984,Európai kötvény eszközalap - D,2025-10-30,1.2392,2025-10-31,1.238,-0.0009,184.6823,0.9991,0.9927,-0.73
2985,Európai részvény eszközalap,2025-10-30,2.6873,2025-10-31,2.6889,0.0006,383.6304,1.0006,1.0169,1.69
2986,Európai vállalati kötvény eszközalap,2025-10-30,1.3335,2025-10-31,1.332,-0.0011,198.2004,0.9989,1.0032,0.32
2987,Fejlõdõ piaci részvény ESG eszközalap-D,2025-10-30,1.1695,2025-10-31,1.1631,-0.0054,160.3649,0.9946,1.0357,3.57
2988,Fejlõdõ ázsiai részvény eszközalap,2025-10-30,2.4025,2025-10-31,2.4391,0.0152,322.2744,1.0152,1.1558,15.58
2989,Fenntartható növekedés részvény eszk.,2025-10-30,3.2315,2025-10-31,3.2372,0.0018,461.6105,1.0018,0.9942,-0.58
2990,Globális egészségügyi részvény eszk.,2025-10-30,3.3876,2025-10-31,3.3823,-0.0016,487.3801,0.9984,1.0679,6.79
2991,Globális növekedési részvény eszközalap,2025-10-30,2.1711,2025-10-31,2.1694,-0.0008,333.0705,0.9992,0.9218,-7.82
2992,Kiegyensúlyozott vegyes eszközalap - D,2025-10-30,1.4499,2025-10-31,1.4487,-0.0008,209.54,0.9992,1.0279,2.79
2993,Latin-amerikai részvény eszközalap,2025-10-30,1.189,2025-10-31,1.1948,0.0049,165.9359,1.0049,1.0436,4.36
2994,Magas kötvény arányú vegyes eszk. - D,2025-10-30,1.1264,2025-10-31,1.1252,-0.0011,165.2608,0.9989,1.0111,1.11
2995,Magas védelmû vegyes eszközalap,2025-10-30,1.1047,2025-10-31,1.1046,-0.0001,163.9941,0.9999,1.0047,0.47
2996,Nemz. élelmiszeripari cégek rv. ea - D,2025-10-30,3.11,2025-10-31,3.1216,0.0037,476.5995,1.0037,0.9817,-1.83
2997,Nyersanyagpiaci részvény eszközalap,2025-10-30,1.3971,2025-10-31,1.3868,-0.0074,201.8175,0.9926,0.977,-2.3
2998,Presztízs- és luxusmárkák rv. ea.,2025-10-30,3.6521,2025-10-31,3.6251,-0.0074,523.6053,0.9926,1.0336,3.36
2999,USA részvény eszközalap,2025-10-30,4.6737,2025-10-31,4.6772,0.0007,652.0093,1.0007,1.0297,2.97
3000,Ázsia kötvény eszközalap,2025-10-30,2.2757,2025-10-31,2.2757,0.0,334.1914,1.0,1.0351,3.51
3001,Aktív hozamfigyelõ vegyes eszközalap - D,2025-10-31,0.9577,2025-11-01,0.958,0.0003,141.4157,1.0003,1.0104,1.04
3002,Euró likviditás eszközalap - D,2025-10-31,0.9264,2025-11-01,0.9266,0.0003,139.6784,1.0003,0.9984,-0.16
3003,Európai ingatlancégek részv. eszközalap,2025-10-31,1.8554,2025-11-01,1.8424,-0.007,279.4499,0.993,0.9072,-9.28
3004,Európai kötvény eszközalap - D,2025-10-31,1.238,2025-11-01,1.2382,0.0001,185.9203,1.0001,0.9928,-0.72
3005,Európai részvény eszközalap,2025-10-31,2.6889,2025-11-01,2.666,-0.0085,386.3193,0.9915,1.0082,0.82
3006,Európai vállalati kötvény eszközalap,2025-10-31,1.332,2025-11-01,1.3324,0.0003,199.5324,1.0003,1.0035,0.35
3007,Fejlõdõ piaci részvény ESG eszközalap-D,2025-10-31,1.1631,2025-11-01,1.1568,-0.0054,161.528,0.9946,1.0301,3.01
3008,Fejlõdõ ázsiai részvény eszközalap,2025-10-31,2.4391,2025-11-01,2.4282,-0.0045,324.7135,0.9955,1.1506,15.06
3009,Fenntartható növekedés részvény eszk.,2025-10-31,3.2372,2025-11-01,3.2417,0.0014,464.8477,1.0014,0.9956,-0.44
3010,Globális egészségügyi részvény eszk.,2025-10-31,3.3823,2025-11-01,3.3589,-0.0069,490.7624,0.9931,1.0605,6.05
3011,Globális növekedési részvény eszközalap,2025-10-31,2.1694,2025-11-01,2.1716,0.001,335.2399,1.001,0.9227,-7.73
3012,Kiegyensúlyozott vegyes eszközalap - D,2025-10-31,1.4487,2025-11-01,1.4503,0.0011,210.9887,1.0011,1.029,2.9
3013,Latin-amerikai részvény eszközalap,2025-10-31,1.1948,2025-11-01,1.1964,0.0014,167.1307,1.0014,1.045,4.5
3014,Magas kötvény arányú vegyes eszk. - D,2025-10-31,1.1252,2025-11-01,1.1258,0.0005,166.386,1.0005,1.0116,1.16
3015,Magas védelmû vegyes eszközalap,2025-10-31,1.1046,2025-11-01,1.1028,-0.0016,165.0987,0.9984,1.0031,0.31
3016,Nemz. élelmiszeripari cégek rv. ea - D,2025-10-31,3.1216,2025-11-01,3.1092,-0.004,479.7211,0.996,0.9778,-2.22
3017,Nyersanyagpiaci részvény eszközalap,2025-10-31,1.3868,2025-11-01,1.3804,-0.0046,203.2043,0.9954,0.9725,-2.75
3018,Presztízs- és luxusmárkák rv. ea.,2025-10-31,3.6251,2025-11-01,3.636,0.003,527.2304,1.003,1.0367,3.67
3019,USA részvény eszközalap,2025-10-31,4.6772,2025-11-01,4.7,0.0049,656.6865,1.0049,1.0347,3.47
3020,Ázsia kötvény eszközalap,2025-10-31,2.2757,2025-11-01,2.2805,0.0021,336.4671,1.0021,1.0373,3.73
3021,Aktív hozamfigyelõ vegyes eszközalap - D,2025-11-01,0.958,2025-11-01,0.958,0.0,142.3737,1.0,1.0104,1.04
3022,Euró likviditás eszközalap - D,2025-11-01,0.9266,2025-11-01,0.9266,0.0,140.605,1.0,0.9984,-0.16
3023,Európai ingatlancégek részv. eszközalap,2025-11-01,1.8424,2025-11-01,1.8424,0.0,281.2923,1.0,0.9072,-9.28
3024,Európai kötvény eszközalap - D,2025-11-01,1.2382,2025-11-01,1.2382,0.0,187.1585,1.0,0.9928,-0.72
3025,Európai részvény eszközalap,2025-11-01,2.666,2025-11-01,2.666,0.0,388.9853,1.0,1.0082,0.82
3026,Európai vállalati kötvény eszközalap,2025-11-01,1.3324,2025-11-01,1.3324,0.0,200.8648,1.0,1.0035,0.35
3027,Fejlõdõ piaci részvény ESG eszközalap-D,2025-11-01,1.1568,2025-11-01,1.1568,0.0,162.6848,1.0,1.0301,3.01
3028,Fejlõdõ ázsiai részvény eszközalap,2025-11-01,2.4282,2025-11-01,2.4282,0.0,327.1417,1.0,1.1506,15.06
3029,Fenntartható növekedés részvény eszk.,2025-11-01,3.2417,2025-11-01,3.2417,0.0,468.0894,1.0,0.9956,-0.44
3030,Globális egészségügyi részvény eszk.,2025-11-01,3.3589,2025-11-01,3.3589,0.0,494.1213,1.0,1.0605,6.05
3031,Globális növekedési részvény eszközalap,2025-11-01,2.1716,2025-11-01,2.1716,0.0,337.4115,1.0,0.9227,-7.73
3032,Kiegyensúlyozott vegyes eszközalap - D,2025-11-01,1.4503,2025-11-01,1.4503,0.0,212.439,1.0,1.029,2.9
3033,Latin-amerikai részvény eszközalap,2025-11-01,1.1964,2025-11-01,1.1964,0.0,168.3271,1.0,1.045,4.5
3034,Magas kötvény arányú vegyes eszk. - D,2025-11-01,1.1258,2025-11-01,1.1258,0.0,167.5118,1.0,1.0116,1.16
3035,Magas védelmû vegyes eszközalap,2025-11-01,1.1028,2025-11-01,1.1028,0.0,166.2015,1.0,1.0031,0.31
3036,Nemz. élelmiszeripari cégek rv. ea - D,2025-11-01,3.1092,2025-11-01,3.1092,0.0,482.8303,1.0,0.9778,-2.22
3037,Nyersanyagpiaci részvény eszközalap,2025-11-01,1.3804,2025-11-01,1.3804,0.0,204.5847,1.0,0.9725,-2.75
3038,Presztízs- és luxusmárkák rv. ea.,2025-11-01,3.636,2025-11-01,3.636,0.0,530.8664,1.0,1.0367,3.67
3039,USA részvény eszközalap,2025-11-01,4.7,2025-11-01,4.7,0.0,661.3865,1.0,1.0347,3.47
3040,Ázsia kötvény eszközalap,2025-11-01,2.2805,2025-11-01,2.2805,0.0,338.7476,1.0,1.0373,3.73
3041,Aktív hozamfigyelõ vegyes eszközalap - D,2025-11-02,0.958,2025-11-02,0.958,0.0,143.3317,1.0,1.0104,1.04
3042,Euró likviditás eszközalap - D,2025-11-02,0.9266,2025-11-02,0.9266,0.0,141.5316,1.0,0.9984,-0.16
3043,Európai ingatlancégek részv. eszközalap,2025-11-02,1.8424,2025-11-02,1.8424,0.0,283.1347,1.0,0.9072,-9.28
3044,Európai kötvény eszközalap - D,2025-11-02,1.2382,2025-11-02,1.2382,0.0,188.3967,1.0,0.9928,-0.72
3045,Európai részvény eszközalap,2025-11-02,2.666,2025-11-02,2.666,0.0,391.6513,1.0,1.0082,0.82
3046,Európai vállalati kötvény eszközalap,2025-11-02,1.3324,2025-11-02,1.3324,0.0,202.1972,1.0,1.0035,0.35
3047,Fejlõdõ piaci részvény ESG eszközalap-D,2025-11-02,1.1568,2025-11-02,1.1568,0.0,163.8416,1.0,1.0301,3.01
3048,Fejlõdõ ázsiai részvény eszközalap,2025-11-02,2.4282,2025-11-02,2.4282,0.0,329.5699,1.0,1.1506,15.06
3049,Fenntartható növekedés részvény eszk.,2025-11-02,3.2417,2025-11-02,3.2417,0.0,471.3311,1.0,0.9956,-0.44
3050,Globális egészségügyi részvény eszk.,2025-11-02,3.3589,2025-11-02,3.3589,0.0,497.4802,1.0,1.0605,6.05
3051,Globális növekedési részvény eszközalap,2025-11-02,2.1716,2025-11-02,2.1716,0.0,339.5831,1.0,0.9227,-7.73
3052,Kiegyensúlyozott vegyes eszközalap - D,2025-11-02,1.4503,2025-11-02,1.4503,0.0,213.8893,1.0,1.029,2.9
3053,Latin-amerikai részvény eszközalap,2025-11-02,1.1964,2025-11-02,1.1964,0.0,169.5235,1.0,1.045,4.5
3054,Magas kötvény arányú vegyes eszk. - D,2025-11-02,1.1258,2025-11-02,1.1258,0.0,168.6376,1.0,1.0116,1.16
3055,Magas védelmû vegyes eszközalap,2025-11-02,1.1028,2025-11-02,1.1028,0.0,167.3043,1.0,1.0031,0.31
3056,Nemz. élelmiszeripari cégek rv. ea - D,2025-11-02,3.1092,2025-11-02,3.1092,0.0,485.9395,1.0,0.9778,-2.22
3057,Nyersanyagpiaci részvény eszközalap,2025-11-02,1.3804,2025-11-02,1.3804,0.0,205.9651,1.0,0.9725,-2.75
3058,Presztízs- és luxusmárkák rv. ea.,2025-11-02,3.636,2025-11-02,3.636,0.0,534.5024,1.0,1.0367,3.67
3059,USA részvény eszközalap,2025-11-02,4.7,2025-11-02,4.7,0.0,666.0865,1.0,1.0347,3.47
3060,Ázsia kötvény eszközalap,2025-11-02,2.2805,2025-11-02,2.2805,0.0,341.0281,1.0,1.0373,3.73
3061,Aktív hozamfigyelõ vegyes eszközalap - D,2025-11-03,0.958,2025-11-03,0.958,0.0,144.2897,1.0,1.0104,1.04
3062,Euró likviditás eszközalap - D,2025-11-03,0.9266,2025-11-03,0.9266,0.0,142.4582,1.0,0.9984,-0.16
3063,Európai ingatlancégek részv. eszközalap,2025-11-03,1.8424,2025-11-03,1.8424,0.0,284.9771,1.0,0.9072,-9.28
3064,Európai kötvény eszközalap - D,2025-11-03,1.2382,2025-11-03,1.2382,0.0,189.6349,1.0,0.9928,-0.72
3065,Európai részvény eszközalap,2025-11-03,2.666,2025-11-03,2.666,0.0,394.3173,1.0,1.0082,0.82
3066,Európai vállalati kötvény eszközalap,2025-11-03,1.3324,2025-11-03,1.3324,0.0,203.5296,1.0,1.0035,0.35
3067,Fejlõdõ piaci részvény ESG eszközalap-D,2025-11-03,1.1568,2025-11-03,1.1568,0.0,164.9984,1.0,1.0301,3.01
3068,Fejlõdõ ázsiai részvény eszközalap,2025-11-03,2.4282,2025-11-03,2.4282,0.0,331.9981,1.0,1.1506,15.06
3069,Fenntartható növekedés részvény eszk.,2025-11-03,3.2417,2025-11-03,3.2417,0.0,474.5728,1.0,0.9956,-0.44
3070,Globális egészségügyi részvény eszk.,2025-11-03,3.3589,2025-11-03,3.3589,0.0,500.8391,1.0,1.0605,6.05
3071,Globális növekedési részvény eszközalap,2025-11-03,2.1716,2025-11-03,2.1716,0.0,341.7547,1.0,0.9227,-7.73
3072,Kiegyensúlyozott vegyes eszközalap - D,2025-11-03,1.4503,2025-11-03,1.4503,0.0,215.3396,1.0,1.029,2.9
3073,Latin-amerikai részvény eszközalap,2025-11-03,1.1964,2025-11-03,1.1964,0.0,170.7199,1.0,1.045,4.5
3074,Magas kötvény arányú vegyes eszk. - D,2025-11-03,1.1258,2025-11-03,1.1258,0.0,169.7634,1.0,1.0116,1.16
3075,Magas védelmû vegyes eszközalap,2025-11-03,1.1028,2025-11-03,1.1028,0.0,168.4071,1.0,1.0031,0.31
3076,Nemz. élelmiszeripari cégek rv. ea - D,2025-11-03,3.1092,2025-11-03,3.1092,0.0,489.0487,1.0,0.9778,-2.22
3077,Nyersanyagpiaci részvény eszközalap,2025-11-03,1.3804,2025-11-03,1.3804,0.0,207.3455,1.0,0.9725,-2.75
3078,Presztízs- és luxusmárkák rv. ea.,2025-11-03,3.636,2025-11-03,3.636,0.0,538.1384,1.0,1.0367,3.67
3079,USA részvény eszközalap,2025-11-03,4.7,2025-11-03,4.7,0.0,670.7865,1.0,1.0347,3.47
3080,Ázsia kötvény eszközalap,2025-11-03,2.2805,2025-11-03,2.2805,0.0,343.3086,1.0,1.0373,3.73
3081,Aktív hozamfigyelõ vegyes eszközalap - D,2025-11-04,0.9582,2025-11-05,0.9562,-0.002,145.2479,0.998,1.0084,0.84
3082,Euró likviditás eszközalap - D,2025-11-04,0.9263,2025-11-05,0.9264,0.0,143.3845,1.0,0.9984,-0.16
3083,Európai ingatlancégek részv. eszközalap,2025-11-04,1.8278,2025-11-05,1.8388,0.006,286.8049,1.006,0.9127,-8.73
3084,Európai kötvény eszközalap - D,2025-11-04,1.2369,2025-11-05,1.2375,0.0005,190.8718,1.0005,0.9933,-0.67
3085,Európai részvény eszközalap,2025-11-04,2.6707,2025-11-05,2.6669,-0.0014,396.988,0.9986,1.0068,0.68
3086,Európai vállalati kötvény eszközalap,2025-11-04,1.33,2025-11-05,1.3297,-0.0002,204.8596,0.9998,1.0033,0.33
3087,Fejlõdõ piaci részvény ESG eszközalap-D,2025-11-04,1.164,2025-11-05,1.1535,-0.009,166.1624,0.991,1.0209,2.09
3088,Fejlõdõ ázsiai részvény eszközalap,2025-11-04,2.4494,2025-11-05,2.4411,-0.0034,334.4475,0.9966,1.1467,14.67
3089,Fenntartható növekedés részvény eszk.,2025-11-04,3.2519,2025-11-05,3.2349,-0.0052,477.8247,0.9948,0.9904,-0.96
3090,Globális egészségügyi részvény eszk.,2025-11-04,3.3456,2025-11-05,3.3455,0.0,504.1847,1.0,1.0605,6.05
3091,Globális növekedési részvény eszközalap,2025-11-04,2.1715,2025-11-05,2.1633,-0.0038,343.9262,0.9962,0.9192,-8.08
3092,Kiegyensúlyozott vegyes eszközalap - D,2025-11-04,1.4526,2025-11-05,1.4487,-0.0027,216.7922,0.9973,1.0262,2.62
3093,Latin-amerikai részvény eszközalap,2025-11-04,1.2061,2025-11-05,1.2034,-0.0023,171.926,0.9977,1.0426,4.26
3094,Magas kötvény arányú vegyes eszk. - D,2025-11-04,1.126,2025-11-05,1.1244,-0.0014,170.8894,0.9986,1.0102,1.02
3095,Magas védelmû vegyes eszközalap,2025-11-04,1.1034,2025-11-05,1.1026,-0.0007,169.5105,0.9993,1.0024,0.24
3096,Nemz. élelmiszeripari cégek rv. ea - D,2025-11-04,3.1001,2025-11-05,3.1205,0.0066,492.1488,1.0066,0.9842,-1.58
3097,Nyersanyagpiaci részvény eszközalap,2025-11-04,1.3666,2025-11-05,1.359,-0.0056,208.7121,0.9944,0.967,-3.3
3098,Presztízs- és luxusmárkák rv. ea.,2025-11-04,3.6229,2025-11-05,3.5812,-0.0115,541.7613,0.9885,1.0248,2.48
3099,USA részvény eszközalap,2025-11-04,4.7041,2025-11-05,4.658,-0.0098,675.4906,0.9902,1.0246,2.46
3100,Ázsia kötvény eszközalap,2025-11-04,2.2923,2025-11-05,2.2938,0.0006,345.6009,1.0006,1.0379,3.79
3101,Aktív hozamfigyelõ vegyes eszközalap - D,2025-11-05,0.9562,2025-11-06,0.9555,-0.0007,146.2041,0.9993,1.0077,0.77
3102,Euró likviditás eszközalap - D,2025-11-05,0.9264,2025-11-06,0.9261,-0.0002,144.3109,0.9998,0.9982,-0.18
3103,Európai ingatlancégek részv. eszközalap,2025-11-05,1.8388,2025-11-06,1.8326,-0.0034,288.6437,0.9966,0.9096,-9.04
3104,Európai kötvény eszközalap - D,2025-11-05,1.2375,2025-11-06,1.2361,-0.0011,192.1093,0.9989,0.9922,-0.78
3105,Európai részvény eszközalap,2025-11-05,2.6669,2025-11-06,2.6725,0.0021,399.6549,1.0021,1.0089,0.89
3106,Európai vállalati kötvény eszközalap,2025-11-05,1.3297,2025-11-06,1.329,-0.0005,206.1893,0.9995,1.0028,0.28
3107,Fejlõdõ piaci részvény ESG eszközalap-D,2025-11-05,1.1535,2025-11-06,1.1534,0.0,167.3159,1.0,1.0209,2.09
3108,Fejlõdõ ázsiai részvény eszközalap,2025-11-05,2.4411,2025-11-06,2.4346,-0.0026,336.8886,0.9974,1.1437,14.37
3109,Fenntartható növekedés részvény eszk.,2025-11-05,3.2349,2025-11-06,3.2442,0.0029,481.0596,1.0029,0.9932,-0.68
3110,Globális egészségügyi részvény eszk.,2025-11-05,3.3455,2025-11-06,3.366,0.0061,507.5302,1.0061,1.067,6.7
3111,Globális növekedési részvény eszközalap,2025-11-05,2.1633,2025-11-06,2.176,0.0059,346.0895,1.0059,0.9246,-7.54
3112,Kiegyensúlyozott vegyes eszközalap - D,2025-11-05,1.4487,2025-11-06,1.4476,-0.0007,218.2409,0.9993,1.0255,2.55
3113,Latin-amerikai részvény eszközalap,2025-11-05,1.2034,2025-11-06,1.2177,0.0119,173.1294,1.0119,1.055,5.5
3114,Magas kötvény arányú vegyes eszk. - D,2025-11-05,1.1244,2025-11-06,1.1233,-0.001,172.0138,0.999,1.0092,0.92
3115,Magas védelmû vegyes eszközalap,2025-11-05,1.1026,2025-11-06,1.1034,0.0007,170.6131,1.0007,1.0031,0.31
3116,Nemz. élelmiszeripari cégek rv. ea - D,2025-11-05,3.1205,2025-11-06,3.129,0.0027,495.2693,1.0027,0.9869,-1.31
3117,Nyersanyagpiaci részvény eszközalap,2025-11-05,1.359,2025-11-06,1.3627,0.0027,210.0711,1.0027,0.9696,-3.04
3118,Presztízs- és luxusmárkák rv. ea.,2025-11-05,3.5812,2025-11-06,3.6078,0.0074,545.3425,1.0074,1.0323,3.23
3119,USA részvény eszközalap,2025-11-05,4.658,2025-11-06,4.6784,0.0044,680.1486,1.0044,1.0291,2.91
3120,Ázsia kötvény eszközalap,2025-11-05,2.2938,2025-11-06,2.295,0.0005,347.8947,1.0005,1.0384,3.84
3121,Aktív hozamfigyelõ vegyes eszközalap - D,2025-11-06,0.9555,2025-11-07,0.9529,-0.0028,147.1596,0.9972,1.0049,0.49
3122,Euró likviditás eszközalap - D,2025-11-06,0.9261,2025-11-07,0.9262,0.0001,145.237,1.0001,0.9983,-0.17
3123,Európai ingatlancégek részv. eszközalap,2025-11-06,1.8326,2025-11-07,1.8418,0.005,290.4763,1.005,0.9141,-8.59
3124,Európai kötvény eszközalap - D,2025-11-06,1.2361,2025-11-07,1.2366,0.0004,193.3454,1.0004,0.9926,-0.74
3125,Európai részvény eszközalap,2025-11-06,2.6725,2025-11-07,2.6462,-0.0098,402.3274,0.9902,0.999,-0.1
3126,Európai vállalati kötvény eszközalap,2025-11-06,1.329,2025-11-07,1.329,0.0,207.5183,1.0,1.0028,0.28
3127,Fejlõdõ piaci részvény ESG eszközalap-D,2025-11-06,1.1534,2025-11-07,1.144,-0.0082,168.4693,0.9918,1.0125,1.25
3128,Fejlõdõ ázsiai részvény eszközalap,2025-11-06,2.4346,2025-11-07,2.4418,0.003,339.3232,1.003,1.1471,14.71
3129,Fenntartható növekedés részvény eszk.,2025-11-06,3.2442,2025-11-07,3.198,-0.0143,484.3038,0.9857,0.979,-2.1
3130,Globális egészségügyi részvény eszk.,2025-11-06,3.366,2025-11-07,3.3788,0.0038,510.8962,1.0038,1.071,7.1
3131,Globális növekedési részvény eszközalap,2025-11-06,2.176,2025-11-07,2.1675,-0.0039,348.2655,0.9961,0.921,-7.9
3132,Kiegyensúlyozott vegyes eszközalap - D,2025-11-06,1.4476,2025-11-07,1.4414,-0.0043,219.6885,0.9957,1.0211,2.11
3133,Latin-amerikai részvény eszközalap,2025-11-06,1.2177,2025-11-07,1.2178,0.0001,174.3471,1.0001,1.0551,5.51
3134,Magas kötvény arányú vegyes eszk. - D,2025-11-06,1.1233,2025-11-07,1.121,-0.0021,173.1371,0.9979,1.0071,0.71
3135,Magas védelmû vegyes eszközalap,2025-11-06,1.1034,2025-11-07,1.1007,-0.0024,171.7165,0.9976,1.0007,0.07
3136,Nemz. élelmiszeripari cégek rv. ea - D,2025-11-06,3.129,2025-11-07,3.1076,-0.0068,498.3983,0.9932,0.9802,-1.98
3137,Nyersanyagpiaci részvény eszközalap,2025-11-06,1.3627,2025-11-07,1.3624,-0.0002,211.4338,0.9998,0.9694,-3.06
3138,Presztízs- és luxusmárkák rv. ea.,2025-11-06,3.6078,2025-11-07,3.5414,-0.0184,548.9503,0.9816,1.0133,1.33
3139,USA részvény eszközalap,2025-11-06,4.6784,2025-11-07,4.6044,-0.0158,684.827,0.9842,1.0128,1.28
3140,Ázsia kötvény eszközalap,2025-11-06,2.295,2025-11-07,2.2878,-0.0032,350.1897,0.9968,1.0351,3.51
3141,Aktív hozamfigyelõ vegyes eszközalap - D,2025-11-07,0.9529,2025-11-08,0.9528,0.0,148.1125,1.0,1.0049,0.49
3142,Euró likviditás eszközalap - D,2025-11-07,0.9262,2025-11-08,0.9262,0.0,146.1632,1.0,0.9983,-0.17
3143,Európai ingatlancégek részv. eszközalap,2025-11-07,1.8418,2025-11-08,1.8448,0.0016,292.3181,1.0016,0.9156,-8.44
3144,Európai kötvény eszközalap - D,2025-11-07,1.2366,2025-11-08,1.236,-0.0005,194.582,0.9995,0.9921,-0.79
3145,Európai részvény eszközalap,2025-11-07,2.6462,2025-11-08,2.6231,-0.0087,404.9736,0.9913,0.9903,-0.97
3146,Európai vállalati kötvény eszközalap,2025-11-07,1.329,2025-11-08,1.3275,-0.0011,208.8473,0.9989,1.0017,0.17
3147,Fejlõdõ piaci részvény ESG eszközalap-D,2025-11-07,1.144,2025-11-08,1.1283,-0.0137,169.6133,0.9863,0.9986,-0.14
3148,Fejlõdõ ázsiai részvény eszközalap,2025-11-07,2.4418,2025-11-08,2.4074,-0.0141,341.765,0.9859,1.131,13.1
3149,Fenntartható növekedés részvény eszk.,2025-11-07,3.198,2025-11-08,3.1982,0.0001,487.5018,1.0001,0.9791,-2.09
3150,Globális egészségügyi részvény eszk.,2025-11-07,3.3788,2025-11-08,3.3684,-0.0031,514.275,0.9969,1.0677,6.77
3151,Globális növekedési részvény eszközalap,2025-11-07,2.1675,2025-11-08,2.1636,-0.0018,350.433,0.9982,0.9194,-8.06
3152,Kiegyensúlyozott vegyes eszközalap - D,2025-11-07,1.4414,2025-11-08,1.4351,-0.0044,221.1299,0.9956,1.0166,1.66
3153,Latin-amerikai részvény eszközalap,2025-11-07,1.2178,2025-11-08,1.2189,0.0009,175.5649,1.0009,1.0561,5.61
3154,Magas kötvény arányú vegyes eszk. - D,2025-11-07,1.121,2025-11-08,1.1181,-0.0026,174.2581,0.9974,1.0044,0.44
3155,Magas védelmû vegyes eszközalap,2025-11-07,1.1007,2025-11-08,1.0985,-0.002,172.8172,0.998,0.9987,-0.13
3156,Nemz. élelmiszeripari cégek rv. ea - D,2025-11-07,3.1076,2025-11-08,3.1303,0.0073,501.5059,1.0073,0.9873,-1.27
3157,Nyersanyagpiaci részvény eszközalap,2025-11-07,1.3624,2025-11-08,1.3564,-0.0044,212.7962,0.9956,0.9652,-3.48
3158,Presztízs- és luxusmárkák rv. ea.,2025-11-07,3.5414,2025-11-08,3.5632,0.0061,552.4917,1.0061,1.0195,1.95
3159,USA részvény eszközalap,2025-11-07,4.6044,2025-11-08,4.6045,0.0,689.4314,1.0,1.0128,1.28
3160,Ázsia kötvény eszközalap,2025-11-07,2.2878,2025-11-08,2.2847,-0.0014,352.4775,0.9986,1.0336,3.36
3161,Aktív hozamfigyelõ vegyes eszközalap - D,2025-11-08,0.9528,2025-11-08,0.9528,0.0,149.0653,1.0,1.0049,0.49
3162,Euró likviditás eszközalap - D,2025-11-08,0.9262,2025-11-08,0.9262,0.0,147.0894,1.0,0.9983,-0.17
3163,Európai ingatlancégek részv. eszközalap,2025-11-08,1.8448,2025-11-08,1.8448,0.0,294.1629,1.0,0.9156,-8.44
3164,Európai kötvény eszközalap - D,2025-11-08,1.236,2025-11-08,1.236,0.0,195.818,1.0,0.9921,-0.79
3165,Európai részvény eszközalap,2025-11-08,2.6231,2025-11-08,2.6231,0.0,407.5967,1.0,0.9903,-0.97
3166,Európai vállalati kötvény eszközalap,2025-11-08,1.3275,2025-11-08,1.3275,0.0,210.1748,1.0,1.0017,0.17
3167,Fejlõdõ piaci részvény ESG eszközalap-D,2025-11-08,1.1283,2025-11-08,1.1283,0.0,170.7416,1.0,0.9986,-0.14
3168,Fejlõdõ ázsiai részvény eszközalap,2025-11-08,2.4074,2025-11-08,2.4074,0.0,344.1724,1.0,1.131,13.1
3169,Fenntartható növekedés részvény eszk.,2025-11-08,3.1982,2025-11-08,3.1982,0.0,490.7,1.0,0.9791,-2.09
3170,Globális egészségügyi részvény eszk.,2025-11-08,3.3684,2025-11-08,3.3684,0.0,517.6434,1.0,1.0677,6.77
3171,Globális növekedési részvény eszközalap,2025-11-08,2.1636,2025-11-08,2.1636,0.0,352.5966,1.0,0.9194,-8.06
3172,Kiegyensúlyozott vegyes eszközalap - D,2025-11-08,1.4351,2025-11-08,1.4351,0.0,222.565,1.0,1.0166,1.66
3173,Latin-amerikai részvény eszközalap,2025-11-08,1.2189,2025-11-08,1.2189,0.0,176.7838,1.0,1.0561,5.61
3174,Magas kötvény arányú vegyes eszk. - D,2025-11-08,1.1181,2025-11-08,1.1181,0.0,175.3762,1.0,1.0044,0.44
3175,Magas védelmû vegyes eszközalap,2025-11-08,1.0985,2025-11-08,1.0985,0.0,173.9157,1.0,0.9987,-0.13
3176,Nemz. élelmiszeripari cégek rv. ea - D,2025-11-08,3.1303,2025-11-08,3.1303,0.0,504.6362,1.0,0.9873,-1.27
3177,Nyersanyagpiaci részvény eszközalap,2025-11-08,1.3564,2025-11-08,1.3564,0.0,214.1526,1.0,0.9652,-3.48
3178,Presztízs- és luxusmárkák rv. ea.,2025-11-08,3.5632,2025-11-08,3.5632,0.0,556.0549,1.0,1.0195,1.95
3179,USA részvény eszközalap,2025-11-08,4.6045,2025-11-08,4.6045,0.0,694.0359,1.0,1.0128,1.28
3180,Ázsia kötvény eszközalap,2025-11-08,2.2847,2025-11-08,2.2847,0.0,354.7622,1.0,1.0336,3.36
3181,Aktív hozamfigyelõ vegyes eszközalap - D,2025-11-09,0.9528,2025-11-09,0.9528,0.0,150.0181,1.0,1.0049,0.49
3182,Euró likviditás eszközalap - D,2025-11-09,0.9262,2025-11-09,0.9262,0.0,148.0156,1.0,0.9983,-0.17
3183,Európai ingatlancégek részv. eszközalap,2025-11-09,1.8448,2025-11-09,1.8448,0.0,296.0077,1.0,0.9156,-8.44
3184,Európai kötvény eszközalap - D,2025-11-09,1.236,2025-11-09,1.236,0.0,197.054,1.0,0.9921,-0.79
3185,Európai részvény eszközalap,2025-11-09,2.6231,2025-11-09,2.6231,0.0,410.2198,1.0,0.9903,-0.97
3186,Európai vállalati kötvény eszközalap,2025-11-09,1.3275,2025-11-09,1.3275,0.0,211.5023,1.0,1.0017,0.17
3187,Fejlõdõ piaci részvény ESG eszközalap-D,2025-11-09,1.1283,2025-11-09,1.1283,0.0,171.8699,1.0,0.9986,-0.14
3188,Fejlõdõ ázsiai részvény eszközalap,2025-11-09,2.4074,2025-11-09,2.4074,0.0,346.5798,1.0,1.131,13.1
3189,Fenntartható növekedés részvény eszk.,2025-11-09,3.1982,2025-11-09,3.1982,0.0,493.8982,1.0,0.9791,-2.09
3190,Globális egészségügyi részvény eszk.,2025-11-09,3.3684,2025-11-09,3.3684,0.0,521.0118,1.0,1.0677,6.77
3191,Globális növekedési részvény eszközalap,2025-11-09,2.1636,2025-11-09,2.1636,0.0,354.7602,1.0,0.9194,-8.06
3192,Kiegyensúlyozott vegyes eszközalap - D,2025-11-09,1.4351,2025-11-09,1.4351,0.0,224.0001,1.0,1.0166,1.66
3193,Latin-amerikai részvény eszközalap,2025-11-09,1.2189,2025-11-09,1.2189,0.0,178.0027,1.0,1.0561,5.61
3194,Magas kötvény arányú vegyes eszk. - D,2025-11-09,1.1181,2025-11-09,1.1181,0.0,176.4943,1.0,1.0044,0.44
3195,Magas védelmû vegyes eszközalap,2025-11-09,1.0985,2025-11-09,1.0985,0.0,175.0142,1.0,0.9987,-0.13
3196,Nemz. élelmiszeripari cégek rv. ea - D,2025-11-09,3.1303,2025-11-09,3.1303,0.0,507.7665,1.0,0.9873,-1.27
3197,Nyersanyagpiaci részvény eszközalap,2025-11-09,1.3564,2025-11-09,1.3564,0.0,215.509,1.0,0.9652,-3.48
3198,Presztízs- és luxusmárkák rv. ea.,2025-11-09,3.5632,2025-11-09,3.5632,0.0,559.6181,1.0,1.0195,1.95
3199,USA részvény eszközalap,2025-11-09,4.6045,2025-11-09,4.6045,0.0,698.6404,1.0,1.0128,1.28
3200,Ázsia kötvény eszközalap,2025-11-09,2.2847,2025-11-09,2.2847,0.0,357.0469,1.0,1.0336,3.36
3201,Aktív hozamfigyelõ vegyes eszközalap - D,2025-11-10,0.9528,2025-11-10,0.9528,0.0,150.9709,1.0,1.0049,0.49
3202,Euró likviditás eszközalap - D,2025-11-10,0.9262,2025-11-10,0.9262,0.0,148.9418,1.0,0.9983,-0.17
3203,Európai ingatlancégek részv. eszközalap,2025-11-10,1.8448,2025-11-10,1.8448,0.0,297.8525,1.0,0.9156,-8.44
3204,Európai kötvény eszközalap - D,2025-11-10,1.236,2025-11-10,1.236,0.0,198.29,1.0,0.9921,-0.79
3205,Európai részvény eszközalap,2025-11-10,2.6231,2025-11-10,2.6231,0.0,412.8429,1.0,0.9903,-0.97
3206,Európai vállalati kötvény eszközalap,2025-11-10,1.3275,2025-11-10,1.3275,0.0,212.8298,1.0,1.0017,0.17
3207,Fejlõdõ piaci részvény ESG eszközalap-D,2025-11-10,1.1283,2025-11-10,1.1283,0.0,172.9982,1.0,0.9986,-0.14
3208,Fejlõdõ ázsiai részvény eszközalap,2025-11-10,2.4074,2025-11-10,2.4074,0.0,348.9872,1.0,1.131,13.1
3209,Fenntartható növekedés részvény eszk.,2025-11-10,3.1982,2025-11-10,3.1982,0.0,497.0964,1.0,0.9791,-2.09
3210,Globális egészségügyi részvény eszk.,2025-11-10,3.3684,2025-11-10,3.3684,0.0,524.3802,1.0,1.0677,6.77
3211,Globális növekedési részvény eszközalap,2025-11-10,2.1636,2025-11-10,2.1636,0.0,356.9238,1.0,0.9194,-8.06
3212,Kiegyensúlyozott vegyes eszközalap - D,2025-11-10,1.4351,2025-11-10,1.4351,0.0,225.4352,1.0,1.0166,1.66
3213,Latin-amerikai részvény eszközalap,2025-11-10,1.2189,2025-11-10,1.2189,0.0,179.2216,1.0,1.0561,5.61
3214,Magas kötvény arányú vegyes eszk. - D,2025-11-10,1.1181,2025-11-10,1.1181,0.0,177.6124,1.0,1.0044,0.44
3215,Magas védelmû vegyes eszközalap,2025-11-10,1.0985,2025-11-10,1.0985,0.0,176.1127,1.0,0.9987,-0.13
3216,Nemz. élelmiszeripari cégek rv. ea - D,2025-11-10,3.1303,2025-11-10,3.1303,0.0,510.8968,1.0,0.9873,-1.27
3217,Nyersanyagpiaci részvény eszközalap,2025-11-10,1.3564,2025-11-10,1.3564,0.0,216.8654,1.0,0.9652,-3.48
3218,Presztízs- és luxusmárkák rv. ea.,2025-11-10,3.5632,2025-11-10,3.5632,0.0,563.1813,1.0,1.0195,1.95
3219,USA részvény eszközalap,2025-11-10,4.6045,2025-11-10,4.6045,0.0,703.2449,1.0,1.0128,1.28
3220,Ázsia kötvény eszközalap,2025-11-10,2.2847,2025-11-10,2.2847,0.0,359.3316,1.0,1.0336,3.36
3221,Aktív hozamfigyelõ vegyes eszközalap - D,2025-11-11,0.9574,2025-11-12,0.9589,0.0015,151.9283,1.0015,1.0064,0.64
3222,Euró likviditás eszközalap - D,2025-11-11,0.9263,2025-11-12,0.9263,0.0001,149.8681,1.0001,0.9984,-0.16
3223,Európai ingatlancégek részv. eszközalap,2025-11-11,1.8447,2025-11-12,1.8533,0.0047,299.6972,1.0047,0.9199,-8.01
3224,Európai kötvény eszközalap - D,2025-11-11,1.2368,2025-11-12,1.2378,0.0008,199.5268,1.0008,0.9929,-0.71
3225,Európai részvény eszközalap,2025-11-11,2.6642,2025-11-12,2.6873,0.0087,415.5071,1.0087,0.999,-0.1
3226,Európai vállalati kötvény eszközalap,2025-11-11,1.3282,2025-11-12,1.3289,0.0005,214.158,1.0005,1.0022,0.22
3227,Fejlõdõ piaci részvény ESG eszközalap-D,2025-11-11,1.1532,2025-11-12,1.1594,0.0054,174.1514,1.0054,1.004,0.4
3228,Fejlõdõ ázsiai részvény eszközalap,2025-11-11,2.4368,2025-11-12,2.4155,-0.0088,351.424,0.9912,1.121,12.1
3229,Fenntartható növekedés részvény eszk.,2025-11-11,3.2438,2025-11-12,3.2485,0.0014,500.3402,1.0014,0.9805,-1.95
3230,Globális egészségügyi részvény eszk.,2025-11-11,3.4147,2025-11-12,3.4562,0.0121,527.7949,1.0121,1.0806,8.06
3231,Globális növekedési részvény eszközalap,2025-11-11,2.1691,2025-11-12,2.1715,0.0011,359.0929,1.0011,0.9204,-7.96
3232,Kiegyensúlyozott vegyes eszközalap - D,2025-11-11,1.4442,2025-11-12,1.4479,0.0026,226.8794,1.0026,1.0193,1.93
3233,Latin-amerikai részvény eszközalap,2025-11-11,1.2385,2025-11-12,1.2549,0.0132,180.4601,1.0132,1.07,7.0
3234,Magas kötvény arányú vegyes eszk. - D,2025-11-11,1.122,2025-11-12,1.1238,0.0016,178.7344,1.0016,1.0061,0.61
3235,Magas védelmû vegyes eszközalap,2025-11-11,1.1029,2025-11-12,1.1054,0.0022,177.2156,1.0022,1.0009,0.09
3236,Nemz. élelmiszeripari cégek rv. ea - D,2025-11-11,3.1187,2025-11-12,3.1523,0.0108,514.0155,1.0108,0.998,-0.2
3237,Nyersanyagpiaci részvény eszközalap,2025-11-11,1.3796,2025-11-12,1.3919,0.009,218.245,1.009,0.9739,-2.61
3238,Presztízs- és luxusmárkák rv. ea.,2025-11-11,3.6345,2025-11-12,3.6915,0.0157,566.8158,1.0157,1.0355,3.55
3239,USA részvény eszközalap,2025-11-11,4.6885,2025-11-12,4.6813,-0.0015,707.9334,0.9985,1.0113,1.13
3240,Ázsia kötvény eszközalap,2025-11-11,2.2788,2025-11-12,2.2811,0.001,361.6104,1.001,1.0347,3.47
3241,Aktív hozamfigyelõ vegyes eszközalap - D,2025-11-12,0.9589,2025-11-13,0.9601,0.0012,152.8872,1.0012,1.0076,0.76
3242,Euró likviditás eszközalap - D,2025-11-12,0.9263,2025-11-13,0.9264,0.0001,150.7944,1.0001,0.9985,-0.15
3243,Európai ingatlancégek részv. eszközalap,2025-11-12,1.8533,2025-11-13,1.8552,0.001,301.5505,1.001,0.9208,-7.92
3244,Európai kötvény eszközalap - D,2025-11-12,1.2378,2025-11-13,1.2389,0.0009,200.7646,1.0009,0.9938,-0.62
3245,Európai részvény eszközalap,2025-11-12,2.6873,2025-11-13,2.7105,0.0086,418.1944,1.0086,1.0075,0.75
3246,Európai vállalati kötvény eszközalap,2025-11-12,1.3289,2025-11-13,1.3296,0.0005,215.4869,1.0005,1.0027,0.27
3247,Fejlõdõ piaci részvény ESG eszközalap-D,2025-11-12,1.1594,2025-11-13,1.1687,0.008,175.3108,1.008,1.012,1.2
3248,Fejlõdõ ázsiai részvény eszközalap,2025-11-12,2.4155,2025-11-13,2.4223,0.0028,353.8395,1.0028,1.1242,12.42
3249,Fenntartható növekedés részvény eszk.,2025-11-12,3.2485,2025-11-13,3.2525,0.0012,503.5887,1.0012,0.9817,-1.83
3250,Globális egészségügyi részvény eszk.,2025-11-12,3.4562,2025-11-13,3.5368,0.0233,531.2511,1.0233,1.1058,10.58
3251,Globális növekedési részvény eszközalap,2025-11-12,2.1715,2025-11-13,2.1691,-0.0011,361.2644,0.9989,0.9194,-8.06
3252,Kiegyensúlyozott vegyes eszközalap - D,2025-11-12,1.4479,2025-11-13,1.4505,0.0018,228.3273,1.0018,1.0211,2.11
3253,Latin-amerikai részvény eszközalap,2025-11-12,1.2549,2025-11-13,1.2559,0.0008,181.715,1.0008,1.0709,7.09
3254,Magas kötvény arányú vegyes eszk. - D,2025-11-12,1.1238,2025-11-13,1.1254,0.0014,179.8582,1.0014,1.0075,0.75
3255,Magas védelmû vegyes eszközalap,2025-11-12,1.1054,2025-11-13,1.1079,0.0023,178.321,1.0023,1.0032,0.32
3256,Nemz. élelmiszeripari cégek rv. ea - D,2025-11-12,3.1523,2025-11-13,3.1675,0.0048,517.1678,1.0048,1.0028,0.28
3257,Nyersanyagpiaci részvény eszközalap,2025-11-12,1.3919,2025-11-13,1.4137,0.0157,219.6369,1.0157,0.9891,-1.09
3258,Presztízs- és luxusmárkák rv. ea.,2025-11-12,3.6915,2025-11-13,3.7242,0.0088,570.5073,1.0088,1.0446,4.46
3259,USA részvény eszközalap,2025-11-12,4.6813,2025-11-13,4.6817,0.0001,712.6147,1.0001,1.0114,1.14
3260,Ázsia kötvény eszközalap,2025-11-12,2.2811,2025-11-13,2.2821,0.0004,363.8915,1.0004,1.0351,3.51
3261,Aktív hozamfigyelõ vegyes eszközalap - D,2025-11-13,0.9601,2025-11-14,0.9529,-0.0075,153.8473,0.9925,1.0,0.0
3262,Euró likviditás eszközalap - D,2025-11-13,0.9264,2025-11-14,0.9259,-0.0006,151.7208,0.9994,0.9979,-0.21
3263,Európai ingatlancégek részv. eszközalap,2025-11-13,1.8552,2025-11-14,1.8612,0.0032,303.4057,1.0032,0.9238,-7.62
3264,Európai kötvény eszközalap - D,2025-11-13,1.2389,2025-11-14,1.2363,-0.0022,202.0035,0.9978,0.9916,-0.84
3265,Európai részvény eszközalap,2025-11-13,2.7105,2025-11-14,2.6952,-0.0057,420.9049,0.9943,1.0018,0.18
3266,Európai vállalati kötvény eszközalap,2025-11-13,1.3296,2025-11-14,1.3274,-0.0017,216.8165,0.9983,1.001,0.1
3267,Fejlõdõ piaci részvény ESG eszközalap-D,2025-11-13,1.1687,2025-11-14,1.1655,-0.0027,176.4795,0.9973,1.0093,0.93
3268,Fejlõdõ ázsiai részvény eszközalap,2025-11-13,2.4223,2025-11-14,2.4224,0.0001,356.2618,1.0001,1.1243,12.43
3269,Fenntartható növekedés részvény eszk.,2025-11-13,3.2525,2025-11-14,3.1918,-0.0187,506.8412,0.9813,0.9633,-3.67
3270,Globális egészségügyi részvény eszk.,2025-11-13,3.5368,2025-11-14,3.5649,0.0079,534.7879,1.0079,1.1145,11.45
3271,Globális növekedési részvény eszközalap,2025-11-13,2.1691,2025-11-14,2.1531,-0.0074,363.4335,0.9926,0.9125,-8.75
3272,Kiegyensúlyozott vegyes eszközalap - D,2025-11-13,1.4505,2025-11-14,1.4402,-0.0071,229.7778,0.9929,1.0138,1.38
3273,Latin-amerikai részvény eszközalap,2025-11-13,1.2559,2025-11-14,1.2482,-0.0061,182.9709,0.9939,1.0643,6.43
3274,Magas kötvény arányú vegyes eszk. - D,2025-11-13,1.1254,2025-11-14,1.1201,-0.0047,180.9836,0.9953,1.0027,0.27
3275,Magas védelmû vegyes eszközalap,2025-11-13,1.1079,2025-11-14,1.1059,-0.0018,179.4289,0.9982,1.0014,0.14
3276,Nemz. élelmiszeripari cégek rv. ea - D,2025-11-13,3.1675,2025-11-14,3.1479,-0.0062,520.3353,0.9938,0.9966,-0.34
3277,Nyersanyagpiaci részvény eszközalap,2025-11-13,1.4137,2025-11-14,1.4049,-0.0062,221.0506,0.9938,0.983,-1.7
3278,Presztízs- és luxusmárkák rv. ea.,2025-11-13,3.7242,2025-11-14,3.6684,-0.015,574.2315,0.985,1.029,2.9
3279,USA részvény eszközalap,2025-11-13,4.6817,2025-11-14,4.5855,-0.0205,717.2964,0.9795,0.9907,-0.93
3280,Ázsia kötvény eszközalap,2025-11-13,2.2821,2025-11-14,2.2728,-0.0041,366.1736,0.9959,1.0308,3.08
3281,Aktív hozamfigyelõ vegyes eszközalap - D,2025-11-14,0.9529,2025-11-15,0.9514,-0.0016,154.8002,0.9984,0.9984,-0.16
3282,Euró likviditás eszközalap - D,2025-11-14,0.9259,2025-11-15,0.9257,-0.0002,152.6467,0.9998,0.9977,-0.23
3283,Európai ingatlancégek részv. eszközalap,2025-11-14,1.8612,2025-11-15,1.8296,-0.017,305.2669,0.983,0.9081,-9.19
3284,Európai kötvény eszközalap - D,2025-11-14,1.2363,2025-11-15,1.2344,-0.0015,203.2398,0.9985,0.9901,-0.99
3285,Európai részvény eszközalap,2025-11-14,2.6952,2025-11-15,2.671,-0.009,423.6001,0.991,0.9928,-0.72
3286,Európai vállalati kötvény eszközalap,2025-11-14,1.3274,2025-11-15,1.3257,-0.0013,218.1439,0.9987,0.9997,-0.03
3287,Fejlõdõ piaci részvény ESG eszközalap-D,2025-11-14,1.1655,2025-11-15,1.1603,-0.0045,177.645,0.9955,1.0048,0.48
3288,Fejlõdõ ázsiai részvény eszközalap,2025-11-14,2.4224,2025-11-15,2.405,-0.0072,358.6842,0.9928,1.1162,11.62
3289,Fenntartható növekedés részvény eszk.,2025-11-14,3.1918,2025-11-15,3.1853,-0.002,510.033,0.998,0.9614,-3.86
3290,Globális egészségügyi részvény eszk.,2025-11-14,3.5649,2025-11-15,3.5159,-0.0137,538.3528,0.9863,1.0993,9.93
3291,Globális növekedési részvény eszközalap,2025-11-14,2.1531,2025-11-15,2.1448,-0.0039,365.5866,0.9961,0.909,-9.1
3292,Kiegyensúlyozott vegyes eszközalap - D,2025-11-14,1.4402,2025-11-15,1.4336,-0.0046,231.218,0.9954,1.0092,0.92
3293,Latin-amerikai részvény eszközalap,2025-11-14,1.2482,2025-11-15,1.2457,-0.002,184.2191,0.998,1.0622,6.22
3294,Magas kötvény arányú vegyes eszk. - D,2025-11-14,1.1201,2025-11-15,1.1165,-0.0032,182.1037,0.9968,0.9995,-0.05
3295,Magas védelmû vegyes eszközalap,2025-11-14,1.1059,2025-11-15,1.1034,-0.0023,180.5348,0.9977,0.9991,-0.09
3296,Nemz. élelmiszeripari cégek rv. ea - D,2025-11-14,3.1479,2025-11-15,3.1304,-0.0056,523.4832,0.9944,0.991,-0.9
3297,Nyersanyagpiaci részvény eszközalap,2025-11-14,1.4049,2025-11-15,1.3915,-0.0096,222.4555,0.9904,0.9736,-2.64
3298,Presztízs- és luxusmárkák rv. ea.,2025-11-14,3.6684,2025-11-15,3.6488,-0.0053,577.8999,0.9947,1.0235,2.35
3299,USA részvény eszközalap,2025-11-14,4.5855,2025-11-15,4.5954,0.0022,721.8819,1.0022,0.9929,-0.71
3300,Ázsia kötvény eszközalap,2025-11-14,2.2728,2025-11-15,2.267,-0.0026,368.4464,0.9974,1.0281,2.81
3301,Aktív hozamfigyelõ vegyes eszközalap - D,2025-11-15,0.9514,2025-11-15,0.9514,0.0,155.7516,1.0,0.9984,-0.16
3302,Euró likviditás eszközalap - D,2025-11-15,0.9257,2025-11-15,0.9257,0.0,153.5724,1.0,0.9977,-0.23
3303,Európai ingatlancégek részv. eszközalap,2025-11-15,1.8296,2025-11-15,1.8296,0.0,307.0965,1.0,0.9081,-9.19
3304,Európai kötvény eszközalap - D,2025-11-15,1.2344,2025-11-15,1.2344,0.0,204.4742,1.0,0.9901,-0.99
3305,Európai részvény eszközalap,2025-11-15,2.671,2025-11-15,2.671,0.0,426.2711,1.0,0.9928,-0.72
3306,Európai vállalati kötvény eszközalap,2025-11-15,1.3257,2025-11-15,1.3257,0.0,219.4696,1.0,0.9997,-0.03
3307,Fejlõdõ piaci részvény ESG eszközalap-D,2025-11-15,1.1603,2025-11-15,1.1603,0.0,178.8053,1.0,1.0048,0.48
3308,Fejlõdõ ázsiai részvény eszközalap,2025-11-15,2.405,2025-11-15,2.405,0.0,361.0892,1.0,1.1162,11.62
3309,Fenntartható növekedés részvény eszk.,2025-11-15,3.1853,2025-11-15,3.1853,0.0,513.2183,1.0,0.9614,-3.86
3310,Globális egészségügyi részvény eszk.,2025-11-15,3.5159,2025-11-15,3.5159,0.0,541.8687,1.0,1.0993,9.93
3311,Globális növekedési részvény eszközalap,2025-11-15,2.1448,2025-11-15,2.1448,0.0,367.7314,1.0,0.909,-9.1
3312,Kiegyensúlyozott vegyes eszközalap - D,2025-11-15,1.4336,2025-11-15,1.4336,0.0,232.6516,1.0,1.0092,0.92
3313,Latin-amerikai részvény eszközalap,2025-11-15,1.2457,2025-11-15,1.2457,0.0,185.4648,1.0,1.0622,6.22
3314,Magas kötvény arányú vegyes eszk. - D,2025-11-15,1.1165,2025-11-15,1.1165,0.0,183.2202,1.0,0.9995,-0.05
3315,Magas védelmû vegyes eszközalap,2025-11-15,1.1034,2025-11-15,1.1034,0.0,181.6382,1.0,0.9991,-0.09
3316,Nemz. élelmiszeripari cégek rv. ea - D,2025-11-15,3.1304,2025-11-15,3.1304,0.0,526.6136,1.0,0.991,-0.9
3317,Nyersanyagpiaci részvény eszközalap,2025-11-15,1.3915,2025-11-15,1.3915,0.0,223.847,1.0,0.9736,-2.64
3318,Presztízs- és luxusmárkák rv. ea.,2025-11-15,3.6488,2025-11-15,3.6488,0.0,581.5487,1.0,1.0235,2.35
3319,USA részvény eszközalap,2025-11-15,4.5954,2025-11-15,4.5954,0.0,726.4773,1.0,0.9929,-0.71
3320,Ázsia kötvény eszközalap,2025-11-15,2.267,2025-11-15,2.267,0.0,370.7134,1.0,1.0281,2.81
3321,Aktív hozamfigyelõ vegyes eszközalap - D,2025-11-16,0.9514,2025-11-16,0.9514,0.0,156.703,1.0,0.9984,-0.16
3322,Euró likviditás eszközalap - D,2025-11-16,0.9257,2025-11-16,0.9257,0.0,154.4981,1.0,0.9977,-0.23
3323,Európai ingatlancégek részv. eszközalap,2025-11-16,1.8296,2025-11-16,1.8296,0.0,308.9261,1.0,0.9081,-9.19
3324,Európai kötvény eszközalap - D,2025-11-16,1.2344,2025-11-16,1.2344,0.0,205.7086,1.0,0.9901,-0.99
3325,Európai részvény eszközalap,2025-11-16,2.671,2025-11-16,2.671,0.0,428.9421,1.0,0.9928,-0.72
3326,Európai vállalati kötvény eszközalap,2025-11-16,1.3257,2025-11-16,1.3257,0.0,220.7953,1.0,0.9997,-0.03
3327,Fejlõdõ piaci részvény ESG eszközalap-D,2025-11-16,1.1603,2025-11-16,1.1603,0.0,179.9656,1.0,1.0048,0.48
3328,Fejlõdõ ázsiai részvény eszközalap,2025-11-16,2.405,2025-11-16,2.405,0.0,363.4942,1.0,1.1162,11.62
3329,Fenntartható növekedés részvény eszk.,2025-11-16,3.1853,2025-11-16,3.1853,0.0,516.4036,1.0,0.9614,-3.86
3330,Globális egészségügyi részvény eszk.,2025-11-16,3.5159,2025-11-16,3.5159,0.0,545.3846,1.0,1.0993,9.93
3331,Globális növekedési részvény eszközalap,2025-11-16,2.1448,2025-11-16,2.1448,0.0,369.8762,1.0,0.909,-9.1
3332,Kiegyensúlyozott vegyes eszközalap - D,2025-11-16,1.4336,2025-11-16,1.4336,0.0,234.0852,1.0,1.0092,0.92
3333,Latin-amerikai részvény eszközalap,2025-11-16,1.2457,2025-11-16,1.2457,0.0,186.7105,1.0,1.0622,6.22
3334,Magas kötvény arányú vegyes eszk. - D,2025-11-16,1.1165,2025-11-16,1.1165,0.0,184.3367,1.0,0.9995,-0.05
3335,Magas védelmû vegyes eszközalap,2025-11-16,1.1034,2025-11-16,1.1034,0.0,182.7416,1.0,0.9991,-0.09
3336,Nemz. élelmiszeripari cégek rv. ea - D,2025-11-16,3.1304,2025-11-16,3.1304,0.0,529.744,1.0,0.991,-0.9
3337,Nyersanyagpiaci részvény eszközalap,2025-11-16,1.3915,2025-11-16,1.3915,0.0,225.2385,1.0,0.9736,-2.64
3338,Presztízs- és luxusmárkák rv. ea.,2025-11-16,3.6488,2025-11-16,3.6488,0.0,585.1975,1.0,1.0235,2.35
3339,USA részvény eszközalap,2025-11-16,4.5954,2025-11-16,4.5954,0.0,731.0727,1.0,0.9929,-0.71
3340,Ázsia kötvény eszközalap,2025-11-16,2.267,2025-11-16,2.267,0.0,372.9804,1.0,1.0281,2.81
3341,Aktív hozamfigyelõ vegyes eszközalap - D,2025-11-17,0.9514,2025-11-17,0.9514,0.0,157.6544,1.0,0.9984,-0.16
3342,Euró likviditás eszközalap - D,2025-11-17,0.9257,2025-11-17,0.9257,0.0,155.4238,1.0,0.9977,-0.23
3343,Európai ingatlancégek részv. eszközalap,2025-11-17,1.8296,2025-11-17,1.8296,0.0,310.7557,1.0,0.9081,-9.19
3344,Európai kötvény eszközalap - D,2025-11-17,1.2344,2025-11-17,1.2344,0.0,206.943,1.0,0.9901,-0.99
3345,Európai részvény eszközalap,2025-11-17,2.671,2025-11-17,2.671,0.0,431.6131,1.0,0.9928,-0.72
3346,Európai vállalati kötvény eszközalap,2025-11-17,1.3257,2025-11-17,1.3257,0.0,222.121,1.0,0.9997,-0.03
3347,Fejlõdõ piaci részvény ESG eszközalap-D,2025-11-17,1.1603,2025-11-17,1.1603,0.0,181.1259,1.0,1.0048,0.48
3348,Fejlõdõ ázsiai részvény eszközalap,2025-11-17,2.405,2025-11-17,2.405,0.0,365.8992,1.0,1.1162,11.62
3349,Fenntartható növekedés részvény eszk.,2025-11-17,3.1853,2025-11-17,3.1853,0.0,519.5889,1.0,0.9614,-3.86
3350,Globális egészségügyi részvény eszk.,2025-11-17,3.5159,2025-11-17,3.5159,0.0,548.9005,1.0,1.0993,9.93
3351,Globális növekedési részvény eszközalap,2025-11-17,2.1448,2025-11-17,2.1448,0.0,372.021,1.0,0.909,-9.1
3352,Kiegyensúlyozott vegyes eszközalap - D,2025-11-17,1.4336,2025-11-17,1.4336,0.0,235.5188,1.0,1.0092,0.92
3353,Latin-amerikai részvény eszközalap,2025-11-17,1.2457,2025-11-17,1.2457,0.0,187.9562,1.0,1.0622,6.22
3354,Magas kötvény arányú vegyes eszk. - D,2025-11-17,1.1165,2025-11-17,1.1165,0.0,185.4532,1.0,0.9995,-0.05
3355,Magas védelmû vegyes eszközalap,2025-11-17,1.1034,2025-11-17,1.1034,0.0,183.845,1.0,0.9991,-0.09
3356,Nemz. élelmiszeripari cégek rv. ea - D,2025-11-17,3.1304,2025-11-17,3.1304,0.0,532.8744,1.0,0.991,-0.9
3357,Nyersanyagpiaci részvény eszközalap,2025-11-17,1.3915,2025-11-17,1.3915,0.0,226.63,1.0,0.9736,-2.64
3358,Presztízs- és luxusmárkák rv. ea.,2025-11-17,3.6488,2025-11-17,3.6488,0.0,588.8463,1.0,1.0235,2.35
3359,USA részvény eszközalap,2025-11-17,4.5954,2025-11-17,4.5954,0.0,735.6681,1.0,0.9929,-0.71
3360,Ázsia kötvény eszközalap,2025-11-17,2.267,2025-11-17,2.267,0.0,375.2474,1.0,1.0281,2.81
3361,Aktív hozamfigyelõ vegyes eszközalap - D,2025-11-18,0.949,2025-11-19,0.9456,-0.0036,158.6034,0.9964,0.9948,-0.52
3362,Euró likviditás eszközalap - D,2025-11-18,0.9257,2025-11-19,0.9259,0.0002,156.3495,1.0002,0.9979,-0.21
3363,Európai ingatlancégek részv. eszközalap,2025-11-18,1.834,2025-11-19,1.8251,-0.0049,312.5897,0.9951,0.9036,-9.64
3364,Európai kötvény eszközalap - D,2025-11-18,1.2346,2025-11-19,1.2348,0.0002,208.1776,1.0002,0.9903,-0.97
3365,Európai részvény eszközalap,2025-11-18,2.6494,2025-11-19,2.6013,-0.0181,434.2625,0.9819,0.9748,-2.52
3366,Európai vállalati kötvény eszközalap,2025-11-18,1.3259,2025-11-19,1.3255,-0.0003,223.4469,0.9997,0.9994,-0.06
3367,Fejlõdõ piaci részvény ESG eszközalap-D,2025-11-18,1.1519,2025-11-19,1.1362,-0.0137,182.2778,0.9863,0.991,-0.9
3368,Fejlõdõ ázsiai részvény eszközalap,2025-11-18,2.4106,2025-11-19,2.3551,-0.023,368.3098,0.977,1.0905,9.05
3369,Fenntartható növekedés részvény eszk.,2025-11-18,3.1605,2025-11-19,3.1258,-0.011,522.7494,0.989,0.9508,-4.92
3370,Globális egészségügyi részvény eszk.,2025-11-18,3.5337,2025-11-19,3.5233,-0.003,552.4342,0.997,1.096,9.6
3371,Globális növekedési részvény eszközalap,2025-11-18,2.1243,2025-11-19,2.1089,-0.0073,374.1453,0.9927,0.9024,-9.76
3372,Kiegyensúlyozott vegyes eszközalap - D,2025-11-18,1.43,2025-11-19,1.4222,-0.0054,236.9488,0.9946,1.0037,0.37
3373,Latin-amerikai részvény eszközalap,2025-11-18,1.2427,2025-11-19,1.2387,-0.0033,189.1989,0.9967,1.0587,5.87
3374,Magas kötvény arányú vegyes eszk. - D,2025-11-18,1.1151,2025-11-19,1.112,-0.0027,186.5683,0.9973,0.9968,-0.32
3375,Magas védelmû vegyes eszközalap,2025-11-18,1.1012,2025-11-19,1.0969,-0.004,184.9462,0.996,0.9951,-0.49
3376,Nemz. élelmiszeripari cégek rv. ea - D,2025-11-18,3.1369,2025-11-19,3.1237,-0.0042,536.0113,0.9958,0.9868,-1.32
3377,Nyersanyagpiaci részvény eszközalap,2025-11-18,1.3777,2025-11-19,1.3645,-0.0096,228.0077,0.9904,0.9642,-3.58
3378,Presztízs- és luxusmárkák rv. ea.,2025-11-18,3.6187,2025-11-19,3.534,-0.0234,592.465,0.9766,0.9996,-0.04
3379,USA részvény eszközalap,2025-11-18,4.5525,2025-11-19,4.5306,-0.0048,740.2206,0.9952,0.9881,-1.19
3380,Ázsia kötvény eszközalap,2025-11-18,2.2707,2025-11-19,2.2732,0.0011,377.5181,1.0011,1.0293,2.93
3381,Aktív hozamfigyelõ vegyes eszközalap - D,2025-11-19,0.9456,2025-11-20,0.9473,0.0018,159.549,1.0018,0.9966,-0.34
3382,Euró likviditás eszközalap - D,2025-11-19,0.9259,2025-11-20,0.9261,0.0002,157.2754,1.0002,0.9981,-0.19
3383,Európai ingatlancégek részv. eszközalap,2025-11-19,1.8251,2025-11-20,1.8136,-0.0063,314.4148,0.9937,0.8979,-10.21
3384,Európai kötvény eszközalap - D,2025-11-19,1.2348,2025-11-20,1.2348,0.0,209.4124,1.0,0.9903,-0.97
3385,Európai részvény eszközalap,2025-11-19,2.6013,2025-11-20,2.6046,0.0013,436.8638,1.0013,0.9761,-2.39
3386,Európai vállalati kötvény eszközalap,2025-11-19,1.3255,2025-11-20,1.3258,0.0002,224.7724,1.0002,0.9996,-0.04
3387,Fejlõdõ piaci részvény ESG eszközalap-D,2025-11-19,1.1362,2025-11-20,1.1393,0.0027,183.414,1.0027,0.9937,-0.63
3388,Fejlõdõ ázsiai részvény eszközalap,2025-11-19,2.3551,2025-11-20,2.3736,0.0079,370.6649,1.0079,1.0991,9.91
3389,Fenntartható növekedés részvény eszk.,2025-11-19,3.1258,2025-11-20,3.1463,0.0066,525.8752,1.0066,0.9571,-4.29
3390,Globális egészségügyi részvény eszk.,2025-11-19,3.5233,2025-11-20,3.5387,0.0044,555.9575,1.0044,1.1008,10.08
3391,Globális növekedési részvény eszközalap,2025-11-19,2.1089,2025-11-20,2.1172,0.0039,376.2542,1.0039,0.9059,-9.41
3392,Kiegyensúlyozott vegyes eszközalap - D,2025-11-19,1.4222,2025-11-20,1.4234,0.0008,238.371,1.0008,1.0045,0.45
3393,Latin-amerikai részvény eszközalap,2025-11-19,1.2387,2025-11-20,1.2386,0.0,190.4376,1.0,1.0587,5.87
3394,Magas kötvény arányú vegyes eszk. - D,2025-11-19,1.112,2025-11-20,1.1122,0.0002,187.6803,1.0002,0.997,-0.3
3395,Magas védelmû vegyes eszközalap,2025-11-19,1.0969,2025-11-20,1.0974,0.0005,186.0431,1.0005,0.9956,-0.44
3396,Nemz. élelmiszeripari cégek rv. ea - D,2025-11-19,3.1237,2025-11-20,3.1141,-0.0031,539.135,0.9969,0.9838,-1.62
3397,Nyersanyagpiaci részvény eszközalap,2025-11-19,1.3645,2025-11-20,1.3693,0.0036,229.3722,1.0036,0.9677,-3.23
3398,Presztízs- és luxusmárkák rv. ea.,2025-11-19,3.534,2025-11-20,3.544,0.0028,595.999,1.0028,1.0024,0.24
3399,USA részvény eszközalap,2025-11-19,4.5306,2025-11-20,4.5617,0.0069,744.7512,1.0069,0.9949,-0.51
3400,Ázsia kötvény eszközalap,2025-11-19,2.2732,2025-11-20,2.2754,0.001,379.7913,1.001,1.0303,3.03
3401,Aktív hozamfigyelõ vegyes eszközalap - D,2025-11-20,0.9473,2025-11-21,0.9449,-0.0025,160.4963,0.9975,0.9941,-0.59
3402,Euró likviditás eszközalap - D,2025-11-20,0.9261,2025-11-21,0.926,0.0,158.2015,1.0,0.9981,-0.19
3403,Európai ingatlancégek részv. eszközalap,2025-11-20,1.8136,2025-11-21,1.8018,-0.0065,316.2284,0.9935,0.8921,-10.79
3404,Európai kötvény eszközalap - D,2025-11-20,1.2348,2025-11-21,1.2344,-0.0003,210.6472,0.9997,0.99,-1.0
3405,Európai részvény eszközalap,2025-11-20,2.6046,2025-11-21,2.612,0.0028,439.4684,1.0028,0.9788,-2.12
3406,Európai vállalati kötvény eszközalap,2025-11-20,1.3258,2025-11-21,1.3264,0.0005,226.0982,1.0005,1.0001,0.01
3407,Fejlõdõ piaci részvény ESG eszközalap-D,2025-11-20,1.1393,2025-11-21,1.1465,0.0064,184.5533,1.0064,1.0,0.0
3408,Fejlõdõ ázsiai részvény eszközalap,2025-11-20,2.3736,2025-11-21,2.3893,0.0066,373.0385,1.0066,1.1064,10.64
3409,Fenntartható növekedés részvény eszk.,2025-11-20,3.1463,2025-11-21,3.121,-0.0081,529.0215,0.9919,0.9494,-5.06
3410,Globális egészségügyi részvény eszk.,2025-11-20,3.5387,2025-11-21,3.5438,0.0014,559.4962,1.0014,1.1023,10.23
3411,Globális növekedési részvény eszközalap,2025-11-20,2.1172,2025-11-21,2.1084,-0.0041,378.3714,0.9959,0.9022,-9.78
3412,Kiegyensúlyozott vegyes eszközalap - D,2025-11-20,1.4234,2025-11-21,1.42,-0.0024,239.7944,0.9976,1.0021,0.21
3413,Latin-amerikai részvény eszközalap,2025-11-20,1.2386,2025-11-21,1.2396,0.0007,191.6762,1.0007,1.0594,5.94
3414,Magas kötvény arányú vegyes eszk. - D,2025-11-20,1.1122,2025-11-21,1.1105,-0.0015,188.7925,0.9985,0.9955,-0.45
3415,Magas védelmû vegyes eszközalap,2025-11-20,1.0974,2025-11-21,1.0984,0.0009,187.1405,1.0009,0.9964,-0.36
3416,Nemz. élelmiszeripari cégek rv. ea - D,2025-11-20,3.1141,2025-11-21,3.1492,0.0113,542.2491,1.0113,0.9949,-0.51
3417,Nyersanyagpiaci részvény eszközalap,2025-11-20,1.3693,2025-11-21,1.3693,0.0,230.7415,1.0,0.9677,-3.23
3418,Presztízs- és luxusmárkák rv. ea.,2025-11-20,3.544,2025-11-21,3.5504,0.0018,599.543,1.0018,1.0042,0.42
3419,USA részvény eszközalap,2025-11-20,4.5617,2025-11-21,4.5001,-0.0135,749.3129,0.9865,0.9815,-1.85
3420,Ázsia kötvény eszközalap,2025-11-20,2.2754,2025-11-21,2.284,0.0038,382.0667,1.0038,1.0342,3.42
3421,Aktív hozamfigyelõ vegyes eszközalap - D,2025-11-21,0.9449,2025-11-22,0.9487,0.004,161.4412,1.004,0.9981,-0.19
3422,Euró likviditás eszközalap - D,2025-11-21,0.926,2025-11-22,0.9262,0.0002,159.1275,1.0002,0.9983,-0.17
3423,Európai ingatlancégek részv. eszközalap,2025-11-21,1.8018,2025-11-22,1.8087,0.0038,318.0302,1.0038,0.8955,-10.45
3424,Európai kötvény eszközalap - D,2025-11-21,1.2344,2025-11-22,1.2355,0.0008,211.8816,1.0008,0.9908,-0.92
3425,Európai részvény eszközalap,2025-11-21,2.612,2025-11-22,2.597,-0.0057,442.0804,0.9943,0.9732,-2.68
3426,Európai vállalati kötvény eszközalap,2025-11-21,1.3264,2025-11-22,1.3263,-0.0001,227.4246,0.9999,1.0,0.0
3427,Fejlõdõ piaci részvény ESG eszközalap-D,2025-11-21,1.1465,2025-11-22,1.1266,-0.0174,185.6998,0.9826,0.9826,-1.74
3428,Fejlõdõ ázsiai részvény eszközalap,2025-11-21,2.3893,2025-11-22,2.3267,-0.0262,375.4278,0.9738,1.0774,7.74
3429,Fenntartható növekedés részvény eszk.,2025-11-21,3.121,2025-11-22,3.1504,0.0094,532.1425,1.0094,0.9583,-4.17
3430,Globális egészségügyi részvény eszk.,2025-11-21,3.5438,2025-11-22,3.5412,-0.0008,563.04,0.9992,1.1014,10.14
3431,Globális növekedési részvény eszközalap,2025-11-21,2.1084,2025-11-22,2.1328,0.0115,380.4798,1.0115,0.9125,-8.75
3432,Kiegyensúlyozott vegyes eszközalap - D,2025-11-21,1.42,2025-11-22,1.4205,0.0004,241.2144,1.0004,1.0025,0.25
3433,Latin-amerikai részvény eszközalap,2025-11-21,1.2396,2025-11-22,1.2197,-0.016,192.9158,0.984,1.0425,4.25
3434,Magas kötvény arányú vegyes eszk. - D,2025-11-21,1.1105,2025-11-22,1.1112,0.0007,189.903,1.0007,0.9962,-0.38
3435,Magas védelmû vegyes eszközalap,2025-11-21,1.0984,2025-11-22,1.0963,-0.0019,188.2389,0.9981,0.9946,-0.54
3436,Nemz. élelmiszeripari cégek rv. ea - D,2025-11-21,3.1492,2025-11-22,3.1888,0.0126,545.3983,1.0126,1.0074,0.74
3437,Nyersanyagpiaci részvény eszközalap,2025-11-21,1.3693,2025-11-22,1.3656,-0.0027,232.1108,0.9973,0.9651,-3.49
3438,Presztízs- és luxusmárkák rv. ea.,2025-11-21,3.5504,2025-11-22,3.5704,0.0056,603.0934,1.0056,1.0098,0.98
3439,USA részvény eszközalap,2025-11-21,4.5001,2025-11-22,4.5487,0.0108,753.813,1.0108,0.9921,-0.79
3440,Ázsia kötvény eszközalap,2025-11-21,2.284,2025-11-22,2.2867,0.0012,384.3507,1.0012,1.0355,3.55
3441,Aktív hozamfigyelõ vegyes eszközalap - D,2025-11-22,0.9487,2025-11-22,0.9487,0.0,162.3899,1.0,0.9981,-0.19
3442,Euró likviditás eszközalap - D,2025-11-22,0.9262,2025-11-22,0.9262,0.0,160.0537,1.0,0.9983,-0.17
3443,Európai ingatlancégek részv. eszközalap,2025-11-22,1.8087,2025-11-22,1.8087,0.0,319.8389,1.0,0.8955,-10.45
3444,Európai kötvény eszközalap - D,2025-11-22,1.2355,2025-11-22,1.2355,0.0,213.1171,1.0,0.9908,-0.92
3445,Európai részvény eszközalap,2025-11-22,2.597,2025-11-22,2.597,0.0,444.6774,1.0,0.9732,-2.68
3446,Európai vállalati kötvény eszközalap,2025-11-22,1.3263,2025-11-22,1.3263,0.0,228.7509,1.0,1.0,0.0
3447,Fejlõdõ piaci részvény ESG eszközalap-D,2025-11-22,1.1266,2025-11-22,1.1266,0.0,186.8264,1.0,0.9826,-1.74
3448,Fejlõdõ ázsiai részvény eszközalap,2025-11-22,2.3267,2025-11-22,2.3267,0.0,377.7545,1.0,1.0774,7.74
3449,Fenntartható növekedés részvény eszk.,2025-11-22,3.1504,2025-11-22,3.1504,0.0,535.2929,1.0,0.9583,-4.17
3450,Globális egészségügyi részvény eszk.,2025-11-22,3.5412,2025-11-22,3.5412,0.0,566.5812,1.0,1.1014,10.14
3451,Globális növekedési részvény eszközalap,2025-11-22,2.1328,2025-11-22,2.1328,0.0,382.6126,1.0,0.9125,-8.75
3452,Kiegyensúlyozott vegyes eszközalap - D,2025-11-22,1.4205,2025-11-22,1.4205,0.0,242.6349,1.0,1.0025,0.25
3453,Latin-amerikai részvény eszközalap,2025-11-22,1.2197,2025-11-22,1.2197,0.0,194.1355,1.0,1.0425,4.25
3454,Magas kötvény arányú vegyes eszk. - D,2025-11-22,1.1112,2025-11-22,1.1112,0.0,191.0142,1.0,0.9962,-0.38
3455,Magas védelmû vegyes eszközalap,2025-11-22,1.0963,2025-11-22,1.0963,0.0,189.3352,1.0,0.9946,-0.54
3456,Nemz. élelmiszeripari cégek rv. ea - D,2025-11-22,3.1888,2025-11-22,3.1888,0.0,548.5871,1.0,1.0074,0.74
3457,Nyersanyagpiaci részvény eszközalap,2025-11-22,1.3656,2025-11-22,1.3656,0.0,233.4764,1.0,0.9651,-3.49
3458,Presztízs- és luxusmárkák rv. ea.,2025-11-22,3.5704,2025-11-22,3.5704,0.0,606.6638,1.0,1.0098,0.98
3459,USA részvény eszközalap,2025-11-22,4.5487,2025-11-22,4.5487,0.0,758.3617,1.0,0.9921,-0.79
3460,Ázsia kötvény eszközalap,2025-11-22,2.2867,2025-11-22,2.2867,0.0,386.6374,1.0,1.0355,3.55
3461,Aktív hozamfigyelõ vegyes eszközalap - D,2025-11-23,0.9487,2025-11-23,0.9487,0.0,163.3386,1.0,0.9981,-0.19
3462,Euró likviditás eszközalap - D,2025-11-23,0.9262,2025-11-23,0.9262,0.0,160.9799,1.0,0.9983,-0.17
3463,Európai ingatlancégek részv. eszközalap,2025-11-23,1.8087,2025-11-23,1.8087,0.0,321.6476,1.0,0.8955,-10.45
3464,Európai kötvény eszközalap - D,2025-11-23,1.2355,2025-11-23,1.2355,0.0,214.3526,1.0,0.9908,-0.92
3465,Európai részvény eszközalap,2025-11-23,2.597,2025-11-23,2.597,0.0,447.2744,1.0,0.9732,-2.68
3466,Európai vállalati kötvény eszközalap,2025-11-23,1.3263,2025-11-23,1.3263,0.0,230.0772,1.0,1.0,0.0
3467,Fejlõdõ piaci részvény ESG eszközalap-D,2025-11-23,1.1266,2025-11-23,1.1266,0.0,187.953,1.0,0.9826,-1.74
3468,Fejlõdõ ázsiai részvény eszközalap,2025-11-23,2.3267,2025-11-23,2.3267,0.0,380.0812,1.0,1.0774,7.74
3469,Fenntartható növekedés részvény eszk.,2025-11-23,3.1504,2025-11-23,3.1504,0.0,538.4433,1.0,0.9583,-4.17
3470,Globális egészségügyi részvény eszk.,2025-11-23,3.5412,2025-11-23,3.5412,0.0,570.1224,1.0,1.1014,10.14
3471,Globális növekedési részvény eszközalap,2025-11-23,2.1328,2025-11-23,2.1328,0.0,384.7454,1.0,0.9125,-8.75
3472,Kiegyensúlyozott vegyes eszközalap - D,2025-11-23,1.4205,2025-11-23,1.4205,0.0,244.0554,1.0,1.0025,0.25
3473,Latin-amerikai részvény eszközalap,2025-11-23,1.2197,2025-11-23,1.2197,0.0,195.3552,1.0,1.0425,4.25
3474,Magas kötvény arányú vegyes eszk. - D,2025-11-23,1.1112,2025-11-23,1.1112,0.0,192.1254,1.0,0.9962,-0.38
3475,Magas védelmû vegyes eszközalap,2025-11-23,1.0963,2025-11-23,1.0963,0.0,190.4315,1.0,0.9946,-0.54
3476,Nemz. élelmiszeripari cégek rv. ea - D,2025-11-23,3.1888,2025-11-23,3.1888,0.0,551.7759,1.0,1.0074,0.74
3477,Nyersanyagpiaci részvény eszközalap,2025-11-23,1.3656,2025-11-23,1.3656,0.0,234.842,1.0,0.9651,-3.49
3478,Presztízs- és luxusmárkák rv. ea.,2025-11-23,3.5704,2025-11-23,3.5704,0.0,610.2342,1.0,1.0098,0.98
3479,USA részvény eszközalap,2025-11-23,4.5487,2025-11-23,4.5487,0.0,762.9104,1.0,0.9921,-0.79
3480,Ázsia kötvény eszközalap,2025-11-23,2.2867,2025-11-23,2.2867,0.0,388.9241,1.0,1.0355,3.55
3481,Aktív hozamfigyelõ vegyes eszközalap - D,2025-11-24,0.9487,2025-11-24,0.9487,0.0,164.2873,1.0,0.9981,-0.19
3482,Euró likviditás eszközalap - D,2025-11-24,0.9262,2025-11-24,0.9262,0.0,161.9061,1.0,0.9983,-0.17
3483,Európai ingatlancégek részv. eszközalap,2025-11-24,1.8087,2025-11-24,1.8087,0.0,323.4563,1.0,0.8955,-10.45
3484,Európai kötvény eszközalap - D,2025-11-24,1.2355,2025-11-24,1.2355,0.0,215.5881,1.0,0.9908,-0.92
3485,Európai részvény eszközalap,2025-11-24,2.597,2025-11-24,2.597,0.0,449.8714,1.0,0.9732,-2.68
3486,Európai vállalati kötvény eszközalap,2025-11-24,1.3263,2025-11-24,1.3263,0.0,231.4035,1.0,1.0,0.0
3487,Fejlõdõ piaci részvény ESG eszközalap-D,2025-11-24,1.1266,2025-11-24,1.1266,0.0,189.0796,1.0,0.9826,-1.74
3488,Fejlõdõ ázsiai részvény eszközalap,2025-11-24,2.3267,2025-11-24,2.3267,0.0,382.4079,1.0,1.0774,7.74
3489,Fenntartható növekedés részvény eszk.,2025-11-24,3.1504,2025-11-24,3.1504,0.0,541.5937,1.0,0.9583,-4.17
3490,Globális egészségügyi részvény eszk.,2025-11-24,3.5412,2025-11-24,3.5412,0.0,573.6636,1.0,1.1014,10.14
3491,Globális növekedési részvény eszközalap,2025-11-24,2.1328,2025-11-24,2.1328,0.0,386.8782,1.0,0.9125,-8.75
3492,Kiegyensúlyozott vegyes eszközalap - D,2025-11-24,1.4205,2025-11-24,1.4205,0.0,245.4759,1.0,1.0025,0.25
3493,Latin-amerikai részvény eszközalap,2025-11-24,1.2197,2025-11-24,1.2197,0.0,196.5749,1.0,1.0425,4.25
3494,Magas kötvény arányú vegyes eszk. - D,2025-11-24,1.1112,2025-11-24,1.1112,0.0,193.2366,1.0,0.9962,-0.38
3495,Magas védelmû vegyes eszközalap,2025-11-24,1.0963,2025-11-24,1.0963,0.0,191.5278,1.0,0.9946,-0.54
3496,Nemz. élelmiszeripari cégek rv. ea - D,2025-11-24,3.1888,2025-11-24,3.1888,0.0,554.9647,1.0,1.0074,0.74
3497,Nyersanyagpiaci részvény eszközalap,2025-11-24,1.3656,2025-11-24,1.3656,0.0,236.2076,1.0,0.9651,-3.49
3498,Presztízs- és luxusmárkák rv. ea.,2025-11-24,3.5704,2025-11-24,3.5704,0.0,613.8046,1.0,1.0098,0.98
3499,USA részvény eszközalap,2025-11-24,4.5487,2025-11-24,4.5487,0.0,767.4591,1.0,0.9921,-0.79
3500,Ázsia kötvény eszközalap,2025-11-24,2.2867,2025-11-24,2.2867,0.0,391.2108,1.0,1.0355,3.55
3501,Aktív hozamfigyelõ vegyes eszközalap - D,2025-11-25,0.9522,2025-11-26,0.9559,0.0039,165.2395,1.0039,1.002,0.2
3502,Euró likviditás eszközalap - D,2025-11-25,0.9262,2025-11-26,0.9264,0.0002,162.8323,1.0002,0.9985,-0.15
3503,Európai ingatlancégek részv. eszközalap,2025-11-25,1.8078,2025-11-26,1.8165,0.0048,325.2641,1.0048,0.8998,-10.02
3504,Európai kötvény eszközalap - D,2025-11-25,1.2362,2025-11-26,1.2382,0.0015,216.8243,1.0015,0.9923,-0.77
3505,Európai részvény eszközalap,2025-11-25,2.6069,2025-11-26,2.6271,0.0077,452.4783,1.0077,0.9807,-1.93
3506,Európai vállalati kötvény eszközalap,2025-11-25,1.3269,2025-11-26,1.3283,0.0011,232.7304,1.0011,1.0011,0.11
3507,Fejlõdõ piaci részvény ESG eszközalap-D,2025-11-25,1.14,2025-11-26,1.1389,-0.001,190.2196,0.999,0.9817,-1.83
3508,Fejlõdõ ázsiai részvény eszközalap,2025-11-25,2.3559,2025-11-26,2.37,0.006,384.7638,1.006,1.0838,8.38
3509,Fenntartható növekedés részvény eszk.,2025-11-25,3.1756,2025-11-26,3.2007,0.0079,544.7693,1.0079,0.9658,-3.42
3510,Globális egészségügyi részvény eszk.,2025-11-25,3.5695,2025-11-26,3.6284,0.0165,577.2331,1.0165,1.1196,11.96
3511,Globális növekedési részvény eszközalap,2025-11-25,2.1309,2025-11-26,2.1559,0.0117,389.0091,1.0117,0.9232,-7.68
3512,Kiegyensúlyozott vegyes eszközalap - D,2025-11-25,1.4281,2025-11-26,1.4351,0.0049,246.904,1.0049,1.0074,0.74
3513,Latin-amerikai részvény eszközalap,2025-11-25,1.2255,2025-11-26,1.2254,0.0,197.8004,1.0,1.0425,4.25
3514,Magas kötvény arányú vegyes eszk. - D,2025-11-25,1.1144,2025-11-26,1.1183,0.0035,194.351,1.0035,0.9997,-0.03
3515,Magas védelmû vegyes eszközalap,2025-11-25,1.0972,2025-11-26,1.0982,0.0009,192.625,1.0009,0.9954,-0.46
3516,Nemz. élelmiszeripari cégek rv. ea - D,2025-11-25,3.1561,2025-11-26,3.1713,0.0048,558.1208,1.0048,1.0122,1.22
3517,Nyersanyagpiaci részvény eszközalap,2025-11-25,1.3755,2025-11-26,1.3953,0.0144,237.5831,1.0144,0.979,-2.1
3518,Presztízs- és luxusmárkák rv. ea.,2025-11-25,3.6139,2025-11-26,3.6359,0.0061,617.4185,1.0061,1.016,1.6
3519,USA részvény eszközalap,2025-11-25,4.6089,2025-11-26,4.644,0.0076,772.068,1.0076,0.9996,-0.04
3520,Ázsia kötvény eszközalap,2025-11-25,2.2871,2025-11-26,2.2873,0.0001,393.4979,1.0001,1.0356,3.56
3521,Aktív hozamfigyelõ vegyes eszközalap - D,2025-11-26,0.9559,2025-11-27,0.9581,0.0022,166.1954,1.0022,1.0042,0.42
3522,Euró likviditás eszközalap - D,2025-11-26,0.9264,2025-11-27,0.9264,0.0001,163.7587,1.0001,0.9986,-0.14
3523,Európai ingatlancégek részv. eszközalap,2025-11-26,1.8165,2025-11-27,1.8359,0.0107,327.0806,1.0107,0.9094,-9.06
3524,Európai kötvény eszközalap - D,2025-11-26,1.2382,2025-11-27,1.2382,0.0,218.0625,1.0,0.9923,-0.77
3525,Európai részvény eszközalap,2025-11-26,2.6271,2025-11-27,2.6611,0.0129,455.1054,1.0129,0.9934,-0.66
3526,Európai vállalati kötvény eszközalap,2025-11-26,1.3283,2025-11-27,1.3288,0.0003,234.0587,1.0003,1.0014,0.14
3527,Fejlõdõ piaci részvény ESG eszközalap-D,2025-11-26,1.1389,2025-11-27,1.1523,0.0118,191.3585,1.0118,0.9932,-0.68
3528,Fejlõdõ ázsiai részvény eszközalap,2025-11-26,2.37,2025-11-27,2.3888,0.0079,387.1338,1.0079,1.0924,9.24
3529,Fenntartható növekedés részvény eszk.,2025-11-26,3.2007,2025-11-27,3.2137,0.0041,547.97,1.0041,0.9698,-3.02
3530,Globális egészségügyi részvény eszk.,2025-11-26,3.6284,2025-11-27,3.6513,0.0063,580.8615,1.0063,1.1267,12.67
3531,Globális növekedési részvény eszközalap,2025-11-26,2.1559,2025-11-27,2.1553,-0.0003,391.165,0.9997,0.9229,-7.71
3532,Kiegyensúlyozott vegyes eszközalap - D,2025-11-26,1.4351,2025-11-27,1.4399,0.0033,248.3391,1.0033,1.0108,1.08
3533,Latin-amerikai részvény eszközalap,2025-11-26,1.2254,2025-11-27,1.2472,0.0178,199.0258,1.0178,1.0611,6.11
3534,Magas kötvény arányú vegyes eszk. - D,2025-11-26,1.1183,2025-11-27,1.1199,0.0015,195.4693,1.0015,1.0012,0.12
3535,Magas védelmû vegyes eszközalap,2025-11-26,1.0982,2025-11-27,1.1008,0.0024,193.7232,1.0024,0.9978,-0.22
3536,Nemz. élelmiszeripari cégek rv. ea - D,2025-11-26,3.1713,2025-11-27,3.1963,0.0079,561.2921,1.0079,1.0202,2.02
3537,Nyersanyagpiaci részvény eszközalap,2025-11-26,1.3953,2025-11-27,1.4091,0.0098,238.9784,1.0098,0.9886,-1.14
3538,Presztízs- és luxusmárkák rv. ea.,2025-11-26,3.6359,2025-11-27,3.6545,0.0051,621.0544,1.0051,1.0211,2.11
3539,USA részvény eszközalap,2025-11-26,4.644,2025-11-27,4.6584,0.0031,776.712,1.0031,1.0027,0.27
3540,Ázsia kötvény eszközalap,2025-11-26,2.2873,2025-11-27,2.2814,-0.0026,395.7852,0.9974,1.0329,3.29
3541,Aktív hozamfigyelõ vegyes eszközalap - D,2025-11-27,0.9581,2025-11-28,0.958,0.0,167.1535,1.0,1.0042,0.42
3542,Euró likviditás eszközalap - D,2025-11-27,0.9264,2025-11-28,0.9264,0.0,164.6851,1.0,0.9986,-0.14
3543,Európai ingatlancégek részv. eszközalap,2025-11-27,1.8359,2025-11-28,1.8526,0.0091,328.9165,1.0091,0.9177,-8.23
3544,Európai kötvény eszközalap - D,2025-11-27,1.2382,2025-11-28,1.2381,-0.0001,219.3007,0.9999,0.9922,-0.78
3545,Európai részvény eszközalap,2025-11-27,2.6611,2025-11-28,2.6554,-0.0021,457.7665,0.9979,0.9913,-0.87
3546,Európai vállalati kötvény eszközalap,2025-11-27,1.3288,2025-11-28,1.3291,0.0003,235.3875,1.0003,1.0017,0.17
3547,Fejlõdõ piaci részvény ESG eszközalap-D,2025-11-27,1.1523,2025-11-28,1.146,-0.0055,192.5108,0.9945,0.9878,-1.22
3548,Fejlõdõ ázsiai részvény eszközalap,2025-11-27,2.3888,2025-11-28,2.3914,0.0011,389.5226,1.0011,1.0936,9.36
3549,Fenntartható növekedés részvény eszk.,2025-11-27,3.2137,2025-11-28,3.2136,0.0,551.1837,1.0,0.9698,-3.02
3550,Globális egészségügyi részvény eszk.,2025-11-27,3.6513,2025-11-28,3.6409,-0.0028,584.5128,0.9972,1.1235,12.35
3551,Globális növekedési részvény eszközalap,2025-11-27,2.1553,2025-11-28,2.1553,0.0,393.3203,1.0,0.9229,-7.71
3552,Kiegyensúlyozott vegyes eszközalap - D,2025-11-27,1.4399,2025-11-28,1.4398,0.0,249.779,1.0,1.0108,1.08
3553,Latin-amerikai részvény eszközalap,2025-11-27,1.2472,2025-11-28,1.2496,0.0019,200.273,1.0019,1.0631,6.31
3554,Magas kötvény arányú vegyes eszk. - D,2025-11-27,1.1199,2025-11-28,1.1206,0.0006,196.5892,1.0006,1.0018,0.18
3555,Magas védelmû vegyes eszközalap,2025-11-27,1.1008,2025-11-28,1.1011,0.0002,194.824,1.0002,0.998,-0.2
3556,Nemz. élelmiszeripari cégek rv. ea - D,2025-11-27,3.1963,2025-11-28,3.1987,0.0007,564.4884,1.0007,1.021,2.1
3557,Nyersanyagpiaci részvény eszközalap,2025-11-27,1.4091,2025-11-28,1.4093,0.0001,240.3875,1.0001,0.9887,-1.13
3558,Presztízs- és luxusmárkák rv. ea.,2025-11-27,3.6545,2025-11-28,3.6529,-0.0004,624.7089,0.9996,1.0207,2.07
3559,USA részvény eszközalap,2025-11-27,4.6584,2025-11-28,4.6583,0.0,781.3704,1.0,1.0027,0.27
3560,Ázsia kötvény eszközalap,2025-11-27,2.2814,2025-11-28,2.2797,-0.0007,398.0666,0.9993,1.0322,3.22
3561,Aktív hozamfigyelõ vegyes eszközalap - D,2025-11-28,0.958,2025-11-29,0.9585,0.0005,168.1115,1.0005,1.0047,0.47
3562,Euró likviditás eszközalap - D,2025-11-28,0.9264,2025-11-29,0.9265,0.0001,165.6115,1.0001,0.9987,-0.13
3563,Európai ingatlancégek részv. eszközalap,2025-11-28,1.8526,2025-11-29,1.8533,0.0004,330.7691,1.0004,0.918,-8.2
3564,Európai kötvény eszközalap - D,2025-11-28,1.2381,2025-11-29,1.2376,-0.0005,220.5388,0.9995,0.9917,-0.83
3565,Európai részvény eszközalap,2025-11-28,2.6554,2025-11-29,2.6663,0.0041,460.4219,1.0041,0.9954,-0.46
3566,Európai vállalati kötvény eszközalap,2025-11-28,1.3291,2025-11-29,1.329,-0.0001,236.7166,0.9999,1.0016,0.16
3567,Fejlõdõ piaci részvény ESG eszközalap-D,2025-11-28,1.146,2025-11-29,1.149,0.0027,193.6568,1.0027,0.9904,-0.96
3568,Fejlõdõ ázsiai részvény eszközalap,2025-11-28,2.3914,2025-11-29,2.4005,0.0038,391.914,1.0038,1.0978,9.78
3569,Fenntartható növekedés részvény eszk.,2025-11-28,3.2136,2025-11-29,3.2177,0.0013,554.3973,1.0013,0.9711,-2.89
3570,Globális egészségügyi részvény eszk.,2025-11-28,3.6409,2025-11-29,3.6229,-0.005,588.1537,0.995,1.1179,11.79
3571,Globális növekedési részvény eszközalap,2025-11-28,2.1553,2025-11-29,2.1599,0.0021,395.4756,1.0021,0.9249,-7.51
3572,Kiegyensúlyozott vegyes eszközalap - D,2025-11-28,1.4398,2025-11-29,1.4424,0.0018,251.2188,1.0018,1.0126,1.26
3573,Latin-amerikai részvény eszközalap,2025-11-28,1.2496,2025-11-29,1.2559,0.0051,201.5226,1.0051,1.0685,6.85
3574,Magas kötvény arányú vegyes eszk. - D,2025-11-28,1.1206,2025-11-29,1.121,0.0003,197.7098,1.0003,1.0021,0.21
3575,Magas védelmû vegyes eszközalap,2025-11-28,1.1011,2025-11-29,1.1015,0.0004,195.9251,1.0004,0.9984,-0.16
3576,Nemz. élelmiszeripari cégek rv. ea - D,2025-11-28,3.1987,2025-11-29,3.2081,0.003,567.6871,1.003,1.024,2.4
3577,Nyersanyagpiaci részvény eszközalap,2025-11-28,1.4093,2025-11-29,1.4262,0.012,241.7968,1.012,1.0005,0.05
3578,Presztízs- és luxusmárkák rv. ea.,2025-11-28,3.6529,2025-11-29,3.6715,0.0051,628.3618,1.0051,1.0259,2.59
3579,USA részvény eszközalap,2025-11-28,4.6583,2025-11-29,4.6735,0.0033,786.0287,1.0033,1.006,0.6
3580,Ázsia kötvény eszközalap,2025-11-28,2.2797,2025-11-29,2.2806,0.0004,400.3463,1.0004,1.0326,3.26
3581,Aktív hozamfigyelõ vegyes eszközalap - D,2025-11-29,0.9585,2025-11-29,0.9585,0.0,169.07,1.0,1.0047,0.47
3582,Euró likviditás eszközalap - D,2025-11-29,0.9265,2025-11-29,0.9265,0.0,166.538,1.0,0.9987,-0.13
3583,Európai ingatlancégek részv. eszközalap,2025-11-29,1.8533,2025-11-29,1.8533,0.0,332.6224,1.0,0.918,-8.2
3584,Európai kötvény eszközalap - D,2025-11-29,1.2376,2025-11-29,1.2376,0.0,221.7764,1.0,0.9917,-0.83
3585,Európai részvény eszközalap,2025-11-29,2.6663,2025-11-29,2.6663,0.0,463.0882,1.0,0.9954,-0.46
3586,Európai vállalati kötvény eszközalap,2025-11-29,1.329,2025-11-29,1.329,0.0,238.0456,1.0,1.0016,0.16
3587,Fejlõdõ piaci részvény ESG eszközalap-D,2025-11-29,1.149,2025-11-29,1.149,0.0,194.8058,1.0,0.9904,-0.96
3588,Fejlõdõ ázsiai részvény eszközalap,2025-11-29,2.4005,2025-11-29,2.4005,0.0,394.3145,1.0,1.0978,9.78
3589,Fenntartható növekedés részvény eszk.,2025-11-29,3.2177,2025-11-29,3.2177,0.0,557.615,1.0,0.9711,-2.89
3590,Globális egészségügyi részvény eszk.,2025-11-29,3.6229,2025-11-29,3.6229,0.0,591.7766,1.0,1.1179,11.79
3591,Globális növekedési részvény eszközalap,2025-11-29,2.1599,2025-11-29,2.1599,0.0,397.6355,1.0,0.9249,-7.51
3592,Kiegyensúlyozott vegyes eszközalap - D,2025-11-29,1.4424,2025-11-29,1.4424,0.0,252.6612,1.0,1.0126,1.26
3593,Latin-amerikai részvény eszközalap,2025-11-29,1.2559,2025-11-29,1.2559,0.0,202.7785,1.0,1.0685,6.85
3594,Magas kötvény arányú vegyes eszk. - D,2025-11-29,1.121,2025-11-29,1.121,0.0,198.8308,1.0,1.0021,0.21
3595,Magas védelmû vegyes eszközalap,2025-11-29,1.1015,2025-11-29,1.1015,0.0,197.0266,1.0,0.9984,-0.16
3596,Nemz. élelmiszeripari cégek rv. ea - D,2025-11-29,3.2081,2025-11-29,3.2081,0.0,570.8952,1.0,1.024,2.4
3597,Nyersanyagpiaci részvény eszközalap,2025-11-29,1.4262,2025-11-29,1.4262,0.0,243.223,1.0,1.0005,0.05
3598,Presztízs- és luxusmárkák rv. ea.,2025-11-29,3.6715,2025-11-29,3.6715,0.0,632.0333,1.0,1.0259,2.59
3599,USA részvény eszközalap,2025-11-29,4.6735,2025-11-29,4.6735,0.0,790.7022,1.0,1.006,0.6
3600,Ázsia kötvény eszközalap,2025-11-29,2.2806,2025-11-29,2.2806,0.0,402.6269,1.0,1.0326,3.26
3601,Aktív hozamfigyelõ vegyes eszközalap - D,2025-11-30,0.9585,2025-11-30,0.9585,0.0,170.0285,1.0,1.0047,0.47
3602,Euró likviditás eszközalap - D,2025-11-30,0.9265,2025-11-30,0.9265,0.0,167.4645,1.0,0.9987,-0.13
3603,Európai ingatlancégek részv. eszközalap,2025-11-30,1.8533,2025-11-30,1.8533,0.0,334.4757,1.0,0.918,-8.2
3604,Európai kötvény eszközalap - D,2025-11-30,1.2376,2025-11-30,1.2376,0.0,223.014,1.0,0.9917,-0.83
3605,Európai részvény eszközalap,2025-11-30,2.6663,2025-11-30,2.6663,0.0,465.7545,1.0,0.9954,-0.46
3606,Európai vállalati kötvény eszközalap,2025-11-30,1.329,2025-11-30,1.329,0.0,239.3746,1.0,1.0016,0.16
3607,Fejlõdõ piaci részvény ESG eszközalap-D,2025-11-30,1.149,2025-11-30,1.149,0.0,195.9548,1.0,0.9904,-0.96
3608,Fejlõdõ ázsiai részvény eszközalap,2025-11-30,2.4005,2025-11-30,2.4005,0.0,396.715,1.0,1.0978,9.78
3609,Fenntartható növekedés részvény eszk.,2025-11-30,3.2177,2025-11-30,3.2177,0.0,560.8327,1.0,0.9711,-2.89
3610,Globális egészségügyi részvény eszk.,2025-11-30,3.6229,2025-11-30,3.6229,0.0,595.3995,1.0,1.1179,11.79
3611,Globális növekedési részvény eszközalap,2025-11-30,2.1599,2025-11-30,2.1599,0.0,399.7954,1.0,0.9249,-7.51
3612,Kiegyensúlyozott vegyes eszközalap - D,2025-11-30,1.4424,2025-11-30,1.4424,0.0,254.1036,1.0,1.0126,1.26
3613,Latin-amerikai részvény eszközalap,2025-11-30,1.2559,2025-11-30,1.2559,0.0,204.0344,1.0,1.0685,6.85
3614,Magas kötvény arányú vegyes eszk. - D,2025-11-30,1.121,2025-11-30,1.121,0.0,199.9518,1.0,1.0021,0.21
3615,Magas védelmû vegyes eszközalap,2025-11-30,1.1015,2025-11-30,1.1015,0.0,198.1281,1.0,0.9984,-0.16
3616,Nemz. élelmiszeripari cégek rv. ea - D,2025-11-30,3.2081,2025-11-30,3.2081,0.0,574.1033,1.0,1.024,2.4
3617,Nyersanyagpiaci részvény eszközalap,2025-11-30,1.4262,2025-11-30,1.4262,0.0,244.6492,1.0,1.0005,0.05
3618,Presztízs- és luxusmárkák rv. ea.,2025-11-30,3.6715,2025-11-30,3.6715,0.0,635.7048,1.0,1.0259,2.59
3619,USA részvény eszközalap,2025-11-30,4.6735,2025-11-30,4.6735,0.0,795.3757,1.0,1.006,0.6
3620,Ázsia kötvény eszközalap,2025-11-30,2.2806,2025-11-30,2.2806,0.0,404.9075,1.0,1.0326,3.26
3621,Aktív hozamfigyelõ vegyes eszközalap - D,2025-12-01,0.9585,2025-12-01,0.9585,0.0,170.987,1.0,1.0047,0.47
3622,Euró likviditás eszközalap - D,2025-12-01,0.9265,2025-12-01,0.9265,0.0,168.391,1.0,0.9987,-0.13
3623,Európai ingatlancégek részv. eszközalap,2025-12-01,1.8533,2025-12-01,1.8533,0.0,336.329,1.0,0.918,-8.2
3624,Európai kötvény eszközalap - D,2025-12-01,1.2376,2025-12-01,1.2376,0.0,224.2516,1.0,0.9917,-0.83
3625,Európai részvény eszközalap,2025-12-01,2.6663,2025-12-01,2.6663,0.0,468.4208,1.0,0.9954,-0.46
3626,Európai vállalati kötvény eszközalap,2025-12-01,1.329,2025-12-01,1.329,0.0,240.7036,1.0,1.0016,0.16
3627,Fejlõdõ piaci részvény ESG eszközalap-D,2025-12-01,1.149,2025-12-01,1.149,0.0,197.1038,1.0,0.9904,-0.96
3628,Fejlõdõ ázsiai részvény eszközalap,2025-12-01,2.4005,2025-12-01,2.4005,0.0,399.1155,1.0,1.0978,9.78
3629,Fenntartható növekedés részvény eszk.,2025-12-01,3.2177,2025-12-01,3.2177,0.0,564.0504,1.0,0.9711,-2.89
3630,Globális egészségügyi részvény eszk.,2025-12-01,3.6229,2025-12-01,3.6229,0.0,599.0224,1.0,1.1179,11.79
3631,Globális növekedési részvény eszközalap,2025-12-01,2.1599,2025-12-01,2.1599,0.0,401.9553,1.0,0.9249,-7.51
3632,Kiegyensúlyozott vegyes eszközalap - D,2025-12-01,1.4424,2025-12-01,1.4424,0.0,255.546,1.0,1.0126,1.26
3633,Latin-amerikai részvény eszközalap,2025-12-01,1.2559,2025-12-01,1.2559,0.0,205.2903,1.0,1.0685,6.85
3634,Magas kötvény arányú vegyes eszk. - D,2025-12-01,1.121,2025-12-01,1.121,0.0,201.0728,1.0,1.0021,0.21
3635,Magas védelmû vegyes eszközalap,2025-12-01,1.1015,2025-12-01,1.1015,0.0,199.2296,1.0,0.9984,-0.16
3636,Nemz. élelmiszeripari cégek rv. ea - D,2025-12-01,3.2081,2025-12-01,3.2081,0.0,577.3114,1.0,1.024,2.4
3637,Nyersanyagpiaci részvény eszközalap,2025-12-01,1.4262,2025-12-01,1.4262,0.0,246.0754,1.0,1.0005,0.05
3638,Presztízs- és luxusmárkák rv. ea.,2025-12-01,3.6715,2025-12-01,3.6715,0.0,639.3763,1.0,1.0259,2.59
3639,USA részvény eszközalap,2025-12-01,4.6735,2025-12-01,4.6735,0.0,800.0492,1.0,1.006,0.6
3640,Ázsia kötvény eszközalap,2025-12-01,2.2806,2025-12-01,2.2806,0.0,407.1881,1.0,1.0326,3.26
3641,Aktív hozamfigyelõ vegyes eszközalap - D,2025-12-02,0.9542,2025-12-03,0.9546,0.0004,171.9412,1.0004,1.0051,0.51
3642,Euró likviditás eszközalap - D,2025-12-02,0.9259,2025-12-03,0.926,0.0001,169.3169,1.0001,0.9988,-0.12
3643,Európai ingatlancégek részv. eszközalap,2025-12-02,1.8309,2025-12-03,1.8327,0.001,338.1599,1.001,0.919,-8.1
3644,Európai kötvény eszközalap - D,2025-12-02,1.2333,2025-12-03,1.2338,0.0004,225.4849,1.0004,0.9921,-0.79
3645,Európai részvény eszközalap,2025-12-02,2.6646,2025-12-03,2.6679,0.0012,471.0854,1.0012,0.9966,-0.34
3646,Európai vállalati kötvény eszközalap,2025-12-02,1.3267,2025-12-03,1.3273,0.0004,242.0303,1.0004,1.002,0.2
3647,Fejlõdõ piaci részvény ESG eszközalap-D,2025-12-02,1.1499,2025-12-03,1.1478,-0.0019,198.2537,0.9981,0.9886,-1.14
3648,Fejlõdõ ázsiai részvény eszközalap,2025-12-02,2.3938,2025-12-03,2.3988,0.0021,401.5093,1.0021,1.1001,10.01
3649,Fenntartható növekedés részvény eszk.,2025-12-02,3.1948,2025-12-03,3.1977,0.0009,567.2452,1.0009,0.9719,-2.81
3650,Globális egészségügyi részvény eszk.,2025-12-02,3.6252,2025-12-03,3.589,-0.01,602.6476,0.99,1.1067,10.67
3651,Globális növekedési részvény eszközalap,2025-12-02,2.1425,2025-12-03,2.1469,0.0021,404.0978,1.0021,0.9268,-7.32
3652,Kiegyensúlyozott vegyes eszközalap - D,2025-12-02,1.438,2025-12-03,1.4386,0.0004,256.984,1.0004,1.013,1.3
3653,Latin-amerikai részvény eszközalap,2025-12-02,1.2489,2025-12-03,1.261,0.0097,206.5392,1.0097,1.0789,7.89
3654,Magas kötvény arányú vegyes eszk. - D,2025-12-02,1.1173,2025-12-03,1.1177,0.0003,202.1901,1.0003,1.0024,0.24
3655,Magas védelmû vegyes eszközalap,2025-12-02,1.1016,2025-12-03,1.1025,0.0009,200.3312,1.0009,0.9993,-0.07
3656,Nemz. élelmiszeripari cégek rv. ea - D,2025-12-02,3.2051,2025-12-03,3.1777,-0.0085,580.5165,0.9915,1.0153,1.53
3657,Nyersanyagpiaci részvény eszközalap,2025-12-02,1.4264,2025-12-03,1.4037,-0.0159,247.5018,0.9841,0.9846,-1.54
3658,Presztízs- és luxusmárkák rv. ea.,2025-12-02,3.6967,2025-12-03,3.667,-0.008,643.073,0.992,1.0177,1.77
3659,USA részvény eszközalap,2025-12-02,4.6398,2025-12-03,4.6516,0.0025,804.689,1.0025,1.0085,0.85
3660,Ázsia kötvény eszközalap,2025-12-02,2.2684,2025-12-03,2.2687,0.0001,409.4565,1.0001,1.0327,3.27
3661,Aktív hozamfigyelõ vegyes eszközalap - D,2025-12-03,0.9546,2025-12-04,0.9548,0.0003,172.8958,1.0003,1.0054,0.54
3662,Euró likviditás eszközalap - D,2025-12-03,0.926,2025-12-04,0.9261,0.0001,170.2429,1.0001,0.9989,-0.11
3663,Európai ingatlancégek részv. eszközalap,2025-12-03,1.8327,2025-12-04,1.8262,-0.0035,339.9926,0.9965,0.9157,-8.43
3664,Európai kötvény eszközalap - D,2025-12-03,1.2338,2025-12-04,1.2346,0.0007,226.7187,1.0007,0.9928,-0.72
3665,Európai részvény eszközalap,2025-12-03,2.6679,2025-12-04,2.6679,0.0,473.7533,1.0,0.9966,-0.34
3666,Európai vállalati kötvény eszközalap,2025-12-03,1.3273,2025-12-04,1.3282,0.0007,243.3576,1.0007,1.0027,0.27
3667,Fejlõdõ piaci részvény ESG eszközalap-D,2025-12-03,1.1478,2025-12-04,1.1426,-0.0046,199.4015,0.9954,0.984,-1.6
3668,Fejlõdõ ázsiai részvény eszközalap,2025-12-03,2.3988,2025-12-04,2.3834,-0.0064,403.9081,0.9936,1.093,9.3
3669,Fenntartható növekedés részvény eszk.,2025-12-03,3.1977,2025-12-04,3.1877,-0.0031,570.4429,0.9969,0.9689,-3.11
3670,Globális egészségügyi részvény eszk.,2025-12-03,3.589,2025-12-04,3.5838,-0.0015,606.2366,0.9985,1.1051,10.51
3671,Globális növekedési részvény eszközalap,2025-12-03,2.1469,2025-12-04,2.1452,-0.0008,406.2447,0.9992,0.9261,-7.39
3672,Kiegyensúlyozott vegyes eszközalap - D,2025-12-03,1.4386,2025-12-04,1.439,0.0003,258.4226,1.0003,1.0133,1.33
3673,Latin-amerikai részvény eszközalap,2025-12-03,1.261,2025-12-04,1.2611,0.0001,207.8002,1.0001,1.079,7.9
3674,Magas kötvény arányú vegyes eszk. - D,2025-12-03,1.1177,2025-12-04,1.1183,0.0006,203.3078,1.0006,1.003,0.3
3675,Magas védelmû vegyes eszközalap,2025-12-03,1.1025,2025-12-04,1.1027,0.0002,201.4337,1.0002,0.9995,-0.05
3676,Nemz. élelmiszeripari cégek rv. ea - D,2025-12-03,3.1777,2025-12-04,3.1804,0.0009,583.6942,1.0009,1.0162,1.62
3677,Nyersanyagpiaci részvény eszközalap,2025-12-03,1.4037,2025-12-04,1.4187,0.0107,248.9055,1.0107,0.9952,-0.48
3678,Presztízs- és luxusmárkák rv. ea.,2025-12-03,3.667,2025-12-04,3.6878,0.0057,646.74,1.0057,1.0235,2.35
3679,USA részvény eszközalap,2025-12-03,4.6516,2025-12-04,4.6335,-0.0039,809.3406,0.9961,1.0046,0.46
3680,Ázsia kötvény eszközalap,2025-12-03,2.2687,2025-12-04,2.2631,-0.0024,411.7252,0.9976,1.0302,3.02
3681,Aktív hozamfigyelõ vegyes eszközalap - D,2025-12-04,0.9548,2025-12-05,0.9542,-0.0007,173.8506,0.9993,1.0047,0.47
3682,Euró likviditás eszközalap - D,2025-12-04,0.9261,2025-12-05,0.9258,-0.0003,171.169,0.9997,0.9986,-0.14
3683,Európai ingatlancégek részv. eszközalap,2025-12-04,1.8262,2025-12-05,1.8277,0.0008,341.8188,1.0008,0.9165,-8.35
3684,Európai kötvény eszközalap - D,2025-12-04,1.2346,2025-12-05,1.2325,-0.0017,227.9533,0.9983,0.9911,-0.89
3685,Európai részvény eszközalap,2025-12-04,2.6679,2025-12-05,2.6801,0.0046,476.4212,1.0046,1.0011,0.11
3686,Európai vállalati kötvény eszközalap,2025-12-04,1.3282,2025-12-05,1.3275,-0.0006,244.6858,0.9994,1.0021,0.21
3687,Fejlõdõ piaci részvény ESG eszközalap-D,2025-12-04,1.1426,2025-12-05,1.1425,0.0,200.5441,1.0,0.984,-1.6
3688,Fejlõdõ ázsiai részvény eszközalap,2025-12-04,2.3834,2025-12-05,2.3776,-0.0024,406.2915,0.9976,1.0904,9.04
3689,Fenntartható növekedés részvény eszk.,2025-12-04,3.1877,2025-12-05,3.1895,0.0006,573.6306,1.0006,0.9695,-3.05
3690,Globális egészségügyi részvény eszk.,2025-12-04,3.5838,2025-12-05,3.5708,-0.0036,609.8204,0.9964,1.1011,10.11
3691,Globális növekedési részvény eszközalap,2025-12-04,2.1452,2025-12-05,2.1681,0.0107,408.3899,1.0107,0.936,-6.4
3692,Kiegyensúlyozott vegyes eszközalap - D,2025-12-04,1.439,2025-12-05,1.4387,-0.0003,259.8616,0.9997,1.013,1.3
3693,Latin-amerikai részvény eszközalap,2025-12-04,1.2611,2025-12-05,1.273,0.0095,209.0613,1.0095,1.0892,8.92
3694,Magas kötvény arányú vegyes eszk. - D,2025-12-04,1.1183,2025-12-05,1.1173,-0.0009,204.4261,0.9991,1.0021,0.21
3695,Magas védelmû vegyes eszközalap,2025-12-04,1.1027,2025-12-05,1.1042,0.0013,202.5364,1.0013,1.0008,0.08
3696,Nemz. élelmiszeripari cégek rv. ea - D,2025-12-04,3.1804,2025-12-05,3.1511,-0.0092,586.8746,0.9908,1.0069,0.69
3697,Nyersanyagpiaci részvény eszközalap,2025-12-04,1.4187,2025-12-05,1.4184,-0.0002,250.3242,0.9998,0.995,-0.5
3698,Presztízs- és luxusmárkák rv. ea.,2025-12-04,3.6878,2025-12-05,3.6772,-0.0029,650.4278,0.9971,1.0206,2.06
3699,USA részvény eszközalap,2025-12-04,4.6335,2025-12-05,4.6378,0.0009,813.9741,1.0009,1.0055,0.55
3700,Ázsia kötvény eszközalap,2025-12-04,2.2631,2025-12-05,2.2576,-0.0024,413.9883,0.9976,1.0277,2.77
3701,Aktív hozamfigyelõ vegyes eszközalap - D,2025-12-05,0.9542,2025-12-06,0.9541,-0.0001,174.8048,0.9999,1.0046,0.46
3702,Euró likviditás eszközalap - D,2025-12-05,0.9258,2025-12-06,0.9255,-0.0003,172.0948,0.9997,0.9983,-0.17
3703,Európai ingatlancégek részv. eszközalap,2025-12-05,1.8277,2025-12-06,1.8189,-0.0048,343.6465,0.9952,0.9121,-8.79
3704,Európai kötvény eszközalap - D,2025-12-05,1.2325,2025-12-06,1.2315,-0.0008,229.1858,0.9992,0.9903,-0.97
3705,Európai részvény eszközalap,2025-12-05,2.6801,2025-12-06,2.6847,0.0017,479.1013,1.0017,1.0028,0.28
3706,Európai vállalati kötvény eszközalap,2025-12-05,1.3275,2025-12-06,1.3263,-0.0009,246.0133,0.9991,1.0012,0.12
3707,Fejlõdõ piaci részvény ESG eszközalap-D,2025-12-05,1.1425,2025-12-06,1.1497,0.0063,201.6866,1.0063,0.9902,-0.98
3708,Fejlõdõ ázsiai részvény eszközalap,2025-12-05,2.3776,2025-12-06,2.4136,0.0151,408.6691,1.0151,1.1069,10.69
3709,Fenntartható növekedés részvény eszk.,2025-12-05,3.1895,2025-12-06,3.1998,0.0033,576.8201,1.0033,0.9727,-2.73
3710,Globális egészségügyi részvény eszk.,2025-12-05,3.5708,2025-12-06,3.5707,0.0,613.3912,1.0,1.1011,10.11
3711,Globális növekedési részvény eszközalap,2025-12-05,2.1681,2025-12-06,2.1708,0.0012,410.558,1.0012,0.9371,-6.29
3712,Kiegyensúlyozott vegyes eszközalap - D,2025-12-05,1.4387,2025-12-06,1.4409,0.0015,261.3003,1.0015,1.0145,1.45
3713,Latin-amerikai részvény eszközalap,2025-12-05,1.273,2025-12-06,1.253,-0.0157,210.3343,0.9843,1.0721,7.21
3714,Magas kötvény arányú vegyes eszk. - D,2025-12-05,1.1173,2025-12-06,1.1178,0.0004,205.5434,1.0004,1.0025,0.25
3715,Magas védelmû vegyes eszközalap,2025-12-05,1.1042,2025-12-06,1.1043,0.0001,203.6406,1.0001,1.0009,0.09
3716,Nemz. élelmiszeripari cégek rv. ea - D,2025-12-05,3.1511,2025-12-06,3.1728,0.0069,590.0257,1.0069,1.0138,1.38
3717,Nyersanyagpiaci részvény eszközalap,2025-12-05,1.4184,2025-12-06,1.4276,0.0065,251.7426,1.0065,1.0014,0.14
3718,Presztízs- és luxusmárkák rv. ea.,2025-12-05,3.6772,2025-12-06,3.6691,-0.0022,654.105,0.9978,1.0183,1.83
3719,USA részvény eszközalap,2025-12-05,4.6378,2025-12-06,4.6625,0.0053,818.6119,1.0053,1.0108,1.08
3720,Ázsia kötvény eszközalap,2025-12-05,2.2576,2025-12-06,2.2605,0.0013,416.2459,1.0013,1.0291,2.91
3721,Aktív hozamfigyelõ vegyes eszközalap - D,2025-12-06,0.9541,2025-12-06,0.9541,0.0,175.7589,1.0,1.0046,0.46
3722,Euró likviditás eszközalap - D,2025-12-06,0.9255,2025-12-06,0.9255,0.0,173.0203,1.0,0.9983,-0.17
3723,Európai ingatlancégek részv. eszközalap,2025-12-06,1.8189,2025-12-06,1.8189,0.0,345.4654,1.0,0.9121,-8.79
3724,Európai kötvény eszközalap - D,2025-12-06,1.2315,2025-12-06,1.2315,0.0,230.4173,1.0,0.9903,-0.97
3725,Európai részvény eszközalap,2025-12-06,2.6847,2025-12-06,2.6847,0.0,481.786,1.0,1.0028,0.28
3726,Európai vállalati kötvény eszközalap,2025-12-06,1.3263,2025-12-06,1.3263,0.0,247.3396,1.0,1.0012,0.12
3727,Fejlõdõ piaci részvény ESG eszközalap-D,2025-12-06,1.1497,2025-12-06,1.1497,0.0,202.8363,1.0,0.9902,-0.98
3728,Fejlõdõ ázsiai részvény eszközalap,2025-12-06,2.4136,2025-12-06,2.4136,0.0,411.0827,1.0,1.1069,10.69
3729,Fenntartható növekedés részvény eszk.,2025-12-06,3.1998,2025-12-06,3.1998,0.0,580.0199,1.0,0.9727,-2.73
3730,Globális egészségügyi részvény eszk.,2025-12-06,3.5707,2025-12-06,3.5707,0.0,616.9619,1.0,1.1011,10.11
3731,Globális növekedési részvény eszközalap,2025-12-06,2.1708,2025-12-06,2.1708,0.0,412.7288,1.0,0.9371,-6.29
3732,Kiegyensúlyozott vegyes eszközalap - D,2025-12-06,1.4409,2025-12-06,1.4409,0.0,262.7412,1.0,1.0145,1.45
3733,Latin-amerikai részvény eszközalap,2025-12-06,1.253,2025-12-06,1.253,0.0,211.5873,1.0,1.0721,7.21
3734,Magas kötvény arányú vegyes eszk. - D,2025-12-06,1.1178,2025-12-06,1.1178,0.0,206.6612,1.0,1.0025,0.25
3735,Magas védelmû vegyes eszközalap,2025-12-06,1.1043,2025-12-06,1.1043,0.0,204.7449,1.0,1.0009,0.09
3736,Nemz. élelmiszeripari cégek rv. ea - D,2025-12-06,3.1728,2025-12-06,3.1728,0.0,593.1985,1.0,1.0138,1.38
3737,Nyersanyagpiaci részvény eszközalap,2025-12-06,1.4276,2025-12-06,1.4276,0.0,253.1702,1.0,1.0014,0.14
3738,Presztízs- és luxusmárkák rv. ea.,2025-12-06,3.6691,2025-12-06,3.6691,0.0,657.7741,1.0,1.0183,1.83
3739,USA részvény eszközalap,2025-12-06,4.6625,2025-12-06,4.6625,0.0,823.2744,1.0,1.0108,1.08
3740,Ázsia kötvény eszközalap,2025-12-06,2.2605,2025-12-06,2.2605,0.0,418.5064,1.0,1.0291,2.91
3741,Aktív hozamfigyelõ vegyes eszközalap - D,2025-12-07,0.9541,2025-12-07,0.9541,0.0,176.713,1.0,1.0046,0.46
3742,Euró likviditás eszközalap - D,2025-12-07,0.9255,2025-12-07,0.9255,0.0,173.9458,1.0,0.9983,-0.17
3743,Európai ingatlancégek részv. eszközalap,2025-12-07,1.8189,2025-12-07,1.8189,0.0,347.2843,1.0,0.9121,-8.79
3744,Európai kötvény eszközalap - D,2025-12-07,1.2315,2025-12-07,1.2315,0.0,231.6488,1.0,0.9903,-0.97
3745,Európai részvény eszközalap,2025-12-07,2.6847,2025-12-07,2.6847,0.0,484.4707,1.0,1.0028,0.28
3746,Európai vállalati kötvény eszközalap,2025-12-07,1.3263,2025-12-07,1.3263,0.0,248.6659,1.0,1.0012,0.12
3747,Fejlõdõ piaci részvény ESG eszközalap-D,2025-12-07,1.1497,2025-12-07,1.1497,0.0,203.986,1.0,0.9902,-0.98
3748,Fejlõdõ ázsiai részvény eszközalap,2025-12-07,2.4136,2025-12-07,2.4136,0.0,413.4963,1.0,1.1069,10.69
3749,Fenntartható növekedés részvény eszk.,2025-12-07,3.1998,2025-12-07,3.1998,0.0,583.2197,1.0,0.9727,-2.73
3750,Globális egészségügyi részvény eszk.,2025-12-07,3.5707,2025-12-07,3.5707,0.0,620.5326,1.0,1.1011,10.11
3751,Globális növekedési részvény eszközalap,2025-12-07,2.1708,2025-12-07,2.1708,0.0,414.8996,1.0,0.9371,-6.29
3752,Kiegyensúlyozott vegyes eszközalap - D,2025-12-07,1.4409,2025-12-07,1.4409,0.0,264.1821,1.0,1.0145,1.45
3753,Latin-amerikai részvény eszközalap,2025-12-07,1.253,2025-12-07,1.253,0.0,212.8403,1.0,1.0721,7.21
3754,Magas kötvény arányú vegyes eszk. - D,2025-12-07,1.1178,2025-12-07,1.1178,0.0,207.779,1.0,1.0025,0.25
3755,Magas védelmû vegyes eszközalap,2025-12-07,1.1043,2025-12-07,1.1043,0.0,205.8492,1.0,1.0009,0.09
3756,Nemz. élelmiszeripari cégek rv. ea - D,2025-12-07,3.1728,2025-12-07,3.1728,0.0,596.3713,1.0,1.0138,1.38
3757,Nyersanyagpiaci részvény eszközalap,2025-12-07,1.4276,2025-12-07,1.4276,0.0,254.5978,1.0,1.0014,0.14
3758,Presztízs- és luxusmárkák rv. ea.,2025-12-07,3.6691,2025-12-07,3.6691,0.0,661.4432,1.0,1.0183,1.83
3759,USA részvény eszközalap,2025-12-07,4.6625,2025-12-07,4.6625,0.0,827.9369,1.0,1.0108,1.08
3760,Ázsia kötvény eszközalap,2025-12-07,2.2605,2025-12-07,2.2605,0.0,420.7669,1.0,1.0291,2.91
3761,Aktív hozamfigyelõ vegyes eszközalap - D,2025-12-08,0.9541,2025-12-08,0.9541,0.0,177.6671,1.0,1.0046,0.46
3762,Euró likviditás eszközalap - D,2025-12-08,0.9255,2025-12-08,0.9255,0.0,174.8713,1.0,0.9983,-0.17
3763,Európai ingatlancégek részv. eszközalap,2025-12-08,1.8189,2025-12-08,1.8189,0.0,349.1032,1.0,0.9121,-8.79
3764,Európai kötvény eszközalap - D,2025-12-08,1.2315,2025-12-08,1.2315,0.0,232.8803,1.0,0.9903,-0.97
3765,Európai részvény eszközalap,2025-12-08,2.6847,2025-12-08,2.6847,0.0,487.1554,1.0,1.0028,0.28
3766,Európai vállalati kötvény eszközalap,2025-12-08,1.3263,2025-12-08,1.3263,0.0,249.9922,1.0,1.0012,0.12
3767,Fejlõdõ piaci részvény ESG eszközalap-D,2025-12-08,1.1497,2025-12-08,1.1497,0.0,205.1357,1.0,0.9902,-0.98
3768,Fejlõdõ ázsiai részvény eszközalap,2025-12-08,2.4136,2025-12-08,2.4136,0.0,415.9099,1.0,1.1069,10.69
3769,Fenntartható növekedés részvény eszk.,2025-12-08,3.1998,2025-12-08,3.1998,0.0,586.4195,1.0,0.9727,-2.73
3770,Globális egészségügyi részvény eszk.,2025-12-08,3.5707,2025-12-08,3.5707,0.0,624.1033,1.0,1.1011,10.11
3771,Globális növekedési részvény eszközalap,2025-12-08,2.1708,2025-12-08,2.1708,0.0,417.0704,1.0,0.9371,-6.29
3772,Kiegyensúlyozott vegyes eszközalap - D,2025-12-08,1.4409,2025-12-08,1.4409,0.0,265.623,1.0,1.0145,1.45
3773,Latin-amerikai részvény eszközalap,2025-12-08,1.253,2025-12-08,1.253,0.0,214.0933,1.0,1.0721,7.21
3774,Magas kötvény arányú vegyes eszk. - D,2025-12-08,1.1178,2025-12-08,1.1178,0.0,208.8968,1.0,1.0025,0.25
3775,Magas védelmû vegyes eszközalap,2025-12-08,1.1043,2025-12-08,1.1043,0.0,206.9535,1.0,1.0009,0.09
3776,Nemz. élelmiszeripari cégek rv. ea - D,2025-12-08,3.1728,2025-12-08,3.1728,0.0,599.5441,1.0,1.0138,1.38
3777,Nyersanyagpiaci részvény eszközalap,2025-12-08,1.4276,2025-12-08,1.4276,0.0,256.0254,1.0,1.0014,0.14
3778,Presztízs- és luxusmárkák rv. ea.,2025-12-08,3.6691,2025-12-08,3.6691,0.0,665.1123,1.0,1.0183,1.83
3779,USA részvény eszközalap,2025-12-08,4.6625,2025-12-08,4.6625,0.0,832.5994,1.0,1.0108,1.08
3780,Ázsia kötvény eszközalap,2025-12-08,2.2605,2025-12-08,2.2605,0.0,423.0274,1.0,1.0291,2.91
3781,Aktív hozamfigyelõ vegyes eszközalap - D,2025-12-09,0.9508,2025-12-10,0.95,-0.0008,178.6179,0.9992,1.0038,0.38
3782,Euró likviditás eszközalap - D,2025-12-09,0.9244,2025-12-10,0.9246,0.0003,175.7957,1.0003,0.9986,-0.14
3783,Európai ingatlancégek részv. eszközalap,2025-12-09,1.7926,2025-12-10,1.7823,-0.0058,350.8958,0.9942,0.9068,-9.32
3784,Európai kötvény eszközalap - D,2025-12-09,1.2256,2025-12-10,1.2266,0.0008,234.1059,1.0008,0.9911,-0.89
3785,Európai részvény eszközalap,2025-12-09,2.6826,2025-12-10,2.6758,-0.0026,489.838,0.9974,1.0002,0.02
3786,Európai vállalati kötvény eszközalap,2025-12-09,1.3218,2025-12-10,1.3228,0.0007,251.314,1.0007,1.0019,0.19
3787,Fejlõdõ piaci részvény ESG eszközalap-D,2025-12-09,1.1444,2025-12-10,1.1361,-0.0073,206.2801,0.9927,0.983,-1.7
3788,Fejlõdõ ázsiai részvény eszközalap,2025-12-09,2.4068,2025-12-10,2.3985,-0.0034,418.3167,0.9966,1.1031,10.31
3789,Fenntartható növekedés részvény eszk.,2025-12-09,3.1919,2025-12-10,3.186,-0.0019,589.6114,0.9981,0.9709,-2.91
3790,Globális egészségügyi részvény eszk.,2025-12-09,3.5316,2025-12-10,3.5263,-0.0015,627.6349,0.9985,1.0994,9.94
3791,Globális növekedési részvény eszközalap,2025-12-09,2.1541,2025-12-10,2.1404,-0.0064,419.2245,0.9936,0.9311,-6.89
3792,Kiegyensúlyozott vegyes eszközalap - D,2025-12-09,1.4374,2025-12-10,1.4372,-0.0001,267.0604,0.9999,1.0144,1.44
3793,Latin-amerikai részvény eszközalap,2025-12-09,1.2388,2025-12-10,1.2353,-0.0029,215.3321,0.9971,1.069,6.9
3794,Magas kötvény arányú vegyes eszk. - D,2025-12-09,1.1137,2025-12-10,1.1143,0.0006,210.0105,1.0006,1.0031,0.31
3795,Magas védelmû vegyes eszközalap,2025-12-09,1.1041,2025-12-10,1.1039,-0.0002,208.0576,0.9998,1.0007,0.07
3796,Nemz. élelmiszeripari cégek rv. ea - D,2025-12-09,3.1381,2025-12-10,3.1343,-0.0012,602.6822,0.9988,1.0126,1.26
3797,Nyersanyagpiaci részvény eszközalap,2025-12-09,1.4188,2025-12-10,1.4146,-0.0029,257.4442,0.9971,0.9985,-0.15
3798,Presztízs- és luxusmárkák rv. ea.,2025-12-09,3.6517,2025-12-10,3.6299,-0.006,668.764,0.994,1.0122,1.22
3799,USA részvény eszközalap,2025-12-09,4.6517,2025-12-10,4.6484,-0.0007,837.2511,0.9993,1.0101,1.01
3800,Ázsia kötvény eszközalap,2025-12-09,2.2598,2025-12-10,2.2588,-0.0004,425.2872,0.9996,1.0286,2.86
3801,Aktív hozamfigyelõ vegyes eszközalap - D,2025-12-10,0.95,2025-12-11,0.952,0.0021,179.5679,1.0021,1.0059,0.59
3802,Euró likviditás eszközalap - D,2025-12-10,0.9246,2025-12-11,0.9243,-0.0004,176.7203,0.9996,0.9982,-0.18
3803,Európai ingatlancégek részv. eszközalap,2025-12-10,1.7823,2025-12-11,1.7792,-0.0017,352.6781,0.9983,0.9052,-9.48
3804,Európai kötvény eszközalap - D,2025-12-10,1.2266,2025-12-11,1.2266,0.0,235.3325,1.0,0.9911,-0.89
3805,Európai részvény eszközalap,2025-12-10,2.6758,2025-12-11,2.6675,-0.0031,492.5138,0.9969,0.9971,-0.29
3806,Európai vállalati kötvény eszközalap,2025-12-10,1.3228,2025-12-11,1.322,-0.0007,252.6368,0.9993,1.0012,0.12
3807,Fejlõdõ piaci részvény ESG eszközalap-D,2025-12-10,1.1361,2025-12-11,1.1381,0.0018,207.4162,1.0018,0.9848,-1.52
3808,Fejlõdõ ázsiai részvény eszközalap,2025-12-10,2.3985,2025-12-11,2.4126,0.0059,420.7152,1.0059,1.1096,10.96
3809,Fenntartható növekedés részvény eszk.,2025-12-10,3.186,2025-12-11,3.1971,0.0035,592.7974,1.0035,0.9743,-2.57
3810,Globális egészségügyi részvény eszk.,2025-12-10,3.5263,2025-12-11,3.5003,-0.0074,631.1612,0.9926,1.0913,9.13
3811,Globális növekedési részvény eszközalap,2025-12-10,2.1404,2025-12-11,2.1447,0.002,421.3649,1.002,0.933,-6.7
3812,Kiegyensúlyozott vegyes eszközalap - D,2025-12-10,1.4372,2025-12-11,1.439,0.0012,268.4976,1.0012,1.0156,1.56
3813,Latin-amerikai részvény eszközalap,2025-12-10,1.2353,2025-12-11,1.2351,-0.0001,216.5674,0.9999,1.0689,6.89
3814,Magas kötvény arányú vegyes eszk. - D,2025-12-10,1.1143,2025-12-11,1.1148,0.0004,211.1248,1.0004,1.0035,0.35
3815,Magas védelmû vegyes eszközalap,2025-12-10,1.1039,2025-12-11,1.1025,-0.0012,209.1615,0.9988,0.9995,-0.05
3816,Nemz. élelmiszeripari cégek rv. ea - D,2025-12-10,3.1343,2025-12-11,3.1413,0.0022,605.8165,1.0022,1.0148,1.48
3817,Nyersanyagpiaci részvény eszközalap,2025-12-10,1.4146,2025-12-11,1.4131,-0.0011,258.8588,0.9989,0.9974,-0.26
3818,Presztízs- és luxusmárkák rv. ea.,2025-12-10,3.6299,2025-12-11,3.6072,-0.0063,672.3939,0.9937,1.0058,0.58
3819,USA részvény eszközalap,2025-12-10,4.6484,2025-12-11,4.6767,0.0061,841.8995,1.0061,1.0163,1.63
3820,Ázsia kötvény eszközalap,2025-12-10,2.2588,2025-12-11,2.2614,0.0011,427.546,1.0011,1.0298,2.98
3821,Aktív hozamfigyelõ vegyes eszközalap - D,2025-12-11,0.952,2025-12-12,0.9519,-0.0001,180.5199,0.9999,1.0058,0.58
3822,Euró likviditás eszközalap - D,2025-12-11,0.9243,2025-12-12,0.9246,0.0003,177.6446,1.0003,0.9985,-0.15
3823,Európai ingatlancégek részv. eszközalap,2025-12-11,1.7792,2025-12-12,1.781,0.001,354.4573,1.001,0.9062,-9.38
3824,Európai kötvény eszközalap - D,2025-12-11,1.2266,2025-12-12,1.2281,0.0012,236.5591,1.0012,0.9923,-0.77
3825,Európai részvény eszközalap,2025-12-11,2.6675,2025-12-12,2.6897,0.0083,495.1813,1.0083,1.0054,0.54
3826,Európai vállalati kötvény eszközalap,2025-12-11,1.322,2025-12-12,1.3229,0.0007,253.9588,1.0007,1.0019,0.19
3827,Fejlõdõ piaci részvény ESG eszközalap-D,2025-12-11,1.1381,2025-12-12,1.1329,-0.0046,208.5543,0.9954,0.9802,-1.98
3828,Fejlõdõ ázsiai részvény eszközalap,2025-12-11,2.4126,2025-12-12,2.3812,-0.013,423.1278,0.987,1.0952,9.52
3829,Fenntartható növekedés részvény eszk.,2025-12-11,3.1971,2025-12-12,3.1803,-0.0053,595.9945,0.9947,0.9691,-3.09
3830,Globális egészségügyi részvény eszk.,2025-12-11,3.5003,2025-12-12,3.5417,0.0118,634.6615,1.0118,1.1042,10.42
3831,Globális növekedési részvény eszközalap,2025-12-11,2.1447,2025-12-12,2.1425,-0.0011,423.5096,0.9989,0.9319,-6.81
3832,Kiegyensúlyozott vegyes eszközalap - D,2025-12-11,1.439,2025-12-12,1.4384,-0.0004,269.9366,0.9996,1.0152,1.52
3833,Latin-amerikai részvény eszközalap,2025-12-11,1.2351,2025-12-12,1.2504,0.0124,217.8025,1.0124,1.0822,8.22
3834,Magas kötvény arányú vegyes eszk. - D,2025-12-11,1.1148,2025-12-12,1.1152,0.0004,212.2396,1.0004,1.0039,0.39
3835,Magas védelmû vegyes eszközalap,2025-12-11,1.1025,2025-12-12,1.1059,0.0031,210.264,1.0031,1.0026,0.26
3836,Nemz. élelmiszeripari cégek rv. ea - D,2025-12-11,3.1413,2025-12-12,3.1408,-0.0001,608.9578,0.9999,1.0147,1.47
3837,Nyersanyagpiaci részvény eszközalap,2025-12-11,1.4131,2025-12-12,1.4392,0.0184,260.2719,1.0184,1.0158,1.58
3838,Presztízs- és luxusmárkák rv. ea.,2025-12-11,3.6072,2025-12-12,3.6817,0.0207,676.0011,1.0207,1.0267,2.67
3839,USA részvény eszközalap,2025-12-11,4.6767,2025-12-12,4.6416,-0.0075,846.5762,0.9925,1.0087,0.87
3840,Ázsia kötvény eszközalap,2025-12-11,2.2614,2025-12-12,2.2531,-0.0037,429.8074,0.9963,1.026,2.6
3841,Aktív hozamfigyelõ vegyes eszközalap - D,2025-12-12,0.9519,2025-12-13,0.9482,-0.004,181.4718,0.996,1.0018,0.18
3842,Euró likviditás eszközalap - D,2025-12-12,0.9246,2025-12-13,0.9246,0.0,178.5692,1.0,0.9985,-0.15
3843,Európai ingatlancégek részv. eszközalap,2025-12-12,1.781,2025-12-13,1.7783,-0.0015,356.2383,0.9985,0.9048,-9.52
3844,Európai kötvény eszközalap - D,2025-12-12,1.2281,2025-12-13,1.2272,-0.0007,237.7872,0.9993,0.9916,-0.84
3845,Európai részvény eszközalap,2025-12-12,2.6897,2025-12-13,2.6767,-0.0048,497.871,0.9952,1.0006,0.06
3846,Európai vállalati kötvény eszközalap,2025-12-12,1.3229,2025-12-13,1.3227,-0.0002,255.2817,0.9998,1.0017,0.17
3847,Fejlõdõ piaci részvény ESG eszközalap-D,2025-12-12,1.1329,2025-12-13,1.1328,0.0,209.6872,1.0,0.9802,-1.98
3848,Fejlõdõ ázsiai részvény eszközalap,2025-12-12,2.3812,2025-12-13,2.3961,0.0063,425.509,1.0063,1.1021,10.21
3849,Fenntartható növekedés részvény eszk.,2025-12-12,3.1803,2025-12-13,3.1543,-0.0082,599.1748,0.9918,0.9612,-3.88
3850,Globális egészségügyi részvény eszk.,2025-12-12,3.5417,2025-12-13,3.5468,0.0014,638.2032,1.0014,1.1057,10.57
3851,Globális növekedési részvény eszközalap,2025-12-12,2.1425,2025-12-13,2.1254,-0.008,425.6521,0.992,0.9245,-7.55
3852,Kiegyensúlyozott vegyes eszközalap - D,2025-12-12,1.4384,2025-12-13,1.433,-0.0037,271.375,0.9963,1.0115,1.15
3853,Latin-amerikai részvény eszközalap,2025-12-12,1.2504,2025-12-13,1.2487,-0.0014,219.0529,0.9986,1.0806,8.06
3854,Magas kötvény arányú vegyes eszk. - D,2025-12-12,1.1152,2025-12-13,1.1126,-0.0024,213.3548,0.9976,1.0015,0.15
3855,Magas védelmû vegyes eszközalap,2025-12-12,1.1059,2025-12-13,1.1041,-0.0016,211.3699,0.9984,1.001,0.1
3856,Nemz. élelmiszeripari cégek rv. ea - D,2025-12-12,3.1408,2025-12-13,3.1404,-0.0001,612.0986,0.9999,1.0146,1.46
3857,Nyersanyagpiaci részvény eszközalap,2025-12-12,1.4392,2025-12-13,1.4348,-0.0031,261.7111,0.9969,1.0126,1.26
3858,Presztízs- és luxusmárkák rv. ea.,2025-12-12,3.6817,2025-12-13,3.6856,0.0011,679.6828,1.0011,1.0278,2.78
3859,USA részvény eszközalap,2025-12-12,4.6416,2025-12-13,4.6073,-0.0074,851.2178,0.9926,1.0012,0.12
3860,Ázsia kötvény eszközalap,2025-12-12,2.2531,2025-12-13,2.2463,-0.003,432.0605,0.997,1.0229,2.29
3861,Aktív hozamfigyelõ vegyes eszközalap - D,2025-12-13,0.9482,2025-12-13,0.9482,0.0,182.42,1.0,1.0018,0.18
3862,Euró likviditás eszközalap - D,2025-12-13,0.9246,2025-12-13,0.9246,0.0,179.4938,1.0,0.9985,-0.15
3863,Európai ingatlancégek részv. eszközalap,2025-12-13,1.7783,2025-12-13,1.7783,0.0,358.0166,1.0,0.9048,-9.52
3864,Európai kötvény eszközalap - D,2025-12-13,1.2272,2025-12-13,1.2272,0.0,239.0144,1.0,0.9916,-0.84
3865,Európai részvény eszközalap,2025-12-13,2.6767,2025-12-13,2.6767,0.0,500.5477,1.0,1.0006,0.06
3866,Európai vállalati kötvény eszközalap,2025-12-13,1.3227,2025-12-13,1.3227,0.0,256.6044,1.0,1.0017,0.17
3867,Fejlõdõ piaci részvény ESG eszközalap-D,2025-12-13,1.1328,2025-12-13,1.1328,0.0,210.82,1.0,0.9802,-1.98
3868,Fejlõdõ ázsiai részvény eszközalap,2025-12-13,2.3961,2025-12-13,2.3961,0.0,427.9051,1.0,1.1021,10.21
3869,Fenntartható növekedés részvény eszk.,2025-12-13,3.1543,2025-12-13,3.1543,0.0,602.3291,1.0,0.9612,-3.88
3870,Globális egészségügyi részvény eszk.,2025-12-13,3.5468,2025-12-13,3.5468,0.0,641.75,1.0,1.1057,10.57
3871,Globális növekedési részvény eszközalap,2025-12-13,2.1254,2025-12-13,2.1254,0.0,427.7775,1.0,0.9245,-7.55
3872,Kiegyensúlyozott vegyes eszközalap - D,2025-12-13,1.433,2025-12-13,1.433,0.0,272.808,1.0,1.0115,1.15
3873,Latin-amerikai részvény eszközalap,2025-12-13,1.2487,2025-12-13,1.2487,0.0,220.3016,1.0,1.0806,8.06
3874,Magas kötvény arányú vegyes eszk. - D,2025-12-13,1.1126,2025-12-13,1.1126,0.0,214.4674,1.0,1.0015,0.15
3875,Magas védelmû vegyes eszközalap,2025-12-13,1.1041,2025-12-13,1.1041,0.0,212.474,1.0,1.001,0.1
3876,Nemz. élelmiszeripari cégek rv. ea - D,2025-12-13,3.1404,2025-12-13,3.1404,0.0,615.239,1.0,1.0146,1.46
3877,Nyersanyagpiaci részvény eszközalap,2025-12-13,1.4348,2025-12-13,1.4348,0.0,263.1459,1.0,1.0126,1.26
3878,Presztízs- és luxusmárkák rv. ea.,2025-12-13,3.6856,2025-12-13,3.6856,0.0,683.3684,1.0,1.0278,2.78
3879,USA részvény eszközalap,2025-12-13,4.6073,2025-12-13,4.6073,0.0,855.8251,1.0,1.0012,0.12
3880,Ázsia kötvény eszközalap,2025-12-13,2.2463,2025-12-13,2.2463,0.0,434.3068,1.0,1.0229,2.29
3881,Aktív hozamfigyelõ vegyes eszközalap - D,2025-12-14,0.9482,2025-12-14,0.9482,0.0,183.3682,1.0,1.0018,0.18
3882,Euró likviditás eszközalap - D,2025-12-14,0.9246,2025-12-14,0.9246,0.0,180.4184,1.0,0.9985,-0.15
3883,Európai ingatlancégek részv. eszközalap,2025-12-14,1.7783,2025-12-14,1.7783,0.0,359.7949,1.0,0.9048,-9.52
3884,Európai kötvény eszközalap - D,2025-12-14,1.2272,2025-12-14,1.2272,0.0,240.2416,1.0,0.9916,-0.84
3885,Európai részvény eszközalap,2025-12-14,2.6767,2025-12-14,2.6767,0.0,503.2244,1.0,1.0006,0.06
3886,Európai vállalati kötvény eszközalap,2025-12-14,1.3227,2025-12-14,1.3227,0.0,257.9271,1.0,1.0017,0.17
3887,Fejlõdõ piaci részvény ESG eszközalap-D,2025-12-14,1.1328,2025-12-14,1.1328,0.0,211.9528,1.0,0.9802,-1.98
3888,Fejlõdõ ázsiai részvény eszközalap,2025-12-14,2.3961,2025-12-14,2.3961,0.0,430.3012,1.0,1.1021,10.21
3889,Fenntartható növekedés részvény eszk.,2025-12-14,3.1543,2025-12-14,3.1543,0.0,605.4834,1.0,0.9612,-3.88
3890,Globális egészségügyi részvény eszk.,2025-12-14,3.5468,2025-12-14,3.5468,0.0,645.2968,1.0,1.1057,10.57
3891,Globális növekedési részvény eszközalap,2025-12-14,2.1254,2025-12-14,2.1254,0.0,429.9029,1.0,0.9245,-7.55
3892,Kiegyensúlyozott vegyes eszközalap - D,2025-12-14,1.433,2025-12-14,1.433,0.0,274.241,1.0,1.0115,1.15
3893,Latin-amerikai részvény eszközalap,2025-12-14,1.2487,2025-12-14,1.2487,0.0,221.5503,1.0,1.0806,8.06
3894,Magas kötvény arányú vegyes eszk. - D,2025-12-14,1.1126,2025-12-14,1.1126,0.0,215.58,1.0,1.0015,0.15
3895,Magas védelmû vegyes eszközalap,2025-12-14,1.1041,2025-12-14,1.1041,0.0,213.5781,1.0,1.001,0.1
3896,Nemz. élelmiszeripari cégek rv. ea - D,2025-12-14,3.1404,2025-12-14,3.1404,0.0,618.3794,1.0,1.0146,1.46
3897,Nyersanyagpiaci részvény eszközalap,2025-12-14,1.4348,2025-12-14,1.4348,0.0,264.5807,1.0,1.0126,1.26
3898,Presztízs- és luxusmárkák rv. ea.,2025-12-14,3.6856,2025-12-14,3.6856,0.0,687.054,1.0,1.0278,2.78
3899,USA részvény eszközalap,2025-12-14,4.6073,2025-12-14,4.6073,0.0,860.4324,1.0,1.0012,0.12
3900,Ázsia kötvény eszközalap,2025-12-14,2.2463,2025-12-14,2.2463,0.0,436.5531,1.0,1.0229,2.29
3901,Aktív hozamfigyelõ vegyes eszközalap - D,2025-12-15,0.9482,2025-12-15,0.9482,0.0,184.3164,1.0,1.0018,0.18
3902,Euró likviditás eszközalap - D,2025-12-15,0.9246,2025-12-15,0.9246,0.0,181.343,1.0,0.9985,-0.15
3903,Európai ingatlancégek részv. eszközalap,2025-12-15,1.7783,2025-12-15,1.7783,0.0,361.5732,1.0,0.9048,-9.52
3904,Európai kötvény eszközalap - D,2025-12-15,1.2272,2025-12-15,1.2272,0.0,241.4688,1.0,0.9916,-0.84
3905,Európai részvény eszközalap,2025-12-15,2.6767,2025-12-15,2.6767,0.0,505.9011,1.0,1.0006,0.06
3906,Európai vállalati kötvény eszközalap,2025-12-15,1.3227,2025-12-15,1.3227,0.0,259.2498,1.0,1.0017,0.17
3907,Fejlõdõ piaci részvény ESG eszközalap-D,2025-12-15,1.1328,2025-12-15,1.1328,0.0,213.0856,1.0,0.9802,-1.98
3908,Fejlõdõ ázsiai részvény eszközalap,2025-12-15,2.3961,2025-12-15,2.3961,0.0,432.6973,1.0,1.1021,10.21
3909,Fenntartható növekedés részvény eszk.,2025-12-15,3.1543,2025-12-15,3.1543,0.0,608.6377,1.0,0.9612,-3.88
3910,Globális egészségügyi részvény eszk.,2025-12-15,3.5468,2025-12-15,3.5468,0.0,648.8436,1.0,1.1057,10.57
3911,Globális növekedési részvény eszközalap,2025-12-15,2.1254,2025-12-15,2.1254,0.0,432.0283,1.0,0.9245,-7.55
3912,Kiegyensúlyozott vegyes eszközalap - D,2025-12-15,1.433,2025-12-15,1.433,0.0,275.674,1.0,1.0115,1.15
3913,Latin-amerikai részvény eszközalap,2025-12-15,1.2487,2025-12-15,1.2487,0.0,222.799,1.0,1.0806,8.06
3914,Magas kötvény arányú vegyes eszk. - D,2025-12-15,1.1126,2025-12-15,1.1126,0.0,216.6926,1.0,1.0015,0.15
3915,Magas védelmû vegyes eszközalap,2025-12-15,1.1041,2025-12-15,1.1041,0.0,214.6822,1.0,1.001,0.1
3916,Nemz. élelmiszeripari cégek rv. ea - D,2025-12-15,3.1404,2025-12-15,3.1404,0.0,621.5198,1.0,1.0146,1.46
3917,Nyersanyagpiaci részvény eszközalap,2025-12-15,1.4348,2025-12-15,1.4348,0.0,266.0155,1.0,1.0126,1.26
3918,Presztízs- és luxusmárkák rv. ea.,2025-12-15,3.6856,2025-12-15,3.6856,0.0,690.7396,1.0,1.0278,2.78
3919,USA részvény eszközalap,2025-12-15,4.6073,2025-12-15,4.6073,0.0,865.0397,1.0,1.0012,0.12
3920,Ázsia kötvény eszközalap,2025-12-15,2.2463,2025-12-15,2.2463,0.0,438.7994,1.0,1.0229,2.29
3921,Aktív hozamfigyelõ vegyes eszközalap - D,2025-12-16,0.9486,2025-12-17,0.9479,-0.0007,185.265,0.9993,1.0011,0.11
3922,Euró likviditás eszközalap - D,2025-12-16,0.9249,2025-12-17,0.9252,0.0003,182.2679,1.0003,0.9988,-0.12
3923,Európai ingatlancégek részv. eszközalap,2025-12-16,1.7763,2025-12-17,1.7858,0.0053,363.3495,1.0053,0.9096,-9.04
3924,Európai kötvény eszközalap - D,2025-12-16,1.2279,2025-12-17,1.2288,0.0007,242.6967,1.0007,0.9923,-0.77
3925,Európai részvény eszközalap,2025-12-16,2.6897,2025-12-17,2.6768,-0.0048,508.5908,0.9952,0.9958,-0.42
3926,Európai vállalati kötvény eszközalap,2025-12-16,1.3236,2025-12-17,1.3239,0.0002,260.5734,1.0002,1.0019,0.19
3927,Fejlõdõ piaci részvény ESG eszközalap-D,2025-12-16,1.1327,2025-12-17,1.1172,-0.0137,214.2183,0.9863,0.9668,-3.32
3928,Fejlõdõ ázsiai részvény eszközalap,2025-12-16,2.3763,2025-12-17,2.3397,-0.0154,435.0736,0.9846,1.0851,8.51
3929,Fenntartható növekedés részvény eszk.,2025-12-16,3.1511,2025-12-17,3.1449,-0.0019,611.7888,0.9981,0.9593,-4.07
3930,Globális egészségügyi részvény eszk.,2025-12-16,3.5829,2025-12-17,3.5623,-0.0058,652.4265,0.9942,1.0993,9.93
3931,Globális növekedési részvény eszközalap,2025-12-16,2.1284,2025-12-17,2.1218,-0.0031,434.1567,0.9969,0.9216,-7.84
3932,Kiegyensúlyozott vegyes eszközalap - D,2025-12-16,1.4312,2025-12-17,1.4284,-0.002,277.1052,0.998,1.0094,0.94
3933,Latin-amerikai részvény eszközalap,2025-12-16,1.2696,2025-12-17,1.2356,-0.0268,224.0686,0.9732,1.0517,5.17
3934,Magas kötvény arányú vegyes eszk. - D,2025-12-16,1.1123,2025-12-17,1.1115,-0.0008,217.8049,0.9992,1.0007,0.07
3935,Magas védelmû vegyes eszközalap,2025-12-16,1.1064,2025-12-17,1.1039,-0.0023,215.7886,0.9977,0.9987,-0.13
3936,Nemz. élelmiszeripari cégek rv. ea - D,2025-12-16,3.1607,2025-12-17,3.1596,-0.0004,624.6805,0.9996,1.0142,1.42
3937,Nyersanyagpiaci részvény eszközalap,2025-12-16,1.4342,2025-12-17,1.4361,0.0013,267.4497,1.0013,1.014,1.4
3938,Presztízs- és luxusmárkák rv. ea.,2025-12-16,3.7025,2025-12-17,3.7107,0.0022,694.4421,1.0022,1.03,3.0
3939,USA részvény eszközalap,2025-12-16,4.588,2025-12-17,4.5812,-0.0015,869.6277,0.9985,0.9997,-0.03
3940,Ázsia kötvény eszközalap,2025-12-16,2.245,2025-12-17,2.243,-0.0009,441.0444,0.9991,1.022,2.2
3941,Aktív hozamfigyelõ vegyes eszközalap - D,2025-12-17,0.9479,2025-12-18,0.9454,-0.0027,186.2129,0.9973,0.9984,-0.16
3942,Euró likviditás eszközalap - D,2025-12-17,0.9252,2025-12-18,0.9251,-0.0001,183.1931,0.9999,0.9987,-0.13
3943,Európai ingatlancégek részv. eszközalap,2025-12-17,1.7858,2025-12-18,1.7933,0.0042,365.1353,1.0042,0.9134,-8.66
3944,Európai kötvény eszközalap - D,2025-12-17,1.2288,2025-12-18,1.228,-0.0007,243.9255,0.9993,0.9916,-0.84
3945,Európai részvény eszközalap,2025-12-17,2.6768,2025-12-18,2.6603,-0.0061,511.2676,0.9939,0.9897,-1.03
3946,Európai vállalati kötvény eszközalap,2025-12-17,1.3239,2025-12-18,1.3232,-0.0005,261.8973,0.9995,1.0014,0.14
3947,Fejlõdõ piaci részvény ESG eszközalap-D,2025-12-17,1.1172,2025-12-18,1.1202,0.0027,215.3355,1.0027,0.9694,-3.06
3948,Fejlõdõ ázsiai részvény eszközalap,2025-12-17,2.3397,2025-12-18,2.3577,0.0077,437.4133,1.0077,1.0935,9.35
3949,Fenntartható növekedés részvény eszk.,2025-12-17,3.1449,2025-12-18,3.1262,-0.006,614.9337,0.994,0.9536,-4.64
3950,Globális egészségügyi részvény eszk.,2025-12-17,3.5623,2025-12-18,3.5545,-0.0022,655.9888,0.9978,1.0969,9.69
3951,Globális növekedési részvény eszközalap,2025-12-17,2.1218,2025-12-18,2.1051,-0.0079,436.2785,0.9921,0.9143,-8.57
3952,Kiegyensúlyozott vegyes eszközalap - D,2025-12-17,1.4284,2025-12-18,1.4237,-0.0033,278.5336,0.9967,1.0061,0.61
3953,Latin-amerikai részvény eszközalap,2025-12-17,1.2356,2025-12-18,1.2082,-0.0222,225.3042,0.9778,1.0283,2.83
3954,Magas kötvény arányú vegyes eszk. - D,2025-12-17,1.1115,2025-12-18,1.109,-0.0022,218.9164,0.9978,0.9985,-0.15
3955,Magas védelmû vegyes eszközalap,2025-12-17,1.1039,2025-12-18,1.1011,-0.0026,216.8925,0.9974,0.9961,-0.39
3956,Nemz. élelmiszeripari cégek rv. ea - D,2025-12-17,3.1596,2025-12-18,3.1755,0.005,627.8401,1.005,1.0193,1.93
3957,Nyersanyagpiaci részvény eszközalap,2025-12-17,1.4361,2025-12-18,1.4295,-0.0046,268.8858,0.9954,1.0093,0.93
3958,Presztízs- és luxusmárkák rv. ea.,2025-12-17,3.7107,2025-12-18,3.7092,-0.0004,698.1528,0.9996,1.0296,2.96
3959,USA részvény eszközalap,2025-12-17,4.5812,2025-12-18,4.5409,-0.0088,874.2089,0.9912,0.9909,-0.91
3960,Ázsia kötvény eszközalap,2025-12-17,2.243,2025-12-18,2.2514,0.0037,443.2874,1.0037,1.0257,2.57
3961,Aktív hozamfigyelõ vegyes eszközalap - D,2025-12-18,0.9454,2025-12-19,0.949,0.0038,187.1583,1.0038,1.0022,0.22
3962,Euró likviditás eszközalap - D,2025-12-18,0.9251,2025-12-19,0.9253,0.0002,184.1182,1.0002,0.9989,-0.11
3963,Európai ingatlancégek részv. eszközalap,2025-12-18,1.7933,2025-12-19,1.8123,0.0106,366.9286,1.0106,0.9231,-7.69
3964,Európai kötvény eszközalap - D,2025-12-18,1.228,2025-12-19,1.2293,0.0011,245.1535,1.0011,0.9927,-0.73
3965,Európai részvény eszközalap,2025-12-18,2.6603,2025-12-19,2.6878,0.0104,513.9279,1.0104,1.0,0.0
3966,Európai vállalati kötvény eszközalap,2025-12-18,1.3232,2025-12-19,1.3239,0.0005,263.2205,1.0005,1.0019,0.19
3967,Fejlõdõ piaci részvény ESG eszközalap-D,2025-12-18,1.1202,2025-12-19,1.1316,0.0101,216.4557,1.0101,0.9792,-2.08
3968,Fejlõdõ ázsiai részvény eszközalap,2025-12-18,2.3577,2025-12-19,2.3554,-0.001,439.771,0.999,1.0924,9.24
3969,Fenntartható növekedés részvény eszk.,2025-12-18,3.1262,2025-12-19,3.1554,0.0093,618.0599,1.0093,0.9624,-3.76
3970,Globális egészségügyi részvény eszk.,2025-12-18,3.5545,2025-12-19,3.5622,0.0022,659.5433,1.0022,1.0993,9.93
3971,Globális növekedési részvény eszközalap,2025-12-18,2.1051,2025-12-19,2.124,0.009,438.3836,1.009,0.9226,-7.74
3972,Kiegyensúlyozott vegyes eszközalap - D,2025-12-18,1.4237,2025-12-19,1.4272,0.0025,279.9573,1.0025,1.0086,0.86
3973,Latin-amerikai részvény eszközalap,2025-12-18,1.2082,2025-12-19,1.2227,0.012,226.5124,1.012,1.0407,4.07
3974,Magas kötvény arányú vegyes eszk. - D,2025-12-18,1.109,2025-12-19,1.1111,0.0019,220.0254,1.0019,1.0004,0.04
3975,Magas védelmû vegyes eszközalap,2025-12-18,1.1011,2025-12-19,1.1053,0.0038,217.9936,1.0038,0.9999,-0.01
3976,Nemz. élelmiszeripari cégek rv. ea - D,2025-12-18,3.1755,2025-12-19,3.1772,0.0005,631.0156,1.0005,1.0198,1.98
3977,Nyersanyagpiaci részvény eszközalap,2025-12-18,1.4295,2025-12-19,1.4558,0.0184,270.3153,1.0184,1.0279,2.79
3978,Presztízs- és luxusmárkák rv. ea.,2025-12-18,3.7092,2025-12-19,3.7321,0.0062,701.862,1.0062,1.036,3.6
3979,USA részvény eszközalap,2025-12-18,4.5409,2025-12-19,4.5837,0.0094,878.7498,1.0094,1.0002,0.02
3980,Ázsia kötvény eszközalap,2025-12-18,2.2514,2025-12-19,2.2514,0.0,445.5388,1.0,1.0257,2.57
3981,Aktív hozamfigyelõ vegyes eszközalap - D,2025-12-19,0.949,2025-12-20,0.9501,0.0012,188.1073,1.0012,1.0034,0.34
3982,Euró likviditás eszközalap - D,2025-12-19,0.9253,2025-12-20,0.925,-0.0003,185.0435,0.9997,0.9986,-0.14
3983,Európai ingatlancégek részv. eszközalap,2025-12-19,1.8123,2025-12-20,1.8057,-0.0036,368.7409,0.9964,0.9198,-8.02
3984,Európai kötvény eszközalap - D,2025-12-19,1.2293,2025-12-20,1.2272,-0.0017,246.3828,0.9983,0.991,-0.9
3985,Európai részvény eszközalap,2025-12-19,2.6878,2025-12-20,2.701,0.0049,516.6157,1.0049,1.0049,0.49
3986,Európai vállalati kötvény eszközalap,2025-12-19,1.3239,2025-12-20,1.3221,-0.0013,264.5444,0.9987,1.0006,0.06
3987,Fejlõdõ piaci részvény ESG eszközalap-D,2025-12-19,1.1316,2025-12-20,1.1366,0.0045,217.5873,1.0045,0.9836,-1.64
3988,Fejlõdõ ázsiai részvény eszközalap,2025-12-19,2.3554,2025-12-20,2.3803,0.0106,442.1264,1.0106,1.104,10.4
3989,Fenntartható növekedés részvény eszk.,2025-12-19,3.1554,2025-12-20,3.1811,0.0081,621.2153,1.0081,0.9702,-2.98
3990,Globális egészségügyi részvény eszk.,2025-12-19,3.5622,2025-12-20,3.5698,0.0022,663.1055,1.0022,1.1017,10.17
3991,Globális növekedési részvény eszközalap,2025-12-19,2.124,2025-12-20,2.1376,0.0064,440.5076,1.0064,0.9285,-7.15
3992,Kiegyensúlyozott vegyes eszközalap - D,2025-12-19,1.4272,2025-12-20,1.4323,0.0036,281.3845,1.0036,1.0123,1.23
3993,Latin-amerikai részvény eszközalap,2025-12-19,1.2227,2025-12-20,1.2333,0.0087,227.7351,1.0087,1.0497,4.97
3994,Magas kötvény arányú vegyes eszk. - D,2025-12-19,1.1111,2025-12-20,1.1119,0.0007,221.1365,1.0007,1.0011,0.11
3995,Magas védelmû vegyes eszközalap,2025-12-19,1.1053,2025-12-20,1.1071,0.0016,219.0989,1.0016,1.0015,0.15
3996,Nemz. élelmiszeripari cégek rv. ea - D,2025-12-19,3.1772,2025-12-20,3.1561,-0.0066,634.1928,0.9934,1.0131,1.31
3997,Nyersanyagpiaci részvény eszközalap,2025-12-19,1.4558,2025-12-20,1.4567,0.0006,271.7711,1.0006,1.0285,2.85
3998,Presztízs- és luxusmárkák rv. ea.,2025-12-19,3.7321,2025-12-20,3.7456,0.0036,705.5941,1.0036,1.0397,3.97
3999,USA részvény eszközalap,2025-12-19,4.5837,2025-12-20,4.6351,0.0112,883.3335,1.0112,1.0114,1.14
4000,Ázsia kötvény eszközalap,2025-12-19,2.2514,2025-12-20,2.2536,0.001,447.7902,1.001,1.0268,2.68
4001,Aktív hozamfigyelõ vegyes eszközalap - D,2025-12-20,0.9501,2025-12-20,0.9501,0.0,189.0574,1.0,1.0034,0.34
4002,Euró likviditás eszközalap - D,2025-12-20,0.925,2025-12-20,0.925,0.0,185.9685,1.0,0.9986,-0.14
4003,Európai ingatlancégek részv. eszközalap,2025-12-20,1.8057,2025-12-20,1.8057,0.0,370.5466,1.0,0.9198,-8.02
4004,Európai kötvény eszközalap - D,2025-12-20,1.2272,2025-12-20,1.2272,0.0,247.61,1.0,0.991,-0.9
4005,Európai részvény eszközalap,2025-12-20,2.701,2025-12-20,2.701,0.0,519.3167,1.0,1.0049,0.49
4006,Európai vállalati kötvény eszközalap,2025-12-20,1.3221,2025-12-20,1.3221,0.0,265.8665,1.0,1.0006,0.06
4007,Fejlõdõ piaci részvény ESG eszközalap-D,2025-12-20,1.1366,2025-12-20,1.1366,0.0,218.7239,1.0,0.9836,-1.64
4008,Fejlõdõ ázsiai részvény eszközalap,2025-12-20,2.3803,2025-12-20,2.3803,0.0,444.5067,1.0,1.104,10.4
4009,Fenntartható növekedés részvény eszk.,2025-12-20,3.1811,2025-12-20,3.1811,0.0,624.3964,1.0,0.9702,-2.98
4010,Globális egészségügyi részvény eszk.,2025-12-20,3.5698,2025-12-20,3.5698,0.0,666.6753,1.0,1.1017,10.17
4011,Globális növekedési részvény eszközalap,2025-12-20,2.1376,2025-12-20,2.1376,0.0,442.6452,1.0,0.9285,-7.15
4012,Kiegyensúlyozott vegyes eszközalap - D,2025-12-20,1.4323,2025-12-20,1.4323,0.0,282.8168,1.0,1.0123,1.23
4013,Latin-amerikai részvény eszközalap,2025-12-20,1.2333,2025-12-20,1.2333,0.0,228.9684,1.0,1.0497,4.97
4014,Magas kötvény arányú vegyes eszk. - D,2025-12-20,1.1119,2025-12-20,1.1119,0.0,222.2484,1.0,1.0011,0.11
4015,Magas védelmû vegyes eszközalap,2025-12-20,1.1071,2025-12-20,1.1071,0.0,220.206,1.0,1.0015,0.15
4016,Nemz. élelmiszeripari cégek rv. ea - D,2025-12-20,3.1561,2025-12-20,3.1561,0.0,637.3489,1.0,1.0131,1.31
4017,Nyersanyagpiaci részvény eszközalap,2025-12-20,1.4567,2025-12-20,1.4567,0.0,273.2278,1.0,1.0285,2.85
4018,Presztízs- és luxusmárkák rv. ea.,2025-12-20,3.7456,2025-12-20,3.7456,0.0,709.3397,1.0,1.0397,3.97
4019,USA részvény eszközalap,2025-12-20,4.6351,2025-12-20,4.6351,0.0,887.9686,1.0,1.0114,1.14
4020,Ázsia kötvény eszközalap,2025-12-20,2.2536,2025-12-20,2.2536,0.0,450.0438,1.0,1.0268,2.68
4021,Aktív hozamfigyelõ vegyes eszközalap - D,2025-12-21,0.9501,2025-12-21,0.9501,0.0,190.0075,1.0,1.0034,0.34
4022,Euró likviditás eszközalap - D,2025-12-21,0.925,2025-12-21,0.925,0.0,186.8935,1.0,0.9986,-0.14
4023,Európai ingatlancégek részv. eszközalap,2025-12-21,1.8057,2025-12-21,1.8057,0.0,372.3523,1.0,0.9198,-8.02
4024,Európai kötvény eszközalap - D,2025-12-21,1.2272,2025-12-21,1.2272,0.0,248.8372,1.0,0.991,-0.9
4025,Európai részvény eszközalap,2025-12-21,2.701,2025-12-21,2.701,0.0,522.0177,1.0,1.0049,0.49
4026,Európai vállalati kötvény eszközalap,2025-12-21,1.3221,2025-12-21,1.3221,0.0,267.1886,1.0,1.0006,0.06
4027,Fejlõdõ piaci részvény ESG eszközalap-D,2025-12-21,1.1366,2025-12-21,1.1366,0.0,219.8605,1.0,0.9836,-1.64
4028,Fejlõdõ ázsiai részvény eszközalap,2025-12-21,2.3803,2025-12-21,2.3803,0.0,446.887,1.0,1.104,10.4
4029,Fenntartható növekedés részvény eszk.,2025-12-21,3.1811,2025-12-21,3.1811,0.0,627.5775,1.0,0.9702,-2.98
4030,Globális egészségügyi részvény eszk.,2025-12-21,3.5698,2025-12-21,3.5698,0.0,670.2451,1.0,1.1017,10.17
4031,Globális növekedési részvény eszközalap,2025-12-21,2.1376,2025-12-21,2.1376,0.0,444.7828,1.0,0.9285,-7.15
4032,Kiegyensúlyozott vegyes eszközalap - D,2025-12-21,1.4323,2025-12-21,1.4323,0.0,284.2491,1.0,1.0123,1.23
4033,Latin-amerikai részvény eszközalap,2025-12-21,1.2333,2025-12-21,1.2333,0.0,230.2017,1.0,1.0497,4.97
4034,Magas kötvény arányú vegyes eszk. - D,2025-12-21,1.1119,2025-12-21,1.1119,0.0,223.3603,1.0,1.0011,0.11
4035,Magas védelmû vegyes eszközalap,2025-12-21,1.1071,2025-12-21,1.1071,0.0,221.3131,1.0,1.0015,0.15
4036,Nemz. élelmiszeripari cégek rv. ea - D,2025-12-21,3.1561,2025-12-21,3.1561,0.0,640.505,1.0,1.0131,1.31
4037,Nyersanyagpiaci részvény eszközalap,2025-12-21,1.4567,2025-12-21,1.4567,0.0,274.6845,1.0,1.0285,2.85
4038,Presztízs- és luxusmárkák rv. ea.,2025-12-21,3.7456,2025-12-21,3.7456,0.0,713.0853,1.0,1.0397,3.97
4039,USA részvény eszközalap,2025-12-21,4.6351,2025-12-21,4.6351,0.0,892.6037,1.0,1.0114,1.14
4040,Ázsia kötvény eszközalap,2025-12-21,2.2536,2025-12-21,2.2536,0.0,452.2974,1.0,1.0268,2.68
4041,Aktív hozamfigyelõ vegyes eszközalap - D,2025-12-22,0.9501,2025-12-22,0.9501,0.0,190.9576,1.0,1.0034,0.34
4042,Euró likviditás eszközalap - D,2025-12-22,0.925,2025-12-22,0.925,0.0,187.8185,1.0,0.9986,-0.14
4043,Európai ingatlancégek részv. eszközalap,2025-12-22,1.8057,2025-12-22,1.8057,0.0,374.158,1.0,0.9198,-8.02
4044,Európai kötvény eszközalap - D,2025-12-22,1.2272,2025-12-22,1.2272,0.0,250.0644,1.0,0.991,-0.9
4045,Európai részvény eszközalap,2025-12-22,2.701,2025-12-22,2.701,0.0,524.7187,1.0,1.0049,0.49
4046,Európai vállalati kötvény eszközalap,2025-12-22,1.3221,2025-12-22,1.3221,0.0,268.5107,1.0,1.0006,0.06
4047,Fejlõdõ piaci részvény ESG eszközalap-D,2025-12-22,1.1366,2025-12-22,1.1366,0.0,220.9971,1.0,0.9836,-1.64
4048,Fejlõdõ ázsiai részvény eszközalap,2025-12-22,2.3803,2025-12-22,2.3803,0.0,449.2673,1.0,1.104,10.4
4049,Fenntartható növekedés részvény eszk.,2025-12-22,3.1811,2025-12-22,3.1811,0.0,630.7586,1.0,0.9702,-2.98
4050,Globális egészségügyi részvény eszk.,2025-12-22,3.5698,2025-12-22,3.5698,0.0,673.8149,1.0,1.1017,10.17
4051,Globális növekedési részvény eszközalap,2025-12-22,2.1376,2025-12-22,2.1376,0.0,446.9204,1.0,0.9285,-7.15
4052,Kiegyensúlyozott vegyes eszközalap - D,2025-12-22,1.4323,2025-12-22,1.4323,0.0,285.6814,1.0,1.0123,1.23
4053,Latin-amerikai részvény eszközalap,2025-12-22,1.2333,2025-12-22,1.2333,0.0,231.435,1.0,1.0497,4.97
4054,Magas kötvény arányú vegyes eszk. - D,2025-12-22,1.1119,2025-12-22,1.1119,0.0,224.4722,1.0,1.0011,0.11
4055,Magas védelmû vegyes eszközalap,2025-12-22,1.1071,2025-12-22,1.1071,0.0,222.4202,1.0,1.0015,0.15
4056,Nemz. élelmiszeripari cégek rv. ea - D,2025-12-22,3.1561,2025-12-22,3.1561,0.0,643.6611,1.0,1.0131,1.31
4057,Nyersanyagpiaci részvény eszközalap,2025-12-22,1.4567,2025-12-22,1.4567,0.0,276.1412,1.0,1.0285,2.85
4058,Presztízs- és luxusmárkák rv. ea.,2025-12-22,3.7456,2025-12-22,3.7456,0.0,716.8309,1.0,1.0397,3.97
4059,USA részvény eszközalap,2025-12-22,4.6351,2025-12-22,4.6351,0.0,897.2388,1.0,1.0114,1.14
4060,Ázsia kötvény eszközalap,2025-12-22,2.2536,2025-12-22,2.2536,0.0,454.551,1.0,1.0268,2.68
4061,Aktív hozamfigyelõ vegyes eszközalap - D,2025-12-23,0.9502,2025-12-24,0.9522,0.0021,191.9078,1.0021,1.0055,0.55
4062,Euró likviditás eszközalap - D,2025-12-23,0.9249,2025-12-24,0.9252,0.0003,188.7434,1.0003,0.9989,-0.11
4063,Európai ingatlancégek részv. eszközalap,2025-12-23,1.8109,2025-12-24,1.8128,0.001,375.9689,1.001,0.9207,-7.93
4064,Európai kötvény eszközalap - D,2025-12-23,1.226,2025-12-24,1.2296,0.0029,251.2904,1.0029,0.9939,-0.61
4065,Európai részvény eszközalap,2025-12-23,2.697,2025-12-24,2.6997,0.001,527.4157,1.001,1.0059,0.59
4066,Európai vállalati kötvény eszközalap,2025-12-23,1.3216,2025-12-24,1.3235,0.0014,269.8323,1.0014,1.002,0.2
4067,Fejlõdõ piaci részvény ESG eszközalap-D,2025-12-23,1.1365,2025-12-24,1.1375,0.0009,222.1336,1.0009,0.9845,-1.55
4068,Fejlõdõ ázsiai részvény eszközalap,2025-12-23,2.3857,2025-12-24,2.3822,-0.0015,451.653,0.9985,1.1023,10.23
4069,Fenntartható növekedés részvény eszk.,2025-12-23,3.1833,2025-12-24,3.1966,0.0042,633.9419,1.0042,0.9743,-2.57
4070,Globális egészségügyi részvény eszk.,2025-12-23,3.5799,2025-12-24,3.6056,0.0072,677.3948,1.0072,1.1096,10.96
4071,Globális növekedési részvény eszközalap,2025-12-23,2.1438,2025-12-24,2.1451,0.0006,449.0642,1.0006,0.929,-7.1
4072,Kiegyensúlyozott vegyes eszközalap - D,2025-12-23,1.4343,2025-12-24,1.438,0.0026,287.1157,1.0026,1.0149,1.49
4073,Latin-amerikai részvény eszközalap,2025-12-23,1.2195,2025-12-24,1.2345,0.0124,232.6545,1.0124,1.0627,6.27
4074,Magas kötvény arányú vegyes eszk. - D,2025-12-23,1.1122,2025-12-24,1.1152,0.0027,225.5844,1.0027,1.0038,0.38
4075,Magas védelmû vegyes eszközalap,2025-12-23,1.1056,2025-12-24,1.1055,-0.0001,223.5258,0.9999,1.0014,0.14
4076,Nemz. élelmiszeripari cégek rv. ea - D,2025-12-23,3.1295,2025-12-24,3.1166,-0.0041,646.7906,0.9959,1.0089,0.89
4077,Nyersanyagpiaci részvény eszközalap,2025-12-23,1.4703,2025-12-24,1.4686,-0.0012,277.6115,0.9988,1.0272,2.72
4078,Presztízs- és luxusmárkák rv. ea.,2025-12-23,3.7485,2025-12-24,3.7244,-0.0064,720.5794,0.9936,1.0331,3.31
4079,USA részvény eszközalap,2025-12-23,4.6495,2025-12-24,4.6599,0.0022,901.8883,1.0022,1.0136,1.36
4080,Ázsia kötvény eszközalap,2025-12-23,2.2497,2025-12-24,2.2388,-0.0048,456.8007,0.9952,1.0218,2.18
4081,Aktív hozamfigyelõ vegyes eszközalap - D,2025-12-24,0.9522,2025-12-24,0.9522,0.0,192.86,1.0,1.0055,0.55
4082,Euró likviditás eszközalap - D,2025-12-24,0.9252,2025-12-24,0.9252,0.0,189.6686,1.0,0.9989,-0.11
4083,Európai ingatlancégek részv. eszközalap,2025-12-24,1.8128,2025-12-24,1.8128,0.0,377.7817,1.0,0.9207,-7.93
4084,Európai kötvény eszközalap - D,2025-12-24,1.2296,2025-12-24,1.2296,0.0,252.52,1.0,0.9939,-0.61
4085,Európai részvény eszközalap,2025-12-24,2.6997,2025-12-24,2.6997,0.0,530.1154,1.0,1.0059,0.59
4086,Európai vállalati kötvény eszközalap,2025-12-24,1.3235,2025-12-24,1.3235,0.0,271.1558,1.0,1.002,0.2
4087,Fejlõdõ piaci részvény ESG eszközalap-D,2025-12-24,1.1375,2025-12-24,1.1375,0.0,223.2711,1.0,0.9845,-1.55
4088,Fejlõdõ ázsiai részvény eszközalap,2025-12-24,2.3822,2025-12-24,2.3822,0.0,454.0352,1.0,1.1023,10.23
4089,Fenntartható növekedés részvény eszk.,2025-12-24,3.1966,2025-12-24,3.1966,0.0,637.1385,1.0,0.9743,-2.57
4090,Globális egészségügyi részvény eszk.,2025-12-24,3.6056,2025-12-24,3.6056,0.0,681.0004,1.0,1.1096,10.96
4091,Globális növekedési részvény eszközalap,2025-12-24,2.1451,2025-12-24,2.1451,0.0,451.2093,1.0,0.929,-7.1
4092,Kiegyensúlyozott vegyes eszközalap - D,2025-12-24,1.438,2025-12-24,1.438,0.0,288.5537,1.0,1.0149,1.49
4093,Latin-amerikai részvény eszközalap,2025-12-24,1.2345,2025-12-24,1.2345,0.0,233.889,1.0,1.0627,6.27
4094,Magas kötvény arányú vegyes eszk. - D,2025-12-24,1.1152,2025-12-24,1.1152,0.0,226.6996,1.0,1.0038,0.38
4095,Magas védelmû vegyes eszközalap,2025-12-24,1.1055,2025-12-24,1.1055,0.0,224.6313,1.0,1.0014,0.14
4096,Nemz. élelmiszeripari cégek rv. ea - D,2025-12-24,3.1166,2025-12-24,3.1166,0.0,649.9072,1.0,1.0089,0.89
4097,Nyersanyagpiaci részvény eszközalap,2025-12-24,1.4686,2025-12-24,1.4686,0.0,279.0801,1.0,1.0272,2.72
4098,Presztízs- és luxusmárkák rv. ea.,2025-12-24,3.7244,2025-12-24,3.7244,0.0,724.3038,1.0,1.0331,3.31
4099,USA részvény eszközalap,2025-12-24,4.6599,2025-12-24,4.6599,0.0,906.5482,1.0,1.0136,1.36
4100,Ázsia kötvény eszközalap,2025-12-24,2.2388,2025-12-24,2.2388,0.0,459.0395,1.0,1.0218,2.18
4101,Aktív hozamfigyelõ vegyes eszközalap - D,2025-12-25,0.9522,2025-12-25,0.9522,0.0,193.8122,1.0,1.0055,0.55
4102,Euró likviditás eszközalap - D,2025-12-25,0.9252,2025-12-25,0.9252,0.0,190.5938,1.0,0.9989,-0.11
4103,Európai ingatlancégek részv. eszközalap,2025-12-25,1.8128,2025-12-25,1.8128,0.0,379.5945,1.0,0.9207,-7.93
4104,Európai kötvény eszközalap - D,2025-12-25,1.2296,2025-12-25,1.2296,0.0,253.7496,1.0,0.9939,-0.61
4105,Európai részvény eszközalap,2025-12-25,2.6997,2025-12-25,2.6997,0.0,532.8151,1.0,1.0059,0.59
4106,Európai vállalati kötvény eszközalap,2025-12-25,1.3235,2025-12-25,1.3235,0.0,272.4793,1.0,1.002,0.2
4107,Fejlõdõ piaci részvény ESG eszközalap-D,2025-12-25,1.1375,2025-12-25,1.1375,0.0,224.4086,1.0,0.9845,-1.55
4108,Fejlõdõ ázsiai részvény eszközalap,2025-12-25,2.3822,2025-12-25,2.3822,0.0,456.4174,1.0,1.1023,10.23
4109,Fenntartható növekedés részvény eszk.,2025-12-25,3.1966,2025-12-25,3.1966,0.0,640.3351,1.0,0.9743,-2.57
4110,Globális egészségügyi részvény eszk.,2025-12-25,3.6056,2025-12-25,3.6056,0.0,684.606,1.0,1.1096,10.96
4111,Globális növekedési részvény eszközalap,2025-12-25,2.1451,2025-12-25,2.1451,0.0,453.3544,1.0,0.929,-7.1
4112,Kiegyensúlyozott vegyes eszközalap - D,2025-12-25,1.438,2025-12-25,1.438,0.0,289.9917,1.0,1.0149,1.49
4113,Latin-amerikai részvény eszközalap,2025-12-25,1.2345,2025-12-25,1.2345,0.0,235.1235,1.0,1.0627,6.27
4114,Magas kötvény arányú vegyes eszk. - D,2025-12-25,1.1152,2025-12-25,1.1152,0.0,227.8148,1.0,1.0038,0.38
4115,Magas védelmû vegyes eszközalap,2025-12-25,1.1055,2025-12-25,1.1055,0.0,225.7368,1.0,1.0014,0.14
4116,Nemz. élelmiszeripari cégek rv. ea - D,2025-12-25,3.1166,2025-12-25,3.1166,0.0,653.0238,1.0,1.0089,0.89
4117,Nyersanyagpiaci részvény eszközalap,2025-12-25,1.4686,2025-12-25,1.4686,0.0,280.5487,1.0,1.0272,2.72
4118,Presztízs- és luxusmárkák rv. ea.,2025-12-25,3.7244,2025-12-25,3.7244,0.0,728.0282,1.0,1.0331,3.31
4119,USA részvény eszközalap,2025-12-25,4.6599,2025-12-25,4.6599,0.0,911.2081,1.0,1.0136,1.36
4120,Ázsia kötvény eszközalap,2025-12-25,2.2388,2025-12-25,2.2388,0.0,461.2783,1.0,1.0218,2.18
4121,Aktív hozamfigyelõ vegyes eszközalap - D,2025-12-26,0.9522,2025-12-26,0.9522,0.0,194.7644,1.0,1.0055,0.55
4122,Euró likviditás eszközalap - D,2025-12-26,0.9252,2025-12-26,0.9252,0.0,191.519,1.0,0.9989,-0.11
4123,Európai ingatlancégek részv. eszközalap,2025-12-26,1.8128,2025-12-26,1.8128,0.0,381.4073,1.0,0.9207,-7.93
4124,Európai kötvény eszközalap - D,2025-12-26,1.2296,2025-12-26,1.2296,0.0,254.9792,1.0,0.9939,-0.61
4125,Európai részvény eszközalap,2025-12-26,2.6997,2025-12-26,2.6997,0.0,535.5148,1.0,1.0059,0.59
4126,Európai vállalati kötvény eszközalap,2025-12-26,1.3235,2025-12-26,1.3235,0.0,273.8028,1.0,1.002,0.2
4127,Fejlõdõ piaci részvény ESG eszközalap-D,2025-12-26,1.1375,2025-12-26,1.1375,0.0,225.5461,1.0,0.9845,-1.55
4128,Fejlõdõ ázsiai részvény eszközalap,2025-12-26,2.3822,2025-12-26,2.3822,0.0,458.7996,1.0,1.1023,10.23
4129,Fenntartható növekedés részvény eszk.,2025-12-26,3.1966,2025-12-26,3.1966,0.0,643.5317,1.0,0.9743,-2.57
4130,Globális egészségügyi részvény eszk.,2025-12-26,3.6056,2025-12-26,3.6056,0.0,688.2116,1.0,1.1096,10.96
4131,Globális növekedési részvény eszközalap,2025-12-26,2.1451,2025-12-26,2.1451,0.0,455.4995,1.0,0.929,-7.1
4132,Kiegyensúlyozott vegyes eszközalap - D,2025-12-26,1.438,2025-12-26,1.438,0.0,291.4297,1.0,1.0149,1.49
4133,Latin-amerikai részvény eszközalap,2025-12-26,1.2345,2025-12-26,1.2345,0.0,236.358,1.0,1.0627,6.27
4134,Magas kötvény arányú vegyes eszk. - D,2025-12-26,1.1152,2025-12-26,1.1152,0.0,228.93,1.0,1.0038,0.38
4135,Magas védelmû vegyes eszközalap,2025-12-26,1.1055,2025-12-26,1.1055,0.0,226.8423,1.0,1.0014,0.14
4136,Nemz. élelmiszeripari cégek rv. ea - D,2025-12-26,3.1166,2025-12-26,3.1166,0.0,656.1404,1.0,1.0089,0.89
4137,Nyersanyagpiaci részvény eszközalap,2025-12-26,1.4686,2025-12-26,1.4686,0.0,282.0173,1.0,1.0272,2.72
4138,Presztízs- és luxusmárkák rv. ea.,2025-12-26,3.7244,2025-12-26,3.7244,0.0,731.7526,1.0,1.0331,3.31
4139,USA részvény eszközalap,2025-12-26,4.6599,2025-12-26,4.6599,0.0,915.868,1.0,1.0136,1.36
4140,Ázsia kötvény eszközalap,2025-12-26,2.2388,2025-12-26,2.2388,0.0,463.5171,1.0,1.0218,2.18
4141,Aktív hozamfigyelõ vegyes eszközalap - D,2025-12-27,0.9522,2025-12-27,0.9522,0.0,195.7166,1.0,1.0055,0.55
4142,Euró likviditás eszközalap - D,2025-12-27,0.9252,2025-12-27,0.9252,0.0,192.4442,1.0,0.9989,-0.11
4143,Európai ingatlancégek részv. eszközalap,2025-12-27,1.8128,2025-12-27,1.8128,0.0,383.2201,1.0,0.9207,-7.93
4144,Európai kötvény eszközalap - D,2025-12-27,1.2296,2025-12-27,1.2296,0.0,256.2088,1.0,0.9939,-0.61
4145,Európai részvény eszközalap,2025-12-27,2.6997,2025-12-27,2.6997,0.0,538.2145,1.0,1.0059,0.59
4146,Európai vállalati kötvény eszközalap,2025-12-27,1.3235,2025-12-27,1.3235,0.0,275.1263,1.0,1.002,0.2
4147,Fejlõdõ piaci részvény ESG eszközalap-D,2025-12-27,1.1375,2025-12-27,1.1375,0.0,226.6836,1.0,0.9845,-1.55
4148,Fejlõdõ ázsiai részvény eszközalap,2025-12-27,2.3822,2025-12-27,2.3822,0.0,461.1818,1.0,1.1023,10.23
4149,Fenntartható növekedés részvény eszk.,2025-12-27,3.1966,2025-12-27,3.1966,0.0,646.7283,1.0,0.9743,-2.57
4150,Globális egészségügyi részvény eszk.,2025-12-27,3.6056,2025-12-27,3.6056,0.0,691.8172,1.0,1.1096,10.96
4151,Globális növekedési részvény eszközalap,2025-12-27,2.1451,2025-12-27,2.1451,0.0,457.6446,1.0,0.929,-7.1
4152,Kiegyensúlyozott vegyes eszközalap - D,2025-12-27,1.438,2025-12-27,1.438,0.0,292.8677,1.0,1.0149,1.49
4153,Latin-amerikai részvény eszközalap,2025-12-27,1.2345,2025-12-27,1.2345,0.0,237.5925,1.0,1.0627,6.27
4154,Magas kötvény arányú vegyes eszk. - D,2025-12-27,1.1152,2025-12-27,1.1152,0.0,230.0452,1.0,1.0038,0.38
4155,Magas védelmû vegyes eszközalap,2025-12-27,1.1055,2025-12-27,1.1055,0.0,227.9478,1.0,1.0014,0.14
4156,Nemz. élelmiszeripari cégek rv. ea - D,2025-12-27,3.1166,2025-12-27,3.1166,0.0,659.257,1.0,1.0089,0.89
4157,Nyersanyagpiaci részvény eszközalap,2025-12-27,1.4686,2025-12-27,1.4686,0.0,283.4859,1.0,1.0272,2.72
4158,Presztízs- és luxusmárkák rv. ea.,2025-12-27,3.7244,2025-12-27,3.7244,0.0,735.477,1.0,1.0331,3.31
4159,USA részvény eszközalap,2025-12-27,4.6599,2025-12-27,4.6599,0.0,920.5279,1.0,1.0136,1.36
4160,Ázsia kötvény eszközalap,2025-12-27,2.2388,2025-12-27,2.2388,0.0,465.7559,1.0,1.0218,2.18
4161,Aktív hozamfigyelõ vegyes eszközalap - D,2025-12-28,0.9522,2025-12-28,0.9522,0.0,196.6688,1.0,1.0055,0.55
4162,Euró likviditás eszközalap - D,2025-12-28,0.9252,2025-12-28,0.9252,0.0,193.3694,1.0,0.9989,-0.11
4163,Európai ingatlancégek részv. eszközalap,2025-12-28,1.8128,2025-12-28,1.8128,0.0,385.0329,1.0,0.9207,-7.93
4164,Európai kötvény eszközalap - D,2025-12-28,1.2296,2025-12-28,1.2296,0.0,257.4384,1.0,0.9939,-0.61
4165,Európai részvény eszközalap,2025-12-28,2.6997,2025-12-28,2.6997,0.0,540.9142,1.0,1.0059,0.59
4166,Európai vállalati kötvény eszközalap,2025-12-28,1.3235,2025-12-28,1.3235,0.0,276.4498,1.0,1.002,0.2
4167,Fejlõdõ piaci részvény ESG eszközalap-D,2025-12-28,1.1375,2025-12-28,1.1375,0.0,227.8211,1.0,0.9845,-1.55
4168,Fejlõdõ ázsiai részvény eszközalap,2025-12-28,2.3822,2025-12-28,2.3822,0.0,463.564,1.0,1.1023,10.23
4169,Fenntartható növekedés részvény eszk.,2025-12-28,3.1966,2025-12-28,3.1966,0.0,649.9249,1.0,0.9743,-2.57
4170,Globális egészségügyi részvény eszk.,2025-12-28,3.6056,2025-12-28,3.6056,0.0,695.4228,1.0,1.1096,10.96
4171,Globális növekedési részvény eszközalap,2025-12-28,2.1451,2025-12-28,2.1451,0.0,459.7897,1.0,0.929,-7.1
4172,Kiegyensúlyozott vegyes eszközalap - D,2025-12-28,1.438,2025-12-28,1.438,0.0,294.3057,1.0,1.0149,1.49
4173,Latin-amerikai részvény eszközalap,2025-12-28,1.2345,2025-12-28,1.2345,0.0,238.827,1.0,1.0627,6.27
4174,Magas kötvény arányú vegyes eszk. - D,2025-12-28,1.1152,2025-12-28,1.1152,0.0,231.1604,1.0,1.0038,0.38
4175,Magas védelmû vegyes eszközalap,2025-12-28,1.1055,2025-12-28,1.1055,0.0,229.0533,1.0,1.0014,0.14
4176,Nemz. élelmiszeripari cégek rv. ea - D,2025-12-28,3.1166,2025-12-28,3.1166,0.0,662.3736,1.0,1.0089,0.89
4177,Nyersanyagpiaci részvény eszközalap,2025-12-28,1.4686,2025-12-28,1.4686,0.0,284.9545,1.0,1.0272,2.72
4178,Presztízs- és luxusmárkák rv. ea.,2025-12-28,3.7244,2025-12-28,3.7244,0.0,739.2014,1.0,1.0331,3.31
4179,USA részvény eszközalap,2025-12-28,4.6599,2025-12-28,4.6599,0.0,925.1878,1.0,1.0136,1.36
4180,Ázsia kötvény eszközalap,2025-12-28,2.2388,2025-12-28,2.2388,0.0,467.9947,1.0,1.0218,2.18
4181,Aktív hozamfigyelõ vegyes eszközalap - D,2025-12-29,0.9522,2025-12-29,0.9522,0.0,197.621,1.0,1.0055,0.55
4182,Euró likviditás eszközalap - D,2025-12-29,0.9252,2025-12-29,0.9252,0.0,194.2946,1.0,0.9989,-0.11
4183,Európai ingatlancégek részv. eszközalap,2025-12-29,1.8128,2025-12-29,1.8128,0.0,386.8457,1.0,0.9207,-7.93
4184,Európai kötvény eszközalap - D,2025-12-29,1.2296,2025-12-29,1.2296,0.0,258.668,1.0,0.9939,-0.61
4185,Európai részvény eszközalap,2025-12-29,2.6997,2025-12-29,2.6997,0.0,543.6139,1.0,1.0059,0.59
4186,Európai vállalati kötvény eszközalap,2025-12-29,1.3235,2025-12-29,1.3235,0.0,277.7733,1.0,1.002,0.2
4187,Fejlõdõ piaci részvény ESG eszközalap-D,2025-12-29,1.1375,2025-12-29,1.1375,0.0,228.9586,1.0,0.9845,-1.55
4188,Fejlõdõ ázsiai részvény eszközalap,2025-12-29,2.3822,2025-12-29,2.3822,0.0,465.9462,1.0,1.1023,10.23
4189,Fenntartható növekedés részvény eszk.,2025-12-29,3.1966,2025-12-29,3.1966,0.0,653.1215,1.0,0.9743,-2.57
4190,Globális egészségügyi részvény eszk.,2025-12-29,3.6056,2025-12-29,3.6056,0.0,699.0284,1.0,1.1096,10.96
4191,Globális növekedési részvény eszközalap,2025-12-29,2.1451,2025-12-29,2.1451,0.0,461.9348,1.0,0.929,-7.1
4192,Kiegyensúlyozott vegyes eszközalap - D,2025-12-29,1.438,2025-12-29,1.438,0.0,295.7437,1.0,1.0149,1.49
4193,Latin-amerikai részvény eszközalap,2025-12-29,1.2345,2025-12-29,1.2345,0.0,240.0615,1.0,1.0627,6.27
4194,Magas kötvény arányú vegyes eszk. - D,2025-12-29,1.1152,2025-12-29,1.1152,0.0,232.2756,1.0,1.0038,0.38
4195,Magas védelmû vegyes eszközalap,2025-12-29,1.1055,2025-12-29,1.1055,0.0,230.1588,1.0,1.0014,0.14
4196,Nemz. élelmiszeripari cégek rv. ea - D,2025-12-29,3.1166,2025-12-29,3.1166,0.0,665.4902,1.0,1.0089,0.89
4197,Nyersanyagpiaci részvény eszközalap,2025-12-29,1.4686,2025-12-29,1.4686,0.0,286.4231,1.0,1.0272,2.72
4198,Presztízs- és luxusmárkák rv. ea.,2025-12-29,3.7244,2025-12-29,3.7244,0.0,742.9258,1.0,1.0331,3.31
4199,USA részvény eszközalap,2025-12-29,4.6599,2025-12-29,4.6599,0.0,929.8477,1.0,1.0136,1.36
4200,Ázsia kötvény eszközalap,2025-12-29,2.2388,2025-12-29,2.2388,0.0,470.2335,1.0,1.0218,2.18
4201,Aktív hozamfigyelõ vegyes eszközalap - D,2025-12-30,0.9546,2025-12-31,0.9541,-0.0005,198.5756,0.9995,1.005,0.5
4202,Euró likviditás eszközalap - D,2025-12-30,0.926,2025-12-31,0.9259,-0.0001,195.2206,0.9999,0.9988,-0.12
4203,Európai ingatlancégek részv. eszközalap,2025-12-30,1.832,2025-12-31,1.8381,0.0033,388.6777,1.0033,0.9237,-7.63
4204,Európai kötvény eszközalap - D,2025-12-30,1.2329,2025-12-31,1.2315,-0.0011,259.9009,0.9989,0.9928,-0.72
4205,Európai részvény eszközalap,2025-12-30,2.6994,2025-12-31,2.7187,0.0072,546.3133,1.0072,1.0131,1.31
4206,Európai vállalati kötvény eszközalap,2025-12-30,1.3258,2025-12-31,1.3252,-0.0005,279.0991,0.9995,1.0015,0.15
4207,Fejlõdõ piaci részvény ESG eszközalap-D,2025-12-30,1.1413,2025-12-31,1.1464,0.0045,230.0999,1.0045,0.9889,-1.11
4208,Fejlõdõ ázsiai részvény eszközalap,2025-12-30,2.4162,2025-12-31,2.4221,0.0025,468.3624,1.0025,1.1051,10.51
4209,Fenntartható növekedés részvény eszk.,2025-12-30,3.2039,2025-12-31,3.2023,-0.0005,656.3254,0.9995,0.9738,-2.62
4210,Globális egészségügyi részvény eszk.,2025-12-30,3.6154,2025-12-31,3.605,-0.0029,702.6438,0.9971,1.1064,10.64
4211,Globális növekedési részvény eszközalap,2025-12-30,2.1431,2025-12-31,2.1418,-0.0006,464.0779,0.9994,0.9285,-7.15
4212,Kiegyensúlyozott vegyes eszközalap - D,2025-12-30,1.441,2025-12-31,1.4412,0.0001,297.1847,1.0001,1.015,1.5
4213,Latin-amerikai részvény eszközalap,2025-12-30,1.2384,2025-12-31,1.2487,0.0083,241.2999,1.0083,1.0716,7.16
4214,Magas kötvény arányú vegyes eszk. - D,2025-12-30,1.1175,2025-12-31,1.1169,-0.0006,233.3931,0.9994,1.0032,0.32
4215,Magas védelmû vegyes eszközalap,2025-12-30,1.1063,2025-12-31,1.1108,0.004,231.2651,1.004,1.0054,0.54
4216,Nemz. élelmiszeripari cégek rv. ea - D,2025-12-30,3.1432,2025-12-31,3.1417,-0.0005,668.6334,0.9995,1.0084,0.84
4217,Nyersanyagpiaci részvény eszközalap,2025-12-30,1.4693,2025-12-31,1.4778,0.0058,287.8924,1.0058,1.0332,3.32
4218,Presztízs- és luxusmárkák rv. ea.,2025-12-30,3.7057,2025-12-31,3.7137,0.0022,746.6315,1.0022,1.0354,3.54
4219,USA részvény eszközalap,2025-12-30,4.6577,2025-12-31,4.6563,-0.0003,934.5054,0.9997,1.0133,1.33
4220,Ázsia kötvény eszközalap,2025-12-30,2.2444,2025-12-31,2.246,0.0007,472.4779,1.0007,1.0226,2.26
4221,Aktív hozamfigyelõ vegyes eszközalap - D,2025-12-31,0.9541,2025-12-31,0.9541,0.0,199.5297,1.0,1.005,0.5
4222,Euró likviditás eszközalap - D,2025-12-31,0.9259,2025-12-31,0.9259,0.0,196.1465,1.0,0.9988,-0.12
4223,Európai ingatlancégek részv. eszközalap,2025-12-31,1.8381,2025-12-31,1.8381,0.0,390.5158,1.0,0.9237,-7.63
4224,Európai kötvény eszközalap - D,2025-12-31,1.2315,2025-12-31,1.2315,0.0,261.1324,1.0,0.9928,-0.72
4225,Európai részvény eszközalap,2025-12-31,2.7187,2025-12-31,2.7187,0.0,549.032,1.0,1.0131,1.31
4226,Európai vállalati kötvény eszközalap,2025-12-31,1.3252,2025-12-31,1.3252,0.0,280.4243,1.0,1.0015,0.15
4227,Fejlõdõ piaci részvény ESG eszközalap-D,2025-12-31,1.1464,2025-12-31,1.1464,0.0,231.2463,1.0,0.9889,-1.11
4228,Fejlõdõ ázsiai részvény eszközalap,2025-12-31,2.4221,2025-12-31,2.4221,0.0,470.7845,1.0,1.1051,10.51
4229,Fenntartható növekedés részvény eszk.,2025-12-31,3.2023,2025-12-31,3.2023,0.0,659.5277,1.0,0.9738,-2.62
4230,Globális egészségügyi részvény eszk.,2025-12-31,3.605,2025-12-31,3.605,0.0,706.2488,1.0,1.1064,10.64
4231,Globális növekedési részvény eszközalap,2025-12-31,2.1418,2025-12-31,2.1418,0.0,466.2197,1.0,0.9285,-7.15
4232,Kiegyensúlyozott vegyes eszközalap - D,2025-12-31,1.4412,2025-12-31,1.4412,0.0,298.6259,1.0,1.015,1.5
4233,Latin-amerikai részvény eszközalap,2025-12-31,1.2487,2025-12-31,1.2487,0.0,242.5486,1.0,1.0716,7.16
4234,Magas kötvény arányú vegyes eszk. - D,2025-12-31,1.1169,2025-12-31,1.1169,0.0,234.51,1.0,1.0032,0.32
4235,Magas védelmû vegyes eszközalap,2025-12-31,1.1108,2025-12-31,1.1108,0.0,232.3759,1.0,1.0054,0.54
4236,Nemz. élelmiszeripari cégek rv. ea - D,2025-12-31,3.1417,2025-12-31,3.1417,0.0,671.7751,1.0,1.0084,0.84
4237,Nyersanyagpiaci részvény eszközalap,2025-12-31,1.4778,2025-12-31,1.4778,0.0,289.3702,1.0,1.0332,3.32
4238,Presztízs- és luxusmárkák rv. ea.,2025-12-31,3.7137,2025-12-31,3.7137,0.0,750.3452,1.0,1.0354,3.54
4239,USA részvény eszközalap,2025-12-31,4.6563,2025-12-31,4.6563,0.0,939.1617,1.0,1.0133,1.33
4240,Ázsia kötvény eszközalap,2025-12-31,2.246,2025-12-31,2.246,0.0,474.7239,1.0,1.0226,2.26
4241,Aktív hozamfigyelõ vegyes eszközalap - D,2026-01-01,0.9521,2026-01-01,0.9521,0.0,200.4818,1.0,1.005,0.5
4242,Euró likviditás eszközalap - D,2026-01-01,0.9259,2026-01-01,0.9259,0.0,197.0724,1.0,0.9988,-0.12
4243,Európai ingatlancégek részv. eszközalap,2026-01-01,1.838,2026-01-01,1.838,0.0,392.3538,1.0,0.9237,-7.63
4244,Európai kötvény eszközalap - D,2026-01-01,1.2316,2026-01-01,1.2316,0.0,262.364,1.0,0.9928,-0.72
4245,Európai részvény eszközalap,2026-01-01,2.7163,2026-01-01,2.7163,0.0,551.7483,1.0,1.0131,1.31
4246,Európai vállalati kötvény eszközalap,2026-01-01,1.3254,2026-01-01,1.3254,0.0,281.7497,1.0,1.0015,0.15
4247,Fejlõdõ piaci részvény ESG eszközalap-D,2026-01-01,1.1454,2026-01-01,1.1454,0.0,232.3917,1.0,0.9889,-1.11
4248,Fejlõdõ ázsiai részvény eszközalap,2026-01-01,2.415,2026-01-01,2.415,0.0,473.1995,1.0,1.1051,10.51
4249,Fenntartható növekedés részvény eszk.,2026-01-01,3.1866,2026-01-01,3.1866,0.0,662.7143,1.0,0.9738,-2.62
4250,Globális egészségügyi részvény eszk.,2026-01-01,3.5973,2026-01-01,3.5973,0.0,709.8461,1.0,1.1064,10.64
4251,Globális növekedési részvény eszközalap,2026-01-01,2.1282,2026-01-01,2.1282,0.0,468.3479,1.0,0.9285,-7.15
4252,Kiegyensúlyozott vegyes eszközalap - D,2026-01-01,1.4382,2026-01-01,1.4382,0.0,300.0641,1.0,1.015,1.5
4253,Latin-amerikai részvény eszközalap,2026-01-01,1.2487,2026-01-01,1.2487,0.0,243.7973,1.0,1.0716,7.16
4254,Magas kötvény arányú vegyes eszk. - D,2026-01-01,1.1156,2026-01-01,1.1156,0.0,235.6256,1.0,1.0032,0.32
4255,Magas védelmû vegyes eszközalap,2026-01-01,1.1108,2026-01-01,1.1108,0.0,233.4867,1.0,1.0054,0.54
4256,Nemz. élelmiszeripari cégek rv. ea - D,2026-01-01,3.1416,2026-01-01,3.1416,0.0,674.9167,1.0,1.0084,0.84
4257,Nyersanyagpiaci részvény eszközalap,2026-01-01,1.4778,2026-01-01,1.4778,0.0,290.848,1.0,1.0332,3.32
4258,Presztízs- és luxusmárkák rv. ea.,2026-01-01,3.6927,2026-01-01,3.6927,0.0,754.0379,1.0,1.0354,3.54
4259,USA részvény eszközalap,2026-01-01,4.6264,2026-01-01,4.6264,0.0,943.7881,1.0,1.0133,1.33
4260,Ázsia kötvény eszközalap,2026-01-01,2.2525,2026-01-01,2.2525,0.0,476.9764,1.0,1.0226,2.26
4261,Aktív hozamfigyelõ vegyes eszközalap - D,2026-01-02,0.9521,2026-01-02,0.9521,0.0,201.4339,1.0,1.005,0.5
4262,Euró likviditás eszközalap - D,2026-01-02,0.9259,2026-01-02,0.9259,0.0,197.9983,1.0,0.9988,-0.12
4263,Európai ingatlancégek részv. eszközalap,2026-01-02,1.838,2026-01-02,1.838,0.0,394.1918,1.0,0.9237,-7.63
4264,Európai kötvény eszközalap - D,2026-01-02,1.2316,2026-01-02,1.2316,0.0,263.5956,1.0,0.9928,-0.72
4265,Európai részvény eszközalap,2026-01-02,2.7163,2026-01-02,2.7163,0.0,554.4646,1.0,1.0131,1.31
4266,Európai vállalati kötvény eszközalap,2026-01-02,1.3254,2026-01-02,1.3254,0.0,283.0751,1.0,1.0015,0.15
4267,Fejlõdõ piaci részvény ESG eszközalap-D,2026-01-02,1.1454,2026-01-02,1.1454,0.0,233.5371,1.0,0.9889,-1.11
4268,Fejlõdõ ázsiai részvény eszközalap,2026-01-02,2.415,2026-01-02,2.415,0.0,475.6145,1.0,1.1051,10.51
4269,Fenntartható növekedés részvény eszk.,2026-01-02,3.1866,2026-01-02,3.1866,0.0,665.9009,1.0,0.9738,-2.62
4270,Globális egészségügyi részvény eszk.,2026-01-02,3.5973,2026-01-02,3.5973,0.0,713.4434,1.0,1.1064,10.64
4271,Globális növekedési részvény eszközalap,2026-01-02,2.1282,2026-01-02,2.1282,0.0,470.4761,1.0,0.9285,-7.15
4272,Kiegyensúlyozott vegyes eszközalap - D,2026-01-02,1.4382,2026-01-02,1.4382,0.0,301.5023,1.0,1.015,1.5
4273,Latin-amerikai részvény eszközalap,2026-01-02,1.2487,2026-01-02,1.2487,0.0,245.046,1.0,1.0716,7.16
4274,Magas kötvény arányú vegyes eszk. - D,2026-01-02,1.1156,2026-01-02,1.1156,0.0,236.7412,1.0,1.0032,0.32
4275,Magas védelmû vegyes eszközalap,2026-01-02,1.1108,2026-01-02,1.1108,0.0,234.5975,1.0,1.0054,0.54
4276,Nemz. élelmiszeripari cégek rv. ea - D,2026-01-02,3.1416,2026-01-02,3.1416,0.0,678.0583,1.0,1.0084,0.84
4277,Nyersanyagpiaci részvény eszközalap,2026-01-02,1.4778,2026-01-02,1.4778,0.0,292.3258,1.0,1.0332,3.32
4278,Presztízs- és luxusmárkák rv. ea.,2026-01-02,3.6927,2026-01-02,3.6927,0.0,757.7306,1.0,1.0354,3.54
4279,USA részvény eszközalap,2026-01-02,4.6264,2026-01-02,4.6264,0.0,948.4145,1.0,1.0133,1.33
4280,Ázsia kötvény eszközalap,2026-01-02,2.2525,2026-01-02,2.2525,0.0,479.2289,1.0,1.0226,2.26
4281,Aktív hozamfigyelõ vegyes eszközalap - D,2026-01-03,0.9521,2026-01-03,0.9521,0.0,202.386,1.0,1.005,0.5
4282,Euró likviditás eszközalap - D,2026-01-03,0.9259,2026-01-03,0.9259,0.0,198.9242,1.0,0.9988,-0.12
4283,Európai ingatlancégek részv. eszközalap,2026-01-03,1.838,2026-01-03,1.838,0.0,396.0298,1.0,0.9237,-7.63
4284,Európai kötvény eszközalap - D,2026-01-03,1.2316,2026-01-03,1.2316,0.0,264.8272,1.0,0.9928,-0.72
4285,Európai részvény eszközalap,2026-01-03,2.7163,2026-01-03,2.7163,0.0,557.1809,1.0,1.0131,1.31
4286,Európai vállalati kötvény eszközalap,2026-01-03,1.3254,2026-01-03,1.3254,0.0,284.4005,1.0,1.0015,0.15
4287,Fejlõdõ piaci részvény ESG eszközalap-D,2026-01-03,1.1454,2026-01-03,1.1454,0.0,234.6825,1.0,0.9889,-1.11
4288,Fejlõdõ ázsiai részvény eszközalap,2026-01-03,2.415,2026-01-03,2.415,0.0,478.0295,1.0,1.1051,10.51
4289,Fenntartható növekedés részvény eszk.,2026-01-03,3.1866,2026-01-03,3.1866,0.0,669.0875,1.0,0.9738,-2.62
4290,Globális egészségügyi részvény eszk.,2026-01-03,3.5973,2026-01-03,3.5973,0.0,717.0407,1.0,1.1064,10.64
4291,Globális növekedési részvény eszközalap,2026-01-03,2.1282,2026-01-03,2.1282,0.0,472.6043,1.0,0.9285,-7.15
4292,Kiegyensúlyozott vegyes eszközalap - D,2026-01-03,1.4382,2026-01-03,1.4382,0.0,302.9405,1.0,1.015,1.5
4293,Latin-amerikai részvény eszközalap,2026-01-03,1.2487,2026-01-03,1.2487,0.0,246.2947,1.0,1.0716,7.16
4294,Magas kötvény arányú vegyes eszk. - D,2026-01-03,1.1156,2026-01-03,1.1156,0.0,237.8568,1.0,1.0032,0.32
4295,Magas védelmû vegyes eszközalap,2026-01-03,1.1108,2026-01-03,1.1108,0.0,235.7083,1.0,1.0054,0.54
4296,Nemz. élelmiszeripari cégek rv. ea - D,2026-01-03,3.1416,2026-01-03,3.1416,0.0,681.1999,1.0,1.0084,0.84
4297,Nyersanyagpiaci részvény eszközalap,2026-01-03,1.4778,2026-01-03,1.4778,0.0,293.8036,1.0,1.0332,3.32
4298,Presztízs- és luxusmárkák rv. ea.,2026-01-03,3.6927,2026-01-03,3.6927,0.0,761.4233,1.0,1.0354,3.54
4299,USA részvény eszközalap,2026-01-03,4.6264,2026-01-03,4.6264,0.0,953.0409,1.0,1.0133,1.33
4300,Ázsia kötvény eszközalap,2026-01-03,2.2525,2026-01-03,2.2525,0.0,481.4814,1.0,1.0226,2.26
4301,Aktív hozamfigyelõ vegyes eszközalap - D,2026-01-04,0.9521,2026-01-04,0.9521,0.0,203.3381,1.0,1.005,0.5
4302,Euró likviditás eszközalap - D,2026-01-04,0.9259,2026-01-04,0.9259,0.0,199.8501,1.0,0.9988,-0.12
4303,Európai ingatlancégek részv. eszközalap,2026-01-04,1.838,2026-01-04,1.838,0.0,397.8678,1.0,0.9237,-7.63
4304,Európai kötvény eszközalap - D,2026-01-04,1.2316,2026-01-04,1.2316,0.0,266.0588,1.0,0.9928,-0.72
4305,Európai részvény eszközalap,2026-01-04,2.7163,2026-01-04,2.7163,0.0,559.8972,1.0,1.0131,1.31
4306,Európai vállalati kötvény eszközalap,2026-01-04,1.3254,2026-01-04,1.3254,0.0,285.7259,1.0,1.0015,0.15
4307,Fejlõdõ piaci részvény ESG eszközalap-D,2026-01-04,1.1454,2026-01-04,1.1454,0.0,235.8279,1.0,0.9889,-1.11
4308,Fejlõdõ ázsiai részvény eszközalap,2026-01-04,2.415,2026-01-04,2.415,0.0,480.4445,1.0,1.1051,10.51
4309,Fenntartható növekedés részvény eszk.,2026-01-04,3.1866,2026-01-04,3.1866,0.0,672.2741,1.0,0.9738,-2.62
4310,Globális egészségügyi részvény eszk.,2026-01-04,3.5973,2026-01-04,3.5973,0.0,720.638,1.0,1.1064,10.64
4311,Globális növekedési részvény eszközalap,2026-01-04,2.1282,2026-01-04,2.1282,0.0,474.7325,1.0,0.9285,-7.15
4312,Kiegyensúlyozott vegyes eszközalap - D,2026-01-04,1.4382,2026-01-04,1.4382,0.0,304.3787,1.0,1.015,1.5
4313,Latin-amerikai részvény eszközalap,2026-01-04,1.2487,2026-01-04,1.2487,0.0,247.5434,1.0,1.0716,7.16
4314,Magas kötvény arányú vegyes eszk. - D,2026-01-04,1.1156,2026-01-04,1.1156,0.0,238.9724,1.0,1.0032,0.32
4315,Magas védelmû vegyes eszközalap,2026-01-04,1.1108,2026-01-04,1.1108,0.0,236.8191,1.0,1.0054,0.54
4316,Nemz. élelmiszeripari cégek rv. ea - D,2026-01-04,3.1416,2026-01-04,3.1416,0.0,684.3415,1.0,1.0084,0.84
4317,Nyersanyagpiaci részvény eszközalap,2026-01-04,1.4778,2026-01-04,1.4778,0.0,295.2814,1.0,1.0332,3.32
4318,Presztízs- és luxusmárkák rv. ea.,2026-01-04,3.6927,2026-01-04,3.6927,0.0,765.116,1.0,1.0354,3.54
4319,USA részvény eszközalap,2026-01-04,4.6264,2026-01-04,4.6264,0.0,957.6673,1.0,1.0133,1.33
4320,Ázsia kötvény eszközalap,2026-01-04,2.2525,2026-01-04,2.2525,0.0,483.7339,1.0,1.0226,2.26
4321,Aktív hozamfigyelõ vegyes eszközalap - D,2026-01-05,0.9521,2026-01-05,0.9521,0.0,204.2902,1.0,1.005,0.5
4322,Euró likviditás eszközalap - D,2026-01-05,0.9259,2026-01-05,0.9259,0.0,200.776,1.0,0.9988,-0.12
4323,Európai ingatlancégek részv. eszközalap,2026-01-05,1.838,2026-01-05,1.838,0.0,399.7058,1.0,0.9237,-7.63
4324,Európai kötvény eszközalap - D,2026-01-05,1.2316,2026-01-05,1.2316,0.0,267.2904,1.0,0.9928,-0.72
4325,Európai részvény eszközalap,2026-01-05,2.7163,2026-01-05,2.7163,0.0,562.6135,1.0,1.0131,1.31
4326,Európai vállalati kötvény eszközalap,2026-01-05,1.3254,2026-01-05,1.3254,0.0,287.0513,1.0,1.0015,0.15
4327,Fejlõdõ piaci részvény ESG eszközalap-D,2026-01-05,1.1454,2026-01-05,1.1454,0.0,236.9733,1.0,0.9889,-1.11
4328,Fejlõdõ ázsiai részvény eszközalap,2026-01-05,2.415,2026-01-05,2.415,0.0,482.8595,1.0,1.1051,10.51
4329,Fenntartható növekedés részvény eszk.,2026-01-05,3.1866,2026-01-05,3.1866,0.0,675.4607,1.0,0.9738,-2.62
4330,Globális egészségügyi részvény eszk.,2026-01-05,3.5973,2026-01-05,3.5973,0.0,724.2353,1.0,1.1064,10.64
4331,Globális növekedési részvény eszközalap,2026-01-05,2.1282,2026-01-05,2.1282,0.0,476.8607,1.0,0.9285,-7.15
4332,Kiegyensúlyozott vegyes eszközalap - D,2026-01-05,1.4382,2026-01-05,1.4382,0.0,305.8169,1.0,1.015,1.5
4333,Latin-amerikai részvény eszközalap,2026-01-05,1.2487,2026-01-05,1.2487,0.0,248.7921,1.0,1.0716,7.16
4334,Magas kötvény arányú vegyes eszk. - D,2026-01-05,1.1156,2026-01-05,1.1156,0.0,240.088,1.0,1.0032,0.32
4335,Magas védelmû vegyes eszközalap,2026-01-05,1.1108,2026-01-05,1.1108,0.0,237.9299,1.0,1.0054,0.54
4336,Nemz. élelmiszeripari cégek rv. ea - D,2026-01-05,3.1416,2026-01-05,3.1416,0.0,687.4831,1.0,1.0084,0.84
4337,Nyersanyagpiaci részvény eszközalap,2026-01-05,1.4778,2026-01-05,1.4778,0.0,296.7592,1.0,1.0332,3.32
4338,Presztízs- és luxusmárkák rv. ea.,2026-01-05,3.6927,2026-01-05,3.6927,0.0,768.8087,1.0,1.0354,3.54
4339,USA részvény eszközalap,2026-01-05,4.6264,2026-01-05,4.6264,0.0,962.2937,1.0,1.0133,1.33
4340,Ázsia kötvény eszközalap,2026-01-05,2.2525,2026-01-05,2.2525,0.0,485.9864,1.0,1.0226,2.26
4341,Aktív hozamfigyelõ vegyes eszközalap - D,2026-01-06,0.9564,2026-01-07,0.9597,0.0035,205.2466,1.0035,1.0085,0.85
4342,Euró likviditás eszközalap - D,2026-01-06,0.9259,2026-01-07,0.9264,0.0005,201.7019,1.0005,0.9993,-0.07
4343,Európai ingatlancégek részv. eszközalap,2026-01-06,1.8432,2026-01-07,1.8431,0.0,401.549,1.0,0.9237,-7.63
4344,Európai kötvény eszközalap - D,2026-01-06,1.2306,2026-01-07,1.2323,0.0014,268.521,1.0014,0.9942,-0.58
4345,Európai részvény eszközalap,2026-01-06,2.7755,2026-01-07,2.7848,0.0034,565.389,1.0034,1.0166,1.66
4346,Európai vállalati kötvény eszközalap,2026-01-06,1.3251,2026-01-07,1.3269,0.0014,288.3764,1.0014,1.0029,0.29
4347,Fejlõdõ piaci részvény ESG eszközalap-D,2026-01-06,1.1873,2026-01-07,1.2027,0.013,238.1606,1.013,1.0018,0.18
4348,Fejlõdõ ázsiai részvény eszközalap,2026-01-06,2.4734,2026-01-07,2.5128,0.0159,485.3329,1.0159,1.1226,12.26
4349,Fenntartható növekedés részvény eszk.,2026-01-06,3.2234,2026-01-07,3.254,0.0095,678.6841,1.0095,0.9831,-1.69
4350,Globális egészségügyi részvény eszk.,2026-01-06,3.549,2026-01-07,3.6333,0.0238,727.7843,1.0238,1.1328,13.28
4351,Globális növekedési részvény eszközalap,2026-01-06,2.1595,2026-01-07,2.1786,0.0089,479.0202,1.0089,0.9367,-6.33
4352,Kiegyensúlyozott vegyes eszközalap - D,2026-01-06,1.4445,2026-01-07,1.4522,0.0054,307.2614,1.0054,1.0205,2.05
4353,Latin-amerikai részvény eszközalap,2026-01-06,1.2642,2026-01-07,1.2872,0.0182,250.0563,1.0182,1.0911,9.11
4354,Magas kötvény arányú vegyes eszk. - D,2026-01-06,1.1176,2026-01-07,1.1215,0.0035,241.2056,1.0035,1.0067,0.67
4355,Magas védelmû vegyes eszközalap,2026-01-06,1.1181,2026-01-07,1.1189,0.0007,239.048,1.0007,1.0061,0.61
4356,Nemz. élelmiszeripari cégek rv. ea - D,2026-01-06,3.1105,2026-01-07,3.1199,0.003,690.5936,1.003,1.0114,1.14
4357,Nyersanyagpiaci részvény eszközalap,2026-01-06,1.5005,2026-01-07,1.5259,0.0169,298.2597,1.0169,1.0507,5.07
4358,Presztízs- és luxusmárkák rv. ea.,2026-01-06,3.7222,2026-01-07,3.7554,0.0089,772.5309,1.0089,1.0446,4.46
4359,USA részvény eszközalap,2026-01-06,4.6787,2026-01-07,4.7135,0.0074,966.9724,1.0074,1.0208,2.08
4360,Ázsia kötvény eszközalap,2026-01-06,2.261,2026-01-07,2.2567,-0.0019,488.2474,0.9981,1.0206,2.06
4361,Aktív hozamfigyelõ vegyes eszközalap - D,2026-01-07,0.9597,2026-01-08,0.96,0.0003,206.2063,1.0003,1.0088,0.88
4362,Euró likviditás eszközalap - D,2026-01-07,0.9264,2026-01-08,0.9267,0.0003,202.6283,1.0003,0.9996,-0.04
4363,Európai ingatlancégek részv. eszközalap,2026-01-07,1.8431,2026-01-08,1.9003,0.031,403.3921,1.031,0.9524,-4.76
4364,Európai kötvény eszközalap - D,2026-01-07,1.2323,2026-01-08,1.2347,0.0019,269.7533,1.0019,0.996,-0.4
4365,Európai részvény eszközalap,2026-01-07,2.7848,2026-01-08,2.7826,-0.0008,568.1738,0.9992,1.0158,1.58
4366,Európai vállalati kötvény eszközalap,2026-01-07,1.3269,2026-01-08,1.3287,0.0014,289.7033,1.0014,1.0043,0.43
4367,Fejlõdõ piaci részvény ESG eszközalap-D,2026-01-07,1.2027,2026-01-08,1.1965,-0.0052,239.3633,0.9948,0.9966,-0.34
4368,Fejlõdõ ázsiai részvény eszközalap,2026-01-07,2.5128,2026-01-08,2.506,-0.0027,487.8457,0.9973,1.1196,11.96
4369,Fenntartható növekedés részvény eszk.,2026-01-07,3.254,2026-01-08,3.254,0.0,681.9381,1.0,0.9831,-1.69
4370,Globális egészségügyi részvény eszk.,2026-01-07,3.6333,2026-01-08,3.6972,0.0176,731.4176,1.0176,1.1527,15.27
4371,Globális növekedési részvény eszközalap,2026-01-07,2.1786,2026-01-08,2.1766,-0.0009,481.1988,0.9991,0.9359,-6.41
4372,Kiegyensúlyozott vegyes eszközalap - D,2026-01-07,1.4522,2026-01-08,1.4546,0.0016,308.7136,1.0016,1.0221,2.21
4373,Latin-amerikai részvény eszközalap,2026-01-07,1.2872,2026-01-08,1.2804,-0.0053,251.3435,0.9947,1.0853,8.53
4374,Magas kötvény arányú vegyes eszk. - D,2026-01-07,1.1215,2026-01-08,1.1235,0.0018,242.3271,1.0018,1.0085,0.85
4375,Magas védelmû vegyes eszközalap,2026-01-07,1.1189,2026-01-08,1.1181,-0.0007,240.1669,0.9993,1.0054,0.54
4376,Nemz. élelmiszeripari cégek rv. ea - D,2026-01-07,3.1199,2026-01-08,3.1005,-0.0062,693.7135,0.9938,1.0052,0.52
4377,Nyersanyagpiaci részvény eszközalap,2026-01-07,1.5259,2026-01-08,1.5148,-0.0073,299.7856,0.9927,1.043,4.3
4378,Presztízs- és luxusmárkák rv. ea.,2026-01-07,3.7554,2026-01-08,3.6904,-0.0173,776.2863,0.9827,1.0265,2.65
4379,USA részvény eszközalap,2026-01-07,4.7135,2026-01-08,4.711,-0.0005,971.6859,0.9995,1.0203,2.03
4380,Ázsia kötvény eszközalap,2026-01-07,2.2567,2026-01-08,2.2644,0.0034,490.5041,1.0034,1.0241,2.41
4381,Aktív hozamfigyelõ vegyes eszközalap - D,2026-01-08,0.96,2026-01-09,0.9587,-0.0013,207.1663,0.9987,1.0075,0.75
4382,Euró likviditás eszközalap - D,2026-01-08,0.9267,2026-01-09,0.9265,-0.0002,203.555,0.9998,0.9994,-0.06
4383,Európai ingatlancégek részv. eszközalap,2026-01-08,1.9003,2026-01-09,1.9033,0.0016,405.2924,1.0016,0.9539,-4.61
4384,Európai kötvény eszközalap - D,2026-01-08,1.2347,2026-01-09,1.2333,-0.0011,270.988,0.9989,0.9949,-0.51
4385,Európai részvény eszközalap,2026-01-08,2.7826,2026-01-09,2.7743,-0.003,570.9564,0.997,1.0127,1.27
4386,Európai vállalati kötvény eszközalap,2026-01-08,1.3287,2026-01-09,1.3278,-0.0007,291.032,0.9993,1.0036,0.36
4387,Fejlõdõ piaci részvény ESG eszközalap-D,2026-01-08,1.1965,2026-01-09,1.1944,-0.0018,240.5598,0.9982,0.9948,-0.52
4388,Fejlõdõ ázsiai részvény eszközalap,2026-01-08,2.506,2026-01-09,2.4924,-0.0054,490.3517,0.9946,1.1136,11.36
4389,Fenntartható növekedés részvény eszk.,2026-01-08,3.254,2026-01-09,3.2562,0.0007,685.1921,1.0007,0.9838,-1.62
4390,Globális egészségügyi részvény eszk.,2026-01-08,3.6972,2026-01-09,3.684,-0.0036,735.1148,0.9964,1.1486,14.86
4391,Globális növekedési részvény eszközalap,2026-01-08,2.1766,2026-01-09,2.1797,0.0014,483.3754,1.0014,0.9372,-6.28
4392,Kiegyensúlyozott vegyes eszközalap - D,2026-01-08,1.4546,2026-01-09,1.4527,-0.0013,310.1682,0.9987,1.0208,2.08
4393,Latin-amerikai részvény eszközalap,2026-01-08,1.2804,2026-01-09,1.2875,0.0055,252.6239,1.0055,1.0912,9.12
4394,Magas kötvény arányú vegyes eszk. - D,2026-01-08,1.1235,2026-01-09,1.1221,-0.0013,243.4506,0.9987,1.0072,0.72
4395,Magas védelmû vegyes eszközalap,2026-01-08,1.1181,2026-01-09,1.1167,-0.0013,241.285,0.9987,1.0041,0.41
4396,Nemz. élelmiszeripari cégek rv. ea - D,2026-01-08,3.1005,2026-01-09,3.1423,0.0135,696.814,1.0135,1.0187,1.87
4397,Nyersanyagpiaci részvény eszközalap,2026-01-08,1.5148,2026-01-09,1.5186,0.0025,301.3004,1.0025,1.0456,4.56
4398,Presztízs- és luxusmárkák rv. ea.,2026-01-08,3.6904,2026-01-09,3.7492,0.016,779.9767,1.016,1.0429,4.29
4399,USA részvény eszközalap,2026-01-08,4.711,2026-01-09,4.7171,0.0013,976.3969,1.0013,1.0217,2.17
4400,Ázsia kötvény eszközalap,2026-01-08,2.2644,2026-01-09,2.265,0.0003,492.7685,1.0003,1.0244,2.44
4401,Aktív hozamfigyelõ vegyes eszközalap - D,2026-01-09,0.9587,2026-01-10,0.9621,0.0035,208.125,1.0035,1.011,1.1
4402,Euró likviditás eszközalap - D,2026-01-09,0.9265,2026-01-10,0.9267,0.0001,204.4815,1.0001,0.9995,-0.05
4403,Európai ingatlancégek részv. eszközalap,2026-01-09,1.9033,2026-01-10,1.9017,-0.0008,407.1957,0.9992,0.9531,-4.69
4404,Európai kötvény eszközalap - D,2026-01-09,1.2333,2026-01-10,1.2339,0.0004,272.2213,1.0004,0.9953,-0.47
4405,Európai részvény eszközalap,2026-01-09,2.7743,2026-01-10,2.8066,0.0116,573.7307,1.0116,1.0245,2.45
4406,Európai vállalati kötvény eszközalap,2026-01-09,1.3278,2026-01-10,1.3285,0.0005,292.3598,1.0005,1.0041,0.41
4407,Fejlõdõ piaci részvény ESG eszközalap-D,2026-01-09,1.1944,2026-01-10,1.1995,0.0043,241.7542,1.0043,0.999,-0.1
4408,Fejlõdõ ázsiai részvény eszközalap,2026-01-09,2.4924,2026-01-10,2.5235,0.0125,492.8441,1.0125,1.1275,12.75
4409,Fenntartható növekedés részvény eszk.,2026-01-09,3.2562,2026-01-10,3.2884,0.0099,688.4483,1.0099,0.9935,-0.65
4410,Globális egészségügyi részvény eszk.,2026-01-09,3.684,2026-01-10,3.666,-0.0049,738.7988,0.9951,1.1429,14.29
4411,Globális növekedési részvény eszközalap,2026-01-09,2.1797,2026-01-10,2.2036,0.011,485.5551,1.011,0.9475,-5.25
4412,Kiegyensúlyozott vegyes eszközalap - D,2026-01-09,1.4527,2026-01-10,1.4573,0.0032,311.6209,1.0032,1.024,2.4
4413,Latin-amerikai részvény eszközalap,2026-01-09,1.2875,2026-01-10,1.3008,0.0103,253.9114,1.0103,1.1025,10.25
4414,Magas kötvény arányú vegyes eszk. - D,2026-01-09,1.1221,2026-01-10,1.1243,0.0019,244.5727,1.0019,1.0091,0.91
4415,Magas védelmû vegyes eszközalap,2026-01-09,1.1167,2026-01-10,1.1234,0.006,242.4017,1.006,1.0101,1.01
4416,Nemz. élelmiszeripari cégek rv. ea - D,2026-01-09,3.1423,2026-01-10,3.1711,0.0092,699.9563,1.0092,1.0281,2.81
4417,Nyersanyagpiaci részvény eszközalap,2026-01-09,1.5186,2026-01-10,1.5434,0.0163,302.819,1.0163,1.0626,6.26
4418,Presztízs- és luxusmárkák rv. ea.,2026-01-09,3.7492,2026-01-10,3.8114,0.0166,783.7259,1.0166,1.0602,6.02
4419,USA részvény eszközalap,2026-01-09,4.7171,2026-01-10,4.7486,0.0067,981.114,1.0067,1.0285,2.85
4420,Ázsia kötvény eszközalap,2026-01-09,2.265,2026-01-10,2.2706,0.0025,495.0335,1.0025,1.027,2.7
4421,Aktív hozamfigyelõ vegyes eszközalap - D,2026-01-10,0.9621,2026-01-10,0.9621,0.0,209.0871,1.0,1.011,1.1
4422,Euró likviditás eszközalap - D,2026-01-10,0.9267,2026-01-10,0.9267,0.0,205.4082,1.0,0.9995,-0.05
4423,Európai ingatlancégek részv. eszközalap,2026-01-10,1.9017,2026-01-10,1.9017,0.0,409.0974,1.0,0.9531,-4.69
4424,Európai kötvény eszközalap - D,2026-01-10,1.2339,2026-01-10,1.2339,0.0,273.4552,1.0,0.9953,-0.47
4425,Európai részvény eszközalap,2026-01-10,2.8066,2026-01-10,2.8066,0.0,576.5373,1.0,1.0245,2.45
4426,Európai vállalati kötvény eszközalap,2026-01-10,1.3285,2026-01-10,1.3285,0.0,293.6883,1.0,1.0041,0.41
4427,Fejlõdõ piaci részvény ESG eszközalap-D,2026-01-10,1.1995,2026-01-10,1.1995,0.0,242.9537,1.0,0.999,-0.1
4428,Fejlõdõ ázsiai részvény eszközalap,2026-01-10,2.5235,2026-01-10,2.5235,0.0,495.3676,1.0,1.1275,12.75
4429,Fenntartható növekedés részvény eszk.,2026-01-10,3.2884,2026-01-10,3.2884,0.0,691.7367,1.0,0.9935,-0.65
4430,Globális egészségügyi részvény eszk.,2026-01-10,3.666,2026-01-10,3.666,0.0,742.4648,1.0,1.1429,14.29
4431,Globális növekedési részvény eszközalap,2026-01-10,2.2036,2026-01-10,2.2036,0.0,487.7587,1.0,0.9475,-5.25
4432,Kiegyensúlyozott vegyes eszközalap - D,2026-01-10,1.4573,2026-01-10,1.4573,0.0,313.0782,1.0,1.024,2.4
4433,Latin-amerikai részvény eszközalap,2026-01-10,1.3008,2026-01-10,1.3008,0.0,255.2122,1.0,1.1025,10.25
4434,Magas kötvény arányú vegyes eszk. - D,2026-01-10,1.1243,2026-01-10,1.1243,0.0,245.697,1.0,1.0091,0.91
4435,Magas védelmû vegyes eszközalap,2026-01-10,1.1234,2026-01-10,1.1234,0.0,243.5251,1.0,1.0101,1.01
4436,Nemz. élelmiszeripari cégek rv. ea - D,2026-01-10,3.1711,2026-01-10,3.1711,0.0,703.1274,1.0,1.0281,2.81
4437,Nyersanyagpiaci részvény eszközalap,2026-01-10,1.5434,2026-01-10,1.5434,0.0,304.3624,1.0,1.0626,6.26
4438,Presztízs- és luxusmárkák rv. ea.,2026-01-10,3.8114,2026-01-10,3.8114,0.0,787.5373,1.0,1.0602,6.02
4439,USA részvény eszközalap,2026-01-10,4.7486,2026-01-10,4.7486,0.0,985.8626,1.0,1.0285,2.85
4440,Ázsia kötvény eszközalap,2026-01-10,2.2706,2026-01-10,2.2706,0.0,497.3041,1.0,1.027,2.7
4441,Aktív hozamfigyelõ vegyes eszközalap - D,2026-01-11,0.9621,2026-01-11,0.9621,0.0,210.0492,1.0,1.011,1.1
4442,Euró likviditás eszközalap - D,2026-01-11,0.9267,2026-01-11,0.9267,0.0,206.3349,1.0,0.9995,-0.05
4443,Európai ingatlancégek részv. eszközalap,2026-01-11,1.9017,2026-01-11,1.9017,0.0,410.9991,1.0,0.9531,-4.69
4444,Európai kötvény eszközalap - D,2026-01-11,1.2339,2026-01-11,1.2339,0.0,274.6891,1.0,0.9953,-0.47
4445,Európai részvény eszközalap,2026-01-11,2.8066,2026-01-11,2.8066,0.0,579.3439,1.0,1.0245,2.45
4446,Európai vállalati kötvény eszközalap,2026-01-11,1.3285,2026-01-11,1.3285,0.0,295.0168,1.0,1.0041,0.41
4447,Fejlõdõ piaci részvény ESG eszközalap-D,2026-01-11,1.1995,2026-01-11,1.1995,0.0,244.1532,1.0,0.999,-0.1
4448,Fejlõdõ ázsiai részvény eszközalap,2026-01-11,2.5235,2026-01-11,2.5235,0.0,497.8911,1.0,1.1275,12.75
4449,Fenntartható növekedés részvény eszk.,2026-01-11,3.2884,2026-01-11,3.2884,0.0,695.0251,1.0,0.9935,-0.65
4450,Globális egészségügyi részvény eszk.,2026-01-11,3.666,2026-01-11,3.666,0.0,746.1308,1.0,1.1429,14.29
4451,Globális növekedési részvény eszközalap,2026-01-11,2.2036,2026-01-11,2.2036,0.0,489.9623,1.0,0.9475,-5.25
4452,Kiegyensúlyozott vegyes eszközalap - D,2026-01-11,1.4573,2026-01-11,1.4573,0.0,314.5355,1.0,1.024,2.4
4453,Latin-amerikai részvény eszközalap,2026-01-11,1.3008,2026-01-11,1.3008,0.0,256.513,1.0,1.1025,10.25
4454,Magas kötvény arányú vegyes eszk. - D,2026-01-11,1.1243,2026-01-11,1.1243,0.0,246.8213,1.0,1.0091,0.91
4455,Magas védelmû vegyes eszközalap,2026-01-11,1.1234,2026-01-11,1.1234,0.0,244.6485,1.0,1.0101,1.01
4456,Nemz. élelmiszeripari cégek rv. ea - D,2026-01-11,3.1711,2026-01-11,3.1711,0.0,706.2985,1.0,1.0281,2.81
4457,Nyersanyagpiaci részvény eszközalap,2026-01-11,1.5434,2026-01-11,1.5434,0.0,305.9058,1.0,1.0626,6.26
4458,Presztízs- és luxusmárkák rv. ea.,2026-01-11,3.8114,2026-01-11,3.8114,0.0,791.3487,1.0,1.0602,6.02
4459,USA részvény eszközalap,2026-01-11,4.7486,2026-01-11,4.7486,0.0,990.6112,1.0,1.0285,2.85
4460,Ázsia kötvény eszközalap,2026-01-11,2.2706,2026-01-11,2.2706,0.0,499.5747,1.0,1.027,2.7
4461,Aktív hozamfigyelõ vegyes eszközalap - D,2026-01-12,0.9621,2026-01-12,0.9621,0.0,211.0113,1.0,1.011,1.1
4462,Euró likviditás eszközalap - D,2026-01-12,0.9267,2026-01-12,0.9267,0.0,207.2616,1.0,0.9995,-0.05
4463,Európai ingatlancégek részv. eszközalap,2026-01-12,1.9017,2026-01-12,1.9017,0.0,412.9008,1.0,0.9531,-4.69
4464,Európai kötvény eszközalap - D,2026-01-12,1.2339,2026-01-12,1.2339,0.0,275.923,1.0,0.9953,-0.47
4465,Európai részvény eszközalap,2026-01-12,2.8066,2026-01-12,2.8066,0.0,582.1505,1.0,1.0245,2.45
4466,Európai vállalati kötvény eszközalap,2026-01-12,1.3285,2026-01-12,1.3285,0.0,296.3453,1.0,1.0041,0.41
4467,Fejlõdõ piaci részvény ESG eszközalap-D,2026-01-12,1.1995,2026-01-12,1.1995,0.0,245.3527,1.0,0.999,-0.1
4468,Fejlõdõ ázsiai részvény eszközalap,2026-01-12,2.5235,2026-01-12,2.5235,0.0,500.4146,1.0,1.1275,12.75
4469,Fenntartható növekedés részvény eszk.,2026-01-12,3.2884,2026-01-12,3.2884,0.0,698.3135,1.0,0.9935,-0.65
4470,Globális egészségügyi részvény eszk.,2026-01-12,3.666,2026-01-12,3.666,0.0,749.7968,1.0,1.1429,14.29
4471,Globális növekedési részvény eszközalap,2026-01-12,2.2036,2026-01-12,2.2036,0.0,492.1659,1.0,0.9475,-5.25
4472,Kiegyensúlyozott vegyes eszközalap - D,2026-01-12,1.4573,2026-01-12,1.4573,0.0,315.9928,1.0,1.024,2.4
4473,Latin-amerikai részvény eszközalap,2026-01-12,1.3008,2026-01-12,1.3008,0.0,257.8138,1.0,1.1025,10.25
4474,Magas kötvény arányú vegyes eszk. - D,2026-01-12,1.1243,2026-01-12,1.1243,0.0,247.9456,1.0,1.0091,0.91
4475,Magas védelmû vegyes eszközalap,2026-01-12,1.1234,2026-01-12,1.1234,0.0,245.7719,1.0,1.0101,1.01
4476,Nemz. élelmiszeripari cégek rv. ea - D,2026-01-12,3.1711,2026-01-12,3.1711,0.0,709.4696,1.0,1.0281,2.81
4477,Nyersanyagpiaci részvény eszközalap,2026-01-12,1.5434,2026-01-12,1.5434,0.0,307.4492,1.0,1.0626,6.26
4478,Presztízs- és luxusmárkák rv. ea.,2026-01-12,3.8114,2026-01-12,3.8114,0.0,795.1601,1.0,1.0602,6.02
4479,USA részvény eszközalap,2026-01-12,4.7486,2026-01-12,4.7486,0.0,995.3598,1.0,1.0285,2.85
4480,Ázsia kötvény eszközalap,2026-01-12,2.2706,2026-01-12,2.2706,0.0,501.8453,1.0,1.027,2.7
4481,Aktív hozamfigyelõ vegyes eszközalap - D,2026-01-13,0.9621,2026-01-14,0.9611,-0.001,211.9734,0.999,1.01,1.0
4482,Euró likviditás eszközalap - D,2026-01-13,0.9269,2026-01-14,0.9269,0.0,208.1885,1.0,0.9995,-0.05
4483,Európai ingatlancégek részv. eszközalap,2026-01-13,1.8925,2026-01-14,1.8812,-0.006,414.7933,0.994,0.9474,-5.26
4484,Európai kötvény eszközalap - D,2026-01-13,1.2351,2026-01-14,1.2348,-0.0003,277.1581,0.9997,0.995,-0.5
4485,Európai részvény eszközalap,2026-01-13,2.8195,2026-01-14,2.8253,0.002,584.97,1.002,1.0265,2.65
4486,Európai vállalati kötvény eszközalap,2026-01-13,1.3296,2026-01-14,1.3297,0.0,297.6749,1.0,1.0041,0.41
4487,Fejlõdõ piaci részvény ESG eszközalap-D,2026-01-13,1.2025,2026-01-14,1.2076,0.0043,246.5552,1.0043,1.0033,0.33
4488,Fejlõdõ ázsiai részvény eszközalap,2026-01-13,2.5328,2026-01-14,2.5471,0.0056,502.9474,1.0056,1.1338,13.38
4489,Fenntartható növekedés részvény eszk.,2026-01-13,3.2796,2026-01-14,3.2651,-0.0044,701.5931,0.9956,0.9891,-1.09
4490,Globális egészségügyi részvény eszk.,2026-01-13,3.635,2026-01-14,3.6171,-0.0049,753.4318,0.9951,1.1373,13.73
4491,Globális növekedési részvény eszközalap,2026-01-13,2.1921,2026-01-14,2.1873,-0.0022,494.358,0.9978,0.9454,-5.46
4492,Kiegyensúlyozott vegyes eszközalap - D,2026-01-13,1.4602,2026-01-14,1.4596,-0.0004,317.453,0.9996,1.0236,2.36
4493,Latin-amerikai részvény eszközalap,2026-01-13,1.3044,2026-01-14,1.3013,-0.0024,259.1182,0.9976,1.0998,9.98
4494,Magas kötvény arányú vegyes eszk. - D,2026-01-13,1.1261,2026-01-14,1.1256,-0.0004,249.0717,0.9996,1.0087,0.87
4495,Magas védelmû vegyes eszközalap,2026-01-13,1.1247,2026-01-14,1.1256,0.0008,246.8966,1.0008,1.0109,1.09
4496,Nemz. élelmiszeripari cégek rv. ea - D,2026-01-13,3.2015,2026-01-14,3.2186,0.0053,712.6711,1.0053,1.0336,3.36
4497,Nyersanyagpiaci részvény eszközalap,2026-01-13,1.5639,2026-01-14,1.5584,-0.0035,309.0131,0.9965,1.0589,5.89
4498,Presztízs- és luxusmárkák rv. ea.,2026-01-13,3.7898,2026-01-14,3.7761,-0.0036,798.9499,0.9964,1.0564,5.64
4499,USA részvény eszközalap,2026-01-13,4.7288,2026-01-14,4.7209,-0.0017,1000.0886,0.9983,1.0268,2.68
4500,Ázsia kötvény eszközalap,2026-01-13,2.2634,2026-01-14,2.2661,0.0012,504.1087,1.0012,1.0282,2.82
4501,Aktív hozamfigyelõ vegyes eszközalap - D,2026-01-14,0.9611,2026-01-15,0.9602,-0.0009,212.9345,0.9991,1.0091,0.91
4502,Euró likviditás eszközalap - D,2026-01-14,0.9269,2026-01-15,0.9272,0.0003,209.1154,1.0003,0.9998,-0.02
4503,Európai ingatlancégek részv. eszközalap,2026-01-14,1.8812,2026-01-15,1.8714,-0.0052,416.6745,0.9948,0.9425,-5.75
4504,Európai kötvény eszközalap - D,2026-01-14,1.2348,2026-01-15,1.2362,0.0011,278.3929,1.0011,0.9961,-0.39
4505,Európai részvény eszközalap,2026-01-14,2.8253,2026-01-15,2.8216,-0.0013,587.7953,0.9987,1.0252,2.52
4506,Európai vállalati kötvény eszközalap,2026-01-14,1.3297,2026-01-15,1.3309,0.0009,299.0046,1.0009,1.005,0.5
4507,Fejlõdõ piaci részvény ESG eszközalap-D,2026-01-14,1.2076,2026-01-15,1.2003,-0.0061,247.7628,0.9939,0.9972,-0.28
4508,Fejlõdõ ázsiai részvény eszközalap,2026-01-14,2.5471,2026-01-15,2.5505,0.0013,505.4945,1.0013,1.1353,13.53
4509,Fenntartható növekedés részvény eszk.,2026-01-14,3.2651,2026-01-15,3.2383,-0.0082,704.8582,0.9918,0.981,-1.9
4510,Globális egészségügyi részvény eszk.,2026-01-14,3.6171,2026-01-15,3.6374,0.0056,757.0489,1.0056,1.1437,14.37
4511,Globális növekedési részvény eszközalap,2026-01-14,2.1873,2026-01-15,2.1783,-0.0041,496.5453,0.9959,0.9416,-5.84
4512,Kiegyensúlyozott vegyes eszközalap - D,2026-01-14,1.4596,2026-01-15,1.458,-0.0011,318.9126,0.9989,1.0225,2.25
4513,Latin-amerikai részvény eszközalap,2026-01-14,1.3013,2026-01-15,1.3102,0.0068,260.4195,1.0068,1.1073,10.73
4514,Magas kötvény arányú vegyes eszk. - D,2026-01-14,1.1256,2026-01-15,1.1255,-0.0001,250.1973,0.9999,1.0086,0.86
4515,Magas védelmû vegyes eszközalap,2026-01-14,1.1256,2026-01-15,1.125,-0.0006,248.0222,0.9994,1.0103,1.03
4516,Nemz. élelmiszeripari cégek rv. ea - D,2026-01-14,3.2186,2026-01-15,3.2606,0.0131,715.8897,1.0131000000000001,1.0471,4.71
4517,Nyersanyagpiaci részvény eszközalap,2026-01-14,1.5584,2026-01-15,1.5775,0.0123,310.5715,1.0123,1.0719,7.19
4518,Presztízs- és luxusmárkák rv. ea.,2026-01-14,3.7761,2026-01-15,3.751,-0.0067,802.726,0.9933,1.0493,4.93
4519,USA részvény eszközalap,2026-01-14,4.7209,2026-01-15,4.6794,-0.0088,1004.8095,0.9912,1.0177,1.77
4520,Ázsia kötvény eszközalap,2026-01-14,2.2661,2026-01-15,2.2724,0.0028,506.3748,1.0028,1.0311,3.11
4521,Aktív hozamfigyelõ vegyes eszközalap - D,2026-01-15,0.9602,2026-01-16,0.9629,0.0029,213.8947,1.0029,1.012,1.2
4522,Euró likviditás eszközalap - D,2026-01-15,0.9272,2026-01-16,0.9271,-0.0002,210.0426,0.9998,0.9996,-0.04
4523,Európai ingatlancégek részv. eszközalap,2026-01-15,1.8714,2026-01-16,1.9063,0.0187,418.5459,1.0187,0.9601,-3.99
4524,Európai kötvény eszközalap - D,2026-01-15,1.2362,2026-01-16,1.2361,-0.0001,279.6291,0.9999,0.996,-0.4
4525,Európai részvény eszközalap,2026-01-15,2.8216,2026-01-16,2.8351,0.0048,590.6169,1.0048,1.0301,3.01
4526,Európai vállalati kötvény eszközalap,2026-01-15,1.3309,2026-01-16,1.331,0.0001,300.3355,1.0001,1.0051,0.51
4527,Fejlõdõ piaci részvény ESG eszközalap-D,2026-01-15,1.2003,2026-01-16,1.2158,0.0129,248.9631,1.0129,1.0101,1.01
4528,Fejlõdõ ázsiai részvény eszközalap,2026-01-15,2.5505,2026-01-16,2.5863,0.0141,508.045,1.0141,1.1513,15.13
4529,Fenntartható növekedés részvény eszk.,2026-01-15,3.2383,2026-01-16,3.2701,0.0098,708.0965,1.0098,0.9906,-0.94
4530,Globális egészségügyi részvény eszk.,2026-01-15,3.6374,2026-01-16,3.6245,-0.0035,760.6863,0.9965,1.1397,13.97
4531,Globális növekedési részvény eszközalap,2026-01-15,2.1783,2026-01-16,2.1997,0.0098,498.7236,1.0098,0.9508,-4.92
4532,Kiegyensúlyozott vegyes eszközalap - D,2026-01-15,1.458,2026-01-16,1.4618,0.0026,320.3706,1.0026,1.0252,2.52
4533,Latin-amerikai részvény eszközalap,2026-01-15,1.3102,2026-01-16,1.3329,0.0174,261.7297,1.0174,1.1266,12.66
4534,Magas kötvény arányú vegyes eszk. - D,2026-01-15,1.1255,2026-01-16,1.1272,0.0016,251.3228,1.0016,1.0102,1.02
4535,Magas védelmû vegyes eszközalap,2026-01-15,1.125,2026-01-16,1.1273,0.002,249.1472,1.002,1.0124,1.24
4536,Nemz. élelmiszeripari cégek rv. ea - D,2026-01-15,3.2606,2026-01-16,3.2812,0.0063,719.1503,1.0063,1.0537,5.37
4537,Nyersanyagpiaci részvény eszközalap,2026-01-15,1.5775,2026-01-16,1.5939,0.0104,312.149,1.0104,1.0831,8.31
4538,Presztízs- és luxusmárkák rv. ea.,2026-01-15,3.751,2026-01-16,3.7445,-0.0017,806.477,0.9983,1.0476,4.76
4539,USA részvény eszközalap,2026-01-15,4.6794,2026-01-16,4.7102,0.0066,1009.4889,1.0066,1.0244,2.44
4540,Ázsia kötvény eszközalap,2026-01-15,2.2724,2026-01-16,2.2777,0.0024,508.6472,1.0024,1.0335,3.35
4541,Aktív hozamfigyelõ vegyes eszközalap - D,2026-01-16,0.9629,2026-01-17,0.9617,-0.0013,214.8576,0.9987,1.0107,1.07
4542,Euró likviditás eszközalap - D,2026-01-16,0.9271,2026-01-17,0.9267,-0.0003,210.9697,0.9997,0.9993,-0.07
4543,Európai ingatlancégek részv. eszközalap,2026-01-16,1.9063,2026-01-17,1.9096,0.0018,420.4522,1.0018,0.9618,-3.82
4544,Európai kötvény eszközalap - D,2026-01-16,1.2361,2026-01-17,1.2345,-0.0013,280.8652,0.9987,0.9947,-0.53
4545,Európai részvény eszközalap,2026-01-16,2.8351,2026-01-17,2.8323,-0.001,593.452,0.999,1.0291,2.91
4546,Európai vállalati kötvény eszközalap,2026-01-16,1.331,2026-01-17,1.3299,-0.0008,301.6665,0.9992,1.0043,0.43
4547,Fejlõdõ piaci részvény ESG eszközalap-D,2026-01-16,1.2158,2026-01-17,1.2116,-0.0034,250.1789,0.9966,1.0067,0.67
4548,Fejlõdõ ázsiai részvény eszközalap,2026-01-16,2.5863,2026-01-17,2.6022,0.0061,510.6313,1.0061,1.1583,15.83
4549,Fenntartható növekedés részvény eszk.,2026-01-16,3.2701,2026-01-17,3.2672,-0.0009,711.3666,0.9991,0.9897,-1.03
4550,Globális egészségügyi részvény eszk.,2026-01-16,3.6245,2026-01-17,3.6168,-0.0021,764.3108,0.9979,1.1373,13.73
4551,Globális növekedési részvény eszközalap,2026-01-16,2.1997,2026-01-17,2.201,0.0006,500.9233,1.0006,0.9514,-4.86
4552,Kiegyensúlyozott vegyes eszközalap - D,2026-01-16,1.4618,2026-01-17,1.4622,0.0002,321.8324,1.0002,1.0254,2.54
4553,Latin-amerikai részvény eszközalap,2026-01-16,1.3329,2026-01-17,1.3277,-0.0039,263.0626,0.9961,1.1222,12.22
4554,Magas kötvény arányú vegyes eszk. - D,2026-01-16,1.1272,2026-01-17,1.1266,-0.0006,252.45,0.9994,1.0096,0.96
4555,Magas védelmû vegyes eszközalap,2026-01-16,1.1273,2026-01-17,1.1253,-0.0017,250.2745,0.9983,1.0106,1.06
4556,Nemz. élelmiszeripari cégek rv. ea - D,2026-01-16,3.2812,2026-01-17,3.2609,-0.0062,722.4315,0.9938,1.0472,4.72
4557,Nyersanyagpiaci részvény eszközalap,2026-01-16,1.5939,2026-01-17,1.577,-0.0106,313.7429,0.9894,1.0716,7.16
4558,Presztízs- és luxusmárkák rv. ea.,2026-01-16,3.7445,2026-01-17,3.68,-0.0172,810.2215,0.9828,1.0295,2.95
4559,USA részvény eszközalap,2026-01-16,4.7102,2026-01-17,4.7104,0.0001,1014.1991,1.0001,1.0245,2.45
4560,Ázsia kötvény eszközalap,2026-01-16,2.2777,2026-01-17,2.2825,0.0021,510.9249,1.0021,1.0357,3.57
4561,Aktív hozamfigyelõ vegyes eszközalap - D,2026-01-17,0.9617,2026-01-17,0.9617,0.0,215.8193,1.0,1.0107,1.07
4562,Euró likviditás eszközalap - D,2026-01-17,0.9267,2026-01-17,0.9267,0.0,211.8964,1.0,0.9993,-0.07
4563,Európai ingatlancégek részv. eszközalap,2026-01-17,1.9096,2026-01-17,1.9096,0.0,422.3618,1.0,0.9618,-3.82
4564,Európai kötvény eszközalap - D,2026-01-17,1.2345,2026-01-17,1.2345,0.0,282.0997,1.0,0.9947,-0.53
4565,Európai részvény eszközalap,2026-01-17,2.8323,2026-01-17,2.8323,0.0,596.2843,1.0,1.0291,2.91
4566,Európai vállalati kötvény eszközalap,2026-01-17,1.3299,2026-01-17,1.3299,0.0,302.9964,1.0,1.0043,0.43
4567,Fejlõdõ piaci részvény ESG eszközalap-D,2026-01-17,1.2116,2026-01-17,1.2116,0.0,251.3905,1.0,1.0067,0.67
4568,Fejlõdõ ázsiai részvény eszközalap,2026-01-17,2.6022,2026-01-17,2.6022,0.0,513.2335,1.0,1.1583,15.83
4569,Fenntartható növekedés részvény eszk.,2026-01-17,3.2672,2026-01-17,3.2672,0.0,714.6338,1.0,0.9897,-1.03
4570,Globális egészségügyi részvény eszk.,2026-01-17,3.6168,2026-01-17,3.6168,0.0,767.9276,1.0,1.1373,13.73
4571,Globális növekedési részvény eszközalap,2026-01-17,2.201,2026-01-17,2.201,0.0,503.1243,1.0,0.9514,-4.86
4572,Kiegyensúlyozott vegyes eszközalap - D,2026-01-17,1.4622,2026-01-17,1.4622,0.0,323.2946,1.0,1.0254,2.54
4573,Latin-amerikai részvény eszközalap,2026-01-17,1.3277,2026-01-17,1.3277,0.0,264.3903,1.0,1.1222,12.22
4574,Magas kötvény arányú vegyes eszk. - D,2026-01-17,1.1266,2026-01-17,1.1266,0.0,253.5766,1.0,1.0096,0.96
4575,Magas védelmû vegyes eszközalap,2026-01-17,1.1253,2026-01-17,1.1253,0.0,251.3998,1.0,1.0106,1.06
4576,Nemz. élelmiszeripari cégek rv. ea - D,2026-01-17,3.2609,2026-01-17,3.2609,0.0,725.6924,1.0,1.0472,4.72
4577,Nyersanyagpiaci részvény eszközalap,2026-01-17,1.577,2026-01-17,1.577,0.0,315.3199,1.0,1.0716,7.16
4578,Presztízs- és luxusmárkák rv. ea.,2026-01-17,3.68,2026-01-17,3.68,0.0,813.9015,1.0,1.0295,2.95
4579,USA részvény eszközalap,2026-01-17,4.7104,2026-01-17,4.7104,0.0,1018.9095,1.0,1.0245,2.45
4580,Ázsia kötvény eszközalap,2026-01-17,2.2825,2026-01-17,2.2825,0.0,513.2074,1.0,1.0357,3.57
4581,Aktív hozamfigyelõ vegyes eszközalap - D,2026-01-18,0.9617,2026-01-18,0.9617,0.0,216.781,1.0,1.0107,1.07
4582,Euró likviditás eszközalap - D,2026-01-18,0.9267,2026-01-18,0.9267,0.0,212.8231,1.0,0.9993,-0.07
4583,Európai ingatlancégek részv. eszközalap,2026-01-18,1.9096,2026-01-18,1.9096,0.0,424.2714,1.0,0.9618,-3.82
4584,Európai kötvény eszközalap - D,2026-01-18,1.2345,2026-01-18,1.2345,0.0,283.3342,1.0,0.9947,-0.53
4585,Európai részvény eszközalap,2026-01-18,2.8323,2026-01-18,2.8323,0.0,599.1166,1.0,1.0291,2.91
4586,Európai vállalati kötvény eszközalap,2026-01-18,1.3299,2026-01-18,1.3299,0.0,304.3263,1.0,1.0043,0.43
4587,Fejlõdõ piaci részvény ESG eszközalap-D,2026-01-18,1.2116,2026-01-18,1.2116,0.0,252.6021,1.0,1.0067,0.67
4588,Fejlõdõ ázsiai részvény eszközalap,2026-01-18,2.6022,2026-01-18,2.6022,0.0,515.8357,1.0,1.1583,15.83
4589,Fenntartható növekedés részvény eszk.,2026-01-18,3.2672,2026-01-18,3.2672,0.0,717.901,1.0,0.9897,-1.03
4590,Globális egészségügyi részvény eszk.,2026-01-18,3.6168,2026-01-18,3.6168,0.0,771.5444,1.0,1.1373,13.73
4591,Globális növekedési részvény eszközalap,2026-01-18,2.201,2026-01-18,2.201,0.0,505.3253,1.0,0.9514,-4.86
4592,Kiegyensúlyozott vegyes eszközalap - D,2026-01-18,1.4622,2026-01-18,1.4622,0.0,324.7568,1.0,1.0254,2.54
4593,Latin-amerikai részvény eszközalap,2026-01-18,1.3277,2026-01-18,1.3277,0.0,265.718,1.0,1.1222,12.22
4594,Magas kötvény arányú vegyes eszk. - D,2026-01-18,1.1266,2026-01-18,1.1266,0.0,254.7032,1.0,1.0096,0.96
4595,Magas védelmû vegyes eszközalap,2026-01-18,1.1253,2026-01-18,1.1253,0.0,252.5251,1.0,1.0106,1.06
4596,Nemz. élelmiszeripari cégek rv. ea - D,2026-01-18,3.2609,2026-01-18,3.2609,0.0,728.9533,1.0,1.0472,4.72
4597,Nyersanyagpiaci részvény eszközalap,2026-01-18,1.577,2026-01-18,1.577,0.0,316.8969,1.0,1.0716,7.16
4598,Presztízs- és luxusmárkák rv. ea.,2026-01-18,3.68,2026-01-18,3.68,0.0,817.5815,1.0,1.0295,2.95
4599,USA részvény eszközalap,2026-01-18,4.7104,2026-01-18,4.7104,0.0,1023.6199,1.0,1.0245,2.45
4600,Ázsia kötvény eszközalap,2026-01-18,2.2825,2026-01-18,2.2825,0.0,515.4899,1.0,1.0357,3.57
4601,Aktív hozamfigyelõ vegyes eszközalap - D,2026-01-19,0.9617,2026-01-19,0.9617,0.0,217.7427,1.0,1.0107,1.07
4602,Euró likviditás eszközalap - D,2026-01-19,0.9267,2026-01-19,0.9267,0.0,213.7498,1.0,0.9993,-0.07
4603,Európai ingatlancégek részv. eszközalap,2026-01-19,1.9096,2026-01-19,1.9096,0.0,426.181,1.0,0.9618,-3.82
4604,Európai kötvény eszközalap - D,2026-01-19,1.2345,2026-01-19,1.2345,0.0,284.5687,1.0,0.9947,-0.53
4605,Európai részvény eszközalap,2026-01-19,2.8323,2026-01-19,2.8323,0.0,601.9489,1.0,1.0291,2.91
4606,Európai vállalati kötvény eszközalap,2026-01-19,1.3299,2026-01-19,1.3299,0.0,305.6562,1.0,1.0043,0.43
4607,Fejlõdõ piaci részvény ESG eszközalap-D,2026-01-19,1.2116,2026-01-19,1.2116,0.0,253.8137,1.0,1.0067,0.67
4608,Fejlõdõ ázsiai részvény eszközalap,2026-01-19,2.6022,2026-01-19,2.6022,0.0,518.4379,1.0,1.1583,15.83
4609,Fenntartható növekedés részvény eszk.,2026-01-19,3.2672,2026-01-19,3.2672,0.0,721.1682,1.0,0.9897,-1.03
4610,Globális egészségügyi részvény eszk.,2026-01-19,3.6168,2026-01-19,3.6168,0.0,775.1612,1.0,1.1373,13.73
4611,Globális növekedési részvény eszközalap,2026-01-19,2.201,2026-01-19,2.201,0.0,507.5263,1.0,0.9514,-4.86
4612,Kiegyensúlyozott vegyes eszközalap - D,2026-01-19,1.4622,2026-01-19,1.4622,0.0,326.219,1.0,1.0254,2.54
4613,Latin-amerikai részvény eszközalap,2026-01-19,1.3277,2026-01-19,1.3277,0.0,267.0457,1.0,1.1222,12.22
4614,Magas kötvény arányú vegyes eszk. - D,2026-01-19,1.1266,2026-01-19,1.1266,0.0,255.8298,1.0,1.0096,0.96
4615,Magas védelmû vegyes eszközalap,2026-01-19,1.1253,2026-01-19,1.1253,0.0,253.6504,1.0,1.0106,1.06
4616,Nemz. élelmiszeripari cégek rv. ea - D,2026-01-19,3.2609,2026-01-19,3.2609,0.0,732.2142,1.0,1.0472,4.72
4617,Nyersanyagpiaci részvény eszközalap,2026-01-19,1.577,2026-01-19,1.577,0.0,318.4739,1.0,1.0716,7.16
4618,Presztízs- és luxusmárkák rv. ea.,2026-01-19,3.68,2026-01-19,3.68,0.0,821.2615,1.0,1.0295,2.95
4619,USA részvény eszközalap,2026-01-19,4.7104,2026-01-19,4.7104,0.0,1028.3303,1.0,1.0245,2.45
4620,Ázsia kötvény eszközalap,2026-01-19,2.2825,2026-01-19,2.2825,0.0,517.7724,1.0,1.0357,3.57
4621,Aktív hozamfigyelõ vegyes eszközalap - D,2026-01-20,0.9616,2026-01-21,0.9502,-0.0118,218.7043,0.9882,0.9988,-0.12
4622,Euró likviditás eszközalap - D,2026-01-20,0.9272,2026-01-21,0.9273,0.0,214.677,1.0,0.9993,-0.07
4623,Európai ingatlancégek részv. eszközalap,2026-01-20,1.8906,2026-01-21,1.8576,-0.0175,428.0716,0.9825,0.945,-5.5
4624,Európai kötvény eszközalap - D,2026-01-20,1.2352,2026-01-21,1.2338,-0.0011,285.8039,0.9989,0.9937,-0.63
4625,Európai részvény eszközalap,2026-01-20,2.7886,2026-01-21,2.7679,-0.0074,604.7375,0.9926,1.0215,2.15
4626,Európai vállalati kötvény eszközalap,2026-01-20,1.3301,2026-01-21,1.329,-0.0008,306.9863,0.9992,1.0035,0.35
4627,Fejlõdõ piaci részvény ESG eszközalap-D,2026-01-20,1.2094,2026-01-21,1.193,-0.0136,255.0231,0.9864,0.993,-0.7
4628,Fejlõdõ ázsiai részvény eszközalap,2026-01-20,2.6082,2026-01-21,2.5941,-0.0054,521.0461,0.9946,1.152,15.2
4629,Fenntartható növekedés részvény eszk.,2026-01-20,3.2669,2026-01-21,3.1614,-0.0323,724.4351,0.9677,0.9578,-4.22
4630,Globális egészségügyi részvény eszk.,2026-01-20,3.6089,2026-01-21,3.5754,-0.0093,778.7701,0.9907,1.1267,12.67
4631,Globális növekedési részvény eszközalap,2026-01-20,2.2008,2026-01-21,2.1399,-0.0277,509.7271,0.9723,0.925,-7.5
4632,Kiegyensúlyozott vegyes eszközalap - D,2026-01-20,1.462,2026-01-21,1.4462,-0.0108,327.681,0.9892,1.0143,1.43
4633,Latin-amerikai részvény eszközalap,2026-01-20,1.3324,2026-01-21,1.329,-0.0026,268.3781,0.9974,1.1193,11.93
4634,Magas kötvény arányú vegyes eszk. - D,2026-01-20,1.126,2026-01-21,1.1196,-0.0057,256.9558,0.9943,1.0039,0.39
4635,Magas védelmû vegyes eszközalap,2026-01-20,1.12,2026-01-21,1.1183,-0.0015,254.7704,0.9985,1.0091,0.91
4636,Nemz. élelmiszeripari cégek rv. ea - D,2026-01-20,3.2568,2026-01-21,3.2331,-0.0073,735.471,0.9927,1.0395,3.95
4637,Nyersanyagpiaci részvény eszközalap,2026-01-20,1.579,2026-01-21,1.5652,-0.0088,320.0529,0.9912,1.0622,6.22
4638,Presztízs- és luxusmárkák rv. ea.,2026-01-20,3.5974,2026-01-21,3.5665,-0.0086,824.8589,0.9914,1.0207,2.07
4639,USA részvény eszközalap,2026-01-20,4.7101,2026-01-21,4.5604,-0.0318,1033.0404,0.9682,0.992,-0.8
4640,Ázsia kötvény eszközalap,2026-01-20,2.2791,2026-01-21,2.2546,-0.0108,520.0515,0.9892,1.0245,2.45
4641,Aktív hozamfigyelõ vegyes eszközalap - D,2026-01-21,0.9502,2026-01-22,0.9532,0.0031,219.6545,1.0031,1.0019,0.19
4642,Euró likviditás eszközalap - D,2026-01-21,0.9273,2026-01-22,0.9271,-0.0001,215.6043,0.9999,0.9992,-0.08
4643,Európai ingatlancégek részv. eszközalap,2026-01-21,1.8576,2026-01-22,1.8484,-0.0049,429.9292,0.9951,0.9404,-5.96
4644,Európai kötvény eszközalap - D,2026-01-21,1.2338,2026-01-22,1.2324,-0.0011,287.0377,0.9989,0.9926,-0.74
4645,Európai részvény eszközalap,2026-01-21,2.7679,2026-01-22,2.762,-0.0021,607.5054,0.9979,1.0193,1.93
4646,Európai vállalati kötvény eszközalap,2026-01-21,1.329,2026-01-22,1.3289,-0.0001,308.3153,0.9999,1.0034,0.34
4647,Fejlõdõ piaci részvény ESG eszközalap-D,2026-01-21,1.193,2026-01-22,1.201,0.0068,256.2161,1.0068,0.9997,-0.03
4648,Fejlõdõ ázsiai részvény eszközalap,2026-01-21,2.5941,2026-01-22,2.6136,0.0075,523.6402,1.0075,1.1607,16.07
4649,Fenntartható növekedés részvény eszk.,2026-01-21,3.1614,2026-01-22,3.1886,0.0086,727.5965,1.0086,0.966,-3.4
4650,Globális egészségügyi részvény eszk.,2026-01-21,3.5754,2026-01-22,3.6139,0.0107,782.3455,1.0107,1.1388,13.88
4651,Globális növekedési részvény eszközalap,2026-01-21,2.1399,2026-01-22,2.1612,0.01,511.867,1.01,0.9342,-6.58
4652,Kiegyensúlyozott vegyes eszközalap - D,2026-01-21,1.4462,2026-01-22,1.4439,-0.0017,329.1272,0.9983,1.0126,1.26
4653,Latin-amerikai részvény eszközalap,2026-01-21,1.329,2026-01-22,1.3572,0.0213,269.7071,1.0213,1.1431,14.31
4654,Magas kötvény arányú vegyes eszk. - D,2026-01-21,1.1196,2026-01-22,1.1184,-0.0011,258.0754,0.9989,1.0028,0.28
4655,Magas védelmû vegyes eszközalap,2026-01-21,1.1183,2026-01-22,1.1179,-0.0004,255.8887,0.9996,1.0087,0.87
4656,Nemz. élelmiszeripari cégek rv. ea - D,2026-01-21,3.2331,2026-01-22,3.2281,-0.0015,738.7041,0.9985,1.038,3.8
4657,Nyersanyagpiaci részvény eszközalap,2026-01-21,1.5652,2026-01-22,1.5894,0.0155,321.6181,1.0155,1.0786,7.86
4658,Presztízs- és luxusmárkák rv. ea.,2026-01-21,3.5665,2026-01-22,3.5897,0.0065,828.4254,1.0065,1.0273,2.73
4659,USA részvény eszközalap,2026-01-21,4.5604,2026-01-22,4.6026,0.0092,1037.6008,1.0092,1.0011,0.11
4660,Ázsia kötvény eszközalap,2026-01-21,2.2546,2026-01-22,2.2598,0.0023,522.3061,1.0023,1.0269,2.69
4661,Aktív hozamfigyelõ vegyes eszközalap - D,2026-01-22,0.9532,2026-01-23,0.9548,0.0018,220.6077,1.0018,1.0037,0.37
4662,Euró likviditás eszközalap - D,2026-01-22,0.9271,2026-01-23,0.927,-0.0001,216.5314,0.9999,0.9991,-0.09
4663,Európai ingatlancégek részv. eszközalap,2026-01-22,1.8484,2026-01-23,1.8699,0.0116,431.7776,1.0116,0.9513,-4.87
4664,Európai kötvény eszközalap - D,2026-01-22,1.2324,2026-01-23,1.2329,0.0004,288.2701,1.0004,0.993,-0.7
4665,Európai részvény eszközalap,2026-01-22,2.762,2026-01-23,2.7968,0.0126,610.2674,1.0126,1.0322,3.22
4666,Európai vállalati kötvény eszközalap,2026-01-22,1.3289,2026-01-23,1.3297,0.0006,309.6442,1.0006,1.004,0.4
4667,Fejlõdõ piaci részvény ESG eszközalap-D,2026-01-22,1.201,2026-01-23,1.2052,0.0034,257.4171,1.0034,1.0031,0.31
4668,Fejlõdõ ázsiai részvény eszközalap,2026-01-22,2.6136,2026-01-23,2.6289,0.0058,526.2538,1.0058,1.1674,16.74
4669,Fenntartható növekedés részvény eszk.,2026-01-22,3.1886,2026-01-23,3.2011,0.0039,730.7851,1.0039,0.9698,-3.02
4670,Globális egészségügyi részvény eszk.,2026-01-22,3.6139,2026-01-23,3.6522,0.0106,785.9594,1.0106,1.1508,15.08
4671,Globális növekedési részvény eszközalap,2026-01-22,2.1612,2026-01-23,2.1688,0.0035,514.0282,1.0035,0.9375,-6.25
4672,Kiegyensúlyozott vegyes eszközalap - D,2026-01-22,1.4439,2026-01-23,1.4496,0.004,330.5711,1.004,1.0166,1.66
4673,Latin-amerikai részvény eszközalap,2026-01-22,1.3572,2026-01-23,1.3932,0.0265,271.0643,1.0265,1.1734,17.34
4674,Magas kötvény arányú vegyes eszk. - D,2026-01-22,1.1184,2026-01-23,1.1209,0.0023,259.1938,1.0023,1.0051,0.51
4675,Magas védelmû vegyes eszközalap,2026-01-22,1.1179,2026-01-23,1.1206,0.0024,257.0066,1.0024,1.0111,1.11
4676,Nemz. élelmiszeripari cégek rv. ea - D,2026-01-22,3.2281,2026-01-23,3.2442,0.005,741.9322,1.005,1.0432,4.32
4677,Nyersanyagpiaci részvény eszközalap,2026-01-22,1.5894,2026-01-23,1.5991,0.0061,323.2075,1.0061,1.0852,8.52
4678,Presztízs- és luxusmárkák rv. ea.,2026-01-22,3.5897,2026-01-23,3.6443,0.0152,832.0151,1.0152,1.0429,4.29
4679,USA részvény eszközalap,2026-01-22,4.6026,2026-01-23,4.619,0.0036,1042.2034,1.0036,1.0047,0.47
4680,Ázsia kötvény eszközalap,2026-01-22,2.2598,2026-01-23,2.2653,0.0025,524.5659,1.0025,1.0295,2.95
4681,Aktív hozamfigyelõ vegyes eszközalap - D,2026-01-23,0.9548,2026-01-24,0.9543,-0.0005,221.5625,0.9995,1.0032,0.32
4682,Euró likviditás eszközalap - D,2026-01-23,0.927,2026-01-24,0.9269,-0.0001,217.4584,0.9999,0.999,-0.1
4683,Európai ingatlancégek részv. eszközalap,2026-01-23,1.8699,2026-01-24,1.8732,0.0018,433.6475,1.0018,0.953,-4.7
4684,Európai kötvény eszközalap - D,2026-01-23,1.2329,2026-01-24,1.2326,-0.0003,289.503,0.9997,0.9927,-0.73
4685,Európai részvény eszközalap,2026-01-23,2.7968,2026-01-24,2.7902,-0.0024,613.0642,0.9976,1.0297,2.97
4686,Európai vállalati kötvény eszközalap,2026-01-23,1.3297,2026-01-24,1.3289,-0.0006,310.9739,0.9994,1.0034,0.34
4687,Fejlõdõ piaci részvény ESG eszközalap-D,2026-01-23,1.2052,2026-01-24,1.2041,-0.0009,258.6223,0.9991,1.0022,0.22
4688,Fejlõdõ ázsiai részvény eszközalap,2026-01-23,2.6289,2026-01-24,2.6452,0.0062,528.8827,1.0062,1.1746,17.46
4689,Fenntartható növekedés részvény eszk.,2026-01-23,3.2011,2026-01-24,3.2003,-0.0002,733.9862,0.9998,0.9696,-3.04
4690,Globális egészségügyi részvény eszk.,2026-01-23,3.6522,2026-01-24,3.647,-0.0014,789.6116,0.9986,1.1492,14.92
4691,Globális növekedési részvény eszközalap,2026-01-23,2.1688,2026-01-24,2.1524,-0.0076,516.197,0.9924,0.9304,-6.96
4692,Kiegyensúlyozott vegyes eszközalap - D,2026-01-23,1.4496,2026-01-24,1.4488,-0.0006,332.0207,0.9994,1.016,1.6
4693,Latin-amerikai részvény eszközalap,2026-01-23,1.3932,2026-01-24,1.3915,-0.0012,272.4575,0.9988,1.172,17.2
4694,Magas kötvény arányú vegyes eszk. - D,2026-01-23,1.1209,2026-01-24,1.1205,-0.0004,260.3147,0.9996,1.0047,0.47
4695,Magas védelmû vegyes eszközalap,2026-01-23,1.1206,2026-01-24,1.1197,-0.0008,258.1272,0.9992,1.0103,1.03
4696,Nemz. élelmiszeripari cégek rv. ea - D,2026-01-23,3.2442,2026-01-24,3.2364,-0.0024,745.1764,0.9976,1.0407,4.07
4697,Nyersanyagpiaci részvény eszközalap,2026-01-23,1.5991,2026-01-24,1.6071,0.005,324.8066,1.005,1.0907,9.07
4698,Presztízs- és luxusmárkák rv. ea.,2026-01-23,3.6443,2026-01-24,3.6125,-0.0087,835.6594,0.9913,1.0339,3.39
4699,USA részvény eszközalap,2026-01-23,4.619,2026-01-24,4.6193,0.0001,1046.8224,1.0001,1.0048,0.48
4700,Ázsia kötvény eszközalap,2026-01-23,2.2653,2026-01-24,2.2584,-0.0031,526.8312,0.9969,1.0263,2.63
4701,Aktív hozamfigyelõ vegyes eszközalap - D,2026-01-24,0.9543,2026-01-24,0.9543,0.0,222.5168,1.0,1.0032,0.32
4702,Euró likviditás eszközalap - D,2026-01-24,0.9269,2026-01-24,0.9269,0.0,218.3853,1.0,0.999,-0.1
4703,Európai ingatlancégek részv. eszközalap,2026-01-24,1.8732,2026-01-24,1.8732,0.0,435.5207,1.0,0.953,-4.7
4704,Európai kötvény eszközalap - D,2026-01-24,1.2326,2026-01-24,1.2326,0.0,290.7356,1.0,0.9927,-0.73
4705,Európai részvény eszközalap,2026-01-24,2.7902,2026-01-24,2.7902,0.0,615.8544,1.0,1.0297,2.97
4706,Európai vállalati kötvény eszközalap,2026-01-24,1.3289,2026-01-24,1.3289,0.0,312.3028,1.0,1.0034,0.34
4707,Fejlõdõ piaci részvény ESG eszközalap-D,2026-01-24,1.2041,2026-01-24,1.2041,0.0,259.8264,1.0,1.0022,0.22
4708,Fejlõdõ ázsiai részvény eszközalap,2026-01-24,2.6452,2026-01-24,2.6452,0.0,531.5279,1.0,1.1746,17.46
4709,Fenntartható növekedés részvény eszk.,2026-01-24,3.2003,2026-01-24,3.2003,0.0,737.1865,1.0,0.9696,-3.04
4710,Globális egészségügyi részvény eszk.,2026-01-24,3.647,2026-01-24,3.647,0.0,793.2586,1.0,1.1492,14.92
4711,Globális növekedési részvény eszközalap,2026-01-24,2.1524,2026-01-24,2.1524,0.0,518.3494,1.0,0.9304,-6.96
4712,Kiegyensúlyozott vegyes eszközalap - D,2026-01-24,1.4488,2026-01-24,1.4488,0.0,333.4695,1.0,1.016,1.6
4713,Latin-amerikai részvény eszközalap,2026-01-24,1.3915,2026-01-24,1.3915,0.0,273.849,1.0,1.172,17.2
4714,Magas kötvény arányú vegyes eszk. - D,2026-01-24,1.1205,2026-01-24,1.1205,0.0,261.4352,1.0,1.0047,0.47
4715,Magas védelmû vegyes eszközalap,2026-01-24,1.1197,2026-01-24,1.1197,0.0,259.2469,1.0,1.0103,1.03
4716,Nemz. élelmiszeripari cégek rv. ea - D,2026-01-24,3.2364,2026-01-24,3.2364,0.0,748.4128,1.0,1.0407,4.07
4717,Nyersanyagpiaci részvény eszközalap,2026-01-24,1.6071,2026-01-24,1.6071,0.0,326.4137,1.0,1.0907,9.07
4718,Presztízs- és luxusmárkák rv. ea.,2026-01-24,3.6125,2026-01-24,3.6125,0.0,839.2719,1.0,1.0339,3.39
4719,USA részvény eszközalap,2026-01-24,4.6193,2026-01-24,4.6193,0.0,1051.4417,1.0,1.0048,0.48
4720,Ázsia kötvény eszközalap,2026-01-24,2.2584,2026-01-24,2.2584,0.0,529.0896,1.0,1.0263,2.63
4721,Aktív hozamfigyelõ vegyes eszközalap - D,2026-01-25,0.9543,2026-01-25,0.9543,0.0,223.4711,1.0,1.0032,0.32
4722,Euró likviditás eszközalap - D,2026-01-25,0.9269,2026-01-25,0.9269,0.0,219.3122,1.0,0.999,-0.1
4723,Európai ingatlancégek részv. eszközalap,2026-01-25,1.8732,2026-01-25,1.8732,0.0,437.3939,1.0,0.953,-4.7
4724,Európai kötvény eszközalap - D,2026-01-25,1.2326,2026-01-25,1.2326,0.0,291.9682,1.0,0.9927,-0.73
4725,Európai részvény eszközalap,2026-01-25,2.7902,2026-01-25,2.7902,0.0,618.6446,1.0,1.0297,2.97
4726,Európai vállalati kötvény eszközalap,2026-01-25,1.3289,2026-01-25,1.3289,0.0,313.6317,1.0,1.0034,0.34
4727,Fejlõdõ piaci részvény ESG eszközalap-D,2026-01-25,1.2041,2026-01-25,1.2041,0.0,261.0305,1.0,1.0022,0.22
4728,Fejlõdõ ázsiai részvény eszközalap,2026-01-25,2.6452,2026-01-25,2.6452,0.0,534.1731,1.0,1.1746,17.46
4729,Fenntartható növekedés részvény eszk.,2026-01-25,3.2003,2026-01-25,3.2003,0.0,740.3868,1.0,0.9696,-3.04
4730,Globális egészségügyi részvény eszk.,2026-01-25,3.647,2026-01-25,3.647,0.0,796.9056,1.0,1.1492,14.92
4731,Globális növekedési részvény eszközalap,2026-01-25,2.1524,2026-01-25,2.1524,0.0,520.5018,1.0,0.9304,-6.96
4732,Kiegyensúlyozott vegyes eszközalap - D,2026-01-25,1.4488,2026-01-25,1.4488,0.0,334.9183,1.0,1.016,1.6
4733,Latin-amerikai részvény eszközalap,2026-01-25,1.3915,2026-01-25,1.3915,0.0,275.2405,1.0,1.172,17.2
4734,Magas kötvény arányú vegyes eszk. - D,2026-01-25,1.1205,2026-01-25,1.1205,0.0,262.5557,1.0,1.0047,0.47
4735,Magas védelmû vegyes eszközalap,2026-01-25,1.1197,2026-01-25,1.1197,0.0,260.3666,1.0,1.0103,1.03
4736,Nemz. élelmiszeripari cégek rv. ea - D,2026-01-25,3.2364,2026-01-25,3.2364,0.0,751.6492,1.0,1.0407,4.07
4737,Nyersanyagpiaci részvény eszközalap,2026-01-25,1.6071,2026-01-25,1.6071,0.0,328.0208,1.0,1.0907,9.07
4738,Presztízs- és luxusmárkák rv. ea.,2026-01-25,3.6125,2026-01-25,3.6125,0.0,842.8844,1.0,1.0339,3.39
4739,USA részvény eszközalap,2026-01-25,4.6193,2026-01-25,4.6193,0.0,1056.061,1.0,1.0048,0.48
4740,Ázsia kötvény eszközalap,2026-01-25,2.2584,2026-01-25,2.2584,0.0,531.348,1.0,1.0263,2.63
4741,Aktív hozamfigyelõ vegyes eszközalap - D,2026-01-26,0.9543,2026-01-26,0.9543,0.0,224.4254,1.0,1.0032,0.32
4742,Euró likviditás eszközalap - D,2026-01-26,0.9269,2026-01-26,0.9269,0.0,220.2391,1.0,0.999,-0.1
4743,Európai ingatlancégek részv. eszközalap,2026-01-26,1.8732,2026-01-26,1.8732,0.0,439.2671,1.0,0.953,-4.7
4744,Európai kötvény eszközalap - D,2026-01-26,1.2326,2026-01-26,1.2326,0.0,293.2008,1.0,0.9927,-0.73
4745,Európai részvény eszközalap,2026-01-26,2.7902,2026-01-26,2.7902,0.0,621.4348,1.0,1.0297,2.97
4746,Európai vállalati kötvény eszközalap,2026-01-26,1.3289,2026-01-26,1.3289,0.0,314.9606,1.0,1.0034,0.34
4747,Fejlõdõ piaci részvény ESG eszközalap-D,2026-01-26,1.2041,2026-01-26,1.2041,0.0,262.2346,1.0,1.0022,0.22
4748,Fejlõdõ ázsiai részvény eszközalap,2026-01-26,2.6452,2026-01-26,2.6452,0.0,536.8183,1.0,1.1746,17.46
4749,Fenntartható növekedés részvény eszk.,2026-01-26,3.2003,2026-01-26,3.2003,0.0,743.5871,1.0,0.9696,-3.04
4750,Globális egészségügyi részvény eszk.,2026-01-26,3.647,2026-01-26,3.647,0.0,800.5526,1.0,1.1492,14.92
4751,Globális növekedési részvény eszközalap,2026-01-26,2.1524,2026-01-26,2.1524,0.0,522.6542,1.0,0.9304,-6.96
4752,Kiegyensúlyozott vegyes eszközalap - D,2026-01-26,1.4488,2026-01-26,1.4488,0.0,336.3671,1.0,1.016,1.6
4753,Latin-amerikai részvény eszközalap,2026-01-26,1.3915,2026-01-26,1.3915,0.0,276.632,1.0,1.172,17.2
4754,Magas kötvény arányú vegyes eszk. - D,2026-01-26,1.1205,2026-01-26,1.1205,0.0,263.6762,1.0,1.0047,0.47
4755,Magas védelmû vegyes eszközalap,2026-01-26,1.1197,2026-01-26,1.1197,0.0,261.4863,1.0,1.0103,1.03
4756,Nemz. élelmiszeripari cégek rv. ea - D,2026-01-26,3.2364,2026-01-26,3.2364,0.0,754.8856,1.0,1.0407,4.07
4757,Nyersanyagpiaci részvény eszközalap,2026-01-26,1.6071,2026-01-26,1.6071,0.0,329.6279,1.0,1.0907,9.07
4758,Presztízs- és luxusmárkák rv. ea.,2026-01-26,3.6125,2026-01-26,3.6125,0.0,846.4969,1.0,1.0339,3.39
4759,USA részvény eszközalap,2026-01-26,4.6193,2026-01-26,4.6193,0.0,1060.6803,1.0,1.0048,0.48
4760,Ázsia kötvény eszközalap,2026-01-26,2.2584,2026-01-26,2.2584,0.0,533.6064,1.0,1.0263,2.63
4761,Aktív hozamfigyelõ vegyes eszközalap - D,2026-01-27,0.9544,2026-01-28,0.9554,0.001,225.3798,1.001,1.0042,0.42
4762,Euró likviditás eszközalap - D,2026-01-27,0.9274,2026-01-28,0.9275,0.0001,221.1665,1.0001,0.9991,-0.09
4763,Európai ingatlancégek részv. eszközalap,2026-01-27,1.8795,2026-01-28,1.8772,-0.0012,441.1466,0.9988,0.9518,-4.82
4764,Európai kötvény eszközalap - D,2026-01-27,1.2359,2026-01-28,1.2361,0.0002,294.4367,1.0002,0.9929,-0.71
4765,Európai részvény eszközalap,2026-01-27,2.7981,2026-01-28,2.8168,0.0067,624.2329,1.0067,1.0366,3.66
4766,Európai vállalati kötvény eszközalap,2026-01-27,1.331,2026-01-28,1.3317,0.0006,316.2916,1.0006,1.004,0.4
4767,Fejlõdõ piaci részvény ESG eszközalap-D,2026-01-27,1.204,2026-01-28,1.2091,0.0043,263.4386,1.0043,1.0065,0.65
4768,Fejlõdõ ázsiai részvény eszközalap,2026-01-27,2.6412,2026-01-28,2.6825,0.0157,539.4595,1.0157,1.1931,19.31
4769,Fenntartható növekedés részvény eszk.,2026-01-27,3.1819,2026-01-28,3.1798,-0.0007,746.769,0.9993,0.9689,-3.11
4770,Globális egészségügyi részvény eszk.,2026-01-27,3.6647,2026-01-28,3.644,-0.0056,804.2173,0.9944,1.1428,14.28
4771,Globális növekedési részvény eszközalap,2026-01-27,2.1447,2026-01-28,2.1341,-0.005,524.7989,0.995,0.9257,-7.43
4772,Kiegyensúlyozott vegyes eszközalap - D,2026-01-27,1.4481,2026-01-28,1.4483,0.0001,337.8152,1.0001,1.0161,1.61
4773,Latin-amerikai részvény eszközalap,2026-01-27,1.399,2026-01-28,1.4234,0.0174,278.031,1.0174,1.1924,19.24
4774,Magas kötvény arányú vegyes eszk. - D,2026-01-27,1.1217,2026-01-28,1.1219,0.0002,264.7979,1.0002,1.0049,0.49
4775,Magas védelmû vegyes eszközalap,2026-01-27,1.1205,2026-01-28,1.1222,0.0016,262.6068,1.0016,1.0119,1.19
4776,Nemz. élelmiszeripari cégek rv. ea - D,2026-01-27,3.2365,2026-01-28,3.2018,-0.0107,758.1221,0.9893,1.0295,2.95
4777,Nyersanyagpiaci részvény eszközalap,2026-01-27,1.6188,2026-01-28,1.5995,-0.0119,331.2467,0.9881,1.0777,7.77
4778,Presztízs- és luxusmárkák rv. ea.,2026-01-27,3.5862,2026-01-28,3.5538,-0.009,850.0831,0.991,1.0246,2.46
4779,USA részvény eszközalap,2026-01-27,4.5923,2026-01-28,4.5789,-0.0029,1065.2726,0.9971,1.0019,0.19
4780,Ázsia kötvény eszközalap,2026-01-27,2.2365,2026-01-28,2.2314,-0.0023,535.8429,0.9977,1.0239,2.39
4781,Aktív hozamfigyelõ vegyes eszközalap - D,2026-01-28,0.9554,2026-01-29,0.9542,-0.0013,226.3352,0.9987,1.0029,0.29
4782,Euró likviditás eszközalap - D,2026-01-28,0.9275,2026-01-29,0.9279,0.0004,222.094,1.0004,0.9995,-0.05
4783,Európai ingatlancégek részv. eszközalap,2026-01-28,1.8772,2026-01-29,1.9048,0.0147,443.0238,1.0147,0.9658,-3.42
4784,Európai kötvény eszközalap - D,2026-01-28,1.2361,2026-01-29,1.2373,0.001,295.6728,1.001,0.9939,-0.61
4785,Európai részvény eszközalap,2026-01-28,2.8168,2026-01-29,2.7984,-0.0065,627.0497,0.9935,1.0298,2.98
4786,Európai vállalati kötvény eszközalap,2026-01-28,1.3317,2026-01-29,1.3329,0.0009,317.6233,1.0009,1.0049,0.49
4787,Fejlõdõ piaci részvény ESG eszközalap-D,2026-01-28,1.2091,2026-01-29,1.2184,0.0077,264.6477,1.0077,1.0143,1.43
4788,Fejlõdõ ázsiai részvény eszközalap,2026-01-28,2.6825,2026-01-29,2.7144,0.0119,542.142,1.0119,1.2073,20.73
4789,Fenntartható növekedés részvény eszk.,2026-01-28,3.1798,2026-01-29,3.1709,-0.0028,749.9488,0.9972,0.9662,-3.38
4790,Globális egészségügyi részvény eszk.,2026-01-28,3.644,2026-01-29,3.6003,-0.012,807.8613,0.988,1.1291,12.91
4791,Globális növekedési részvény eszközalap,2026-01-28,2.1341,2026-01-29,2.1187,-0.0072,526.933,0.9928,0.9191,-8.09
4792,Kiegyensúlyozott vegyes eszközalap - D,2026-01-28,1.4483,2026-01-29,1.4493,0.0007,339.2635,1.0007,1.0168,1.68
4793,Latin-amerikai részvény eszközalap,2026-01-28,1.4234,2026-01-29,1.4214,-0.0014,279.4544,0.9986,1.1907,19.07
4794,Magas kötvény arányú vegyes eszk. - D,2026-01-28,1.1219,2026-01-29,1.1227,0.0007,265.9198,1.0007,1.0056,0.56
4795,Magas védelmû vegyes eszközalap,2026-01-28,1.1222,2026-01-29,1.1197,-0.0023,263.729,0.9977,1.0096,0.96
4796,Nemz. élelmiszeripari cégek rv. ea - D,2026-01-28,3.2018,2026-01-29,3.2116,0.0031,761.3239,1.0031,1.0327,3.27
4797,Nyersanyagpiaci részvény eszközalap,2026-01-28,1.5995,2026-01-29,1.6088,0.0058,332.8462,1.0058,1.0839,8.39
4798,Presztízs- és luxusmárkák rv. ea.,2026-01-28,3.5538,2026-01-29,3.5149,-0.0109,853.6369,0.9891,1.0134,1.34
4799,USA részvény eszközalap,2026-01-28,4.5789,2026-01-29,4.5825,0.0008,1069.8515,1.0008,1.0027,0.27
4800,Ázsia kötvény eszközalap,2026-01-28,2.2314,2026-01-29,2.2132,-0.0081,538.0743,0.9919,1.0156,1.56
4801,Aktív hozamfigyelõ vegyes eszközalap - D,2026-01-29,0.9542,2026-01-30,0.9534,-0.0008,227.2894,0.9992,1.0021,0.21
4802,Euró likviditás eszközalap - D,2026-01-29,0.9279,2026-01-30,0.9282,0.0003,223.0219,1.0003,0.9998,-0.02
4803,Európai ingatlancégek részv. eszközalap,2026-01-29,1.9048,2026-01-30,1.915,0.0053,444.9286,1.0053,0.971,-2.9
4804,Európai kötvény eszközalap - D,2026-01-29,1.2373,2026-01-30,1.2391,0.0015,296.9101,1.0015,0.9953,-0.47
4805,Európai részvény eszközalap,2026-01-29,2.7984,2026-01-30,2.7817,-0.006,629.8481,0.994,1.0237,2.37
4806,Európai vállalati kötvény eszközalap,2026-01-29,1.3329,2026-01-30,1.3342,0.001,318.9562,1.001,1.0059,0.59
4807,Fejlõdõ piaci részvény ESG eszközalap-D,2026-01-29,1.2184,2026-01-30,1.2121,-0.0052,265.8661,0.9948,1.009,0.9
4808,Fejlõdõ ázsiai részvény eszközalap,2026-01-29,2.7144,2026-01-30,2.7015,-0.0048,544.8564,0.9952,1.2015,20.15
4809,Fenntartható növekedés részvény eszk.,2026-01-29,3.1709,2026-01-30,3.1416,-0.0093,753.1197,0.9907,0.9572,-4.28
4810,Globális egészségügyi részvény eszk.,2026-01-29,3.6003,2026-01-30,3.6028,0.0007,811.4616,1.0007,1.1299,12.99
4811,Globális növekedési részvény eszközalap,2026-01-29,2.1187,2026-01-30,2.1071,-0.0055,529.0517,0.9945,0.914,-8.6
4812,Kiegyensúlyozott vegyes eszközalap - D,2026-01-29,1.4493,2026-01-30,1.449,-0.0002,340.7128,0.9998,1.0166,1.66
4813,Latin-amerikai részvény eszközalap,2026-01-29,1.4214,2026-01-30,1.4125,-0.0063,280.8758,0.9937,1.1832,18.32
4814,Magas kötvény arányú vegyes eszk. - D,2026-01-29,1.1227,2026-01-30,1.1233,0.0005,267.0425,1.0005,1.0061,0.61
4815,Magas védelmû vegyes eszközalap,2026-01-29,1.1197,2026-01-30,1.1174,-0.0021,264.8487,0.9979,1.0075,0.75
4816,Nemz. élelmiszeripari cégek rv. ea - D,2026-01-29,3.2116,2026-01-30,3.2208,0.0028,764.5355,1.0028,1.0356,3.56
4817,Nyersanyagpiaci részvény eszközalap,2026-01-29,1.6088,2026-01-30,1.6021,-0.0042,334.455,0.9958,1.0794,7.94
4818,Presztízs- és luxusmárkák rv. ea.,2026-01-29,3.5149,2026-01-30,3.5284,0.0038,857.1518,1.0038,1.0172,1.72
4819,USA részvény eszközalap,2026-01-29,4.5825,2026-01-30,4.5842,0.0004,1074.434,1.0004,1.0031,0.31
4820,Ázsia kötvény eszközalap,2026-01-29,2.2132,2026-01-30,2.2194,0.0028,540.2875,1.0028,1.0184,1.84
4821,Aktív hozamfigyelõ vegyes eszközalap - D,2026-01-30,0.9534,2026-01-31,0.9526,-0.0008,228.2428,0.9992,1.0013,0.13
4822,Euró likviditás eszközalap - D,2026-01-30,0.9282,2026-01-31,0.9282,-0.0001,223.9501,0.9999,0.9997,-0.03
4823,Európai ingatlancégek részv. eszközalap,2026-01-30,1.915,2026-01-31,1.9126,-0.0012,446.8436,0.9988,0.9698,-3.02
4824,Európai kötvény eszközalap - D,2026-01-30,1.2391,2026-01-31,1.2383,-0.0006,298.1492,0.9994,0.9947,-0.53
4825,Európai részvény eszközalap,2026-01-30,2.7817,2026-01-31,2.8053,0.0085,632.6298,1.0085,1.0324,3.24
4826,Európai vállalati kötvény eszközalap,2026-01-30,1.3342,2026-01-31,1.3339,-0.0002,320.2904,0.9998,1.0057,0.57
4827,Fejlõdõ piaci részvény ESG eszközalap-D,2026-01-30,1.2121,2026-01-31,1.2048,-0.006,267.0782,0.994,1.0029,0.29
4828,Fejlõdõ ázsiai részvény eszközalap,2026-01-30,2.7015,2026-01-31,2.6791,-0.0083,547.5579,0.9917,1.1915,19.15
4829,Fenntartható növekedés részvény eszk.,2026-01-30,3.1416,2026-01-31,3.1374,-0.0013,756.2613,0.9987,0.956,-4.4
4830,Globális egészségügyi részvény eszk.,2026-01-30,3.6028,2026-01-31,3.5846,-0.005,815.0644,0.995,1.1242,12.42
4831,Globális növekedési részvény eszközalap,2026-01-30,2.1071,2026-01-31,2.1044,-0.0013,531.1588,0.9987,0.9128,-8.72
4832,Kiegyensúlyozott vegyes eszközalap - D,2026-01-30,1.449,2026-01-31,1.4468,-0.0015,342.1618,0.9985,1.0151,1.51
4833,Latin-amerikai részvény eszközalap,2026-01-30,1.4125,2026-01-31,1.4119,-0.0004,282.2883,0.9996,1.1828,18.28
4834,Magas kötvény arányú vegyes eszk. - D,2026-01-30,1.1233,2026-01-31,1.1219,-0.0012,268.1658,0.9988,1.0049,0.49
4835,Magas védelmû vegyes eszközalap,2026-01-30,1.1174,2026-01-31,1.1194,0.0018,265.9661,1.0018,1.0093,0.93
4836,Nemz. élelmiszeripari cégek rv. ea - D,2026-01-30,3.2208,2026-01-31,3.2367,0.0049,767.7563,1.0049,1.0407,4.07
4837,Nyersanyagpiaci részvény eszközalap,2026-01-30,1.6021,2026-01-31,1.5731,-0.0181,336.0571,0.9819,1.0598,5.98
4838,Presztízs- és luxusmárkák rv. ea.,2026-01-30,3.5284,2026-01-31,3.5357,0.0021,860.6802,1.0021,1.0194,1.94
4839,USA részvény eszközalap,2026-01-30,4.5842,2026-01-31,4.5824,-0.0004,1079.0182,0.9996,1.0027,0.27
4840,Ázsia kötvény eszközalap,2026-01-30,2.2194,2026-01-31,2.2274,0.0036,542.5069,1.0036,1.0221,2.21
4841,Aktív hozamfigyelõ vegyes eszközalap - D,2026-01-31,0.9526,2026-01-31,0.9526,0.0,229.1954,1.0,1.0013,0.13
4842,Euró likviditás eszközalap - D,2026-01-31,0.9282,2026-01-31,0.9282,0.0,224.8783,1.0,0.9997,-0.03
4843,Európai ingatlancégek részv. eszközalap,2026-01-31,1.9126,2026-01-31,1.9126,0.0,448.7562,1.0,0.9698,-3.02
4844,Európai kötvény eszközalap - D,2026-01-31,1.2383,2026-01-31,1.2383,0.0,299.3875,1.0,0.9947,-0.53
4845,Európai részvény eszközalap,2026-01-31,2.8053,2026-01-31,2.8053,0.0,635.4351,1.0,1.0324,3.24
4846,Európai vállalati kötvény eszközalap,2026-01-31,1.3339,2026-01-31,1.3339,0.0,321.6243,1.0,1.0057,0.57
4847,Fejlõdõ piaci részvény ESG eszközalap-D,2026-01-31,1.2048,2026-01-31,1.2048,0.0,268.283,1.0,1.0029,0.29
4848,Fejlõdõ ázsiai részvény eszközalap,2026-01-31,2.6791,2026-01-31,2.6791,0.0,550.237,1.0,1.1915,19.15
4849,Fenntartható növekedés részvény eszk.,2026-01-31,3.1374,2026-01-31,3.1374,0.0,759.3987,1.0,0.956,-4.4
4850,Globális egészségügyi részvény eszk.,2026-01-31,3.5846,2026-01-31,3.5846,0.0,818.649,1.0,1.1242,12.42
4851,Globális növekedési részvény eszközalap,2026-01-31,2.1044,2026-01-31,2.1044,0.0,533.2632,1.0,0.9128,-8.72
4852,Kiegyensúlyozott vegyes eszközalap - D,2026-01-31,1.4468,2026-01-31,1.4468,0.0,343.6086,1.0,1.0151,1.51
4853,Latin-amerikai részvény eszközalap,2026-01-31,1.4119,2026-01-31,1.4119,0.0,283.7002,1.0,1.1828,18.28
4854,Magas kötvény arányú vegyes eszk. - D,2026-01-31,1.1219,2026-01-31,1.1219,0.0,269.2877,1.0,1.0049,0.49
4855,Magas védelmû vegyes eszközalap,2026-01-31,1.1194,2026-01-31,1.1194,0.0,267.0855,1.0,1.0093,0.93
4856,Nemz. élelmiszeripari cégek rv. ea - D,2026-01-31,3.2367,2026-01-31,3.2367,0.0,770.993,1.0,1.0407,4.07
4857,Nyersanyagpiaci részvény eszközalap,2026-01-31,1.5731,2026-01-31,1.5731,0.0,337.6302,1.0,1.0598,5.98
4858,Presztízs- és luxusmárkák rv. ea.,2026-01-31,3.5357,2026-01-31,3.5357,0.0,864.2159,1.0,1.0194,1.94
4859,USA részvény eszközalap,2026-01-31,4.5824,2026-01-31,4.5824,0.0,1083.6006,1.0,1.0027,0.27
4860,Ázsia kötvény eszközalap,2026-01-31,2.2274,2026-01-31,2.2274,0.0,544.7343,1.0,1.0221,2.21
4861,Aktív hozamfigyelõ vegyes eszközalap - D,2026-02-01,0.9526,2026-02-01,0.9526,0.0,230.148,1.0,1.0013,0.13
4862,Euró likviditás eszközalap - D,2026-02-01,0.9282,2026-02-01,0.9282,0.0,225.8065,1.0,0.9997,-0.03
4863,Európai ingatlancégek részv. eszközalap,2026-02-01,1.9126,2026-02-01,1.9126,0.0,450.6688,1.0,0.9698,-3.02
4864,Európai kötvény eszközalap - D,2026-02-01,1.2383,2026-02-01,1.2383,0.0,300.6258,1.0,0.9947,-0.53
4865,Európai részvény eszközalap,2026-02-01,2.8053,2026-02-01,2.8053,0.0,638.2404,1.0,1.0324,3.24
4866,Európai vállalati kötvény eszközalap,2026-02-01,1.3339,2026-02-01,1.3339,0.0,322.9582,1.0,1.0057,0.57
4867,Fejlõdõ piaci részvény ESG eszközalap-D,2026-02-01,1.2048,2026-02-01,1.2048,0.0,269.4878,1.0,1.0029,0.29
4868,Fejlõdõ ázsiai részvény eszközalap,2026-02-01,2.6791,2026-02-01,2.6791,0.0,552.9161,1.0,1.1915,19.15
4869,Fenntartható növekedés részvény eszk.,2026-02-01,3.1374,2026-02-01,3.1374,0.0,762.5361,1.0,0.956,-4.4
4870,Globális egészségügyi részvény eszk.,2026-02-01,3.5846,2026-02-01,3.5846,0.0,822.2336,1.0,1.1242,12.42
4871,Globális növekedési részvény eszközalap,2026-02-01,2.1044,2026-02-01,2.1044,0.0,535.3676,1.0,0.9128,-8.72
4872,Kiegyensúlyozott vegyes eszközalap - D,2026-02-01,1.4468,2026-02-01,1.4468,0.0,345.0554,1.0,1.0151,1.51
4873,Latin-amerikai részvény eszközalap,2026-02-01,1.4119,2026-02-01,1.4119,0.0,285.1121,1.0,1.1828,18.28
4874,Magas kötvény arányú vegyes eszk. - D,2026-02-01,1.1219,2026-02-01,1.1219,0.0,270.4096,1.0,1.0049,0.49
4875,Magas védelmû vegyes eszközalap,2026-02-01,1.1194,2026-02-01,1.1194,0.0,268.2049,1.0,1.0093,0.93
4876,Nemz. élelmiszeripari cégek rv. ea - D,2026-02-01,3.2367,2026-02-01,3.2367,0.0,774.2297,1.0,1.0407,4.07
4877,Nyersanyagpiaci részvény eszközalap,2026-02-01,1.5731,2026-02-01,1.5731,0.0,339.2033,1.0,1.0598,5.98
4878,Presztízs- és luxusmárkák rv. ea.,2026-02-01,3.5357,2026-02-01,3.5357,0.0,867.7516,1.0,1.0194,1.94
4879,USA részvény eszközalap,2026-02-01,4.5824,2026-02-01,4.5824,0.0,1088.183,1.0,1.0027,0.27
4880,Ázsia kötvény eszközalap,2026-02-01,2.2274,2026-02-01,2.2274,0.0,546.9617,1.0,1.0221,2.21
4881,Aktív hozamfigyelõ vegyes eszközalap - D,2026-02-02,0.9526,2026-02-02,0.9526,0.0,231.1006,1.0,1.0013,0.13
4882,Euró likviditás eszközalap - D,2026-02-02,0.9282,2026-02-02,0.9282,0.0,226.7347,1.0,0.9997,-0.03
4883,Európai ingatlancégek részv. eszközalap,2026-02-02,1.9126,2026-02-02,1.9126,0.0,452.5814,1.0,0.9698,-3.02
4884,Európai kötvény eszközalap - D,2026-02-02,1.2383,2026-02-02,1.2383,0.0,301.8641,1.0,0.9947,-0.53
4885,Európai részvény eszközalap,2026-02-02,2.8053,2026-02-02,2.8053,0.0,641.0457,1.0,1.0324,3.24
4886,Európai vállalati kötvény eszközalap,2026-02-02,1.3339,2026-02-02,1.3339,0.0,324.2921,1.0,1.0057,0.57
4887,Fejlõdõ piaci részvény ESG eszközalap-D,2026-02-02,1.2048,2026-02-02,1.2048,0.0,270.6926,1.0,1.0029,0.29
4888,Fejlõdõ ázsiai részvény eszközalap,2026-02-02,2.6791,2026-02-02,2.6791,0.0,555.5952,1.0,1.1915,19.15
4889,Fenntartható növekedés részvény eszk.,2026-02-02,3.1374,2026-02-02,3.1374,0.0,765.6735,1.0,0.956,-4.4
4890,Globális egészségügyi részvény eszk.,2026-02-02,3.5846,2026-02-02,3.5846,0.0,825.8182,1.0,1.1242,12.42
4891,Globális növekedési részvény eszközalap,2026-02-02,2.1044,2026-02-02,2.1044,0.0,537.472,1.0,0.9128,-8.72
4892,Kiegyensúlyozott vegyes eszközalap - D,2026-02-02,1.4468,2026-02-02,1.4468,0.0,346.5022,1.0,1.0151,1.51
4893,Latin-amerikai részvény eszközalap,2026-02-02,1.4119,2026-02-02,1.4119,0.0,286.524,1.0,1.1828,18.28
4894,Magas kötvény arányú vegyes eszk. - D,2026-02-02,1.1219,2026-02-02,1.1219,0.0,271.5315,1.0,1.0049,0.49
4895,Magas védelmû vegyes eszközalap,2026-02-02,1.1194,2026-02-02,1.1194,0.0,269.3243,1.0,1.0093,0.93
4896,Nemz. élelmiszeripari cégek rv. ea - D,2026-02-02,3.2367,2026-02-02,3.2367,0.0,777.4664,1.0,1.0407,4.07
4897,Nyersanyagpiaci részvény eszközalap,2026-02-02,1.5731,2026-02-02,1.5731,0.0,340.7764,1.0,1.0598,5.98
4898,Presztízs- és luxusmárkák rv. ea.,2026-02-02,3.5357,2026-02-02,3.5357,0.0,871.2873,1.0,1.0194,1.94
4899,USA részvény eszközalap,2026-02-02,4.5824,2026-02-02,4.5824,0.0,1092.7654,1.0,1.0027,0.27
4900,Ázsia kötvény eszközalap,2026-02-02,2.2274,2026-02-02,2.2274,0.0,549.1891,1.0,1.0221,2.21
4901,Aktív hozamfigyelõ vegyes eszközalap - D,2026-02-03,0.9549,2026-02-04,0.9506,-0.0045,232.0555,0.9955,0.9968,-0.32
4902,Euró likviditás eszközalap - D,2026-02-03,0.9277,2026-02-04,0.9277,0.0,227.6624,1.0,0.9997,-0.03
4903,Európai ingatlancégek részv. eszközalap,2026-02-03,1.9076,2026-02-04,1.9064,-0.0006,454.489,0.9994,0.9692,-3.08
4904,Európai kötvény eszközalap - D,2026-02-03,1.2369,2026-02-04,1.2359,-0.0008,303.101,0.9992,0.9939,-0.61
4905,Európai részvény eszközalap,2026-02-03,2.8367,2026-02-04,2.8358,-0.0003,643.8824,0.9997,1.0321,3.21
4906,Európai vállalati kötvény eszközalap,2026-02-03,1.333,2026-02-04,1.3326,-0.0003,325.6251,0.9997,1.0054,0.54
4907,Fejlõdõ piaci részvény ESG eszközalap-D,2026-02-03,1.2088,2026-02-04,1.2251,0.0135,271.9014,1.0135,1.0165,1.65
4908,Fejlõdõ ázsiai részvény eszközalap,2026-02-03,2.6678,2026-02-04,2.7226,0.0205,558.263,1.0205,1.2159,21.59
4909,Fenntartható növekedés részvény eszk.,2026-02-03,3.1784,2026-02-04,3.107,-0.0225,768.8519,0.9775,0.9345,-6.55
4910,Globális egészségügyi részvény eszk.,2026-02-03,3.6282,2026-02-04,3.6566,0.0078,829.4464,1.0078,1.133,13.3
4911,Globális növekedési részvény eszközalap,2026-02-03,2.1262,2026-02-04,2.0943,-0.015,539.5982,0.985,0.8991,-10.09
4912,Kiegyensúlyozott vegyes eszközalap - D,2026-02-03,1.4515,2026-02-04,1.4475,-0.0027,347.9537,0.9973,1.0124,1.24
4913,Latin-amerikai részvény eszközalap,2026-02-03,1.4169,2026-02-04,1.4528,0.0253,287.9409,1.0253,1.2127,21.27
4914,Magas kötvény arányú vegyes eszk. - D,2026-02-03,1.1232,2026-02-04,1.121,-0.0019,272.6547,0.9981,1.003,0.3
4915,Magas védelmû vegyes eszközalap,2026-02-03,1.122,2026-02-04,1.1213,-0.0007,270.4463,0.9993,1.0086,0.86
4916,Nemz. élelmiszeripari cégek rv. ea - D,2026-02-03,3.3047,2026-02-04,3.3749,0.0212,780.7711,1.0212,1.0627,6.27
4917,Nyersanyagpiaci részvény eszközalap,2026-02-03,1.5821,2026-02-04,1.6297,0.0301,342.3585,1.0301,1.0917,9.17
4918,Presztízs- és luxusmárkák rv. ea.,2026-02-03,3.575,2026-02-04,3.5621,-0.0036,874.8623,0.9964,1.0157,1.57
4919,USA részvény eszközalap,2026-02-03,4.6474,2026-02-04,4.591,-0.0121,1097.4128,0.9879,0.9905,-0.95
4920,Ázsia kötvény eszközalap,2026-02-03,2.2356,2026-02-04,2.2463,0.0048,551.4247,1.0048,1.027,2.7
4921,Aktív hozamfigyelõ vegyes eszközalap - D,2026-02-04,0.9506,2026-02-05,0.9505,-0.0001,233.0061,0.9999,0.9967,-0.33
4922,Euró likviditás eszközalap - D,2026-02-04,0.9277,2026-02-05,0.928,0.0004,228.5901,1.0004,1.0001,0.01
4923,Európai ingatlancégek részv. eszközalap,2026-02-04,1.9064,2026-02-05,1.9261,0.0104,456.3954,1.0104,0.9793,-2.07
4924,Európai kötvény eszközalap - D,2026-02-04,1.2359,2026-02-05,1.2375,0.0013,304.3369,1.0013,0.9952,-0.48
4925,Európai részvény eszközalap,2026-02-04,2.8358,2026-02-05,2.8358,0.0,646.7182,1.0,1.0321,3.21
4926,Európai vállalati kötvény eszközalap,2026-02-04,1.3326,2026-02-05,1.3339,0.001,326.9577,1.001,1.0064,0.64
4927,Fejlõdõ piaci részvény ESG eszközalap-D,2026-02-04,1.2251,2026-02-05,1.223,-0.0017,273.1265,0.9983,1.0148,1.48
4928,Fejlõdõ ázsiai részvény eszközalap,2026-02-04,2.7226,2026-02-05,2.7481,0.0094,560.9856,1.0094,1.2274,22.74
4929,Fenntartható növekedés részvény eszk.,2026-02-04,3.107,2026-02-05,3.104,-0.001,771.9589,0.999,0.9335,-6.65
4930,Globális egészségügyi részvény eszk.,2026-02-04,3.6566,2026-02-05,3.6151,-0.0113,833.103,0.9887,1.1202,12.02
4931,Globális növekedési részvény eszközalap,2026-02-04,2.0943,2026-02-05,2.1021,0.0037,541.6925,1.0037,0.9025,-9.75
4932,Kiegyensúlyozott vegyes eszközalap - D,2026-02-04,1.4475,2026-02-05,1.4475,0.0,349.4012,1.0,1.0124,1.24
4933,Latin-amerikai részvény eszközalap,2026-02-04,1.4528,2026-02-05,1.4174,-0.0244,289.3937,0.9756,1.1831,18.31
4934,Magas kötvény arányú vegyes eszk. - D,2026-02-04,1.121,2026-02-05,1.1215,0.0004,273.7757,1.0004,1.0034,0.34
4935,Magas védelmû vegyes eszközalap,2026-02-04,1.1213,2026-02-05,1.121,-0.0002,271.5676,0.9998,1.0084,0.84
4936,Nemz. élelmiszeripari cégek rv. ea - D,2026-02-04,3.3749,2026-02-05,3.4289,0.016,784.146,1.016,1.0797,7.97
4937,Nyersanyagpiaci részvény eszközalap,2026-02-04,1.6297,2026-02-05,1.6301,0.0003,343.9882,1.0003,1.0921,9.21
4938,Presztízs- és luxusmárkák rv. ea.,2026-02-04,3.5621,2026-02-05,3.6098,0.0134,878.4244,1.0134,1.0293,2.93
4939,USA részvény eszközalap,2026-02-04,4.591,2026-02-05,4.5737,-0.0038,1102.0038,0.9962,0.9868,-1.32
4940,Ázsia kötvény eszközalap,2026-02-04,2.2463,2026-02-05,2.2421,-0.0019,553.671,0.9981,1.0251,2.51
4941,Aktív hozamfigyelõ vegyes eszközalap - D,2026-02-05,0.9505,2026-02-06,0.9464,-0.0043,233.9566,0.9957,0.9924,-0.76
4942,Euró likviditás eszközalap - D,2026-02-05,0.928,2026-02-06,0.9281,0.0001,229.5181,1.0001,1.0002,0.02
4943,Európai ingatlancégek részv. eszközalap,2026-02-05,1.9261,2026-02-06,1.9135,-0.0066,458.3215,0.9934,0.9728,-2.72
4944,Európai kötvény eszközalap - D,2026-02-05,1.2375,2026-02-06,1.2382,0.0006,305.5744,1.0006,0.9958,-0.42
4945,Európai részvény eszközalap,2026-02-05,2.8358,2026-02-06,2.8182,-0.0062,649.554,0.9938,1.0257,2.57
4946,Európai vállalati kötvény eszközalap,2026-02-05,1.3339,2026-02-06,1.3342,0.0002,328.2916,1.0002,1.0066,0.66
4947,Fejlõdõ piaci részvény ESG eszközalap-D,2026-02-05,1.223,2026-02-06,1.2137,-0.0076,274.3495,0.9924,1.007,0.7
4948,Fejlõdõ ázsiai részvény eszközalap,2026-02-05,2.7481,2026-02-06,2.6936,-0.0198,563.7337,0.9802,1.2031,20.31
4949,Fenntartható növekedés részvény eszk.,2026-02-05,3.104,2026-02-06,3.0491,-0.0177,775.0629,0.9823,0.917,-8.3
4950,Globális egészségügyi részvény eszk.,2026-02-05,3.6151,2026-02-06,3.6332,0.005,836.7181,1.005,1.1258,12.58
4951,Globális növekedési részvény eszközalap,2026-02-05,2.1021,2026-02-06,2.0781,-0.0114,543.7946,0.9886,0.8922,-10.78
4952,Kiegyensúlyozott vegyes eszközalap - D,2026-02-05,1.4475,2026-02-06,1.4405,-0.0048,350.8487,0.9952,1.0075,0.75
4953,Latin-amerikai részvény eszközalap,2026-02-05,1.4174,2026-02-06,1.4031,-0.01,290.8111,0.99,1.1713,17.13
4954,Magas kötvény arányú vegyes eszk. - D,2026-02-05,1.1215,2026-02-06,1.1188,-0.0024,274.8972,0.9976,1.001,0.1
4955,Magas védelmû vegyes eszközalap,2026-02-05,1.121,2026-02-06,1.1185,-0.0022,272.6886,0.9978,1.0062,0.62
4956,Nemz. élelmiszeripari cégek rv. ea - D,2026-02-05,3.4289,2026-02-06,3.4324,0.001,787.5749,1.001,1.0808,8.08
4957,Nyersanyagpiaci részvény eszközalap,2026-02-05,1.6301,2026-02-06,1.5936,-0.0224,345.6183,0.9776,1.0676,6.76
4958,Presztízs- és luxusmárkák rv. ea.,2026-02-05,3.6098,2026-02-06,3.5753,-0.0096,882.0342,0.9904,1.0194,1.94
4959,USA részvény eszközalap,2026-02-05,4.5737,2026-02-06,4.5207,-0.0116,1106.5775,0.9884,0.9753,-2.47
4960,Ázsia kötvény eszközalap,2026-02-05,2.2421,2026-02-06,2.2493,0.0032,555.9131,1.0032,1.0284,2.84
4961,Aktív hozamfigyelõ vegyes eszközalap - D,2026-02-06,0.9464,2026-02-07,0.9517,0.0056,234.903,1.0056,0.9979,-0.21
4962,Euró likviditás eszközalap - D,2026-02-06,0.9281,2026-02-07,0.9281,0.0,230.4462,1.0,1.0002,0.02
4963,Európai ingatlancégek részv. eszközalap,2026-02-06,1.9135,2026-02-07,1.9261,0.0066,460.235,1.0066,0.9792,-2.08
4964,Európai kötvény eszközalap - D,2026-02-06,1.2382,2026-02-07,1.2383,0.0001,306.8126,1.0001,0.9959,-0.41
4965,Európai részvény eszközalap,2026-02-06,2.8182,2026-02-07,2.8385,0.0072,652.3722,1.0072,1.033,3.3
4966,Európai vállalati kötvény eszközalap,2026-02-06,1.3342,2026-02-07,1.3339,-0.0002,329.6258,0.9998,1.0064,0.64
4967,Fejlõdõ piaci részvény ESG eszközalap-D,2026-02-06,1.2137,2026-02-07,1.2324,0.0154,275.5632,1.0154,1.0225,2.25
4968,Fejlõdõ ázsiai részvény eszközalap,2026-02-06,2.6936,2026-02-07,2.7023,0.0032,566.4273,1.0032,1.2069,20.69
4969,Fenntartható növekedés részvény eszk.,2026-02-06,3.0491,2026-02-07,3.086,0.0121,778.112,1.0121,0.9281,-7.19
4970,Globális egészségügyi részvény eszk.,2026-02-06,3.6332,2026-02-07,3.6202,-0.0036,840.3513,0.9964,1.1217,12.17
4971,Globális növekedési részvény eszközalap,2026-02-06,2.0781,2026-02-07,2.1062,0.0135,545.8727,1.0135,0.9042,-9.58
4972,Kiegyensúlyozott vegyes eszközalap - D,2026-02-06,1.4405,2026-02-07,1.4466,0.0042,352.2892,1.0042,1.0117,1.17
4973,Latin-amerikai részvény eszközalap,2026-02-06,1.4031,2026-02-07,1.4266,0.0167,292.2142,1.0167,1.1908,19.08
4974,Magas kötvény arányú vegyes eszk. - D,2026-02-06,1.1188,2026-02-07,1.1216,0.0024,276.016,1.0024,1.0034,0.34
4975,Magas védelmû vegyes eszközalap,2026-02-06,1.1185,2026-02-07,1.1214,0.0025,273.8071,1.0025,1.0087,0.87
4976,Nemz. élelmiszeripari cégek rv. ea - D,2026-02-06,3.4324,2026-02-07,3.4615,0.0085,791.0073,1.0085,1.09,9.0
4977,Nyersanyagpiaci részvény eszközalap,2026-02-06,1.5936,2026-02-07,1.6134,0.0124,347.2119,1.0124,1.0808,8.08
4978,Presztízs- és luxusmárkák rv. ea.,2026-02-06,3.5753,2026-02-07,3.6198,0.0124,885.6095,1.0124,1.0321,3.21
4979,USA részvény eszközalap,2026-02-06,4.5207,2026-02-07,4.5902,0.0154,1111.0982,1.0154,0.9904,-0.96
4980,Ázsia kötvény eszközalap,2026-02-06,2.2493,2026-02-07,2.2498,0.0002,558.1624,1.0002,1.0286,2.86
4981,Aktív hozamfigyelõ vegyes eszközalap - D,2026-02-07,0.9517,2026-02-07,0.9517,0.0,235.8547,1.0,0.9979,-0.21
4982,Euró likviditás eszközalap - D,2026-02-07,0.9281,2026-02-07,0.9281,0.0,231.3743,1.0,1.0002,0.02
4983,Európai ingatlancégek részv. eszközalap,2026-02-07,1.9261,2026-02-07,1.9261,0.0,462.1611,1.0,0.9792,-2.08
4984,Európai kötvény eszközalap - D,2026-02-07,1.2383,2026-02-07,1.2383,0.0,308.0509,1.0,0.9959,-0.41
4985,Európai részvény eszközalap,2026-02-07,2.8385,2026-02-07,2.8385,0.0,655.2107,1.0,1.033,3.3
4986,Európai vállalati kötvény eszközalap,2026-02-07,1.3339,2026-02-07,1.3339,0.0,330.9597,1.0,1.0064,0.64
4987,Fejlõdõ piaci részvény ESG eszközalap-D,2026-02-07,1.2324,2026-02-07,1.2324,0.0,276.7956,1.0,1.0225,2.25
4988,Fejlõdõ ázsiai részvény eszközalap,2026-02-07,2.7023,2026-02-07,2.7023,0.0,569.1296,1.0,1.2069,20.69
4989,Fenntartható növekedés részvény eszk.,2026-02-07,3.086,2026-02-07,3.086,0.0,781.198,1.0,0.9281,-7.19
4990,Globális egészségügyi részvény eszk.,2026-02-07,3.6202,2026-02-07,3.6202,0.0,843.9715,1.0,1.1217,12.17
4991,Globális növekedési részvény eszközalap,2026-02-07,2.1062,2026-02-07,2.1062,0.0,547.9789,1.0,0.9042,-9.58
4992,Kiegyensúlyozott vegyes eszközalap - D,2026-02-07,1.4466,2026-02-07,1.4466,0.0,353.7358,1.0,1.0117,1.17
4993,Latin-amerikai részvény eszközalap,2026-02-07,1.4266,2026-02-07,1.4266,0.0,293.6408,1.0,1.1908,19.08
4994,Magas kötvény arányú vegyes eszk. - D,2026-02-07,1.1216,2026-02-07,1.1216,0.0,277.1376,1.0,1.0034,0.34
4995,Magas védelmû vegyes eszközalap,2026-02-07,1.1214,2026-02-07,1.1214,0.0,274.9285,1.0,1.0087,0.87
4996,Nemz. élelmiszeripari cégek rv. ea - D,2026-02-07,3.4615,2026-02-07,3.4615,0.0,794.4688,1.0,1.09,9.0
4997,Nyersanyagpiaci részvény eszközalap,2026-02-07,1.6134,2026-02-07,1.6134,0.0,348.8253,1.0,1.0808,8.08
4998,Presztízs- és luxusmárkák rv. ea.,2026-02-07,3.6198,2026-02-07,3.6198,0.0,889.2293,1.0,1.0321,3.21
4999,USA részvény eszközalap,2026-02-07,4.5902,2026-02-07,4.5902,0.0,1115.6884,1.0,0.9904,-0.96
5000,Ázsia kötvény eszközalap,2026-02-07,2.2498,2026-02-07,2.2498,0.0,560.4122,1.0,1.0286,2.86
5001,Aktív hozamfigyelõ vegyes eszközalap - D,2026-02-08,0.9517,2026-02-08,0.9517,0.0,236.8064,1.0,0.9979,-0.21
5002,Euró likviditás eszközalap - D,2026-02-08,0.9281,2026-02-08,0.9281,0.0,232.3024,1.0,1.0002,0.02
5003,Európai ingatlancégek részv. eszközalap,2026-02-08,1.9261,2026-02-08,1.9261,0.0,464.0872,1.0,0.9792,-2.08
5004,Európai kötvény eszközalap - D,2026-02-08,1.2383,2026-02-08,1.2383,0.0,309.2892,1.0,0.9959,-0.41
5005,Európai részvény eszközalap,2026-02-08,2.8385,2026-02-08,2.8385,0.0,658.0492,1.0,1.033,3.3
5006,Európai vállalati kötvény eszközalap,2026-02-08,1.3339,2026-02-08,1.3339,0.0,332.2936,1.0,1.0064,0.64
5007,Fejlõdõ piaci részvény ESG eszközalap-D,2026-02-08,1.2324,2026-02-08,1.2324,0.0,278.028,1.0,1.0225,2.25
5008,Fejlõdõ ázsiai részvény eszközalap,2026-02-08,2.7023,2026-02-08,2.7023,0.0,571.8319,1.0,1.2069,20.69
5009,Fenntartható növekedés részvény eszk.,2026-02-08,3.086,2026-02-08,3.086,0.0,784.284,1.0,0.9281,-7.19
5010,Globális egészségügyi részvény eszk.,2026-02-08,3.6202,2026-02-08,3.6202,0.0,847.5917,1.0,1.1217,12.17
5011,Globális növekedési részvény eszközalap,2026-02-08,2.1062,2026-02-08,2.1062,0.0,550.0851,1.0,0.9042,-9.58
5012,Kiegyensúlyozott vegyes eszközalap - D,2026-02-08,1.4466,2026-02-08,1.4466,0.0,355.1824,1.0,1.0117,1.17
5013,Latin-amerikai részvény eszközalap,2026-02-08,1.4266,2026-02-08,1.4266,0.0,295.0674,1.0,1.1908,19.08
5014,Magas kötvény arányú vegyes eszk. - D,2026-02-08,1.1216,2026-02-08,1.1216,0.0,278.2592,1.0,1.0034,0.34
5015,Magas védelmû vegyes eszközalap,2026-02-08,1.1214,2026-02-08,1.1214,0.0,276.0499,1.0,1.0087,0.87
5016,Nemz. élelmiszeripari cégek rv. ea - D,2026-02-08,3.4615,2026-02-08,3.4615,0.0,797.9303,1.0,1.09,9.0
5017,Nyersanyagpiaci részvény eszközalap,2026-02-08,1.6134,2026-02-08,1.6134,0.0,350.4387,1.0,1.0808,8.08
5018,Presztízs- és luxusmárkák rv. ea.,2026-02-08,3.6198,2026-02-08,3.6198,0.0,892.8491,1.0,1.0321,3.21
5019,USA részvény eszközalap,2026-02-08,4.5902,2026-02-08,4.5902,0.0,1120.2786,1.0,0.9904,-0.96
5020,Ázsia kötvény eszközalap,2026-02-08,2.2498,2026-02-08,2.2498,0.0,562.662,1.0,1.0286,2.86
5021,Aktív hozamfigyelõ vegyes eszközalap - D,2026-02-09,0.9517,2026-02-09,0.9517,0.0,237.7581,1.0,0.9979,-0.21
5022,Euró likviditás eszközalap - D,2026-02-09,0.9281,2026-02-09,0.9281,0.0,233.2305,1.0,1.0002,0.02
5023,Európai ingatlancégek részv. eszközalap,2026-02-09,1.9261,2026-02-09,1.9261,0.0,466.0133,1.0,0.9792,-2.08
5024,Európai kötvény eszközalap - D,2026-02-09,1.2383,2026-02-09,1.2383,0.0,310.5275,1.0,0.9959,-0.41
5025,Európai részvény eszközalap,2026-02-09,2.8385,2026-02-09,2.8385,0.0,660.8877,1.0,1.033,3.3
5026,Európai vállalati kötvény eszközalap,2026-02-09,1.3339,2026-02-09,1.3339,0.0,333.6275,1.0,1.0064,0.64
5027,Fejlõdõ piaci részvény ESG eszközalap-D,2026-02-09,1.2324,2026-02-09,1.2324,0.0,279.2604,1.0,1.0225,2.25
5028,Fejlõdõ ázsiai részvény eszközalap,2026-02-09,2.7023,2026-02-09,2.7023,0.0,574.5342,1.0,1.2069,20.69
5029,Fenntartható növekedés részvény eszk.,2026-02-09,3.086,2026-02-09,3.086,0.0,787.37,1.0,0.9281,-7.19
5030,Globális egészségügyi részvény eszk.,2026-02-09,3.6202,2026-02-09,3.6202,0.0,851.2119,1.0,1.1217,12.17
5031,Globális növekedési részvény eszközalap,2026-02-09,2.1062,2026-02-09,2.1062,0.0,552.1913,1.0,0.9042,-9.58
5032,Kiegyensúlyozott vegyes eszközalap - D,2026-02-09,1.4466,2026-02-09,1.4466,0.0,356.629,1.0,1.0117,1.17
5033,Latin-amerikai részvény eszközalap,2026-02-09,1.4266,2026-02-09,1.4266,0.0,296.494,1.0,1.1908,19.08
5034,Magas kötvény arányú vegyes eszk. - D,2026-02-09,1.1216,2026-02-09,1.1216,0.0,279.3808,1.0,1.0034,0.34
5035,Magas védelmû vegyes eszközalap,2026-02-09,1.1214,2026-02-09,1.1214,0.0,277.1713,1.0,1.0087,0.87
5036,Nemz. élelmiszeripari cégek rv. ea - D,2026-02-09,3.4615,2026-02-09,3.4615,0.0,801.3918,1.0,1.09,9.0
5037,Nyersanyagpiaci részvény eszközalap,2026-02-09,1.6134,2026-02-09,1.6134,0.0,352.0521,1.0,1.0808,8.08
5038,Presztízs- és luxusmárkák rv. ea.,2026-02-09,3.6198,2026-02-09,3.6198,0.0,896.4689,1.0,1.0321,3.21
5039,USA részvény eszközalap,2026-02-09,4.5902,2026-02-09,4.5902,0.0,1124.8688,1.0,0.9904,-0.96
5040,Ázsia kötvény eszközalap,2026-02-09,2.2498,2026-02-09,2.2498,0.0,564.9118,1.0,1.0286,2.86
5041,Aktív hozamfigyelõ vegyes eszközalap - D,2026-02-10,0.9519,2026-02-11,0.9539,0.0021,238.71,1.0021,1.0,0.0
5042,Euró likviditás eszközalap - D,2026-02-10,0.9285,2026-02-11,0.9287,0.0002,234.159,1.0002,1.0004,0.04
5043,Európai ingatlancégek részv. eszközalap,2026-02-10,1.9202,2026-02-11,1.9415,0.0111,467.9335,1.0111,0.9901,-0.99
5044,Európai kötvény eszközalap - D,2026-02-10,1.2392,2026-02-11,1.2413,0.0017,311.7667,1.0017,0.9976,-0.24
5045,Európai részvény eszközalap,2026-02-10,2.8569,2026-02-11,2.855,-0.0007,663.7446,0.9993,1.0323,3.23
5046,Európai vállalati kötvény eszközalap,2026-02-10,1.3351,2026-02-11,1.3364,0.0009,334.9626,1.0009,1.0073,0.73
5047,Fejlõdõ piaci részvény ESG eszközalap-D,2026-02-10,1.2394,2026-02-11,1.2384,-0.0009,280.4998,0.9991,1.0216,2.16
5048,Fejlõdõ ázsiai részvény eszközalap,2026-02-10,2.7387,2026-02-11,2.766,0.01,577.2729,1.01,1.219,21.9
5049,Fenntartható növekedés részvény eszk.,2026-02-10,3.075,2026-02-11,3.0755,0.0002,790.445,1.0002,0.9283,-7.17
5050,Globális egészségügyi részvény eszk.,2026-02-10,3.6329,2026-02-11,3.638,0.0014,854.8448,1.0014,1.1233,12.33
5051,Globális növekedési részvény eszközalap,2026-02-10,2.1115,2026-02-11,2.1215,0.0048,554.3028,1.0048,0.9086,-9.14
5052,Kiegyensúlyozott vegyes eszközalap - D,2026-02-10,1.451,2026-02-11,1.4523,0.0009,358.08,1.0009,1.0126,1.26
5053,Latin-amerikai részvény eszközalap,2026-02-10,1.4396,2026-02-11,1.4476,0.0056,297.9336,1.0056,1.1975,19.75
5054,Magas kötvény arányú vegyes eszk. - D,2026-02-10,1.1236,2026-02-11,1.1251,0.0013,280.5044,1.0013,1.0047,0.47
5055,Magas védelmû vegyes eszközalap,2026-02-10,1.1239,2026-02-11,1.1236,-0.0002,278.2952,0.9998,1.0085,0.85
5056,Nemz. élelmiszeripari cégek rv. ea - D,2026-02-10,3.4175,2026-02-11,3.4136,-0.0012,804.8093,0.9988,1.0887,8.87
5057,Nyersanyagpiaci részvény eszközalap,2026-02-10,1.6386,2026-02-11,1.6578,0.0117,353.6907,1.0117,1.0935,9.35
5058,Presztízs- és luxusmárkák rv. ea.,2026-02-10,3.6306,2026-02-11,3.729,0.0271,900.0995,1.0271,1.0601,6.01
5059,USA részvény eszközalap,2026-02-10,4.5743,2026-02-11,4.5627,-0.0025,1129.4431,0.9975,0.9879,-1.21
5060,Ázsia kötvény eszközalap,2026-02-10,2.2366,2026-02-11,2.2304,-0.0028,567.1484,0.9972,1.0257,2.57
5061,Aktív hozamfigyelõ vegyes eszközalap - D,2026-02-11,0.9539,2026-02-12,0.9534,-0.0005,239.6639,0.9995,0.9995,-0.05
5062,Euró likviditás eszközalap - D,2026-02-11,0.9287,2026-02-12,0.9287,0.0,235.0877,1.0,1.0004,0.04
5063,Európai ingatlancégek részv. eszközalap,2026-02-11,1.9415,2026-02-12,1.9537,0.0063,469.875,1.0063,0.9964,-0.36
5064,Európai kötvény eszközalap - D,2026-02-11,1.2413,2026-02-12,1.2412,-0.0001,313.008,0.9999,0.9975,-0.25
5065,Európai részvény eszközalap,2026-02-11,2.855,2026-02-12,2.8542,-0.0003,666.5996,0.9997,1.032,3.2
5066,Európai vállalati kötvény eszközalap,2026-02-11,1.3364,2026-02-12,1.3362,-0.0001,336.299,0.9999,1.0072,0.72
5067,Fejlõdõ piaci részvény ESG eszközalap-D,2026-02-11,1.2384,2026-02-12,1.2465,0.0066,281.7382,1.0066,1.0284,2.84
5068,Fejlõdõ ázsiai részvény eszközalap,2026-02-11,2.766,2026-02-12,2.799,0.0119,580.0389,1.0119,1.2335,23.35
5069,Fenntartható növekedés részvény eszk.,2026-02-11,3.0755,2026-02-12,3.0806,0.0016,793.5205,1.0016,0.9298,-7.02
5070,Globális egészségügyi részvény eszk.,2026-02-11,3.638,2026-02-12,3.6095,-0.0078,858.4828,0.9922,1.1145,11.45
5071,Globális növekedési részvény eszközalap,2026-02-11,2.1215,2026-02-12,2.1299,0.004,556.4243,1.004,0.9122,-8.78
5072,Kiegyensúlyozott vegyes eszközalap - D,2026-02-11,1.4523,2026-02-12,1.4555,0.0022,359.5323,1.0022,1.0149,1.49
5073,Latin-amerikai részvény eszközalap,2026-02-11,1.4476,2026-02-12,1.4581,0.0072,299.3812,1.0072,1.2061,20.61
5074,Magas kötvény arányú vegyes eszk. - D,2026-02-11,1.1251,2026-02-12,1.1265,0.0013,281.6295,1.0013,1.006,0.6
5075,Magas védelmû vegyes eszközalap,2026-02-11,1.1236,2026-02-12,1.1232,-0.0004,279.4188,0.9996,1.0081,0.81
5076,Nemz. élelmiszeripari cégek rv. ea - D,2026-02-11,3.4136,2026-02-12,3.4658,0.0153,808.2229,1.0153,1.1054,10.54
5077,Nyersanyagpiaci részvény eszközalap,2026-02-11,1.6578,2026-02-12,1.6789,0.0127,355.3485,1.0127,1.1074,10.74
5078,Presztízs- és luxusmárkák rv. ea.,2026-02-11,3.729,2026-02-12,3.7135,-0.0042,903.8285,0.9958,1.0556,5.56
5079,USA részvény eszközalap,2026-02-11,4.5627,2026-02-12,4.5819,0.0042,1134.0058,1.0042,0.992,-0.8
5080,Ázsia kötvény eszközalap,2026-02-11,2.2304,2026-02-12,2.2319,0.0006,569.3788,1.0006,1.0263,2.63
5081,Aktív hozamfigyelõ vegyes eszközalap - D,2026-02-12,0.9534,2026-02-13,0.9505,-0.003,240.6173,0.997,0.9965,-0.35
5082,Euró likviditás eszközalap - D,2026-02-12,0.9287,2026-02-13,0.9289,0.0002,236.0164,1.0002,1.0006,0.06
5083,Európai ingatlancégek részv. eszközalap,2026-02-12,1.9537,2026-02-13,1.9571,0.0017,471.8287,1.0017,0.998,-0.2
5084,Európai kötvény eszközalap - D,2026-02-12,1.2412,2026-02-13,1.2425,0.0011,314.2492,1.0011,0.9986,-0.14
5085,Európai részvény eszközalap,2026-02-12,2.8542,2026-02-13,2.8505,-0.0013,669.4538,0.9987,1.0307,3.07
5086,Európai vállalati kötvény eszközalap,2026-02-12,1.3362,2026-02-13,1.3371,0.0007,337.6352,1.0007,1.0079,0.79
5087,Fejlõdõ piaci részvény ESG eszközalap-D,2026-02-12,1.2465,2026-02-13,1.2403,-0.0049,282.9847,0.9951,1.0233,2.33
5088,Fejlõdõ ázsiai részvény eszközalap,2026-02-12,2.799,2026-02-13,2.8179,0.0067,582.8379,1.0067,1.2418,24.18
5089,Fenntartható növekedés részvény eszk.,2026-02-12,3.0806,2026-02-13,3.0334,-0.0153,796.6011,0.9847,0.9155,-8.45
5090,Globális egészségügyi részvény eszk.,2026-02-12,3.6095,2026-02-13,3.6457,0.01,862.0923,1.01,1.1257,12.57
5091,Globális növekedési részvény eszközalap,2026-02-12,2.1299,2026-02-13,2.0953,-0.0163,558.5542,0.9837,0.8973,-10.27
5092,Kiegyensúlyozott vegyes eszközalap - D,2026-02-12,1.4555,2026-02-13,1.4504,-0.0036,360.9878,0.9964,1.0112,1.12
5093,Latin-amerikai részvény eszközalap,2026-02-12,1.4581,2026-02-13,1.4525,-0.0038,300.8393,0.9962,1.2015,20.15
5094,Magas kötvény arányú vegyes eszk. - D,2026-02-12,1.1265,2026-02-13,1.1249,-0.0015,282.756,0.9985,1.0045,0.45
5095,Magas védelmû vegyes eszközalap,2026-02-12,1.1232,2026-02-13,1.121,-0.002,280.542,0.998,1.0061,0.61
5096,Nemz. élelmiszeripari cégek rv. ea - D,2026-02-12,3.4658,2026-02-13,3.5237,0.0167,811.6887,1.0167,1.1238,12.38
5097,Nyersanyagpiaci részvény eszközalap,2026-02-12,1.6789,2026-02-13,1.6603,-0.0111,357.0274,0.9889,1.0951,9.51
5098,Presztízs- és luxusmárkák rv. ea.,2026-02-12,3.7135,2026-02-13,3.7172,0.001,907.542,1.001,1.0567,5.67
5099,USA részvény eszközalap,2026-02-12,4.5819,2026-02-13,4.5018,-0.0175,1138.5877,0.9825,0.9747,-2.53
5100,Ázsia kötvény eszközalap,2026-02-12,2.2319,2026-02-13,2.2376,0.0026,571.6107,1.0026,1.029,2.9
5101,Aktív hozamfigyelõ vegyes eszközalap - D,2026-02-13,0.9505,2026-02-14,0.9515,0.001,241.5678,1.001,0.9975,-0.25
5102,Euró likviditás eszközalap - D,2026-02-13,0.9289,2026-02-14,0.9292,0.0004,236.9453,1.0004,1.001,0.1
5103,Európai ingatlancégek részv. eszközalap,2026-02-13,1.9571,2026-02-14,1.9544,-0.0014,473.7858,0.9986,0.9966,-0.34
5104,Európai kötvény eszközalap - D,2026-02-13,1.2425,2026-02-14,1.2442,0.0014,315.4917,1.0014,1.0,0.0
5105,Európai részvény eszközalap,2026-02-13,2.8505,2026-02-14,2.8367,-0.0049,672.3043,0.9951,1.0256,2.56
5106,Európai vállalati kötvény eszközalap,2026-02-13,1.3371,2026-02-14,1.3377,0.0005,338.9723,1.0005,1.0084,0.84
5107,Fejlõdõ piaci részvény ESG eszközalap-D,2026-02-13,1.2403,2026-02-14,1.2393,-0.0009,284.225,0.9991,1.0224,2.24
5108,Fejlõdõ ázsiai részvény eszközalap,2026-02-13,2.8179,2026-02-14,2.7834,-0.0122,585.6558,0.9878,1.2266,22.66
5109,Fenntartható növekedés részvény eszk.,2026-02-13,3.0334,2026-02-14,3.0374,0.0013,799.6345,1.0013,0.9167,-8.33
5110,Globális egészségügyi részvény eszk.,2026-02-13,3.6457,2026-02-14,3.6767,0.0085,865.738,1.0085,1.1353,13.53
5111,Globális növekedési részvény eszközalap,2026-02-13,2.0953,2026-02-14,2.1124,0.0082,560.6495,1.0082,0.9047,-9.53
5112,Kiegyensúlyozott vegyes eszközalap - D,2026-02-13,1.4504,2026-02-14,1.4478,-0.0018,362.4382,0.9982,1.0094,0.94
5113,Latin-amerikai részvény eszközalap,2026-02-13,1.4525,2026-02-14,1.4288,-0.0163,302.2918,0.9837,1.1819,18.19
5114,Magas kötvény arányú vegyes eszk. - D,2026-02-13,1.1249,2026-02-14,1.1246,-0.0002,283.8809,0.9998,1.0043,0.43
5115,Magas védelmû vegyes eszközalap,2026-02-13,1.121,2026-02-14,1.1203,-0.0006,281.663,0.9994,1.0055,0.55
5116,Nemz. élelmiszeripari cégek rv. ea - D,2026-02-13,3.5237,2026-02-14,3.519,-0.0013,815.2124,0.9987,1.1224,12.24
5117,Nyersanyagpiaci részvény eszközalap,2026-02-13,1.6603,2026-02-14,1.6656,0.0032,358.6877,1.0032,1.0986,9.86
5118,Presztízs- és luxusmárkák rv. ea.,2026-02-13,3.7172,2026-02-14,3.685,-0.0087,911.2592,0.9913,1.0475,4.75
5119,USA részvény eszközalap,2026-02-13,4.5018,2026-02-14,4.4944,-0.0017,1143.0895,0.9983,0.973,-2.7
5120,Ázsia kötvény eszközalap,2026-02-13,2.2376,2026-02-14,2.2451,0.0033,573.8483,1.0033,1.0324,3.24
5121,Aktív hozamfigyelõ vegyes eszközalap - D,2026-02-14,0.9515,2026-02-14,0.9515,0.0,242.5193,1.0,0.9975,-0.25
5122,Euró likviditás eszközalap - D,2026-02-14,0.9292,2026-02-14,0.9292,0.0,237.8745,1.0,1.001,0.1
5123,Európai ingatlancégek részv. eszközalap,2026-02-14,1.9544,2026-02-14,1.9544,0.0,475.7402,1.0,0.9966,-0.34
5124,Európai kötvény eszközalap - D,2026-02-14,1.2442,2026-02-14,1.2442,0.0,316.7359,1.0,1.0,0.0
5125,Európai részvény eszközalap,2026-02-14,2.8367,2026-02-14,2.8367,0.0,675.141,1.0,1.0256,2.56
5126,Európai vállalati kötvény eszközalap,2026-02-14,1.3377,2026-02-14,1.3377,0.0,340.31,1.0,1.0084,0.84
5127,Fejlõdõ piaci részvény ESG eszközalap-D,2026-02-14,1.2393,2026-02-14,1.2393,0.0,285.4643,1.0,1.0224,2.24
5128,Fejlõdõ ázsiai részvény eszközalap,2026-02-14,2.7834,2026-02-14,2.7834,0.0,588.4392,1.0,1.2266,22.66
5129,Fenntartható növekedés részvény eszk.,2026-02-14,3.0374,2026-02-14,3.0374,0.0,802.6719,1.0,0.9167,-8.33
5130,Globális egészségügyi részvény eszk.,2026-02-14,3.6767,2026-02-14,3.6767,0.0,869.4147,1.0,1.1353,13.53
5131,Globális növekedési részvény eszközalap,2026-02-14,2.1124,2026-02-14,2.1124,0.0,562.7619,1.0,0.9047,-9.53
5132,Kiegyensúlyozott vegyes eszközalap - D,2026-02-14,1.4478,2026-02-14,1.4478,0.0,363.886,1.0,1.0094,0.94
5133,Latin-amerikai részvény eszközalap,2026-02-14,1.4288,2026-02-14,1.4288,0.0,303.7206,1.0,1.1819,18.19
5134,Magas kötvény arányú vegyes eszk. - D,2026-02-14,1.1246,2026-02-14,1.1246,0.0,285.0055,1.0,1.0043,0.43
5135,Magas védelmû vegyes eszközalap,2026-02-14,1.1203,2026-02-14,1.1203,0.0,282.7833,1.0,1.0055,0.55
5136,Nemz. élelmiszeripari cégek rv. ea - D,2026-02-14,3.519,2026-02-14,3.519,0.0,818.7314,1.0,1.1224,12.24
5137,Nyersanyagpiaci részvény eszközalap,2026-02-14,1.6656,2026-02-14,1.6656,0.0,360.3533,1.0,1.0986,9.86
5138,Presztízs- és luxusmárkák rv. ea.,2026-02-14,3.685,2026-02-14,3.685,0.0,914.9442,1.0,1.0475,4.75
5139,USA részvény eszközalap,2026-02-14,4.4944,2026-02-14,4.4944,0.0,1147.5839,1.0,0.973,-2.7
5140,Ázsia kötvény eszközalap,2026-02-14,2.2451,2026-02-14,2.2451,0.0,576.0934,1.0,1.0324,3.24
5141,Aktív hozamfigyelõ vegyes eszközalap - D,2026-02-15,0.9515,2026-02-15,0.9515,0.0,243.4708,1.0,0.9975,-0.25
5142,Euró likviditás eszközalap - D,2026-02-15,0.9292,2026-02-15,0.9292,0.0,238.8037,1.0,1.001,0.1
5143,Európai ingatlancégek részv. eszközalap,2026-02-15,1.9544,2026-02-15,1.9544,0.0,477.6946,1.0,0.9966,-0.34
5144,Európai kötvény eszközalap - D,2026-02-15,1.2442,2026-02-15,1.2442,0.0,317.9801,1.0,1.0,0.0
5145,Európai részvény eszközalap,2026-02-15,2.8367,2026-02-15,2.8367,0.0,677.9777,1.0,1.0256,2.56
5146,Európai vállalati kötvény eszközalap,2026-02-15,1.3377,2026-02-15,1.3377,0.0,341.6477,1.0,1.0084,0.84
5147,Fejlõdõ piaci részvény ESG eszközalap-D,2026-02-15,1.2393,2026-02-15,1.2393,0.0,286.7036,1.0,1.0224,2.24
5148,Fejlõdõ ázsiai részvény eszközalap,2026-02-15,2.7834,2026-02-15,2.7834,0.0,591.2226,1.0,1.2266,22.66
5149,Fenntartható növekedés részvény eszk.,2026-02-15,3.0374,2026-02-15,3.0374,0.0,805.7093,1.0,0.9167,-8.33
5150,Globális egészségügyi részvény eszk.,2026-02-15,3.6767,2026-02-15,3.6767,0.0,873.0914,1.0,1.1353,13.53
5151,Globális növekedési részvény eszközalap,2026-02-15,2.1124,2026-02-15,2.1124,0.0,564.8743,1.0,0.9047,-9.53
5152,Kiegyensúlyozott vegyes eszközalap - D,2026-02-15,1.4478,2026-02-15,1.4478,0.0,365.3338,1.0,1.0094,0.94
5153,Latin-amerikai részvény eszközalap,2026-02-15,1.4288,2026-02-15,1.4288,0.0,305.1494,1.0,1.1819,18.19
5154,Magas kötvény arányú vegyes eszk. - D,2026-02-15,1.1246,2026-02-15,1.1246,0.0,286.1301,1.0,1.0043,0.43
5155,Magas védelmû vegyes eszközalap,2026-02-15,1.1203,2026-02-15,1.1203,0.0,283.9036,1.0,1.0055,0.55
5156,Nemz. élelmiszeripari cégek rv. ea - D,2026-02-15,3.519,2026-02-15,3.519,0.0,822.2504,1.0,1.1224,12.24
5157,Nyersanyagpiaci részvény eszközalap,2026-02-15,1.6656,2026-02-15,1.6656,0.0,362.0189,1.0,1.0986,9.86
5158,Presztízs- és luxusmárkák rv. ea.,2026-02-15,3.685,2026-02-15,3.685,0.0,918.6292,1.0,1.0475,4.75
5159,USA részvény eszközalap,2026-02-15,4.4944,2026-02-15,4.4944,0.0,1152.0783,1.0,0.973,-2.7
5160,Ázsia kötvény eszközalap,2026-02-15,2.2451,2026-02-15,2.2451,0.0,578.3385,1.0,1.0324,3.24
5161,Aktív hozamfigyelõ vegyes eszközalap - D,2026-02-16,0.9515,2026-02-16,0.9515,0.0,244.4223,1.0,0.9975,-0.25
5162,Euró likviditás eszközalap - D,2026-02-16,0.9292,2026-02-16,0.9292,0.0,239.7329,1.0,1.001,0.1
5163,Európai ingatlancégek részv. eszközalap,2026-02-16,1.9544,2026-02-16,1.9544,0.0,479.649,1.0,0.9966,-0.34
5164,Európai kötvény eszközalap - D,2026-02-16,1.2442,2026-02-16,1.2442,0.0,319.2243,1.0,1.0,0.0
5165,Európai részvény eszközalap,2026-02-16,2.8367,2026-02-16,2.8367,0.0,680.8144,1.0,1.0256,2.56
5166,Európai vállalati kötvény eszközalap,2026-02-16,1.3377,2026-02-16,1.3377,0.0,342.9854,1.0,1.0084,0.84
5167,Fejlõdõ piaci részvény ESG eszközalap-D,2026-02-16,1.2393,2026-02-16,1.2393,0.0,287.9429,1.0,1.0224,2.24
5168,Fejlõdõ ázsiai részvény eszközalap,2026-02-16,2.7834,2026-02-16,2.7834,0.0,594.006,1.0,1.2266,22.66
5169,Fenntartható növekedés részvény eszk.,2026-02-16,3.0374,2026-02-16,3.0374,0.0,808.7467,1.0,0.9167,-8.33
5170,Globális egészségügyi részvény eszk.,2026-02-16,3.6767,2026-02-16,3.6767,0.0,876.7681,1.0,1.1353,13.53
5171,Globális növekedési részvény eszközalap,2026-02-16,2.1124,2026-02-16,2.1124,0.0,566.9867,1.0,0.9047,-9.53
5172,Kiegyensúlyozott vegyes eszközalap - D,2026-02-16,1.4478,2026-02-16,1.4478,0.0,366.7816,1.0,1.0094,0.94
5173,Latin-amerikai részvény eszközalap,2026-02-16,1.4288,2026-02-16,1.4288,0.0,306.5782,1.0,1.1819,18.19
5174,Magas kötvény arányú vegyes eszk. - D,2026-02-16,1.1246,2026-02-16,1.1246,0.0,287.2547,1.0,1.0043,0.43
5175,Magas védelmû vegyes eszközalap,2026-02-16,1.1203,2026-02-16,1.1203,0.0,285.0239,1.0,1.0055,0.55
5176,Nemz. élelmiszeripari cégek rv. ea - D,2026-02-16,3.519,2026-02-16,3.519,0.0,825.7694,1.0,1.1224,12.24
5177,Nyersanyagpiaci részvény eszközalap,2026-02-16,1.6656,2026-02-16,1.6656,0.0,363.6845,1.0,1.0986,9.86
5178,Presztízs- és luxusmárkák rv. ea.,2026-02-16,3.685,2026-02-16,3.685,0.0,922.3142,1.0,1.0475,4.75
5179,USA részvény eszközalap,2026-02-16,4.4944,2026-02-16,4.4944,0.0,1156.5727,1.0,0.973,-2.7
5180,Ázsia kötvény eszközalap,2026-02-16,2.2451,2026-02-16,2.2451,0.0,580.5836,1.0,1.0324,3.24
5181,Aktív hozamfigyelõ vegyes eszközalap - D,2026-02-17,0.9513,2026-02-18,0.953,0.0017,245.3736,1.0017,0.9992,-0.08
5182,Euró likviditás eszközalap - D,2026-02-17,0.9292,2026-02-18,0.9293,0.0001,240.6621,1.0001,1.0011,0.11
5183,Európai ingatlancégek részv. eszközalap,2026-02-17,1.95,2026-02-18,1.9873,0.0191,481.599,1.0191,1.0157,1.57
5184,Európai kötvény eszközalap - D,2026-02-17,1.2418,2026-02-18,1.2445,0.0022,320.4661,1.0022,1.0022,0.22
5185,Európai részvény eszközalap,2026-02-17,2.8355,2026-02-18,2.855,0.0069,683.6499,1.0069,1.0327,3.27
5186,Európai vállalati kötvény eszközalap,2026-02-17,1.3376,2026-02-18,1.3376,0.0,344.323,1.0,1.0084,0.84
5187,Fejlõdõ piaci részvény ESG eszközalap-D,2026-02-17,1.2432,2026-02-18,1.2422,-0.0009,289.1861,0.9991,1.0215,2.15
5188,Fejlõdõ ázsiai részvény eszközalap,2026-02-17,2.7832,2026-02-18,2.7831,0.0,596.7892,1.0,1.2266,22.66
5189,Fenntartható növekedés részvény eszk.,2026-02-17,3.0372,2026-02-18,3.0586,0.007,811.7839,1.007,0.9231,-7.69
5190,Globális egészségügyi részvény eszk.,2026-02-17,3.6687,2026-02-18,3.6891,0.0056,880.4368,1.0056,1.1416,14.16
5191,Globális növekedési részvény eszközalap,2026-02-17,2.1122,2026-02-18,2.1185,0.003,569.0989,1.003,0.9074,-9.26
5192,Kiegyensúlyozott vegyes eszközalap - D,2026-02-17,1.4476,2026-02-18,1.4496,0.0014,368.2292,1.0014,1.0108,1.08
5193,Latin-amerikai részvény eszközalap,2026-02-17,1.4432,2026-02-18,1.4424,-0.0006,308.0214,0.9994,1.1812,18.12
5194,Magas kötvény arányú vegyes eszk. - D,2026-02-17,1.124,2026-02-18,1.1256,0.0014,288.3787,1.0014,1.0057,0.57
5195,Magas védelmû vegyes eszközalap,2026-02-17,1.1201,2026-02-18,1.1224,0.0021,286.144,1.0021,1.0076,0.76
5196,Nemz. élelmiszeripari cégek rv. ea - D,2026-02-17,3.5245,2026-02-18,3.4786,-0.013,829.2939,0.987,1.1078,10.78
5197,Nyersanyagpiaci részvény eszközalap,2026-02-17,1.6616,2026-02-18,1.6497,-0.0071,365.3461,0.9929,1.0908,9.08
5198,Presztízs- és luxusmárkák rv. ea.,2026-02-17,3.6638,2026-02-18,3.6863,0.0061,925.978,1.0061,1.0539,5.39
5199,USA részvény eszközalap,2026-02-17,4.494,2026-02-18,4.5166,0.005,1161.0667,1.005,0.9779,-2.21
5200,Ázsia kötvény eszközalap,2026-02-17,2.2485,2026-02-18,2.2516,0.0014,582.8321,1.0014,1.0338,3.38
5201,Aktív hozamfigyelõ vegyes eszközalap - D,2026-02-18,0.953,2026-02-19,0.9546,0.0017,246.3266,1.0017,1.0009,0.09
5202,Euró likviditás eszközalap - D,2026-02-18,0.9293,2026-02-19,0.9292,-0.0001,241.5914,0.9999,1.001,0.1
5203,Európai ingatlancégek részv. eszközalap,2026-02-18,1.9873,2026-02-19,1.9677,-0.0099,483.5863,0.9901,1.0056,0.56
5204,Európai kötvény eszközalap - D,2026-02-18,1.2445,2026-02-19,1.2428,-0.0014,321.7106,0.9986,1.0008,0.08
5205,Európai részvény eszközalap,2026-02-18,2.855,2026-02-19,2.8898,0.0122,686.5049,1.0122,1.0453,4.53
5206,Európai vállalati kötvény eszközalap,2026-02-18,1.3376,2026-02-19,1.3379,0.0002,345.6606,1.0002,1.0086,0.86
5207,Fejlõdõ piaci részvény ESG eszközalap-D,2026-02-18,1.2422,2026-02-19,1.2574,0.0123,290.4283,1.0123,1.0341,3.41
5208,Fejlõdõ ázsiai részvény eszközalap,2026-02-18,2.7831,2026-02-19,2.7831,0.0,599.5723,1.0,1.2266,22.66
5209,Fenntartható növekedés részvény eszk.,2026-02-18,3.0586,2026-02-19,3.0817,0.0076,814.8425,1.0076,0.9302,-6.98
5210,Globális egészségügyi részvény eszk.,2026-02-18,3.6891,2026-02-19,3.6736,-0.0042,884.1259,0.9958,1.1368,13.68
5211,Globális növekedési részvény eszközalap,2026-02-18,2.1185,2026-02-19,2.1309,0.0058,571.2174,1.0058,0.9127,-8.73
5212,Kiegyensúlyozott vegyes eszközalap - D,2026-02-18,1.4496,2026-02-19,1.4531,0.0024,369.6788,1.0024,1.0132,1.32
5213,Latin-amerikai részvény eszközalap,2026-02-18,1.4424,2026-02-19,1.4578,0.0107,309.4638,1.0107,1.1939,19.39
5214,Magas kötvény arányú vegyes eszk. - D,2026-02-18,1.1256,2026-02-19,1.127,0.0012,289.5043,1.0012,1.0069,0.69
5215,Magas védelmû vegyes eszközalap,2026-02-18,1.1224,2026-02-19,1.1277,0.0047,287.2664,1.0047,1.0123,1.23
5216,Nemz. élelmiszeripari cégek rv. ea - D,2026-02-18,3.4786,2026-02-19,3.4767,-0.0005,832.7725,0.9995,1.1072,10.72
5217,Nyersanyagpiaci részvény eszközalap,2026-02-18,1.6497,2026-02-19,1.6797,0.0182,366.9958,1.0182,1.1106,11.06
5218,Presztízs- és luxusmárkák rv. ea.,2026-02-18,3.6863,2026-02-19,3.7154,0.0079,929.6643,1.0079,1.0622,6.22
5219,USA részvény eszközalap,2026-02-18,4.5166,2026-02-19,4.5356,0.0042,1165.5833,1.0042,0.982,-1.8
5220,Ázsia kötvény eszközalap,2026-02-18,2.2516,2026-02-19,2.2534,0.0008,585.0837,1.0008,1.0346,3.46
5221,Aktív hozamfigyelõ vegyes eszközalap - D,2026-02-19,0.9546,2026-02-20,0.9542,-0.0005,247.2812,0.9995,1.0004,0.04
5222,Euró likviditás eszközalap - D,2026-02-19,0.9292,2026-02-20,0.9291,-0.0001,242.5206,0.9999,1.0009,0.09
5223,Európai ingatlancégek részv. eszközalap,2026-02-19,1.9677,2026-02-20,1.9786,0.0055,485.554,1.0055,1.0112,1.12
5224,Európai kötvény eszközalap - D,2026-02-19,1.2428,2026-02-20,1.2446,0.0015,322.9534,1.0015,1.0023,0.23
5225,Európai részvény eszközalap,2026-02-19,2.8898,2026-02-20,2.8711,-0.0065,689.3947,0.9935,1.0385,3.85
5226,Európai vállalati kötvény eszközalap,2026-02-19,1.3379,2026-02-20,1.3376,-0.0003,346.9985,0.9997,1.0083,0.83
5227,Fejlõdõ piaci részvény ESG eszközalap-D,2026-02-19,1.2574,2026-02-20,1.2553,-0.0017,291.6857,0.9983,1.0323,3.23
5228,Fejlõdõ ázsiai részvény eszközalap,2026-02-19,2.7831,2026-02-20,2.783,0.0,602.3554,1.0,1.2266,22.66
5229,Fenntartható növekedés részvény eszk.,2026-02-19,3.0817,2026-02-20,3.0795,-0.0007,817.9242,0.9993,0.9295,-7.05
5230,Globális egészségügyi részvény eszk.,2026-02-19,3.6736,2026-02-20,3.6528,-0.0057,887.7995,0.9943,1.1303,13.03
5231,Globális növekedési részvény eszközalap,2026-02-19,2.1309,2026-02-20,2.1319,0.0005,573.3483,1.0005,0.9131,-8.69
5232,Kiegyensúlyozott vegyes eszközalap - D,2026-02-19,1.4531,2026-02-20,1.4538,0.0005,371.1319,1.0005,1.0137,1.37
5233,Latin-amerikai részvény eszközalap,2026-02-19,1.4578,2026-02-20,1.4619,0.0028,310.9216,1.0028,1.1972,19.72
5234,Magas kötvény arányú vegyes eszk. - D,2026-02-19,1.127,2026-02-20,1.1271,0.0001,290.6313,1.0001,1.007,0.7
5235,Magas védelmû vegyes eszközalap,2026-02-19,1.1277,2026-02-20,1.1244,-0.0029,288.3941,0.9971,1.0094,0.94
5236,Nemz. élelmiszeripari cégek rv. ea - D,2026-02-19,3.4767,2026-02-20,3.4857,0.0026,836.2492,1.0026,1.1101,11.01
5237,Nyersanyagpiaci részvény eszközalap,2026-02-19,1.6797,2026-02-20,1.6738,-0.0035,368.6755,0.9965,1.1068,10.68
5238,Presztízs- és luxusmárkák rv. ea.,2026-02-19,3.7154,2026-02-20,3.6841,-0.0084,933.3797,0.9916,1.0533,5.33
5239,USA részvény eszközalap,2026-02-19,4.5356,2026-02-20,4.5442,0.0019,1170.1189,1.0019,0.9838,-1.62
5240,Ázsia kötvény eszközalap,2026-02-19,2.2534,2026-02-20,2.2589,0.0024,587.3371,1.0024,1.0371,3.71
5241,Aktív hozamfigyelõ vegyes eszközalap - D,2026-02-20,0.9542,2026-02-21,0.9565,0.0024,248.2354,1.0024,1.0028,0.28
5242,Euró likviditás eszközalap - D,2026-02-20,0.9291,2026-02-21,0.9291,-0.0001,243.4497,0.9999,1.0008,0.08
5243,Európai ingatlancégek részv. eszközalap,2026-02-20,1.9786,2026-02-21,1.9963,0.0089,487.5326,1.0089,1.0202,2.02
5244,Európai kötvény eszközalap - D,2026-02-20,1.2446,2026-02-21,1.2434,-0.001,324.198,0.999,1.0013,0.13
5245,Európai részvény eszközalap,2026-02-20,2.8711,2026-02-21,2.8981,0.0094,692.2658,1.0094,1.0483,4.83
5246,Európai vállalati kötvény eszközalap,2026-02-20,1.3376,2026-02-21,1.338,0.0003,348.3361,1.0003,1.0086,0.86
5247,Fejlõdõ piaci részvény ESG eszközalap-D,2026-02-20,1.2553,2026-02-21,1.2688,0.0108,292.941,1.0108,1.0434,4.34
5248,Fejlõdõ ázsiai részvény eszközalap,2026-02-20,2.783,2026-02-21,2.7829,0.0,605.1384,1.0,1.2266,22.66
5249,Fenntartható növekedés részvény eszk.,2026-02-20,3.0795,2026-02-21,3.0958,0.0053,821.0037,1.0053,0.9344,-6.56
5250,Globális egészségügyi részvény eszk.,2026-02-20,3.6528,2026-02-21,3.6579,0.0014,891.4523,1.0014,1.1319,13.19
5251,Globális növekedési részvény eszközalap,2026-02-20,2.1319,2026-02-21,2.1294,-0.0011,575.4802,0.9989,0.9121,-8.79
5252,Kiegyensúlyozott vegyes eszközalap - D,2026-02-20,1.4538,2026-02-21,1.4594,0.0038,372.5857,1.0038,1.0176,1.76
5253,Latin-amerikai részvény eszközalap,2026-02-20,1.4619,2026-02-21,1.47,0.0055,312.3835,1.0055,1.2038,20.38
5254,Magas kötvény arányú vegyes eszk. - D,2026-02-20,1.1271,2026-02-21,1.1298,0.0023,291.7584,1.0023,1.0093,0.93
5255,Magas védelmû vegyes eszközalap,2026-02-20,1.1244,2026-02-21,1.1291,0.0041,289.5185,1.0041,1.0135,1.35
5256,Nemz. élelmiszeripari cégek rv. ea - D,2026-02-20,3.4857,2026-02-21,3.4772,-0.0024,839.7349,0.9976,1.1074,10.74
5257,Nyersanyagpiaci részvény eszközalap,2026-02-20,1.6738,2026-02-21,1.6805,0.004,370.3493,1.004,1.1112,11.12
5258,Presztízs- és luxusmárkák rv. ea.,2026-02-20,3.6841,2026-02-21,3.7356,0.014,937.0638,1.014,1.068,6.8
5259,USA részvény eszközalap,2026-02-20,4.5442,2026-02-21,4.5651,0.0046,1174.6631,1.0046,0.9884,-1.16
5260,Ázsia kötvény eszközalap,2026-02-20,2.2589,2026-02-21,2.2651,0.0027,589.596,1.0027,1.0399,3.99
5261,Aktív hozamfigyelõ vegyes eszközalap - D,2026-02-21,0.9565,2026-02-21,0.9565,0.0,249.1919,1.0,1.0028,0.28
5262,Euró likviditás eszközalap - D,2026-02-21,0.9291,2026-02-21,0.9291,0.0,244.3788,1.0,1.0008,0.08
5263,Európai ingatlancégek részv. eszközalap,2026-02-21,1.9963,2026-02-21,1.9963,0.0,489.5289,1.0,1.0202,2.02
5264,Európai kötvény eszközalap - D,2026-02-21,1.2434,2026-02-21,1.2434,0.0,325.4414,1.0,1.0013,0.13
5265,Európai részvény eszközalap,2026-02-21,2.8981,2026-02-21,2.8981,0.0,695.1639,1.0,1.0483,4.83
5266,Európai vállalati kötvény eszközalap,2026-02-21,1.338,2026-02-21,1.338,0.0,349.6741,1.0,1.0086,0.86
5267,Fejlõdõ piaci részvény ESG eszközalap-D,2026-02-21,1.2688,2026-02-21,1.2688,0.0,294.2098,1.0,1.0434,4.34
5268,Fejlõdõ ázsiai részvény eszközalap,2026-02-21,2.7829,2026-02-21,2.7829,0.0,607.9213,1.0,1.2266,22.66
5269,Fenntartható növekedés részvény eszk.,2026-02-21,3.0958,2026-02-21,3.0958,0.0,824.0995,1.0,0.9344,-6.56
5270,Globális egészségügyi részvény eszk.,2026-02-21,3.6579,2026-02-21,3.6579,0.0,895.1102,1.0,1.1319,13.19
5271,Globális növekedési részvény eszközalap,2026-02-21,2.1294,2026-02-21,2.1294,0.0,577.6096,1.0,0.9121,-8.79
5272,Kiegyensúlyozott vegyes eszközalap - D,2026-02-21,1.4594,2026-02-21,1.4594,0.0,374.0451,1.0,1.0176,1.76
5273,Latin-amerikai részvény eszközalap,2026-02-21,1.47,2026-02-21,1.47,0.0,313.8535,1.0,1.2038,20.38
5274,Magas kötvény arányú vegyes eszk. - D,2026-02-21,1.1298,2026-02-21,1.1298,0.0,292.8882,1.0,1.0093,0.93
5275,Magas védelmû vegyes eszközalap,2026-02-21,1.1291,2026-02-21,1.1291,0.0,290.6476,1.0,1.0135,1.35
5276,Nemz. élelmiszeripari cégek rv. ea - D,2026-02-21,3.4772,2026-02-21,3.4772,0.0,843.2121,1.0,1.1074,10.74
5277,Nyersanyagpiaci részvény eszközalap,2026-02-21,1.6805,2026-02-21,1.6805,0.0,372.0298,1.0,1.1112,11.12
5278,Presztízs- és luxusmárkák rv. ea.,2026-02-21,3.7356,2026-02-21,3.7356,0.0,940.7994,1.0,1.068,6.8
5279,USA részvény eszközalap,2026-02-21,4.5651,2026-02-21,4.5651,0.0,1179.2282,1.0,0.9884,-1.16
5280,Ázsia kötvény eszközalap,2026-02-21,2.2651,2026-02-21,2.2651,0.0,591.8611,1.0,1.0399,3.99
5281,Aktív hozamfigyelõ vegyes eszközalap - D,2026-02-22,0.9565,2026-02-22,0.9565,0.0,250.1484,1.0,1.0028,0.28
5282,Euró likviditás eszközalap - D,2026-02-22,0.9291,2026-02-22,0.9291,0.0,245.3079,1.0,1.0008,0.08
5283,Európai ingatlancégek részv. eszközalap,2026-02-22,1.9963,2026-02-22,1.9963,0.0,491.5252,1.0,1.0202,2.02
5284,Európai kötvény eszközalap - D,2026-02-22,1.2434,2026-02-22,1.2434,0.0,326.6848,1.0,1.0013,0.13
5285,Európai részvény eszközalap,2026-02-22,2.8981,2026-02-22,2.8981,0.0,698.062,1.0,1.0483,4.83
5286,Európai vállalati kötvény eszközalap,2026-02-22,1.338,2026-02-22,1.338,0.0,351.0121,1.0,1.0086,0.86
5287,Fejlõdõ piaci részvény ESG eszközalap-D,2026-02-22,1.2688,2026-02-22,1.2688,0.0,295.4786,1.0,1.0434,4.34
5288,Fejlõdõ ázsiai részvény eszközalap,2026-02-22,2.7829,2026-02-22,2.7829,0.0,610.7042,1.0,1.2266,22.66
5289,Fenntartható növekedés részvény eszk.,2026-02-22,3.0958,2026-02-22,3.0958,0.0,827.1953,1.0,0.9344,-6.56
5290,Globális egészségügyi részvény eszk.,2026-02-22,3.6579,2026-02-22,3.6579,0.0,898.7681,1.0,1.1319,13.19
5291,Globális növekedési részvény eszközalap,2026-02-22,2.1294,2026-02-22,2.1294,0.0,579.739,1.0,0.9121,-8.79
5292,Kiegyensúlyozott vegyes eszközalap - D,2026-02-22,1.4594,2026-02-22,1.4594,0.0,375.5045,1.0,1.0176,1.76
5293,Latin-amerikai részvény eszközalap,2026-02-22,1.47,2026-02-22,1.47,0.0,315.3235,1.0,1.2038,20.38
5294,Magas kötvény arányú vegyes eszk. - D,2026-02-22,1.1298,2026-02-22,1.1298,0.0,294.018,1.0,1.0093,0.93
5295,Magas védelmû vegyes eszközalap,2026-02-22,1.1291,2026-02-22,1.1291,0.0,291.7767,1.0,1.0135,1.35
5296,Nemz. élelmiszeripari cégek rv. ea - D,2026-02-22,3.4772,2026-02-22,3.4772,0.0,846.6893,1.0,1.1074,10.74
5297,Nyersanyagpiaci részvény eszközalap,2026-02-22,1.6805,2026-02-22,1.6805,0.0,373.7103,1.0,1.1112,11.12
5298,Presztízs- és luxusmárkák rv. ea.,2026-02-22,3.7356,2026-02-22,3.7356,0.0,944.535,1.0,1.068,6.8
5299,USA részvény eszközalap,2026-02-22,4.5651,2026-02-22,4.5651,0.0,1183.7933,1.0,0.9884,-1.16
5300,Ázsia kötvény eszközalap,2026-02-22,2.2651,2026-02-22,2.2651,0.0,594.1262,1.0,1.0399,3.99
5301,Aktív hozamfigyelõ vegyes eszközalap - D,2026-02-23,0.9565,2026-02-23,0.9565,0.0,251.1049,1.0,1.0028,0.28
5302,Euró likviditás eszközalap - D,2026-02-23,0.9291,2026-02-23,0.9291,0.0,246.237,1.0,1.0008,0.08
5303,Európai ingatlancégek részv. eszközalap,2026-02-23,1.9963,2026-02-23,1.9963,0.0,493.5215,1.0,1.0202,2.02
5304,Európai kötvény eszközalap - D,2026-02-23,1.2434,2026-02-23,1.2434,0.0,327.9282,1.0,1.0013,0.13
5305,Európai részvény eszközalap,2026-02-23,2.8981,2026-02-23,2.8981,0.0,700.9601,1.0,1.0483,4.83
5306,Európai vállalati kötvény eszközalap,2026-02-23,1.338,2026-02-23,1.338,0.0,352.3501,1.0,1.0086,0.86
5307,Fejlõdõ piaci részvény ESG eszközalap-D,2026-02-23,1.2688,2026-02-23,1.2688,0.0,296.7474,1.0,1.0434,4.34
5308,Fejlõdõ ázsiai részvény eszközalap,2026-02-23,2.7829,2026-02-23,2.7829,0.0,613.4871,1.0,1.2266,22.66
5309,Fenntartható növekedés részvény eszk.,2026-02-23,3.0958,2026-02-23,3.0958,0.0,830.2911,1.0,0.9344,-6.56
5310,Globális egészségügyi részvény eszk.,2026-02-23,3.6579,2026-02-23,3.6579,0.0,902.426,1.0,1.1319,13.19
5311,Globális növekedési részvény eszközalap,2026-02-23,2.1294,2026-02-23,2.1294,0.0,581.8684,1.0,0.9121,-8.79
5312,Kiegyensúlyozott vegyes eszközalap - D,2026-02-23,1.4594,2026-02-23,1.4594,0.0,376.9639,1.0,1.0176,1.76
5313,Latin-amerikai részvény eszközalap,2026-02-23,1.47,2026-02-23,1.47,0.0,316.7935,1.0,1.2038,20.38
5314,Magas kötvény arányú vegyes eszk. - D,2026-02-23,1.1298,2026-02-23,1.1298,0.0,295.1478,1.0,1.0093,0.93
5315,Magas védelmû vegyes eszközalap,2026-02-23,1.1291,2026-02-23,1.1291,0.0,292.9058,1.0,1.0135,1.35
5316,Nemz. élelmiszeripari cégek rv. ea - D,2026-02-23,3.4772,2026-02-23,3.4772,0.0,850.1665,1.0,1.1074,10.74
5317,Nyersanyagpiaci részvény eszközalap,2026-02-23,1.6805,2026-02-23,1.6805,0.0,375.3908,1.0,1.1112,11.12
5318,Presztízs- és luxusmárkák rv. ea.,2026-02-23,3.7356,2026-02-23,3.7356,0.0,948.2706,1.0,1.068,6.8
5319,USA részvény eszközalap,2026-02-23,4.5651,2026-02-23,4.5651,0.0,1188.3584,1.0,0.9884,-1.16
5320,Ázsia kötvény eszközalap,2026-02-23,2.2651,2026-02-23,2.2651,0.0,596.3913,1.0,1.0399,3.99
5321,Aktív hozamfigyelõ vegyes eszközalap - D,2026-02-24,0.9541,2026-02-25,0.9569,0.0029,252.059,1.0029,1.0057,0.57
5322,Euró likviditás eszközalap - D,2026-02-24,0.9294,2026-02-25,0.9294,-0.0001,247.1664,0.9999,1.0007,0.07
5323,Európai ingatlancégek részv. eszközalap,2026-02-24,1.995,2026-02-25,2.0022,0.0036,495.5165,1.0036,1.0238,2.38
5324,Európai kötvény eszközalap - D,2026-02-24,1.248,2026-02-25,1.2461,-0.0015,329.1762,0.9985,0.9998,-0.02
5325,Európai részvény eszközalap,2026-02-24,2.8982,2026-02-25,2.8987,0.0002,703.8583,1.0002,1.0485,4.85
5326,Európai vállalati kötvény eszközalap,2026-02-24,1.3395,2026-02-25,1.3391,-0.0003,353.6896,0.9997,1.0083,0.83
5327,Fejlõdõ piaci részvény ESG eszközalap-D,2026-02-24,1.2635,2026-02-25,1.2791,0.0123,298.0109,1.0123,1.0563,5.63
5328,Fejlõdõ ázsiai részvény eszközalap,2026-02-24,2.8574,2026-02-25,2.8653,0.0028,616.3445,1.0028,1.23,23.0
5329,Fenntartható növekedés részvény eszk.,2026-02-24,3.0645,2026-02-25,3.0892,0.0081,833.3556,1.0081,0.942,-5.8
5330,Globális egészségügyi részvény eszk.,2026-02-24,3.6836,2026-02-25,3.6835,0.0,906.1096,1.0,1.1319,13.19
5331,Globális növekedési részvény eszközalap,2026-02-24,2.1051,2026-02-25,2.1289,0.0113,583.9735,1.0113,0.9224,-7.76
5332,Kiegyensúlyozott vegyes eszközalap - D,2026-02-24,1.4571,2026-02-25,1.4597,0.0018,378.421,1.0018,1.0194,1.94
5333,Latin-amerikai részvény eszközalap,2026-02-24,1.4597,2026-02-25,1.4683,0.0059,318.2532,1.0059,1.2109,21.09
5334,Magas kötvény arányú vegyes eszk. - D,2026-02-24,1.1298,2026-02-25,1.1308,0.001,296.2776,1.001,1.0103,1.03
5335,Magas védelmû vegyes eszközalap,2026-02-24,1.1283,2026-02-25,1.1291,0.0007,294.0341,1.0007,1.0142,1.42
5336,Nemz. élelmiszeripari cégek rv. ea - D,2026-02-24,3.5061,2026-02-25,3.5435,0.0107,853.6726,1.0107,1.1193,11.93
5337,Nyersanyagpiaci részvény eszközalap,2026-02-24,1.6935,2026-02-25,1.7206,0.016,377.0843,1.016,1.129,12.9
5338,Presztízs- és luxusmárkák rv. ea.,2026-02-24,3.6771,2026-02-25,3.7226,0.0124,951.9477,1.0124,1.0812,8.12
5339,USA részvény eszközalap,2026-02-24,4.5056,2026-02-25,4.5407,0.0078,1192.864,1.0078,0.9961,-0.39
5340,Ázsia kötvény eszközalap,2026-02-24,2.2598,2026-02-25,2.2647,0.0022,598.6511,1.0022,1.0422,4.22
5341,Aktív hozamfigyelõ vegyes eszközalap - D,2026-02-25,0.9569,2026-02-26,0.9584,0.0015,253.0159,1.0015,1.0073,0.73
5342,Euró likviditás eszközalap - D,2026-02-25,0.9294,2026-02-26,0.9294,0.0001,248.0958,1.0001,1.0008,0.08
5343,Európai ingatlancégek részv. eszközalap,2026-02-25,2.0022,2026-02-26,2.0089,0.0034,497.5187,1.0034,1.0273,2.73
5344,Európai kötvény eszközalap - D,2026-02-25,1.2461,2026-02-26,1.2485,0.002,330.4223,1.002,1.0018,0.18
5345,Európai részvény eszközalap,2026-02-25,2.8987,2026-02-26,2.9255,0.0093,706.757,1.0093,1.0582,5.82
5346,Európai vállalati kötvény eszközalap,2026-02-25,1.3391,2026-02-26,1.3391,0.0,355.0287,1.0,1.0083,0.83
5347,Fejlõdõ piaci részvény ESG eszközalap-D,2026-02-25,1.2791,2026-02-26,1.2842,0.004,299.29,1.004,1.0605,6.05
5348,Fejlõdõ ázsiai részvény eszközalap,2026-02-25,2.8653,2026-02-26,2.8994,0.0119,619.2098,1.0119,1.2447,24.47
5349,Fenntartható növekedés részvény eszk.,2026-02-25,3.0892,2026-02-26,3.1038,0.0047,836.4448,1.0047,0.9464,-5.36
5350,Globális egészségügyi részvény eszk.,2026-02-25,3.6835,2026-02-26,3.6911,0.0021,909.7931,1.0021,1.1343,13.43
5351,Globális növekedési részvény eszközalap,2026-02-25,2.1289,2026-02-26,2.136,0.0033,586.1024,1.0033,0.9255,-7.45
5352,Kiegyensúlyozott vegyes eszközalap - D,2026-02-25,1.4597,2026-02-26,1.4656,0.004,379.8807,1.004,1.0235,2.35
5353,Latin-amerikai részvény eszközalap,2026-02-25,1.4683,2026-02-26,1.4718,0.0024,319.7215,1.0024,1.2138,21.38
5354,Magas kötvény arányú vegyes eszk. - D,2026-02-25,1.1308,2026-02-26,1.1335,0.0024,297.4084,1.0024,1.0127,1.27
5355,Magas védelmû vegyes eszközalap,2026-02-25,1.1291,2026-02-26,1.1318,0.0024,295.1632,1.0024,1.0167,1.67
5356,Nemz. élelmiszeripari cégek rv. ea - D,2026-02-25,3.5435,2026-02-26,3.5175,-0.0073,857.2161,0.9927,1.1111,11.11
5357,Nyersanyagpiaci részvény eszközalap,2026-02-25,1.7206,2026-02-26,1.7357,0.0088,378.8049,1.0088,1.1389,13.89
5358,Presztízs- és luxusmárkák rv. ea.,2026-02-25,3.7226,2026-02-26,3.683,-0.0106,955.6703,0.9894,1.0698,6.98
5359,USA részvény eszközalap,2026-02-25,4.5407,2026-02-26,4.5677,0.0059,1197.4047,1.0059,1.002,0.2
5360,Ázsia kötvény eszközalap,2026-02-25,2.2647,2026-02-26,2.2646,-0.0001,600.9158,0.9999,1.0421,4.21
5361,Aktív hozamfigyelõ vegyes eszközalap - D,2026-02-26,0.9584,2026-02-27,0.959,0.0006,253.9743,1.0006,1.0079,0.79
5362,Euró likviditás eszközalap - D,2026-02-26,0.9294,2026-02-27,0.9294,0.0,249.0252,1.0,1.0008,0.08
5363,Európai ingatlancégek részv. eszközalap,2026-02-26,2.0089,2026-02-27,2.0236,0.0073,499.5276,1.0073,1.0348,3.48
5364,Európai kötvény eszközalap - D,2026-02-26,1.2485,2026-02-27,1.2471,-0.0011,331.6708,0.9989,1.0007,0.07
5365,Európai részvény eszközalap,2026-02-26,2.9255,2026-02-27,2.9204,-0.0017,709.6825,0.9983,1.0564,5.64
5366,Európai vállalati kötvény eszközalap,2026-02-26,1.3391,2026-02-27,1.3393,0.0001,356.3678,1.0001,1.0084,0.84
5367,Fejlõdõ piaci részvény ESG eszközalap-D,2026-02-26,1.2842,2026-02-27,1.279,-0.004,300.5742,0.996,1.0563,5.63
5368,Fejlõdõ ázsiai részvény eszközalap,2026-02-26,2.8994,2026-02-27,2.9123,0.0045,622.1092,1.0045,1.2503,25.03
5369,Fenntartható növekedés részvény eszk.,2026-02-26,3.1038,2026-02-27,3.1026,-0.0004,839.5486,0.9996,0.946,-5.4
5370,Globális egészségügyi részvény eszk.,2026-02-26,3.6911,2026-02-27,3.6551,-0.0097,913.4842,0.9903,1.1233,12.33
5371,Globális növekedési részvény eszközalap,2026-02-26,2.136,2026-02-27,2.1494,0.0063,588.2384,1.0063,0.9313,-6.87
5372,Kiegyensúlyozott vegyes eszközalap - D,2026-02-26,1.4656,2026-02-27,1.4658,0.0002,381.3463,1.0002,1.0237,2.37
5373,Latin-amerikai részvény eszközalap,2026-02-26,1.4718,2026-02-27,1.4623,-0.0065,321.1933,0.9935,1.2059,20.59
5374,Magas kötvény arányú vegyes eszk. - D,2026-02-26,1.1335,2026-02-27,1.1336,0.0001,298.5419,1.0001,1.0128,1.28
5375,Magas védelmû vegyes eszközalap,2026-02-26,1.1318,2026-02-27,1.1312,-0.0005,296.295,0.9995,1.0162,1.62
5376,Nemz. élelmiszeripari cégek rv. ea - D,2026-02-26,3.5175,2026-02-27,3.5044,-0.0037,860.7336,0.9963,1.107,10.7
5377,Nyersanyagpiaci részvény eszközalap,2026-02-26,1.7357,2026-02-27,1.7193,-0.0095,380.5406,0.9905,1.1281,12.81
5378,Presztízs- és luxusmárkák rv. ea.,2026-02-26,3.683,2026-02-27,3.7109,0.0076,959.3533,1.0076,1.0779,7.79
5379,USA részvény eszközalap,2026-02-26,4.5677,2026-02-27,4.5476,-0.0044,1201.9724,0.9956,0.9976,-0.24
5380,Ázsia kötvény eszközalap,2026-02-26,2.2646,2026-02-27,2.2635,-0.0005,603.1804,0.9995,1.0416,4.16
5381,Aktív hozamfigyelõ vegyes eszközalap - D,2026-02-27,0.959,2026-02-28,0.959,0.0,254.9333,1.0,1.0079,0.79
5382,Euró likviditás eszközalap - D,2026-02-27,0.9294,2026-02-28,0.93,0.0006,249.9546,1.0006,1.0014,0.14
5383,Európai ingatlancégek részv. eszközalap,2026-02-27,2.0236,2026-02-28,2.0401,0.0082,501.5512,1.0082,1.0433,4.33
5384,Európai kötvény eszközalap - D,2026-02-27,1.2471,2026-02-28,1.2516,0.0036,332.9179,1.0036,1.0043,0.43
5385,Európai részvény eszközalap,2026-02-27,2.9204,2026-02-28,2.9158,-0.0016,712.6029,0.9984,1.0547,5.47
5386,Európai vállalati kötvény eszközalap,2026-02-27,1.3393,2026-02-28,1.3399,0.0004,357.7071,1.0004,1.0088,0.88
5387,Fejlõdõ piaci részvény ESG eszközalap-D,2026-02-27,1.279,2026-02-28,1.2769,-0.0017,301.8532,0.9983,1.0545,5.45
5388,Fejlõdõ ázsiai részvény eszközalap,2026-02-27,2.9123,2026-02-28,2.9122,0.0,625.0215,1.0,1.2503,25.03
5389,Fenntartható növekedés részvény eszk.,2026-02-27,3.1026,2026-02-28,3.0929,-0.0031,842.6512,0.9969,0.9431,-5.69
5390,Globális egészségügyi részvény eszk.,2026-02-27,3.6551,2026-02-28,3.6705,0.0042,917.1393,1.0042,1.128,12.8
5391,Globális növekedési részvény eszközalap,2026-02-27,2.1494,2026-02-28,2.1409,-0.0039,590.3878,0.9961,0.9277,-7.23
5392,Kiegyensúlyozott vegyes eszközalap - D,2026-02-27,1.4658,2026-02-28,1.4637,-0.0014,382.8121,0.9986,1.0223,2.23
5393,Latin-amerikai részvény eszközalap,2026-02-27,1.4623,2026-02-28,1.4562,-0.0042,322.6556,0.9958,1.2008,20.08
5394,Magas kötvény arányú vegyes eszk. - D,2026-02-27,1.1336,2026-02-28,1.1339,0.0003,299.6755,1.0003,1.0131,1.31
5395,Magas védelmû vegyes eszközalap,2026-02-27,1.1312,2026-02-28,1.1302,-0.0008,297.4262,0.9992,1.0153,1.53
5396,Nemz. élelmiszeripari cégek rv. ea - D,2026-02-27,3.5044,2026-02-28,3.5366,0.0092,864.238,1.0092,1.1172,11.72
5397,Nyersanyagpiaci részvény eszközalap,2026-02-27,1.7193,2026-02-28,1.7388,0.0113,382.2599,1.0113,1.1408,14.08
5398,Presztízs- és luxusmárkák rv. ea.,2026-02-27,3.7109,2026-02-28,3.6732,-0.0102,963.0642,0.9898,1.0669,6.69
5399,USA részvény eszközalap,2026-02-27,4.5476,2026-02-28,4.5146,-0.0073,1206.52,0.9927,0.9903,-0.97
5400,Ázsia kötvény eszközalap,2026-02-27,2.2635,2026-02-28,2.2659,0.0011,605.4439,1.0011,1.0427,4.27
5401,Aktív hozamfigyelõ vegyes eszközalap - D,2026-02-28,0.959,2026-02-28,0.959,0.0,255.8923,1.0,1.0079,0.79
5402,Euró likviditás eszközalap - D,2026-02-28,0.93,2026-02-28,0.93,0.0,250.8846,1.0,1.0014,0.14
5403,Európai ingatlancégek részv. eszközalap,2026-02-28,2.0401,2026-02-28,2.0401,0.0,503.5913,1.0,1.0433,4.33
5404,Európai kötvény eszközalap - D,2026-02-28,1.2516,2026-02-28,1.2516,0.0,334.1695,1.0,1.0043,0.43
5405,Európai részvény eszközalap,2026-02-28,2.9158,2026-02-28,2.9158,0.0,715.5187,1.0,1.0547,5.47
5406,Európai vállalati kötvény eszközalap,2026-02-28,1.3399,2026-02-28,1.3399,0.0,359.047,1.0,1.0088,0.88
5407,Fejlõdõ piaci részvény ESG eszközalap-D,2026-02-28,1.2769,2026-02-28,1.2769,0.0,303.1301,1.0,1.0545,5.45
5408,Fejlõdõ ázsiai részvény eszközalap,2026-02-28,2.9122,2026-02-28,2.9122,0.0,627.9337,1.0,1.2503,25.03
5409,Fenntartható növekedés részvény eszk.,2026-02-28,3.0929,2026-02-28,3.0929,0.0,845.7441,1.0,0.9431,-5.69
5410,Globális egészségügyi részvény eszk.,2026-02-28,3.6705,2026-02-28,3.6705,0.0,920.8098,1.0,1.128,12.8
5411,Globális növekedési részvény eszközalap,2026-02-28,2.1409,2026-02-28,2.1409,0.0,592.5287,1.0,0.9277,-7.23
5412,Kiegyensúlyozott vegyes eszközalap - D,2026-02-28,1.4637,2026-02-28,1.4637,0.0,384.2758,1.0,1.0223,2.23
5413,Latin-amerikai részvény eszközalap,2026-02-28,1.4562,2026-02-28,1.4562,0.0,324.1118,1.0,1.2008,20.08
5414,Magas kötvény arányú vegyes eszk. - D,2026-02-28,1.1339,2026-02-28,1.1339,0.0,300.8094,1.0,1.0131,1.31
5415,Magas védelmû vegyes eszközalap,2026-02-28,1.1302,2026-02-28,1.1302,0.0,298.5564,1.0,1.0153,1.53
5416,Nemz. élelmiszeripari cégek rv. ea - D,2026-02-28,3.5366,2026-02-28,3.5366,0.0,867.7746,1.0,1.1172,11.72
5417,Nyersanyagpiaci részvény eszközalap,2026-02-28,1.7388,2026-02-28,1.7388,0.0,383.9987,1.0,1.1408,14.08
5418,Presztízs- és luxusmárkák rv. ea.,2026-02-28,3.6732,2026-02-28,3.6732,0.0,966.7374,1.0,1.0669,6.69
5419,USA részvény eszközalap,2026-02-28,4.5146,2026-02-28,4.5146,0.0,1211.0346,1.0,0.9903,-0.97
5420,Ázsia kötvény eszközalap,2026-02-28,2.2659,2026-02-28,2.2659,0.0,607.7098,1.0,1.0427,4.27
5421,Aktív hozamfigyelõ vegyes eszközalap - D,2026-03-01,0.959,2026-03-01,0.959,0.0,256.8513,1.0,1.0079,0.79
5422,Euró likviditás eszközalap - D,2026-03-01,0.93,2026-03-01,0.93,0.0,251.8146,1.0,1.0014,0.14
5423,Európai ingatlancégek részv. eszközalap,2026-03-01,2.0401,2026-03-01,2.0401,0.0,505.6314,1.0,1.0433,4.33
5424,Európai kötvény eszközalap - D,2026-03-01,1.2516,2026-03-01,1.2516,0.0,335.4211,1.0,1.0043,0.43
5425,Európai részvény eszközalap,2026-03-01,2.9158,2026-03-01,2.9158,0.0,718.4345,1.0,1.0547,5.47
5426,Európai vállalati kötvény eszközalap,2026-03-01,1.3399,2026-03-01,1.3399,0.0,360.3869,1.0,1.0088,0.88
5427,Fejlõdõ piaci részvény ESG eszközalap-D,2026-03-01,1.2769,2026-03-01,1.2769,0.0,304.407,1.0,1.0545,5.45
5428,Fejlõdõ ázsiai részvény eszközalap,2026-03-01,2.9122,2026-03-01,2.9122,0.0,630.8459,1.0,1.2503,25.03
5429,Fenntartható növekedés részvény eszk.,2026-03-01,3.0929,2026-03-01,3.0929,0.0,848.837,1.0,0.9431,-5.69
5430,Globális egészségügyi részvény eszk.,2026-03-01,3.6705,2026-03-01,3.6705,0.0,924.4803,1.0,1.128,12.8
5431,Globális növekedési részvény eszközalap,2026-03-01,2.1409,2026-03-01,2.1409,0.0,594.6696,1.0,0.9277,-7.23
5432,Kiegyensúlyozott vegyes eszközalap - D,2026-03-01,1.4637,2026-03-01,1.4637,0.0,385.7395,1.0,1.0223,2.23
5433,Latin-amerikai részvény eszközalap,2026-03-01,1.4562,2026-03-01,1.4562,0.0,325.568,1.0,1.2008,20.08
5434,Magas kötvény arányú vegyes eszk. - D,2026-03-01,1.1339,2026-03-01,1.1339,0.0,301.9433,1.0,1.0131,1.31
5435,Magas védelmû vegyes eszközalap,2026-03-01,1.1302,2026-03-01,1.1302,0.0,299.6866,1.0,1.0153,1.53
5436,Nemz. élelmiszeripari cégek rv. ea - D,2026-03-01,3.5366,2026-03-01,3.5366,0.0,871.3112,1.0,1.1172,11.72
5437,Nyersanyagpiaci részvény eszközalap,2026-03-01,1.7388,2026-03-01,1.7388,0.0,385.7375,1.0,1.1408,14.08
5438,Presztízs- és luxusmárkák rv. ea.,2026-03-01,3.6732,2026-03-01,3.6732,0.0,970.4106,1.0,1.0669,6.69
5439,USA részvény eszközalap,2026-03-01,4.5146,2026-03-01,4.5146,0.0,1215.5492,1.0,0.9903,-0.97
5440,Ázsia kötvény eszközalap,2026-03-01,2.2659,2026-03-01,2.2659,0.0,609.9757,1.0,1.0427,4.27
5441,Aktív hozamfigyelõ vegyes eszközalap - D,2026-03-02,0.959,2026-03-02,0.959,0.0,257.8103,1.0,1.0079,0.79
5442,Euró likviditás eszközalap - D,2026-03-02,0.93,2026-03-02,0.93,0.0,252.7446,1.0,1.0014,0.14
5443,Európai ingatlancégek részv. eszközalap,2026-03-02,2.0401,2026-03-02,2.0401,0.0,507.6715,1.0,1.0433,4.33
5444,Európai kötvény eszközalap - D,2026-03-02,1.2516,2026-03-02,1.2516,0.0,336.6727,1.0,1.0043,0.43
5445,Európai részvény eszközalap,2026-03-02,2.9158,2026-03-02,2.9158,0.0,721.3503,1.0,1.0547,5.47
5446,Európai vállalati kötvény eszközalap,2026-03-02,1.3399,2026-03-02,1.3399,0.0,361.7268,1.0,1.0088,0.88
5447,Fejlõdõ piaci részvény ESG eszközalap-D,2026-03-02,1.2769,2026-03-02,1.2769,0.0,305.6839,1.0,1.0545,5.45
5448,Fejlõdõ ázsiai részvény eszközalap,2026-03-02,2.9122,2026-03-02,2.9122,0.0,633.7581,1.0,1.2503,25.03
5449,Fenntartható növekedés részvény eszk.,2026-03-02,3.0929,2026-03-02,3.0929,0.0,851.9299,1.0,0.9431,-5.69
5450,Globális egészségügyi részvény eszk.,2026-03-02,3.6705,2026-03-02,3.6705,0.0,928.1508,1.0,1.128,12.8
5451,Globális növekedési részvény eszközalap,2026-03-02,2.1409,2026-03-02,2.1409,0.0,596.8105,1.0,0.9277,-7.23
5452,Kiegyensúlyozott vegyes eszközalap - D,2026-03-02,1.4637,2026-03-02,1.4637,0.0,387.2032,1.0,1.0223,2.23
5453,Latin-amerikai részvény eszközalap,2026-03-02,1.4562,2026-03-02,1.4562,0.0,327.0242,1.0,1.2008,20.08
5454,Magas kötvény arányú vegyes eszk. - D,2026-03-02,1.1339,2026-03-02,1.1339,0.0,303.0772,1.0,1.0131,1.31
5455,Magas védelmû vegyes eszközalap,2026-03-02,1.1302,2026-03-02,1.1302,0.0,300.8168,1.0,1.0153,1.53
5456,Nemz. élelmiszeripari cégek rv. ea - D,2026-03-02,3.5366,2026-03-02,3.5366,0.0,874.8478,1.0,1.1172,11.72
5457,Nyersanyagpiaci részvény eszközalap,2026-03-02,1.7388,2026-03-02,1.7388,0.0,387.4763,1.0,1.1408,14.08
5458,Presztízs- és luxusmárkák rv. ea.,2026-03-02,3.6732,2026-03-02,3.6732,0.0,974.0838,1.0,1.0669,6.69
5459,USA részvény eszközalap,2026-03-02,4.5146,2026-03-02,4.5146,0.0,1220.0638,1.0,0.9903,-0.97
5460,Ázsia kötvény eszközalap,2026-03-02,2.2659,2026-03-02,2.2659,0.0,612.2416,1.0,1.0427,4.27
5461,Aktív hozamfigyelõ vegyes eszközalap - D,2026-03-03,0.955,2026-03-04,0.9478,-0.0075,258.7653,0.9925,1.0003,0.03
5462,Euró likviditás eszközalap - D,2026-03-03,0.9288,2026-03-04,0.927,-0.002,253.6734,0.998,0.9994,-0.06
5463,Európai ingatlancégek részv. eszközalap,2026-03-03,2.0003,2026-03-04,1.9478,-0.0262,509.6718,0.9738,1.016,1.6
5464,Európai kötvény eszközalap - D,2026-03-03,1.2461,2026-03-04,1.2385,-0.0061,337.9188,0.9939,0.9982,-0.18
5465,Európai részvény eszközalap,2026-03-03,2.8501,2026-03-04,2.7498,-0.0352,724.2004,0.9648,1.0176,1.76
5466,Európai vállalati kötvény eszközalap,2026-03-03,1.3353,2026-03-04,1.3298,-0.0041,363.0621,0.9959,1.0047,0.47
5467,Fejlõdõ piaci részvény ESG eszközalap-D,2026-03-03,1.2718,2026-03-04,1.2087,-0.0496,306.9557,0.9504,1.0022,0.22
5468,Fejlõdõ ázsiai részvény eszközalap,2026-03-03,2.8929,2026-03-04,2.7709,-0.0422,636.651,0.9578,1.1975,19.75
5469,Fenntartható növekedés részvény eszk.,2026-03-03,3.0894,2026-03-04,3.0676,-0.007,855.0193,0.993,0.9365,-6.35
5470,Globális egészségügyi részvény eszk.,2026-03-03,3.683,2026-03-04,3.5823,-0.0273,931.8338,0.9727,1.0972,9.72
5471,Globális növekedési részvény eszközalap,2026-03-03,2.1443,2026-03-04,2.1124,-0.0149,598.9548,0.9851,0.9138,-8.62
5472,Kiegyensúlyozott vegyes eszközalap - D,2026-03-03,1.461,2026-03-04,1.4469,-0.0096,388.6642,0.9904,1.0125,1.25
5473,Latin-amerikai részvény eszközalap,2026-03-03,1.4375,2026-03-04,1.374,-0.0442,328.4617,0.9558,1.1478,14.78
5474,Magas kötvény arányú vegyes eszk. - D,2026-03-03,1.1305,2026-03-04,1.1215,-0.008,304.2077,0.992,1.005,0.5
5475,Magas védelmû vegyes eszközalap,2026-03-03,1.1215,2026-03-04,1.1126,-0.0079,301.9383,0.9921,1.0073,0.73
5476,Nemz. élelmiszeripari cégek rv. ea - D,2026-03-03,3.5279,2026-03-04,3.4719,-0.0159,878.3757,0.9841,1.0994,9.94
5477,Nyersanyagpiaci részvény eszközalap,2026-03-03,1.7368,2026-03-04,1.6814,-0.0319,389.2131,0.9681,1.1044,10.44
5478,Presztízs- és luxusmárkák rv. ea.,2026-03-03,3.5448,2026-03-04,3.4502,-0.0267,977.6286,0.9733,1.0384,3.84
5479,USA részvény eszközalap,2026-03-03,4.5764,2026-03-04,4.585,0.0019,1224.6402,1.0019,0.9921,-0.79
5480,Ázsia kötvény eszközalap,2026-03-03,2.2742,2026-03-04,2.2891,0.0066,614.5158,1.0066,1.0496,4.96
5481,Aktív hozamfigyelõ vegyes eszközalap - D,2026-03-04,0.9478,2026-03-05,0.9503,0.0027,259.7131,1.0027,1.003,0.3
5482,Euró likviditás eszközalap - D,2026-03-04,0.927,2026-03-05,0.9279,0.001,254.6004,1.001,1.0004,0.04
5483,Európai ingatlancégek részv. eszközalap,2026-03-04,1.9478,2026-03-05,1.9587,0.0056,511.6196,1.0056,1.0217,2.17
5484,Európai kötvény eszközalap - D,2026-03-04,1.2385,2026-03-05,1.2419,0.0028,339.1573,1.0028,1.001,0.1
5485,Európai részvény eszközalap,2026-03-04,2.7498,2026-03-05,2.802,0.019,726.9502,1.019,1.0369,3.69
5486,Európai vállalati kötvény eszközalap,2026-03-04,1.3298,2026-03-05,1.3346,0.0036,364.3919,1.0036,1.0083,0.83
5487,Fejlõdõ piaci részvény ESG eszközalap-D,2026-03-04,1.2087,2026-03-05,1.215,0.0051,308.1644,1.0051,1.0073,0.73
5488,Fejlõdõ ázsiai részvény eszközalap,2026-03-04,2.7709,2026-03-05,2.7509,-0.0072,639.4219,0.9928,1.1889,18.89
5489,Fenntartható növekedés részvény eszk.,2026-03-04,3.0676,2026-03-05,3.0812,0.0044,858.0869,1.0044,0.9406,-5.94
5490,Globális egészségügyi részvény eszk.,2026-03-04,3.5823,2026-03-05,3.6003,0.005,935.4161,1.005,1.1027,10.27
5491,Globális növekedési részvény eszközalap,2026-03-04,2.1124,2026-03-05,2.1189,0.0031,601.0672,1.0031,0.9167,-8.33
5492,Kiegyensúlyozott vegyes eszközalap - D,2026-03-04,1.4469,2026-03-05,1.4488,0.0013,390.1111,1.0013,1.0138,1.38
5493,Latin-amerikai részvény eszközalap,2026-03-04,1.374,2026-03-05,1.4213,0.0345,329.8357,1.0345,1.1874,18.74
5494,Magas kötvény arányú vegyes eszk. - D,2026-03-04,1.1215,2026-03-05,1.124,0.0023,305.3292,1.0023,1.0073,0.73
5495,Magas védelmû vegyes eszközalap,2026-03-04,1.1126,2026-03-05,1.1158,0.0028,303.0509,1.0028,1.0101,1.01
5496,Nemz. élelmiszeripari cégek rv. ea - D,2026-03-04,3.4719,2026-03-05,3.4633,-0.0025,881.8476,0.9975,1.0967,9.67
5497,Nyersanyagpiaci részvény eszközalap,2026-03-04,1.6814,2026-03-05,1.6957,0.0085,390.8945,1.0085,1.1138,11.38
5498,Presztízs- és luxusmárkák rv. ea.,2026-03-04,3.4502,2026-03-05,3.5091,0.0171,981.0788,1.0171,1.0562,5.62
5499,USA részvény eszközalap,2026-03-04,4.585,2026-03-05,4.5829,-0.0005,1229.2252,0.9995,0.9917,-0.83
5500,Ázsia kötvény eszközalap,2026-03-04,2.2891,2026-03-05,2.2875,-0.0007,616.8049,0.9993,1.0489,4.89
5501,Aktív hozamfigyelõ vegyes eszközalap - D,2026-03-05,0.9503,2026-03-06,0.9463,-0.0043,260.6634,0.9957,0.9987,-0.13
5502,Euró likviditás eszközalap - D,2026-03-05,0.9279,2026-03-06,0.9261,-0.002,255.5283,0.998,0.9984,-0.16
5503,Európai ingatlancégek részv. eszközalap,2026-03-05,1.9587,2026-03-06,1.9362,-0.0115,513.5783,0.9885,1.0099,0.99
5504,Európai kötvény eszközalap - D,2026-03-05,1.2419,2026-03-06,1.2347,-0.0058,340.3992,0.9942,0.9952,-0.48
5505,Európai részvény eszközalap,2026-03-05,2.802,2026-03-06,2.7672,-0.0124,729.7522,0.9876,1.0241,2.41
5506,Európai vállalati kötvény eszközalap,2026-03-05,1.3346,2026-03-06,1.3286,-0.0045,365.7265,0.9955,1.0038,0.38
5507,Fejlõdõ piaci részvény ESG eszközalap-D,2026-03-05,1.215,2026-03-06,1.2096,-0.0044,309.3794,0.9956,1.0028,0.28
5508,Fejlõdõ ázsiai részvény eszközalap,2026-03-05,2.7509,2026-03-06,2.8226,0.0261,642.1728,1.0261,1.2199,21.99
5509,Fenntartható növekedés részvény eszk.,2026-03-05,3.0812,2026-03-06,3.0792,-0.0007,861.1681,0.9993,0.94,-6.0
5510,Globális egészségügyi részvény eszk.,2026-03-05,3.6003,2026-03-06,3.5743,-0.0072,939.0164,0.9928,1.0948,9.48
5511,Globális növekedési részvény eszközalap,2026-03-05,2.1189,2026-03-06,2.1147,-0.002,603.1861,0.998,0.9148,-8.52
5512,Kiegyensúlyozott vegyes eszközalap - D,2026-03-05,1.4488,2026-03-06,1.4452,-0.0025,391.5599,0.9975,1.0112,1.12
5513,Latin-amerikai részvény eszközalap,2026-03-05,1.4213,2026-03-06,1.3934,-0.0197,331.257,0.9803,1.164,16.4
5514,Magas kötvény arányú vegyes eszk. - D,2026-03-05,1.124,2026-03-06,1.1193,-0.0042,306.4532,0.9958,1.0031,0.31
5515,Magas védelmû vegyes eszközalap,2026-03-05,1.1158,2026-03-06,1.1129,-0.0026,304.1667,0.9974,1.0075,0.75
5516,Nemz. élelmiszeripari cégek rv. ea - D,2026-03-05,3.4633,2026-03-06,3.4125,-0.0147,885.3109,0.9853,1.0805,8.05
5517,Nyersanyagpiaci részvény eszközalap,2026-03-05,1.6957,2026-03-06,1.6561,-0.0234,392.5902,0.9766,1.0878,8.78
5518,Presztízs- és luxusmárkák rv. ea.,2026-03-05,3.5091,2026-03-06,3.4565,-0.015,984.5879,0.985,1.0403,4.03
5519,USA részvény eszközalap,2026-03-05,4.5829,2026-03-06,4.5902,0.0016,1233.8081,1.0016,0.9932,-0.68
5520,Ázsia kötvény eszközalap,2026-03-05,2.2875,2026-03-06,2.284,-0.0015,619.0924,0.9985,1.0473,4.73
5521,Aktív hozamfigyelõ vegyes eszközalap - D,2026-03-06,0.9463,2026-03-07,0.9404,-0.0062,261.6097,0.9938,0.9925,-0.75
5522,Euró likviditás eszközalap - D,2026-03-06,0.9261,2026-03-07,0.9248,-0.0014,256.4544,0.9986,0.997,-0.3
5523,Európai ingatlancégek részv. eszközalap,2026-03-06,1.9362,2026-03-07,1.9274,-0.0046,515.5145,0.9954,1.0053,0.53
5524,Európai kötvény eszközalap - D,2026-03-06,1.2347,2026-03-07,1.2301,-0.0037,341.6339,0.9963,0.9915,-0.85
5525,Európai részvény eszközalap,2026-03-06,2.7672,2026-03-07,2.737,-0.0109,732.5194,0.9891,1.0129,1.29
5526,Európai vállalati kötvény eszközalap,2026-03-06,1.3286,2026-03-07,1.3247,-0.0029,367.0551,0.9971,1.0009,0.09
5527,Fejlõdõ piaci részvény ESG eszközalap-D,2026-03-06,1.2096,2026-03-07,1.1981,-0.0095,310.589,0.9905,0.9933,-0.67
5528,Fejlõdõ ázsiai részvény eszközalap,2026-03-06,2.8226,2026-03-07,2.7787,-0.0156,644.9954,0.9844,1.2009,20.09
5529,Fenntartható növekedés részvény eszk.,2026-03-06,3.0792,2026-03-07,3.0406,-0.0125,864.2473,0.9875,0.9282,-7.18
5530,Globális egészségügyi részvény eszk.,2026-03-06,3.5743,2026-03-07,3.4872,-0.0244,942.5907,0.9756,1.0681,6.81
5531,Globális növekedési részvény eszközalap,2026-03-06,2.1147,2026-03-07,2.0898,-0.0118,605.3008,0.9882,0.904,-9.6
5532,Kiegyensúlyozott vegyes eszközalap - D,2026-03-06,1.4452,2026-03-07,1.4344,-0.0075,393.0051,0.9925,1.0037,0.37
5533,Latin-amerikai részvény eszközalap,2026-03-06,1.3934,2026-03-07,1.3806,-0.0092,332.6504,0.9908,1.1533,15.33
5534,Magas kötvény arányú vegyes eszk. - D,2026-03-06,1.1193,2026-03-07,1.1132,-0.0055,307.5725,0.9945,0.9976,-0.24
5535,Magas védelmû vegyes eszközalap,2026-03-06,1.1129,2026-03-07,1.1113,-0.0014,305.2796,0.9986,1.0061,0.61
5536,Nemz. élelmiszeripari cégek rv. ea - D,2026-03-06,3.4125,2026-03-07,3.3893,-0.0068,888.7234,0.9932,1.0732,7.32
5537,Nyersanyagpiaci részvény eszközalap,2026-03-06,1.6561,2026-03-07,1.6312,-0.015,394.2463,0.985,1.0714,7.14
5538,Presztízs- és luxusmárkák rv. ea.,2026-03-06,3.4565,2026-03-07,3.3968,-0.0173,988.0444,0.9827,1.0223,2.23
5539,USA részvény eszközalap,2026-03-06,4.5902,2026-03-07,4.5287,-0.0134,1238.3983,0.9866,0.9799,-2.01
5540,Ázsia kötvény eszközalap,2026-03-06,2.284,2026-03-07,2.291,0.003,621.3764,1.003,1.0504,5.04
5541,Aktív hozamfigyelõ vegyes eszközalap - D,2026-03-07,0.9404,2026-03-07,0.9404,0.0,262.5501,1.0,0.9925,-0.75
5542,Euró likviditás eszközalap - D,2026-03-07,0.9248,2026-03-07,0.9248,0.0,257.3792,1.0,0.997,-0.3
5543,Európai ingatlancégek részv. eszközalap,2026-03-07,1.9274,2026-03-07,1.9274,0.0,517.4419,1.0,1.0053,0.53
5544,Európai kötvény eszközalap - D,2026-03-07,1.2301,2026-03-07,1.2301,0.0,342.864,1.0,0.9915,-0.85
5545,Európai részvény eszközalap,2026-03-07,2.737,2026-03-07,2.737,0.0,735.2564,1.0,1.0129,1.29
5546,Európai vállalati kötvény eszközalap,2026-03-07,1.3247,2026-03-07,1.3247,0.0,368.3798,1.0,1.0009,0.09
5547,Fejlõdõ piaci részvény ESG eszközalap-D,2026-03-07,1.1981,2026-03-07,1.1981,0.0,311.7871,1.0,0.9933,-0.67
5548,Fejlõdõ ázsiai részvény eszközalap,2026-03-07,2.7787,2026-03-07,2.7787,0.0,647.7741,1.0,1.2009,20.09
5549,Fenntartható növekedés részvény eszk.,2026-03-07,3.0406,2026-03-07,3.0406,0.0,867.2879,1.0,0.9282,-7.18
5550,Globális egészségügyi részvény eszk.,2026-03-07,3.4872,2026-03-07,3.4872,0.0,946.0779,1.0,1.0681,6.81
5551,Globális növekedési részvény eszközalap,2026-03-07,2.0898,2026-03-07,2.0898,0.0,607.3906,1.0,0.904,-9.6
5552,Kiegyensúlyozott vegyes eszközalap - D,2026-03-07,1.4344,2026-03-07,1.4344,0.0,394.4395,1.0,1.0037,0.37
5553,Latin-amerikai részvény eszközalap,2026-03-07,1.3806,2026-03-07,1.3806,0.0,334.031,1.0,1.1533,15.33
5554,Magas kötvény arányú vegyes eszk. - D,2026-03-07,1.1132,2026-03-07,1.1132,0.0,308.6857,1.0,0.9976,-0.24
5555,Magas védelmû vegyes eszközalap,2026-03-07,1.1113,2026-03-07,1.1113,0.0,306.3909,1.0,1.0061,0.61
5556,Nemz. élelmiszeripari cégek rv. ea - D,2026-03-07,3.3893,2026-03-07,3.3893,0.0,892.1127,1.0,1.0732,7.32
5557,Nyersanyagpiaci részvény eszközalap,2026-03-07,1.6312,2026-03-07,1.6312,0.0,395.8775,1.0,1.0714,7.14
5558,Presztízs- és luxusmárkák rv. ea.,2026-03-07,3.3968,2026-03-07,3.3968,0.0,991.4412,1.0,1.0223,2.23
5559,USA részvény eszközalap,2026-03-07,4.5287,2026-03-07,4.5287,0.0,1242.927,1.0,0.9799,-2.01
5560,Ázsia kötvény eszközalap,2026-03-07,2.291,2026-03-07,2.291,0.0,623.6674,1.0,1.0504,5.04
5561,Aktív hozamfigyelõ vegyes eszközalap - D,2026-03-08,0.9404,2026-03-08,0.9404,0.0,263.4905,1.0,0.9925,-0.75
5562,Euró likviditás eszközalap - D,2026-03-08,0.9248,2026-03-08,0.9248,0.0,258.304,1.0,0.997,-0.3
5563,Európai ingatlancégek részv. eszközalap,2026-03-08,1.9274,2026-03-08,1.9274,0.0,519.3693,1.0,1.0053,0.53
5564,Európai kötvény eszközalap - D,2026-03-08,1.2301,2026-03-08,1.2301,0.0,344.0941,1.0,0.9915,-0.85
5565,Európai részvény eszközalap,2026-03-08,2.737,2026-03-08,2.737,0.0,737.9934,1.0,1.0129,1.29
5566,Európai vállalati kötvény eszközalap,2026-03-08,1.3247,2026-03-08,1.3247,0.0,369.7045,1.0,1.0009,0.09
5567,Fejlõdõ piaci részvény ESG eszközalap-D,2026-03-08,1.1981,2026-03-08,1.1981,0.0,312.9852,1.0,0.9933,-0.67
5568,Fejlõdõ ázsiai részvény eszközalap,2026-03-08,2.7787,2026-03-08,2.7787,0.0,650.5528,1.0,1.2009,20.09
5569,Fenntartható növekedés részvény eszk.,2026-03-08,3.0406,2026-03-08,3.0406,0.0,870.3285,1.0,0.9282,-7.18
5570,Globális egészségügyi részvény eszk.,2026-03-08,3.4872,2026-03-08,3.4872,0.0,949.5651,1.0,1.0681,6.81
5571,Globális növekedési részvény eszközalap,2026-03-08,2.0898,2026-03-08,2.0898,0.0,609.4804,1.0,0.904,-9.6
5572,Kiegyensúlyozott vegyes eszközalap - D,2026-03-08,1.4344,2026-03-08,1.4344,0.0,395.8739,1.0,1.0037,0.37
5573,Latin-amerikai részvény eszközalap,2026-03-08,1.3806,2026-03-08,1.3806,0.0,335.4116,1.0,1.1533,15.33
5574,Magas kötvény arányú vegyes eszk. - D,2026-03-08,1.1132,2026-03-08,1.1132,0.0,309.7989,1.0,0.9976,-0.24
5575,Magas védelmû vegyes eszközalap,2026-03-08,1.1113,2026-03-08,1.1113,0.0,307.5022,1.0,1.0061,0.61
5576,Nemz. élelmiszeripari cégek rv. ea - D,2026-03-08,3.3893,2026-03-08,3.3893,0.0,895.502,1.0,1.0732,7.32
5577,Nyersanyagpiaci részvény eszközalap,2026-03-08,1.6312,2026-03-08,1.6312,0.0,397.5087,1.0,1.0714,7.14
5578,Presztízs- és luxusmárkák rv. ea.,2026-03-08,3.3968,2026-03-08,3.3968,0.0,994.838,1.0,1.0223,2.23
5579,USA részvény eszközalap,2026-03-08,4.5287,2026-03-08,4.5287,0.0,1247.4557,1.0,0.9799,-2.01
5580,Ázsia kötvény eszközalap,2026-03-08,2.291,2026-03-08,2.291,0.0,625.9584,1.0,1.0504,5.04
5581,Aktív hozamfigyelõ vegyes eszközalap - D,2026-03-09,0.9404,2026-03-09,0.9404,0.0,264.4309,1.0,0.9925,-0.75
5582,Euró likviditás eszközalap - D,2026-03-09,0.9248,2026-03-09,0.9248,0.0,259.2288,1.0,0.997,-0.3
5583,Európai ingatlancégek részv. eszközalap,2026-03-09,1.9274,2026-03-09,1.9274,0.0,521.2967,1.0,1.0053,0.53
5584,Európai kötvény eszközalap - D,2026-03-09,1.2301,2026-03-09,1.2301,0.0,345.3242,1.0,0.9915,-0.85
5585,Európai részvény eszközalap,2026-03-09,2.737,2026-03-09,2.737,0.0,740.7304,1.0,1.0129,1.29
5586,Európai vállalati kötvény eszközalap,2026-03-09,1.3247,2026-03-09,1.3247,0.0,371.0292,1.0,1.0009,0.09
5587,Fejlõdõ piaci részvény ESG eszközalap-D,2026-03-09,1.1981,2026-03-09,1.1981,0.0,314.1833,1.0,0.9933,-0.67
5588,Fejlõdõ ázsiai részvény eszközalap,2026-03-09,2.7787,2026-03-09,2.7787,0.0,653.3315,1.0,1.2009,20.09
5589,Fenntartható növekedés részvény eszk.,2026-03-09,3.0406,2026-03-09,3.0406,0.0,873.3691,1.0,0.9282,-7.18
5590,Globális egészségügyi részvény eszk.,2026-03-09,3.4872,2026-03-09,3.4872,0.0,953.0523,1.0,1.0681,6.81
5591,Globális növekedési részvény eszközalap,2026-03-09,2.0898,2026-03-09,2.0898,0.0,611.5702,1.0,0.904,-9.6
5592,Kiegyensúlyozott vegyes eszközalap - D,2026-03-09,1.4344,2026-03-09,1.4344,0.0,397.3083,1.0,1.0037,0.37
5593,Latin-amerikai részvény eszközalap,2026-03-09,1.3806,2026-03-09,1.3806,0.0,336.7922,1.0,1.1533,15.33
5594,Magas kötvény arányú vegyes eszk. - D,2026-03-09,1.1132,2026-03-09,1.1132,0.0,310.9121,1.0,0.9976,-0.24
5595,Magas védelmû vegyes eszközalap,2026-03-09,1.1113,2026-03-09,1.1113,0.0,308.6135,1.0,1.0061,0.61
5596,Nemz. élelmiszeripari cégek rv. ea - D,2026-03-09,3.3893,2026-03-09,3.3893,0.0,898.8913,1.0,1.0732,7.32
5597,Nyersanyagpiaci részvény eszközalap,2026-03-09,1.6312,2026-03-09,1.6312,0.0,399.1399,1.0,1.0714,7.14
5598,Presztízs- és luxusmárkák rv. ea.,2026-03-09,3.3968,2026-03-09,3.3968,0.0,998.2348,1.0,1.0223,2.23
5599,USA részvény eszközalap,2026-03-09,4.5287,2026-03-09,4.5287,0.0,1251.9844,1.0,0.9799,-2.01
5600,Ázsia kötvény eszközalap,2026-03-09,2.291,2026-03-09,2.291,0.0,628.2494,1.0,1.0504,5.04
5601,Aktív hozamfigyelõ vegyes eszközalap - D,2026-03-10,0.941,2026-03-11,0.9425,0.0016,265.3719,1.0016,0.9941,-0.59
5602,Euró likviditás eszközalap - D,2026-03-10,0.9244,2026-03-11,0.9262,0.0019,260.1532,1.0019,0.9989,-0.11
5603,Európai ingatlancégek részv. eszközalap,2026-03-10,1.8727,2026-03-11,1.9093,0.0196,523.1694,1.0196,1.025,2.5
5604,Európai kötvény eszközalap - D,2026-03-10,1.2296,2026-03-11,1.2345,0.004,346.5538,1.004,0.9955,-0.45
5605,Európai részvény eszközalap,2026-03-10,2.7187,2026-03-11,2.792,0.027,743.4491,1.027,1.0403,4.03
5606,Európai vállalati kötvény eszközalap,2026-03-10,1.3226,2026-03-11,1.3279,0.004,372.3518,1.004,1.0049,0.49
5607,Fejlõdõ piaci részvény ESG eszközalap-D,2026-03-10,1.1938,2026-03-11,1.2304,0.0306,315.3771,1.0306,1.0237,2.37
5608,Fejlõdõ ázsiai részvény eszközalap,2026-03-10,2.7456,2026-03-11,2.8297,0.0307,656.0771,1.0307,1.2378,23.78
5609,Fenntartható növekedés részvény eszk.,2026-03-10,3.0459,2026-03-11,3.0373,-0.0028,876.415,0.9972,0.9256,-7.44
5610,Globális egészségügyi részvény eszk.,2026-03-10,3.5024,2026-03-11,3.5511,0.0139,956.5547,1.0139,1.0829,8.29
5611,Globális növekedési részvény eszközalap,2026-03-10,2.0865,2026-03-11,2.0913,0.0023,613.6567,1.0023,0.9061,-9.39
5612,Kiegyensúlyozott vegyes eszközalap - D,2026-03-10,1.4313,2026-03-11,1.4388,0.0053,398.7396,1.0053,1.009,0.9
5613,Latin-amerikai részvény eszközalap,2026-03-10,1.3662,2026-03-11,1.4222,0.0409,338.1584,1.0409,1.2004,20.04
5614,Magas kötvény arányú vegyes eszk. - D,2026-03-10,1.1116,2026-03-11,1.1167,0.0046,312.0237,1.0046,1.0022,0.22
5615,Magas védelmû vegyes eszközalap,2026-03-10,1.109,2026-03-11,1.1109,0.0017,309.7225,1.0017,1.0078,0.78
5616,Nemz. élelmiszeripari cégek rv. ea - D,2026-03-10,3.4011,2026-03-11,3.4135,0.0036,902.2924,1.0036,1.0771,7.71
5617,Nyersanyagpiaci részvény eszközalap,2026-03-10,1.6026,2026-03-11,1.6471,0.0277,400.7425,1.0277,1.1011,10.11
5618,Presztízs- és luxusmárkák rv. ea.,2026-03-10,3.3615,2026-03-11,3.4425,0.0241,1001.5963,1.0241,1.047,4.7
5619,USA részvény eszközalap,2026-03-10,4.5568,2026-03-11,4.5245,-0.0071,1256.5412,0.9929,0.973,-2.7
5620,Ázsia kötvény eszközalap,2026-03-10,2.2868,2026-03-11,2.2736,-0.0058,630.5362,0.9942,1.0443,4.43
5621,Aktív hozamfigyelõ vegyes eszközalap - D,2026-03-11,0.9425,2026-03-12,0.9388,-0.0039,266.3144,0.9961,0.9902,-0.98
5622,Euró likviditás eszközalap - D,2026-03-11,0.9262,2026-03-12,0.924,-0.0024,261.0794,0.9976,0.9965,-0.35
5623,Európai ingatlancégek részv. eszközalap,2026-03-11,1.9093,2026-03-12,1.87,-0.0206,525.0787,0.9794,1.0038,0.38
5624,Európai kötvény eszközalap - D,2026-03-11,1.2345,2026-03-12,1.2265,-0.0064,347.7883,0.9936,0.9891,-1.09
5625,Európai részvény eszközalap,2026-03-11,2.792,2026-03-12,2.7776,-0.0052,746.2411,0.9948,1.0349,3.49
5626,Európai vállalati kötvény eszközalap,2026-03-11,1.3279,2026-03-12,1.3208,-0.0053,373.6797,0.9947,0.9996,-0.04
5627,Fejlõdõ piaci részvény ESG eszközalap-D,2026-03-11,1.2304,2026-03-12,1.224,-0.0052,316.6075,0.9948,1.0184,1.84
5628,Fejlõdõ ázsiai részvény eszközalap,2026-03-11,2.8297,2026-03-12,2.8573,0.0097,658.9068,1.0097,1.2498,24.98
5629,Fenntartható növekedés részvény eszk.,2026-03-11,3.0373,2026-03-12,3.0434,0.002,879.4523,1.002,0.9275,-7.25
5630,Globális egészségügyi részvény eszk.,2026-03-11,3.5511,2026-03-12,3.5279,-0.0065,960.1058,0.9935,1.0759,7.59
5631,Globális növekedési részvény eszközalap,2026-03-11,2.0913,2026-03-12,2.0971,0.0027,615.748,1.0027,0.9086,-9.14
5632,Kiegyensúlyozott vegyes eszközalap - D,2026-03-11,1.4388,2026-03-12,1.4356,-0.0023,400.1784,0.9977,1.0066,0.66
5633,Latin-amerikai részvény eszközalap,2026-03-11,1.4222,2026-03-12,1.4176,-0.0032,339.5806,0.9968,1.1966,19.66
5634,Magas kötvény arányú vegyes eszk. - D,2026-03-11,1.1167,2026-03-12,1.1119,-0.0043,313.1404,0.9957,0.9979,-0.21
5635,Magas védelmû vegyes eszközalap,2026-03-11,1.1109,2026-03-12,1.1102,-0.0006,310.8334,0.9994,1.0072,0.72
5636,Nemz. élelmiszeripari cégek rv. ea - D,2026-03-11,3.4135,2026-03-12,3.39,-0.0069,905.7059,0.9931,1.0696,6.96
5637,Nyersanyagpiaci részvény eszközalap,2026-03-11,1.6471,2026-03-12,1.6315,-0.0095,402.3896,0.9905,1.0907,9.07
5638,Presztízs- és luxusmárkák rv. ea.,2026-03-11,3.4425,2026-03-12,3.4214,-0.0061,1005.0388,0.9939,1.0406,4.06
5639,USA részvény eszközalap,2026-03-11,4.5245,2026-03-12,4.5553,0.0068,1261.0657,1.0068,0.9796,-2.04
5640,Ázsia kötvény eszközalap,2026-03-11,2.2736,2026-03-12,2.2823,0.0038,632.8098,1.0038,1.0483,4.83
5641,Aktív hozamfigyelõ vegyes eszközalap - D,2026-03-12,0.9388,2026-03-13,0.9318,-0.0075,267.2532,0.9925,0.9828,-1.72
5642,Euró likviditás eszközalap - D,2026-03-12,0.924,2026-03-13,0.9233,-0.0007,262.0034,0.9993,0.9958,-0.42
5643,Európai ingatlancégek részv. eszközalap,2026-03-12,1.87,2026-03-13,1.8565,-0.0073,526.9487,0.9927,0.9965,-0.35
5644,Európai kötvény eszközalap - D,2026-03-12,1.2265,2026-03-13,1.2217,-0.0039,349.0148,0.9961,0.9852,-1.48
5645,Európai részvény eszközalap,2026-03-12,2.7776,2026-03-13,2.7544,-0.0084,749.0187,0.9916,1.0262,2.62
5646,Európai vállalati kötvény eszközalap,2026-03-12,1.3208,2026-03-13,1.318,-0.0021,375.0005,0.9979,0.9975,-0.25
5647,Fejlõdõ piaci részvény ESG eszközalap-D,2026-03-12,1.224,2026-03-13,1.2008,-0.0189,317.8315,0.9811,0.9991,-0.09
5648,Fejlõdõ ázsiai részvény eszközalap,2026-03-12,2.8573,2026-03-13,2.8211,-0.0127,661.7641,0.9873,1.2339,23.39
5649,Fenntartható növekedés részvény eszk.,2026-03-12,3.0434,2026-03-13,3.0061,-0.0123,882.4957,0.9877,0.9161,-8.39
5650,Globális egészségügyi részvény eszk.,2026-03-12,3.5279,2026-03-13,3.4814,-0.0132,963.6337,0.9868,1.0617,6.17
5651,Globális növekedési részvény eszközalap,2026-03-12,2.0971,2026-03-13,2.0704,-0.0127,617.8451,0.9873,0.897,-10.3
5652,Kiegyensúlyozott vegyes eszközalap - D,2026-03-12,1.4356,2026-03-13,1.426,-0.0066,401.614,0.9934,1.0,0.0
5653,Latin-amerikai részvény eszközalap,2026-03-12,1.4176,2026-03-13,1.3829,-0.0244,340.9982,0.9756,1.1674,16.74
5654,Magas kötvény arányú vegyes eszk. - D,2026-03-12,1.1119,2026-03-13,1.1064,-0.0049,314.2523,0.9951,0.993,-0.7
5655,Magas védelmû vegyes eszközalap,2026-03-12,1.1102,2026-03-13,1.1098,-0.0004,311.9436,0.9996,1.0068,0.68
5656,Nemz. élelmiszeripari cégek rv. ea - D,2026-03-12,3.39,2026-03-13,3.3998,0.0029,909.0959,1.0029,1.0727,7.27
5657,Nyersanyagpiaci részvény eszközalap,2026-03-12,1.6315,2026-03-13,1.6409,0.0058,404.0211,1.0058,1.097,9.7
5658,Presztízs- és luxusmárkák rv. ea.,2026-03-12,3.4214,2026-03-13,3.3698,-0.0151,1008.4602,0.9849,1.0249,2.49
5659,USA részvény eszközalap,2026-03-12,4.5553,2026-03-13,4.5034,-0.0114,1265.621,0.9886,0.9684,-3.16
5660,Ázsia kötvény eszközalap,2026-03-12,2.2823,2026-03-13,2.2832,0.0004,635.0921,1.0004,1.0487,4.87
5661,Aktív hozamfigyelõ vegyes eszközalap - D,2026-03-13,0.9318,2026-03-14,0.9359,0.0045,268.185,1.0045,0.9872,-1.28
5662,Euró likviditás eszközalap - D,2026-03-13,0.9233,2026-03-14,0.9228,-0.0005,262.9267,0.9995,0.9953,-0.47
5663,Európai ingatlancégek részv. eszközalap,2026-03-13,1.8565,2026-03-14,1.8444,-0.0065,528.8052,0.9935,0.99,-1.0
5664,Európai kötvény eszközalap - D,2026-03-13,1.2217,2026-03-14,1.221,-0.0006,350.2365,0.9994,0.9846,-1.54
5665,Európai részvény eszközalap,2026-03-13,2.7544,2026-03-14,2.7464,-0.0029,751.7731,0.9971,1.0232,2.32
5666,Európai vállalati kötvény eszközalap,2026-03-13,1.318,2026-03-14,1.3155,-0.0019,376.3185,0.9981,0.9956,-0.44
5667,Fejlõdõ piaci részvény ESG eszközalap-D,2026-03-13,1.2008,2026-03-14,1.1998,-0.0009,319.0323,0.9991,0.9982,-0.18
5668,Fejlõdõ ázsiai részvény eszközalap,2026-03-13,2.8211,2026-03-14,2.8298,0.0031,664.5852,1.0031,1.2377,23.77
5669,Fenntartható növekedés részvény eszk.,2026-03-13,3.0061,2026-03-14,3.0039,-0.0007,885.5018,0.9993,0.9154,-8.46
5670,Globális egészségügyi részvény eszk.,2026-03-13,3.4814,2026-03-14,3.4607,-0.006,967.1151,0.994,1.0553,5.53
5671,Globális növekedési részvény eszközalap,2026-03-13,2.0704,2026-03-14,2.0719,0.0007,619.9155,1.0007,0.8977,-10.23
5672,Kiegyensúlyozott vegyes eszközalap - D,2026-03-13,1.426,2026-03-14,1.4218,-0.003,403.04,0.997,0.997,-0.3
5673,Latin-amerikai részvény eszközalap,2026-03-13,1.3829,2026-03-14,1.3739,-0.0065,342.3811,0.9935,1.1598,15.98
5674,Magas kötvény arányú vegyes eszk. - D,2026-03-13,1.1064,2026-03-14,1.1036,-0.0026,315.3587,0.9974,0.9904,-0.96
5675,Magas védelmû vegyes eszközalap,2026-03-13,1.1098,2026-03-14,1.1094,-0.0003,313.0534,0.9997,1.0065,0.65
5676,Nemz. élelmiszeripari cégek rv. ea - D,2026-03-13,3.3998,2026-03-14,3.4423,0.0125,912.4957,1.0125,1.0861,8.61
5677,Nyersanyagpiaci részvény eszközalap,2026-03-13,1.6409,2026-03-14,1.6164,-0.0149,405.662,0.9851,1.0806,8.06
5678,Presztízs- és luxusmárkák rv. ea.,2026-03-13,3.3698,2026-03-14,3.337,-0.0097,1011.83,0.9903,1.0149,1.49
5679,USA részvény eszközalap,2026-03-13,4.5034,2026-03-14,4.4969,-0.0014,1270.1244,0.9986,0.9671,-3.29
5680,Ázsia kötvény eszközalap,2026-03-13,2.2832,2026-03-14,2.2951,0.0052,637.3753,1.0052,1.0542,5.42
5681,Aktív hozamfigyelõ vegyes eszközalap - D,2026-03-14,0.9359,2026-03-14,0.9359,0.0,269.1209,1.0,0.9872,-1.28
5682,Euró likviditás eszközalap - D,2026-03-14,0.9228,2026-03-14,0.9228,0.0,263.8495,1.0,0.9953,-0.47
5683,Európai ingatlancégek részv. eszközalap,2026-03-14,1.8444,2026-03-14,1.8444,0.0,530.6496,1.0,0.99,-1.0
5684,Európai kötvény eszközalap - D,2026-03-14,1.221,2026-03-14,1.221,0.0,351.4575,1.0,0.9846,-1.54
5685,Európai részvény eszközalap,2026-03-14,2.7464,2026-03-14,2.7464,0.0,754.5195,1.0,1.0232,2.32
5686,Európai vállalati kötvény eszközalap,2026-03-14,1.3155,2026-03-14,1.3155,0.0,377.634,1.0,0.9956,-0.44
5687,Fejlõdõ piaci részvény ESG eszközalap-D,2026-03-14,1.1998,2026-03-14,1.1998,0.0,320.2321,1.0,0.9982,-0.18
5688,Fejlõdõ ázsiai részvény eszközalap,2026-03-14,2.8298,2026-03-14,2.8298,0.0,667.415,1.0,1.2377,23.77
5689,Fenntartható növekedés részvény eszk.,2026-03-14,3.0039,2026-03-14,3.0039,0.0,888.5057,1.0,0.9154,-8.46
5690,Globális egészségügyi részvény eszk.,2026-03-14,3.4607,2026-03-14,3.4607,0.0,970.5758,1.0,1.0553,5.53
5691,Globális növekedési részvény eszközalap,2026-03-14,2.0719,2026-03-14,2.0719,0.0,621.9874,1.0,0.8977,-10.23
5692,Kiegyensúlyozott vegyes eszközalap - D,2026-03-14,1.4218,2026-03-14,1.4218,0.0,404.4618,1.0,0.997,-0.3
5693,Latin-amerikai részvény eszközalap,2026-03-14,1.3739,2026-03-14,1.3739,0.0,343.755,1.0,1.1598,15.98
5694,Magas kötvény arányú vegyes eszk. - D,2026-03-14,1.1036,2026-03-14,1.1036,0.0,316.4623,1.0,0.9904,-0.96
5695,Magas védelmû vegyes eszközalap,2026-03-14,1.1094,2026-03-14,1.1094,0.0,314.1628,1.0,1.0065,0.65
5696,Nemz. élelmiszeripari cégek rv. ea - D,2026-03-14,3.4423,2026-03-14,3.4423,0.0,915.938,1.0,1.0861,8.61
5697,Nyersanyagpiaci részvény eszközalap,2026-03-14,1.6164,2026-03-14,1.6164,0.0,407.2784,1.0,1.0806,8.06
5698,Presztízs- és luxusmárkák rv. ea.,2026-03-14,3.337,2026-03-14,3.337,0.0,1015.167,1.0,1.0149,1.49
5699,USA részvény eszközalap,2026-03-14,4.4969,2026-03-14,4.4969,0.0,1274.6213,1.0,0.9671,-3.29
5700,Ázsia kötvény eszközalap,2026-03-14,2.2951,2026-03-14,2.2951,0.0,639.6704,1.0,1.0542,5.42
5701,Aktív hozamfigyelõ vegyes eszközalap - D,2026-03-15,0.9359,2026-03-15,0.9359,0.0,270.0568,1.0,0.9872,-1.28
5702,Euró likviditás eszközalap - D,2026-03-15,0.9228,2026-03-15,0.9228,0.0,264.7723,1.0,0.9953,-0.47
5703,Európai ingatlancégek részv. eszközalap,2026-03-15,1.8444,2026-03-15,1.8444,0.0,532.494,1.0,0.99,-1.0
5704,Európai kötvény eszközalap - D,2026-03-15,1.221,2026-03-15,1.221,0.0,352.6785,1.0,0.9846,-1.54
5705,Európai részvény eszközalap,2026-03-15,2.7464,2026-03-15,2.7464,0.0,757.2659,1.0,1.0232,2.32
5706,Európai vállalati kötvény eszközalap,2026-03-15,1.3155,2026-03-15,1.3155,0.0,378.9495,1.0,0.9956,-0.44
5707,Fejlõdõ piaci részvény ESG eszközalap-D,2026-03-15,1.1998,2026-03-15,1.1998,0.0,321.4319,1.0,0.9982,-0.18
5708,Fejlõdõ ázsiai részvény eszközalap,2026-03-15,2.8298,2026-03-15,2.8298,0.0,670.2448,1.0,1.2377,23.77
5709,Fenntartható növekedés részvény eszk.,2026-03-15,3.0039,2026-03-15,3.0039,0.0,891.5096,1.0,0.9154,-8.46
5710,Globális egészségügyi részvény eszk.,2026-03-15,3.4607,2026-03-15,3.4607,0.0,974.0365,1.0,1.0553,5.53
5711,Globális növekedési részvény eszközalap,2026-03-15,2.0719,2026-03-15,2.0719,0.0,624.0593,1.0,0.8977,-10.23
5712,Kiegyensúlyozott vegyes eszközalap - D,2026-03-15,1.4218,2026-03-15,1.4218,0.0,405.8836,1.0,0.997,-0.3
5713,Latin-amerikai részvény eszközalap,2026-03-15,1.3739,2026-03-15,1.3739,0.0,345.1289,1.0,1.1598,15.98
5714,Magas kötvény arányú vegyes eszk. - D,2026-03-15,1.1036,2026-03-15,1.1036,0.0,317.5659,1.0,0.9904,-0.96
5715,Magas védelmû vegyes eszközalap,2026-03-15,1.1094,2026-03-15,1.1094,0.0,315.2722,1.0,1.0065,0.65
5716,Nemz. élelmiszeripari cégek rv. ea - D,2026-03-15,3.4423,2026-03-15,3.4423,0.0,919.3803,1.0,1.0861,8.61
5717,Nyersanyagpiaci részvény eszközalap,2026-03-15,1.6164,2026-03-15,1.6164,0.0,408.8948,1.0,1.0806,8.06
5718,Presztízs- és luxusmárkák rv. ea.,2026-03-15,3.337,2026-03-15,3.337,0.0,1018.504,1.0,1.0149,1.49
5719,USA részvény eszközalap,2026-03-15,4.4969,2026-03-15,4.4969,0.0,1279.1182,1.0,0.9671,-3.29
5720,Ázsia kötvény eszközalap,2026-03-15,2.2951,2026-03-15,2.2951,0.0,641.9655,1.0,1.0542,5.42
5721,Aktív hozamfigyelõ vegyes eszközalap - D,2026-03-16,0.9359,2026-03-16,0.9359,0.0,270.9927,1.0,0.9872,-1.28
5722,Euró likviditás eszközalap - D,2026-03-16,0.9228,2026-03-16,0.9228,0.0,265.6951,1.0,0.9953,-0.47
5723,Európai ingatlancégek részv. eszközalap,2026-03-16,1.8444,2026-03-16,1.8444,0.0,534.3384,1.0,0.99,-1.0
5724,Európai kötvény eszközalap - D,2026-03-16,1.221,2026-03-16,1.221,0.0,353.8995,1.0,0.9846,-1.54
5725,Európai részvény eszközalap,2026-03-16,2.7464,2026-03-16,2.7464,0.0,760.0123,1.0,1.0232,2.32
5726,Európai vállalati kötvény eszközalap,2026-03-16,1.3155,2026-03-16,1.3155,0.0,380.265,1.0,0.9956,-0.44
5727,Fejlõdõ piaci részvény ESG eszközalap-D,2026-03-16,1.1998,2026-03-16,1.1998,0.0,322.6317,1.0,0.9982,-0.18
5728,Fejlõdõ ázsiai részvény eszközalap,2026-03-16,2.8298,2026-03-16,2.8298,0.0,673.0746,1.0,1.2377,23.77
5729,Fenntartható növekedés részvény eszk.,2026-03-16,3.0039,2026-03-16,3.0039,0.0,894.5135,1.0,0.9154,-8.46
5730,Globális egészségügyi részvény eszk.,2026-03-16,3.4607,2026-03-16,3.4607,0.0,977.4972,1.0,1.0553,5.53
5731,Globális növekedési részvény eszközalap,2026-03-16,2.0719,2026-03-16,2.0719,0.0,626.1312,1.0,0.8977,-10.23
5732,Kiegyensúlyozott vegyes eszközalap - D,2026-03-16,1.4218,2026-03-16,1.4218,0.0,407.3054,1.0,0.997,-0.3
5733,Latin-amerikai részvény eszközalap,2026-03-16,1.3739,2026-03-16,1.3739,0.0,346.5028,1.0,1.1598,15.98
5734,Magas kötvény arányú vegyes eszk. - D,2026-03-16,1.1036,2026-03-16,1.1036,0.0,318.6695,1.0,0.9904,-0.96
5735,Magas védelmû vegyes eszközalap,2026-03-16,1.1094,2026-03-16,1.1094,0.0,316.3816,1.0,1.0065,0.65
5736,Nemz. élelmiszeripari cégek rv. ea - D,2026-03-16,3.4423,2026-03-16,3.4423,0.0,922.8226,1.0,1.0861,8.61
5737,Nyersanyagpiaci részvény eszközalap,2026-03-16,1.6164,2026-03-16,1.6164,0.0,410.5112,1.0,1.0806,8.06
5738,Presztízs- és luxusmárkák rv. ea.,2026-03-16,3.337,2026-03-16,3.337,0.0,1021.841,1.0,1.0149,1.49
5739,USA részvény eszközalap,2026-03-16,4.4969,2026-03-16,4.4969,0.0,1283.6151,1.0,0.9671,-3.29
5740,Ázsia kötvény eszközalap,2026-03-16,2.2951,2026-03-16,2.2951,0.0,644.2606,1.0,1.0542,5.42
5741,Aktív hozamfigyelõ vegyes eszközalap - D,2026-03-17,0.9368,2026-03-18,0.9383,0.0016,271.9295,1.0016,0.9888,-1.12
5742,Euró likviditás eszközalap - D,2026-03-17,0.9235,2026-03-18,0.924,0.0004,266.6186,1.0004,0.9957,-0.43
5743,Európai ingatlancégek részv. eszközalap,2026-03-17,1.8703,2026-03-18,1.8866,0.0087,536.2087,1.0087,0.9987,-0.13
5744,Európai kötvény eszközalap - D,2026-03-17,1.2237,2026-03-18,1.2262,0.0021,355.1232,1.0021,0.9867,-1.33
5745,Európai részvény eszközalap,2026-03-17,2.7522,2026-03-18,2.7709,0.0068,762.7645,1.0068,1.0302,3.02
5746,Európai vállalati kötvény eszközalap,2026-03-17,1.3171,2026-03-18,1.3196,0.0019,381.5821,1.0019,0.9975,-0.25
5747,Fejlõdõ piaci részvény ESG eszközalap-D,2026-03-17,1.2142,2026-03-18,1.2246,0.0085,323.8459,1.0085,1.0067,0.67
5748,Fejlõdõ ázsiai részvény eszközalap,2026-03-17,2.8568,2026-03-18,2.8682,0.004,675.9314,1.004,1.2427,24.27
5749,Fenntartható növekedés részvény eszk.,2026-03-17,3.0208,2026-03-18,3.0192,-0.0005,897.5343,0.9995,0.915,-8.5
5750,Globális egészségügyi részvény eszk.,2026-03-17,3.4682,2026-03-18,3.4707,0.0007,980.9654,1.0007,1.056,5.6
5751,Globális növekedési részvény eszközalap,2026-03-17,2.0834,2026-03-18,2.0888,0.0026,628.2146,1.0026,0.9,-10.0
5752,Kiegyensúlyozott vegyes eszközalap - D,2026-03-17,1.4277,2026-03-18,1.4314,0.0026,408.7331,1.0026,0.9996,-0.04
5753,Latin-amerikai részvény eszközalap,2026-03-17,1.3825,2026-03-18,1.3939,0.0082,347.8853,1.0082,1.1693,16.93
5754,Magas kötvény arányú vegyes eszk. - D,2026-03-17,1.1071,2026-03-18,1.1098,0.0024,319.7766,1.0024,0.9928,-0.72
5755,Magas védelmû vegyes eszközalap,2026-03-17,1.1098,2026-03-18,1.1101,0.0003,317.4914,1.0003,1.0068,0.68
5756,Nemz. élelmiszeripari cégek rv. ea - D,2026-03-17,3.4346,2026-03-18,3.4366,0.0006,926.2572,1.0006,1.0868,8.68
5757,Nyersanyagpiaci részvény eszközalap,2026-03-17,1.6061,2026-03-18,1.6135,0.0046,412.1173,1.0046,1.0856,8.56
5758,Presztízs- és luxusmárkák rv. ea.,2026-03-17,3.3464,2026-03-18,3.3611,0.0044,1025.1874,1.0044,1.0194,1.94
5759,USA részvény eszközalap,2026-03-17,4.5283,2026-03-18,4.5219,-0.0014,1288.1434,0.9986,0.9657,-3.43
5760,Ázsia kötvény eszközalap,2026-03-17,2.2969,2026-03-18,2.2852,-0.0051,646.5575,0.9949,1.0488,4.88
5761,Aktív hozamfigyelõ vegyes eszközalap - D,2026-03-18,0.9383,2026-03-19,0.9325,-0.0061,272.8678,0.9939,0.9827,-1.73
5762,Euró likviditás eszközalap - D,2026-03-18,0.924,2026-03-19,0.923,-0.0011,267.5426,0.9989,0.9946,-0.54
5763,Európai ingatlancégek részv. eszközalap,2026-03-18,1.8866,2026-03-19,1.8786,-0.0043,538.0953,0.9957,0.9944,-0.56
5764,Európai kötvény eszközalap - D,2026-03-18,1.2262,2026-03-19,1.2232,-0.0024,356.3494,0.9976,0.9843,-1.57
5765,Európai részvény eszközalap,2026-03-18,2.7709,2026-03-19,2.7516,-0.007,765.5354,0.993,1.0229,2.29
5766,Európai vállalati kötvény eszközalap,2026-03-18,1.3196,2026-03-19,1.3175,-0.0016,382.9017,0.9984,0.9959,-0.41
5767,Fejlõdõ piaci részvény ESG eszközalap-D,2026-03-18,1.2246,2026-03-19,1.212,-0.0102,325.0705,0.9898,0.9965,-0.35
5768,Fejlõdõ ázsiai részvény eszközalap,2026-03-18,2.8682,2026-03-19,2.8718,0.0013,678.7996,1.0013,1.2443,24.43
5769,Fenntartható növekedés részvény eszk.,2026-03-18,3.0192,2026-03-19,2.9781,-0.0136,900.5535,0.9864,0.9025,-9.75
5770,Globális egészségügyi részvény eszk.,2026-03-18,3.4707,2026-03-19,3.3981,-0.0209,984.4361,0.9791,1.034,3.4
5771,Globális növekedési részvény eszközalap,2026-03-18,2.0888,2026-03-19,2.0672,-0.0103,630.3034,0.9897,0.8907,-10.93
5772,Kiegyensúlyozott vegyes eszközalap - D,2026-03-18,1.4314,2026-03-19,1.4236,-0.0055,410.1645,0.9945,0.9941,-0.59
5773,Latin-amerikai részvény eszközalap,2026-03-18,1.3939,2026-03-19,1.3901,-0.0027,349.2792,0.9973,1.1662,16.62
5774,Magas kötvény arányú vegyes eszk. - D,2026-03-18,1.1098,2026-03-19,1.1054,-0.004,320.8864,0.996,0.9888,-1.12
5775,Magas védelmû vegyes eszközalap,2026-03-18,1.1101,2026-03-19,1.1094,-0.0006,318.6015,0.9994,1.0062,0.62
5776,Nemz. élelmiszeripari cégek rv. ea - D,2026-03-18,3.4366,2026-03-19,3.3548,-0.0238,929.6938,0.9762,1.0609,6.09
5777,Nyersanyagpiaci részvény eszközalap,2026-03-18,1.6135,2026-03-19,1.5903,-0.0143,413.7308,0.9857,1.0701,7.01
5778,Presztízs- és luxusmárkák rv. ea.,2026-03-18,3.3611,2026-03-19,3.3364,-0.0073,1028.5485,0.9927,1.012,1.2
5779,USA részvény eszközalap,2026-03-18,4.5219,2026-03-19,4.4641,-0.0128,1292.6653,0.9872,0.9534,-4.66
5780,Ázsia kötvény eszközalap,2026-03-18,2.2852,2026-03-19,2.2824,-0.0012,648.8427,0.9988,1.0475,4.75
5781,Aktív hozamfigyelõ vegyes eszközalap - D,2026-03-19,0.9325,2026-03-20,0.9287,-0.0041,273.8003,0.9959,0.9787,-2.13
5782,Euró likviditás eszközalap - D,2026-03-19,0.923,2026-03-20,0.9211,-0.002,268.4656,0.998,0.9926,-0.74
5783,Európai ingatlancégek részv. eszközalap,2026-03-19,1.8786,2026-03-20,1.8086,-0.0372,539.9739,0.9628,0.9574,-4.26
5784,Európai kötvény eszközalap - D,2026-03-19,1.2232,2026-03-20,1.2202,-0.0025,357.5726,0.9975,0.9819,-1.81
5785,Európai részvény eszközalap,2026-03-19,2.7516,2026-03-20,2.69,-0.0224,768.287,0.9776,1.0,0.0
5786,Európai vállalati kötvény eszközalap,2026-03-19,1.3175,2026-03-20,1.3146,-0.0022,384.2192,0.9978,0.9937,-0.63
5787,Fejlõdõ piaci részvény ESG eszközalap-D,2026-03-19,1.212,2026-03-20,1.1822,-0.0246,326.2825,0.9754,0.9719,-2.81
5788,Fejlõdõ ázsiai részvény eszközalap,2026-03-19,2.8718,2026-03-20,2.8261,-0.0159,681.6714,0.9841,1.2245,22.45
5789,Fenntartható növekedés részvény eszk.,2026-03-19,2.9781,2026-03-20,2.9491,-0.0097,903.5316,0.9903,0.8938,-10.62
5790,Globális egészségügyi részvény eszk.,2026-03-19,3.3981,2026-03-20,3.3748,-0.0069,987.8342,0.9931,1.0268,2.68
5791,Globális növekedési részvény eszközalap,2026-03-19,2.0672,2026-03-20,2.0501,-0.0083,632.3706,0.9917,0.8833,-11.67
5792,Kiegyensúlyozott vegyes eszközalap - D,2026-03-19,1.4236,2026-03-20,1.4136,-0.007,411.5881,0.993,0.9871,-1.29
5793,Latin-amerikai részvény eszközalap,2026-03-19,1.3901,2026-03-20,1.3576,-0.0234,350.6693,0.9766,1.1389,13.89
5794,Magas kötvény arányú vegyes eszk. - D,2026-03-19,1.1054,2026-03-20,1.1002,-0.0047,321.9918,0.9953,0.9842,-1.58
5795,Magas védelmû vegyes eszközalap,2026-03-19,1.1094,2026-03-20,1.1068,-0.0023,319.7109,0.9977,1.0039,0.39
5796,Nemz. élelmiszeripari cégek rv. ea - D,2026-03-19,3.3548,2026-03-20,3.2969,-0.0173,933.0486,0.9827,1.0426,4.26
5797,Nyersanyagpiaci részvény eszközalap,2026-03-19,1.5903,2026-03-20,1.5256,-0.0407,415.3211,0.9593,1.0265,2.65
5798,Presztízs- és luxusmárkák rv. ea.,2026-03-19,3.3364,2026-03-20,3.2336,-0.0308,1031.8849,0.9692,0.9808,-1.92
5799,USA részvény eszközalap,2026-03-19,4.4641,2026-03-20,4.4511,-0.0029,1297.1294,0.9971,0.9506,-4.94
5800,Ázsia kötvény eszközalap,2026-03-19,2.2824,2026-03-20,2.2837,0.0005,651.1251,1.0005,1.0481,4.81
5801,Aktív hozamfigyelõ vegyes eszközalap - D,2026-03-20,0.9287,2026-03-21,0.9191,-0.0104,274.729,0.9896,0.9685,-3.15
5802,Euró likviditás eszközalap - D,2026-03-20,0.9211,2026-03-21,0.9195,-0.0017,269.3867,0.9983,0.9909,-0.91
5803,Európai ingatlancégek részv. eszközalap,2026-03-20,1.8086,2026-03-21,1.7694,-0.0217,541.7825,0.9783,0.9366,-6.34
5804,Európai kötvény eszközalap - D,2026-03-20,1.2202,2026-03-21,1.2142,-0.0049,358.7928,0.9951,0.9771,-2.29
5805,Európai részvény eszközalap,2026-03-20,2.69,2026-03-21,2.6393,-0.0188,770.977,0.9812,0.9812,-1.88
5806,Európai vállalati kötvény eszközalap,2026-03-20,1.3146,2026-03-21,1.3089,-0.0043,385.5338,0.9957,0.9894,-1.06
5807,Fejlõdõ piaci részvény ESG eszközalap-D,2026-03-20,1.1822,2026-03-21,1.1679,-0.0121,327.4647,0.9879,0.9602,-3.98
5808,Fejlõdõ ázsiai részvény eszközalap,2026-03-20,2.8261,2026-03-21,2.7926,-0.0119,684.4975,0.9881,1.2099,20.99
5809,Fenntartható növekedés részvény eszk.,2026-03-20,2.9491,2026-03-21,2.9,-0.0166,906.4807,0.9834,0.8789,-12.11
5810,Globális egészségügyi részvény eszk.,2026-03-20,3.3748,2026-03-21,3.3539,-0.0062,991.209,0.9938,1.0205,2.05
5811,Globális növekedési részvény eszközalap,2026-03-20,2.0501,2026-03-21,2.0197,-0.0148,634.4207,0.9852,0.8703,-12.97
5812,Kiegyensúlyozott vegyes eszközalap - D,2026-03-20,1.4136,2026-03-21,1.3992,-0.0102,413.0017,0.9898,0.9771,-2.29
5813,Latin-amerikai részvény eszközalap,2026-03-20,1.3576,2026-03-21,1.347,-0.0078,352.0269,0.9922,1.13,13.0
5814,Magas kötvény arányú vegyes eszk. - D,2026-03-20,1.1002,2026-03-21,1.0914,-0.008,323.092,0.992,0.9763,-2.37
5815,Magas védelmû vegyes eszközalap,2026-03-20,1.1068,2026-03-21,1.1047,-0.0019,320.8177,0.9981,1.002,0.2
5816,Nemz. élelmiszeripari cégek rv. ea - D,2026-03-20,3.2969,2026-03-21,3.2715,-0.0077,936.3455,0.9923,1.0345,3.45
5817,Nyersanyagpiaci részvény eszközalap,2026-03-20,1.5256,2026-03-21,1.5053,-0.0133,416.8467,0.9867,1.0129,1.29
5818,Presztízs- és luxusmárkák rv. ea.,2026-03-20,3.2336,2026-03-21,3.2082,-0.0078,1035.1185,0.9922,0.9732,-2.68
5819,USA részvény eszközalap,2026-03-20,4.4511,2026-03-21,4.3733,-0.0175,1301.5805,0.9825,0.934,-6.6
5820,Ázsia kötvény eszközalap,2026-03-20,2.2837,2026-03-21,2.2664,-0.0076,653.4088,0.9924,1.0401,4.01
5821,Aktív hozamfigyelõ vegyes eszközalap - D,2026-03-21,0.9191,2026-03-21,0.9191,0.0,275.6481,1.0,0.9685,-3.15
5822,Euró likviditás eszközalap - D,2026-03-21,0.9195,2026-03-21,0.9195,0.0,270.3062,1.0,0.9909,-0.91
5823,Európai ingatlancégek részv. eszközalap,2026-03-21,1.7694,2026-03-21,1.7694,0.0,543.5519,1.0,0.9366,-6.34
5824,Európai kötvény eszközalap - D,2026-03-21,1.2142,2026-03-21,1.2142,0.0,360.007,1.0,0.9771,-2.29
5825,Európai részvény eszközalap,2026-03-21,2.6393,2026-03-21,2.6393,0.0,773.6163,1.0,0.9812,-1.88
5826,Európai vállalati kötvény eszközalap,2026-03-21,1.3089,2026-03-21,1.3089,0.0,386.8427,1.0,0.9894,-1.06
5827,Fejlõdõ piaci részvény ESG eszközalap-D,2026-03-21,1.1679,2026-03-21,1.1679,0.0,328.6326,1.0,0.9602,-3.98
5828,Fejlõdõ ázsiai részvény eszközalap,2026-03-21,2.7926,2026-03-21,2.7926,0.0,687.2901,1.0,1.2099,20.99
5829,Fenntartható növekedés részvény eszk.,2026-03-21,2.9,2026-03-21,2.9,0.0,909.3807,1.0,0.8789,-12.11
5830,Globális egészségügyi részvény eszk.,2026-03-21,3.3539,2026-03-21,3.3539,0.0,994.5629,1.0,1.0205,2.05
5831,Globális növekedési részvény eszközalap,2026-03-21,2.0197,2026-03-21,2.0197,0.0,636.4404,1.0,0.8703,-12.97
5832,Kiegyensúlyozott vegyes eszközalap - D,2026-03-21,1.3992,2026-03-21,1.3992,0.0,414.4009,1.0,0.9771,-2.29
5833,Latin-amerikai részvény eszközalap,2026-03-21,1.347,2026-03-21,1.347,0.0,353.3739,1.0,1.13,13.0
5834,Magas kötvény arányú vegyes eszk. - D,2026-03-21,1.0914,2026-03-21,1.0914,0.0,324.1834,1.0,0.9763,-2.37
5835,Magas védelmû vegyes eszközalap,2026-03-21,1.1047,2026-03-21,1.1047,0.0,321.9224,1.0,1.002,0.2
5836,Nemz. élelmiszeripari cégek rv. ea - D,2026-03-21,3.2715,2026-03-21,3.2715,0.0,939.617,1.0,1.0345,3.45
5837,Nyersanyagpiaci részvény eszközalap,2026-03-21,1.5053,2026-03-21,1.5053,0.0,418.352,1.0,1.0129,1.29
5838,Presztízs- és luxusmárkák rv. ea.,2026-03-21,3.2082,2026-03-21,3.2082,0.0,1038.3267,1.0,0.9732,-2.68
5839,USA részvény eszközalap,2026-03-21,4.3733,2026-03-21,4.3733,0.0,1305.9538,1.0,0.934,-6.6
5840,Ázsia kötvény eszközalap,2026-03-21,2.2664,2026-03-21,2.2664,0.0,655.6752,1.0,1.0401,4.01
5841,Aktív hozamfigyelõ vegyes eszközalap - D,2026-03-22,0.9191,2026-03-22,0.9191,0.0,276.5672,1.0,0.9685,-3.15
5842,Euró likviditás eszközalap - D,2026-03-22,0.9195,2026-03-22,0.9195,0.0,271.2257,1.0,0.9909,-0.91
5843,Európai ingatlancégek részv. eszközalap,2026-03-22,1.7694,2026-03-22,1.7694,0.0,545.3213,1.0,0.9366,-6.34
5844,Európai kötvény eszközalap - D,2026-03-22,1.2142,2026-03-22,1.2142,0.0,361.2212,1.0,0.9771,-2.29
5845,Európai részvény eszközalap,2026-03-22,2.6393,2026-03-22,2.6393,0.0,776.2556,1.0,0.9812,-1.88
5846,Európai vállalati kötvény eszközalap,2026-03-22,1.3089,2026-03-22,1.3089,0.0,388.1516,1.0,0.9894,-1.06
5847,Fejlõdõ piaci részvény ESG eszközalap-D,2026-03-22,1.1679,2026-03-22,1.1679,0.0,329.8005,1.0,0.9602,-3.98
5848,Fejlõdõ ázsiai részvény eszközalap,2026-03-22,2.7926,2026-03-22,2.7926,0.0,690.0827,1.0,1.2099,20.99
5849,Fenntartható növekedés részvény eszk.,2026-03-22,2.9,2026-03-22,2.9,0.0,912.2807,1.0,0.8789,-12.11
5850,Globális egészségügyi részvény eszk.,2026-03-22,3.3539,2026-03-22,3.3539,0.0,997.9168,1.0,1.0205,2.05
5851,Globális növekedési részvény eszközalap,2026-03-22,2.0197,2026-03-22,2.0197,0.0,638.4601,1.0,0.8703,-12.97
5852,Kiegyensúlyozott vegyes eszközalap - D,2026-03-22,1.3992,2026-03-22,1.3992,0.0,415.8001,1.0,0.9771,-2.29
5853,Latin-amerikai részvény eszközalap,2026-03-22,1.347,2026-03-22,1.347,0.0,354.7209,1.0,1.13,13.0
5854,Magas kötvény arányú vegyes eszk. - D,2026-03-22,1.0914,2026-03-22,1.0914,0.0,325.2748,1.0,0.9763,-2.37
5855,Magas védelmû vegyes eszközalap,2026-03-22,1.1047,2026-03-22,1.1047,0.0,323.0271,1.0,1.002,0.2
5856,Nemz. élelmiszeripari cégek rv. ea - D,2026-03-22,3.2715,2026-03-22,3.2715,0.0,942.8885,1.0,1.0345,3.45
5857,Nyersanyagpiaci részvény eszközalap,2026-03-22,1.5053,2026-03-22,1.5053,0.0,419.8573,1.0,1.0129,1.29
5858,Presztízs- és luxusmárkák rv. ea.,2026-03-22,3.2082,2026-03-22,3.2082,0.0,1041.5349,1.0,0.9732,-2.68
5859,USA részvény eszközalap,2026-03-22,4.3733,2026-03-22,4.3733,0.0,1310.3271,1.0,0.934,-6.6
5860,Ázsia kötvény eszközalap,2026-03-22,2.2664,2026-03-22,2.2664,0.0,657.9416,1.0,1.0401,4.01
5861,Aktív hozamfigyelõ vegyes eszközalap - D,2026-03-23,0.9191,2026-03-23,0.9191,0.0,277.4863,1.0,0.9685,-3.15
5862,Euró likviditás eszközalap - D,2026-03-23,0.9195,2026-03-23,0.9195,0.0,272.1452,1.0,0.9909,-0.91
5863,Európai ingatlancégek részv. eszközalap,2026-03-23,1.7694,2026-03-23,1.7694,0.0,547.0907,1.0,0.9366,-6.34
5864,Európai kötvény eszközalap - D,2026-03-23,1.2142,2026-03-23,1.2142,0.0,362.4354,1.0,0.9771,-2.29
5865,Európai részvény eszközalap,2026-03-23,2.6393,2026-03-23,2.6393,0.0,778.8949,1.0,0.9812,-1.88
5866,Európai vállalati kötvény eszközalap,2026-03-23,1.3089,2026-03-23,1.3089,0.0,389.4605,1.0,0.9894,-1.06
5867,Fejlõdõ piaci részvény ESG eszközalap-D,2026-03-23,1.1679,2026-03-23,1.1679,0.0,330.9684,1.0,0.9602,-3.98
5868,Fejlõdõ ázsiai részvény eszközalap,2026-03-23,2.7926,2026-03-23,2.7926,0.0,692.8753,1.0,1.2099,20.99
5869,Fenntartható növekedés részvény eszk.,2026-03-23,2.9,2026-03-23,2.9,0.0,915.1807,1.0,0.8789,-12.11
5870,Globális egészségügyi részvény eszk.,2026-03-23,3.3539,2026-03-23,3.3539,0.0,1001.2707,1.0,1.0205,2.05
5871,Globális növekedési részvény eszközalap,2026-03-23,2.0197,2026-03-23,2.0197,0.0,640.4798,1.0,0.8703,-12.97
5872,Kiegyensúlyozott vegyes eszközalap - D,2026-03-23,1.3992,2026-03-23,1.3992,0.0,417.1993,1.0,0.9771,-2.29
5873,Latin-amerikai részvény eszközalap,2026-03-23,1.347,2026-03-23,1.347,0.0,356.0679,1.0,1.13,13.0
5874,Magas kötvény arányú vegyes eszk. - D,2026-03-23,1.0914,2026-03-23,1.0914,0.0,326.3662,1.0,0.9763,-2.37
5875,Magas védelmû vegyes eszközalap,2026-03-23,1.1047,2026-03-23,1.1047,0.0,324.1318,1.0,1.002,0.2
5876,Nemz. élelmiszeripari cégek rv. ea - D,2026-03-23,3.2715,2026-03-23,3.2715,0.0,946.16,1.0,1.0345,3.45
5877,Nyersanyagpiaci részvény eszközalap,2026-03-23,1.5053,2026-03-23,1.5053,0.0,421.3626,1.0,1.0129,1.29
5878,Presztízs- és luxusmárkák rv. ea.,2026-03-23,3.2082,2026-03-23,3.2082,0.0,1044.7431,1.0,0.9732,-2.68
5879,USA részvény eszközalap,2026-03-23,4.3733,2026-03-23,4.3733,0.0,1314.7004,1.0,0.934,-6.6
5880,Ázsia kötvény eszközalap,2026-03-23,2.2664,2026-03-23,2.2664,0.0,660.208,1.0,1.0401,4.01
5881,Aktív hozamfigyelõ vegyes eszközalap - D,2026-03-24,0.9237,2026-03-25,0.9218,-0.002,278.41,0.998,0.9666,-3.34
5882,Euró likviditás eszközalap - D,2026-03-24,0.9204,2026-03-25,0.9194,-0.0011,273.0656,0.9989,0.9898,-1.02
5883,Európai ingatlancégek részv. eszközalap,2026-03-24,1.7506,2026-03-25,1.746,-0.0026,548.8413,0.9974,0.9342,-6.58
5884,Európai kötvény eszközalap - D,2026-03-24,1.2165,2026-03-25,1.215,-0.0012,363.6519,0.9988,0.9759,-2.41
5885,Európai részvény eszközalap,2026-03-24,2.6694,2026-03-25,2.673,0.0014,781.5643,1.0014,0.9826,-1.74
5886,Európai vállalati kötvény eszközalap,2026-03-24,1.3096,2026-03-25,1.3091,-0.0004,390.7701,0.9996,0.989,-1.1
5887,Fejlõdõ piaci részvény ESG eszközalap-D,2026-03-24,1.1667,2026-03-25,1.1729,0.0053,332.1351,1.0053,0.9653,-3.47
5888,Fejlõdõ ázsiai részvény eszközalap,2026-03-24,2.8236,2026-03-25,2.7984,-0.0089,695.6989,0.9911,1.1992,19.92
5889,Fenntartható növekedés részvény eszk.,2026-03-24,2.9231,2026-03-25,2.9144,-0.003,918.1038,0.997,0.8763,-12.37
5890,Globális egészségügyi részvény eszk.,2026-03-24,3.3614,2026-03-25,3.3279,-0.01,1004.6321,0.99,1.0103,1.03
5891,Globális növekedési részvény eszközalap,2026-03-24,2.04,2026-03-25,2.0351,-0.0024,642.5198,0.9976,0.8682,-13.18
5892,Kiegyensúlyozott vegyes eszközalap - D,2026-03-24,1.4028,2026-03-25,1.4008,-0.0014,418.6021,0.9986,0.9757,-2.43
5893,Latin-amerikai részvény eszközalap,2026-03-24,1.3681,2026-03-25,1.3751,0.0051,357.436,1.0051,1.1358,13.58
5894,Magas kötvény arányú vegyes eszk. - D,2026-03-24,1.0936,2026-03-25,1.0923,-0.0012,327.4598,0.9988,0.9751,-2.49
5895,Magas védelmû vegyes eszközalap,2026-03-24,1.1059,2026-03-25,1.1061,0.0002,325.2377,1.0002,1.0022,0.22
5896,Nemz. élelmiszeripari cégek rv. ea - D,2026-03-24,3.255,2026-03-25,3.2813,0.0081,949.415,1.0081,1.0429,4.29
5897,Nyersanyagpiaci részvény eszközalap,2026-03-24,1.5206,2026-03-25,1.5484,0.0183,422.8832,1.0183,1.0314,3.14
5898,Presztízs- és luxusmárkák rv. ea.,2026-03-24,3.2694,2026-03-25,3.2518,-0.0054,1048.0125,0.9946,0.9679,-3.21
5899,USA részvény eszközalap,2026-03-24,4.4173,2026-03-25,4.4025,-0.0033,1319.1177,0.9967,0.9309,-6.91
5900,Ázsia kötvény eszközalap,2026-03-24,2.2643,2026-03-25,2.2499,-0.0064,662.4723,0.9936,1.0335,3.35
5901,Aktív hozamfigyelõ vegyes eszközalap - D,2026-03-25,0.9218,2026-03-26,0.9272,0.0058,279.3318,1.0058,0.9722,-2.78
5902,Euró likviditás eszközalap - D,2026-03-25,0.9194,2026-03-26,0.9204,0.0011,273.985,1.0011,0.9909,-0.91
5903,Európai ingatlancégek részv. eszközalap,2026-03-25,1.746,2026-03-26,1.7612,0.0087,550.5873,1.0087,0.9423,-5.77
5904,Európai kötvény eszközalap - D,2026-03-25,1.215,2026-03-26,1.2207,0.0047,364.8669,1.0047,0.9805,-1.95
5905,Európai részvény eszközalap,2026-03-25,2.673,2026-03-26,2.7086,0.0133,784.2373,1.0133,0.9957,-0.43
5906,Európai vállalati kötvény eszközalap,2026-03-25,1.3091,2026-03-26,1.3138,0.0036,392.0792,1.0036,0.9926,-0.74
5907,Fejlõdõ piaci részvény ESG eszközalap-D,2026-03-25,1.1729,2026-03-26,1.1915,0.0158,333.308,1.0158,0.9805,-1.95
5908,Fejlõdõ ázsiai részvény eszközalap,2026-03-25,2.7984,2026-03-26,2.8561,0.0206,698.4973,1.0206,1.2239,22.39
5909,Fenntartható növekedés részvény eszk.,2026-03-25,2.9144,2026-03-26,2.9394,0.0086,921.0182,1.0086,0.8838,-11.62
5910,Globális egészségügyi részvény eszk.,2026-03-25,3.3279,2026-03-26,3.3819,0.0162,1007.96,1.0162,1.0266,2.66
5911,Globális növekedési részvény eszközalap,2026-03-25,2.0351,2026-03-26,2.0546,0.0096,644.5549,1.0096,0.8765,-12.35
5912,Kiegyensúlyozott vegyes eszközalap - D,2026-03-25,1.4008,2026-03-26,1.4094,0.0061,420.0029,1.0061,0.9817,-1.83
5913,Latin-amerikai részvény eszközalap,2026-03-25,1.3751,2026-03-26,1.4146,0.0288,358.8111,1.0288,1.1685,16.85
5914,Magas kötvény arányú vegyes eszk. - D,2026-03-25,1.0923,2026-03-26,1.0983,0.0054,328.5521,1.0054,0.9804,-1.96
5915,Magas védelmû vegyes eszközalap,2026-03-25,1.1061,2026-03-26,1.1072,0.001,326.3438,1.001,1.0032,0.32
5916,Nemz. élelmiszeripari cégek rv. ea - D,2026-03-25,3.2813,2026-03-26,3.2883,0.0021,952.6963,1.0021,1.0451,4.51
5917,Nyersanyagpiaci részvény eszközalap,2026-03-25,1.5484,2026-03-26,1.5819,0.0216,424.4316,1.0216,1.0537,5.37
5918,Presztízs- és luxusmárkák rv. ea.,2026-03-25,3.2518,2026-03-26,3.2823,0.0094,1051.2643,1.0094,0.977,-2.3
5919,USA részvény eszközalap,2026-03-25,4.4025,2026-03-26,4.4339,0.0071,1323.5202,1.0071,0.9375,-6.25
5920,Ázsia kötvény eszközalap,2026-03-25,2.2499,2026-03-26,2.2553,0.0024,664.7222,1.0024,1.0359,3.59
5921,Aktív hozamfigyelõ vegyes eszközalap - D,2026-03-26,0.9272,2026-03-27,0.9189,-0.0089,280.259,0.9911,0.9636,-3.64
5922,Euró likviditás eszközalap - D,2026-03-26,0.9204,2026-03-27,0.9189,-0.0016,274.9054,0.9984,0.9893,-1.07
5923,Európai ingatlancégek részv. eszközalap,2026-03-26,1.7612,2026-03-27,1.7413,-0.0113,552.3485,0.9887,0.9316,-6.84
5924,Európai kötvény eszközalap - D,2026-03-26,1.2207,2026-03-27,1.2122,-0.007,366.0876,0.993,0.9736,-2.64
5925,Európai részvény eszközalap,2026-03-26,2.7086,2026-03-27,2.6724,-0.0134,786.9459,0.9866,0.9823,-1.77
5926,Európai vállalati kötvény eszközalap,2026-03-26,1.3138,2026-03-27,1.3074,-0.0049,393.393,0.9951,0.9877,-1.23
5927,Fejlõdõ piaci részvény ESG eszközalap-D,2026-03-26,1.1915,2026-03-27,1.1614,-0.0252,334.4995,0.9748,0.9558,-4.42
5928,Fejlõdõ ázsiai részvény eszközalap,2026-03-26,2.8561,2026-03-27,2.7931,-0.0221,701.3534,0.9779,1.1968,19.68
5929,Fenntartható növekedés részvény eszk.,2026-03-26,2.9394,2026-03-27,2.8972,-0.0144,923.9576,0.9856,0.8711,-12.89
5930,Globális egészségügyi részvény eszk.,2026-03-26,3.3819,2026-03-27,3.3869,0.0015,1011.3419,1.0015,1.0282,2.82
5931,Globális növekedési részvény eszközalap,2026-03-26,2.0546,2026-03-27,2.023,-0.0154,646.6095,0.9846,0.863,-13.7
5932,Kiegyensúlyozott vegyes eszközalap - D,2026-03-26,1.4094,2026-03-27,1.3974,-0.0085,421.4123,0.9915,0.9733,-2.67
5933,Latin-amerikai részvény eszközalap,2026-03-26,1.4146,2026-03-27,1.4002,-0.0102,360.2257,0.9898,1.1565,15.65
5934,Magas kötvény arányú vegyes eszk. - D,2026-03-26,1.0983,2026-03-27,1.0897,-0.0078,329.6504,0.9922,0.9727,-2.73
5935,Magas védelmû vegyes eszközalap,2026-03-26,1.1072,2026-03-27,1.1057,-0.0013,327.451,0.9987,1.0019,0.19
5936,Nemz. élelmiszeripari cégek rv. ea - D,2026-03-26,3.2883,2026-03-27,3.2961,0.0024,955.9846,1.0024,1.0476,4.76
5937,Nyersanyagpiaci részvény eszközalap,2026-03-26,1.5819,2026-03-27,1.5612,-0.0131,426.0135,0.9869,1.0399,3.99
5938,Presztízs- és luxusmárkák rv. ea.,2026-03-26,3.2823,2026-03-27,3.2468,-0.0108,1054.5466,0.9892,0.9664,-3.36
5939,USA részvény eszközalap,2026-03-26,4.4339,2026-03-27,4.3703,-0.0143,1327.9541,0.9857,0.9241,-7.59
5940,Ázsia kötvény eszközalap,2026-03-26,2.2553,2026-03-27,2.2593,0.0018,666.9775,1.0018,1.0378,3.78
5941,Aktív hozamfigyelõ vegyes eszközalap - D,2026-03-27,0.9189,2026-03-28,0.9135,-0.0059,281.1779,0.9941,0.9579,-4.21
5942,Euró likviditás eszközalap - D,2026-03-27,0.9189,2026-03-28,0.9187,-0.0002,275.8243,0.9998,0.9891,-1.09
5943,Európai ingatlancégek részv. eszközalap,2026-03-27,1.7413,2026-03-28,1.7211,-0.0116,554.0898,0.9884,0.9208,-7.92
5944,Európai kötvény eszközalap - D,2026-03-27,1.2122,2026-03-28,1.2072,-0.0041,367.2998,0.9959,0.9696,-3.04
5945,Európai részvény eszközalap,2026-03-27,2.6724,2026-03-28,2.6439,-0.0106,789.6183,0.9894,0.9719,-2.81
5946,Európai vállalati kötvény eszközalap,2026-03-27,1.3074,2026-03-28,1.3031,-0.0033,394.7004,0.9967,0.9844,-1.56
5947,Fejlõdõ piaci részvény ESG eszközalap-D,2026-03-27,1.1614,2026-03-28,1.1532,-0.0071,335.6609,0.9929,0.949,-5.1
5948,Fejlõdõ ázsiai részvény eszközalap,2026-03-27,2.7931,2026-03-28,2.7577,-0.0127,704.1465,0.9873,1.1816,18.16
5949,Fenntartható növekedés részvény eszk.,2026-03-27,2.8972,2026-03-28,2.8498,-0.0164,926.8548,0.9836,0.8568,-14.32
5950,Globális egészségügyi részvény eszk.,2026-03-27,3.3869,2026-03-28,3.3533,-0.0099,1014.7288,0.9901,1.018,1.8
5951,Globális növekedési részvény eszközalap,2026-03-27,2.023,2026-03-28,1.9889,-0.0169,648.6325,0.9831,0.8484,-15.16
5952,Kiegyensúlyozott vegyes eszközalap - D,2026-03-27,1.3974,2026-03-28,1.3847,-0.009,422.8097,0.991,0.9646,-3.54
5953,Latin-amerikai részvény eszközalap,2026-03-27,1.4002,2026-03-28,1.3852,-0.0107,361.6259,0.9893,1.1442,14.42
5954,Magas kötvény arányú vegyes eszk. - D,2026-03-27,1.0897,2026-03-28,1.0823,-0.0067,330.7401,0.9933,0.9662,-3.38
5955,Magas védelmû vegyes eszközalap,2026-03-27,1.1057,2026-03-28,1.1048,-0.0009,328.5567,0.9991,1.001,0.1
5956,Nemz. élelmiszeripari cégek rv. ea - D,2026-03-27,3.2961,2026-03-28,3.3059,0.003,959.2807,1.003,1.0508,5.08
5957,Nyersanyagpiaci részvény eszközalap,2026-03-27,1.5612,2026-03-28,1.5685,0.0047,427.5747,1.0047,1.0448,4.48
5958,Presztízs- és luxusmárkák rv. ea.,2026-03-27,3.2468,2026-03-28,3.2098,-0.0114,1057.7934,0.9886,0.9554,-4.46
5959,USA részvény eszközalap,2026-03-27,4.3703,2026-03-28,4.2932,-0.0176,1332.3244,0.9824,0.9078,-9.22
5960,Ázsia kötvény eszközalap,2026-03-27,2.2593,2026-03-28,2.2611,0.0008,669.2368,1.0008,1.0386,3.86
5961,Aktív hozamfigyelõ vegyes eszközalap - D,2026-03-28,0.9135,2026-03-28,0.9135,0.0,282.0914,1.0,0.9579,-4.21
5962,Euró likviditás eszközalap - D,2026-03-28,0.9187,2026-03-28,0.9187,0.0,276.743,1.0,0.9891,-1.09
5963,Európai ingatlancégek részv. eszközalap,2026-03-28,1.7211,2026-03-28,1.7211,0.0,555.8109,1.0,0.9208,-7.92
5964,Európai kötvény eszközalap - D,2026-03-28,1.2072,2026-03-28,1.2072,0.0,368.507,1.0,0.9696,-3.04
5965,Európai részvény eszközalap,2026-03-28,2.6439,2026-03-28,2.6439,0.0,792.2622,1.0,0.9719,-2.81
5966,Európai vállalati kötvény eszközalap,2026-03-28,1.3031,2026-03-28,1.3031,0.0,396.0035,1.0,0.9844,-1.56
5967,Fejlõdõ piaci részvény ESG eszközalap-D,2026-03-28,1.1532,2026-03-28,1.1532,0.0,336.8141,1.0,0.949,-5.1
5968,Fejlõdõ ázsiai részvény eszközalap,2026-03-28,2.7577,2026-03-28,2.7577,0.0,706.9042,1.0,1.1816,18.16
5969,Fenntartható növekedés részvény eszk.,2026-03-28,2.8498,2026-03-28,2.8498,0.0,929.7046,1.0,0.8568,-14.32
5970,Globális egészségügyi részvény eszk.,2026-03-28,3.3533,2026-03-28,3.3533,0.0,1018.0821,1.0,1.018,1.8
5971,Globális növekedési részvény eszközalap,2026-03-28,1.9889,2026-03-28,1.9889,0.0,650.6214,1.0,0.8484,-15.16
5972,Kiegyensúlyozott vegyes eszközalap - D,2026-03-28,1.3847,2026-03-28,1.3847,0.0,424.1944,1.0,0.9646,-3.54
5973,Latin-amerikai részvény eszközalap,2026-03-28,1.3852,2026-03-28,1.3852,0.0,363.0111,1.0,1.1442,14.42
5974,Magas kötvény arányú vegyes eszk. - D,2026-03-28,1.0823,2026-03-28,1.0823,0.0,331.8224,1.0,0.9662,-3.38
5975,Magas védelmû vegyes eszközalap,2026-03-28,1.1048,2026-03-28,1.1048,0.0,329.6615,1.0,1.001,0.1
5976,Nemz. élelmiszeripari cégek rv. ea - D,2026-03-28,3.3059,2026-03-28,3.3059,0.0,962.5866,1.0,1.0508,5.08
5977,Nyersanyagpiaci részvény eszközalap,2026-03-28,1.5685,2026-03-28,1.5685,0.0,429.1432,1.0,1.0448,4.48
5978,Presztízs- és luxusmárkák rv. ea.,2026-03-28,3.2098,2026-03-28,3.2098,0.0,1061.0032,1.0,0.9554,-4.46
5979,USA részvény eszközalap,2026-03-28,4.2932,2026-03-28,4.2932,0.0,1336.6176,1.0,0.9078,-9.22
5980,Ázsia kötvény eszközalap,2026-03-28,2.2611,2026-03-28,2.2611,0.0,671.4979,1.0,1.0386,3.86
5981,Aktív hozamfigyelõ vegyes eszközalap - D,2026-03-29,0.9135,2026-03-29,0.9135,0.0,283.0049,1.0,0.9579,-4.21
5982,Euró likviditás eszközalap - D,2026-03-29,0.9187,2026-03-29,0.9187,0.0,277.6617,1.0,0.9891,-1.09
5983,Európai ingatlancégek részv. eszközalap,2026-03-29,1.7211,2026-03-29,1.7211,0.0,557.532,1.0,0.9208,-7.92
5984,Európai kötvény eszközalap - D,2026-03-29,1.2072,2026-03-29,1.2072,0.0,369.7142,1.0,0.9696,-3.04
5985,Európai részvény eszközalap,2026-03-29,2.6439,2026-03-29,2.6439,0.0,794.9061,1.0,0.9719,-2.81
5986,Európai vállalati kötvény eszközalap,2026-03-29,1.3031,2026-03-29,1.3031,0.0,397.3066,1.0,0.9844,-1.56
5987,Fejlõdõ piaci részvény ESG eszközalap-D,2026-03-29,1.1532,2026-03-29,1.1532,0.0,337.9673,1.0,0.949,-5.1
5988,Fejlõdõ ázsiai részvény eszközalap,2026-03-29,2.7577,2026-03-29,2.7577,0.0,709.6619,1.0,1.1816,18.16
5989,Fenntartható növekedés részvény eszk.,2026-03-29,2.8498,2026-03-29,2.8498,0.0,932.5544,1.0,0.8568,-14.32
5990,Globális egészségügyi részvény eszk.,2026-03-29,3.3533,2026-03-29,3.3533,0.0,1021.4354,1.0,1.018,1.8
5991,Globális növekedési részvény eszközalap,2026-03-29,1.9889,2026-03-29,1.9889,0.0,652.6103,1.0,0.8484,-15.16
5992,Kiegyensúlyozott vegyes eszközalap - D,2026-03-29,1.3847,2026-03-29,1.3847,0.0,425.5791,1.0,0.9646,-3.54
5993,Latin-amerikai részvény eszközalap,2026-03-29,1.3852,2026-03-29,1.3852,0.0,364.3963,1.0,1.1442,14.42
5994,Magas kötvény arányú vegyes eszk. - D,2026-03-29,1.0823,2026-03-29,1.0823,0.0,332.9047,1.0,0.9662,-3.38
5995,Magas védelmû vegyes eszközalap,2026-03-29,1.1048,2026-03-29,1.1048,0.0,330.7663,1.0,1.001,0.1
5996,Nemz. élelmiszeripari cégek rv. ea - D,2026-03-29,3.3059,2026-03-29,3.3059,0.0,965.8925,1.0,1.0508,5.08
5997,Nyersanyagpiaci részvény eszközalap,2026-03-29,1.5685,2026-03-29,1.5685,0.0,430.7117,1.0,1.0448,4.48
5998,Presztízs- és luxusmárkák rv. ea.,2026-03-29,3.2098,2026-03-29,3.2098,0.0,1064.213,1.0,0.9554,-4.46
5999,USA részvény eszközalap,2026-03-29,4.2932,2026-03-29,4.2932,0.0,1340.9108,1.0,0.9078,-9.22
6000,Ázsia kötvény eszközalap,2026-03-29,2.2611,2026-03-29,2.2611,0.0,673.759,1.0,1.0386,3.86
6001,Aktív hozamfigyelõ vegyes eszközalap - D,2026-03-30,0.9135,2026-03-30,0.9135,0.0,283.9184,1.0,0.9579,-4.21
6002,Euró likviditás eszközalap - D,2026-03-30,0.9187,2026-03-30,0.9187,0.0,278.5804,1.0,0.9891,-1.09
6003,Európai ingatlancégek részv. eszközalap,2026-03-30,1.7211,2026-03-30,1.7211,0.0,559.2531,1.0,0.9208,-7.92
6004,Európai kötvény eszközalap - D,2026-03-30,1.2072,2026-03-30,1.2072,0.0,370.9214,1.0,0.9696,-3.04
6005,Európai részvény eszközalap,2026-03-30,2.6439,2026-03-30,2.6439,0.0,797.55,1.0,0.9719,-2.81
6006,Európai vállalati kötvény eszközalap,2026-03-30,1.3031,2026-03-30,1.3031,0.0,398.6097,1.0,0.9844,-1.56
6007,Fejlõdõ piaci részvény ESG eszközalap-D,2026-03-30,1.1532,2026-03-30,1.1532,0.0,339.1205,1.0,0.949,-5.1
6008,Fejlõdõ ázsiai részvény eszközalap,2026-03-30,2.7577,2026-03-30,2.7577,0.0,712.4196,1.0,1.1816,18.16
6009,Fenntartható növekedés részvény eszk.,2026-03-30,2.8498,2026-03-30,2.8498,0.0,935.4042,1.0,0.8568,-14.32
6010,Globális egészségügyi részvény eszk.,2026-03-30,3.3533,2026-03-30,3.3533,0.0,1024.7887,1.0,1.018,1.8
6011,Globális növekedési részvény eszközalap,2026-03-30,1.9889,2026-03-30,1.9889,0.0,654.5992,1.0,0.8484,-15.16
6012,Kiegyensúlyozott vegyes eszközalap - D,2026-03-30,1.3847,2026-03-30,1.3847,0.0,426.9638,1.0,0.9646,-3.54
6013,Latin-amerikai részvény eszközalap,2026-03-30,1.3852,2026-03-30,1.3852,0.0,365.7815,1.0,1.1442,14.42
6014,Magas kötvény arányú vegyes eszk. - D,2026-03-30,1.0823,2026-03-30,1.0823,0.0,333.987,1.0,0.9662,-3.38
6015,Magas védelmû vegyes eszközalap,2026-03-30,1.1048,2026-03-30,1.1048,0.0,331.8711,1.0,1.001,0.1
6016,Nemz. élelmiszeripari cégek rv. ea - D,2026-03-30,3.3059,2026-03-30,3.3059,0.0,969.1984,1.0,1.0508,5.08
6017,Nyersanyagpiaci részvény eszközalap,2026-03-30,1.5685,2026-03-30,1.5685,0.0,432.2802,1.0,1.0448,4.48
6018,Presztízs- és luxusmárkák rv. ea.,2026-03-30,3.2098,2026-03-30,3.2098,0.0,1067.4228,1.0,0.9554,-4.46
6019,USA részvény eszközalap,2026-03-30,4.2932,2026-03-30,4.2932,0.0,1345.204,1.0,0.9078,-9.22
6020,Ázsia kötvény eszközalap,2026-03-30,2.2611,2026-03-30,2.2611,0.0,676.0201,1.0,1.0386,3.86
6021,Aktív hozamfigyelõ vegyes eszközalap - D,2026-03-31,0.9165,2026-04-01,0.9231,0.0072,284.8349,1.0072,0.9648,-3.52
6022,Euró likviditás eszközalap - D,2026-03-31,0.9198,2026-04-01,0.9202,0.0004,279.5002,1.0004,0.9895,-1.05
6023,Európai ingatlancégek részv. eszközalap,2026-03-31,1.7549,2026-04-01,1.7587,0.0021,561.008,1.0021,0.9228,-7.72
6024,Európai kötvény eszközalap - D,2026-03-31,1.2139,2026-04-01,1.2153,0.0012,372.1353,1.0012,0.9708,-2.92
6025,Európai részvény eszközalap,2026-03-31,2.6582,2026-04-01,2.6763,0.0068,800.2082,1.0068,0.9785,-2.15
6026,Európai vállalati kötvény eszközalap,2026-03-31,1.3058,2026-04-01,1.3078,0.0015,399.9155,1.0015,0.9859,-1.41
6027,Fejlõdõ piaci részvény ESG eszközalap-D,2026-03-31,1.15,2026-04-01,1.1427,-0.0063,340.2705,0.9937,0.9431,-5.69
6028,Fejlõdõ ázsiai részvény eszközalap,2026-03-31,2.7549,2026-04-01,2.737,-0.0065,715.1745,0.9935,1.1739,17.39
6029,Fenntartható növekedés részvény eszk.,2026-03-31,2.8599,2026-04-01,2.9113,0.018,938.2641,1.018,0.8722,-12.78
6030,Globális egészségügyi részvény eszk.,2026-03-31,3.3453,2026-04-01,3.3945,0.0147,1028.134,1.0147,1.0329,3.29
6031,Globális növekedési részvény eszközalap,2026-03-31,1.9974,2026-04-01,2.0241,0.0134,656.5966,1.0134,0.8598,-14.02
6032,Kiegyensúlyozott vegyes eszközalap - D,2026-03-31,1.387,2026-04-01,1.3961,0.0066,428.3508,1.0066,0.9709,-2.91
6033,Latin-amerikai részvény eszközalap,2026-03-31,1.3946,2026-04-01,1.4033,0.0062,367.1761,1.0062,1.1513,15.13
6034,Magas kötvény arányú vegyes eszk. - D,2026-03-31,1.0858,2026-04-01,1.0905,0.0043,335.0728,1.0043,0.9704,-2.96
6035,Magas védelmû vegyes eszközalap,2026-03-31,1.1052,2026-04-01,1.1059,0.0006,332.9763,1.0006,1.0016,0.16
6036,Nemz. élelmiszeripari cégek rv. ea - D,2026-03-31,3.3494,2026-04-01,3.3046,-0.0134,972.5478,0.9866,1.0367,3.67
6037,Nyersanyagpiaci részvény eszközalap,2026-03-31,1.5998,2026-04-01,1.6019,0.0013,433.88,1.0013,1.0461,4.61
6038,Presztízs- és luxusmárkák rv. ea.,2026-03-31,3.2346,2026-04-01,3.2323,-0.0007,1070.6574,0.9993,0.9548,-4.52
6039,USA részvény eszközalap,2026-03-31,4.2928,2026-04-01,4.4015,0.0253,1349.4968,1.0253,0.9308,-6.92
6040,Ázsia kötvény eszközalap,2026-03-31,2.2674,2026-04-01,2.2761,0.0038,678.2875,1.0038,1.0426,4.26
6041,Aktív hozamfigyelõ vegyes eszközalap - D,2026-04-01,0.9231,2026-04-02,0.9268,0.004,285.758,1.004,0.9686,-3.14
6042,Euró likviditás eszközalap - D,2026-04-01,0.9202,2026-04-02,0.9209,0.0008,280.4204,1.0008,0.9903,-0.97
6043,Európai ingatlancégek részv. eszközalap,2026-04-01,1.7587,2026-04-02,1.8064,0.0272,562.7667,1.0272,0.9479,-5.21
6044,Európai kötvény eszközalap - D,2026-04-01,1.2153,2026-04-02,1.219,0.003,373.3506,1.003,0.9737,-2.63
6045,Európai részvény eszközalap,2026-04-01,2.6763,2026-04-02,2.7477,0.0267,802.8845,1.0267,1.0047,0.47
6046,Európai vállalati kötvény eszközalap,2026-04-01,1.3078,2026-04-02,1.3139,0.0047,401.2233,1.0047,0.9905,-0.95
6047,Fejlõdõ piaci részvény ESG eszközalap-D,2026-04-01,1.1427,2026-04-02,1.1861,0.0379,341.4132,1.0379,0.9788,-2.12
6048,Fejlõdõ ázsiai részvény eszközalap,2026-04-01,2.737,2026-04-02,2.803,0.0241,717.9115,1.0241,1.2022,20.22
6049,Fenntartható növekedés részvény eszk.,2026-04-01,2.9113,2026-04-02,2.9342,0.0079,941.1754,1.0079,0.8791,-12.09
6050,Globális egészségügyi részvény eszk.,2026-04-01,3.3945,2026-04-02,3.4354,0.012,1031.5285,1.012,1.0453,4.53
6051,Globális növekedési részvény eszközalap,2026-04-01,2.0241,2026-04-02,2.0437,0.0097,658.6207,1.0097,0.8681,-13.19
6052,Kiegyensúlyozott vegyes eszközalap - D,2026-04-01,1.3961,2026-04-02,1.4069,0.0077,429.7469,1.0077,0.9784,-2.16
6053,Latin-amerikai részvény eszközalap,2026-04-01,1.4033,2026-04-02,1.4503,0.0335,368.5794,1.0335,1.1898,18.98
6054,Magas kötvény arányú vegyes eszk. - D,2026-04-01,1.0905,2026-04-02,1.0963,0.0053,336.1633,1.0053,0.9755,-2.45
6055,Magas védelmû vegyes eszközalap,2026-04-01,1.1059,2026-04-02,1.109,0.0028,334.0822,1.0028,1.0044,0.44
6056,Nemz. élelmiszeripari cégek rv. ea - D,2026-04-01,3.3046,2026-04-02,3.2929,-0.0035,975.8524,0.9965,1.0331,3.31
6057,Nyersanyagpiaci részvény eszközalap,2026-04-01,1.6019,2026-04-02,1.6464,0.0278,435.4819,1.0278,1.0752,7.52
6058,Presztízs- és luxusmárkák rv. ea.,2026-04-01,3.2323,2026-04-02,3.3241,0.0284,1073.8897,1.0284,0.9819,-1.81
6059,USA részvény eszközalap,2026-04-01,4.4015,2026-04-02,4.3985,-0.0007,1353.8983,0.9993,0.9301,-6.99
6060,Ázsia kötvény eszközalap,2026-04-01,2.2761,2026-04-02,2.2596,-0.0072,680.5636,0.9928,1.0351,3.51
6061,Aktív hozamfigyelõ vegyes eszközalap - D,2026-04-02,0.9268,2026-04-03,0.9281,0.0014,286.6848,1.0014,0.97,-3.0
6062,Euró likviditás eszközalap - D,2026-04-02,0.9209,2026-04-03,0.9207,-0.0002,281.3413,0.9998,0.9901,-0.99
6063,Európai ingatlancégek részv. eszközalap,2026-04-02,1.8064,2026-04-03,1.8172,0.006,564.5731,1.006,0.9536,-4.64
6064,Európai kötvény eszközalap - D,2026-04-02,1.219,2026-04-03,1.2188,-0.0001,374.5696,0.9999,0.9736,-2.64
6065,Európai részvény eszközalap,2026-04-02,2.7477,2026-04-03,2.7345,-0.0048,805.6322,0.9952,0.9998,-0.02
6066,Európai vállalati kötvény eszközalap,2026-04-02,1.3139,2026-04-03,1.3137,-0.0002,402.5372,0.9998,0.9903,-0.97
6067,Fejlõdõ piaci részvény ESG eszközalap-D,2026-04-02,1.1861,2026-04-03,1.1746,-0.0096,342.5993,0.9904,0.9694,-3.06
6068,Fejlõdõ ázsiai részvény eszközalap,2026-04-02,2.803,2026-04-03,2.7715,-0.0112,720.7145,0.9888,1.1888,18.88
6069,Fenntartható növekedés részvény eszk.,2026-04-02,2.9342,2026-04-03,2.9491,0.0051,944.1096,1.0051,0.8836,-11.64
6070,Globális egészségügyi részvény eszk.,2026-04-02,3.4354,2026-04-03,3.4251,-0.003,1034.9639,0.997,1.0422,4.22
6071,Globális növekedési részvény eszközalap,2026-04-02,2.0437,2026-04-03,2.0424,-0.0006,660.6644,0.9994,0.8676,-13.24
6072,Kiegyensúlyozott vegyes eszközalap - D,2026-04-02,1.4069,2026-04-03,1.4092,0.0016,431.1538,1.0016,0.98,-2.0
6073,Latin-amerikai részvény eszközalap,2026-04-02,1.4503,2026-04-03,1.4597,0.0065,370.0297,1.0065,1.1976,19.76
6074,Magas kötvény arányú vegyes eszk. - D,2026-04-02,1.0963,2026-04-03,1.0972,0.0008,337.2596,1.0008,0.9763,-2.37
6075,Magas védelmû vegyes eszközalap,2026-04-02,1.109,2026-04-03,1.1083,-0.0006,335.1912,0.9994,1.0038,0.38
6076,Nemz. élelmiszeripari cégek rv. ea - D,2026-04-02,3.2929,2026-04-03,3.3178,0.0075,979.1453,1.0075,1.0408,4.08
6077,Nyersanyagpiaci részvény eszközalap,2026-04-02,1.6464,2026-04-03,1.6386,-0.0048,437.1283,0.9952,1.0701,7.01
6078,Presztízs- és luxusmárkák rv. ea.,2026-04-02,3.3241,2026-04-03,3.3132,-0.0033,1077.2138,0.9967,0.9786,-2.14
6079,USA részvény eszközalap,2026-04-02,4.3985,2026-04-03,4.4294,0.007,1358.2968,1.007,0.9366,-6.34
6080,Ázsia kötvény eszközalap,2026-04-02,2.2596,2026-04-03,2.2664,0.003,682.8232,1.003,1.0382,3.82
6081,Aktív hozamfigyelõ vegyes eszközalap - D,2026-04-03,0.9281,2026-04-03,0.9281,0.0,287.6129,1.0,0.97,-3.0
6082,Euró likviditás eszközalap - D,2026-04-03,0.9207,2026-04-03,0.9207,0.0,282.262,1.0,0.9901,-0.99
6083,Európai ingatlancégek részv. eszközalap,2026-04-03,1.8172,2026-04-03,1.8172,0.0,566.3903,1.0,0.9536,-4.64
6084,Európai kötvény eszközalap - D,2026-04-03,1.2188,2026-04-03,1.2188,0.0,375.7884,1.0,0.9736,-2.64
6085,Európai részvény eszközalap,2026-04-03,2.7345,2026-04-03,2.7345,0.0,808.3667,1.0,0.9998,-0.02
6086,Európai vállalati kötvény eszközalap,2026-04-03,1.3137,2026-04-03,1.3137,0.0,403.8509,1.0,0.9903,-0.97
6087,Fejlõdõ piaci részvény ESG eszközalap-D,2026-04-03,1.1746,2026-04-03,1.1746,0.0,343.7739,1.0,0.9694,-3.06
6088,Fejlõdõ ázsiai részvény eszközalap,2026-04-03,2.7715,2026-04-03,2.7715,0.0,723.486,1.0,1.1888,18.88
6089,Fenntartható növekedés részvény eszk.,2026-04-03,2.9491,2026-04-03,2.9491,0.0,947.0587,1.0,0.8836,-11.64
6090,Globális egészségügyi részvény eszk.,2026-04-03,3.4251,2026-04-03,3.4251,0.0,1038.389,1.0,1.0422,4.22
6091,Globális növekedési részvény eszközalap,2026-04-03,2.0424,2026-04-03,2.0424,0.0,662.7068,1.0,0.8676,-13.24
6092,Kiegyensúlyozott vegyes eszközalap - D,2026-04-03,1.4092,2026-04-03,1.4092,0.0,432.563,1.0,0.98,-2.0
6093,Latin-amerikai részvény eszközalap,2026-04-03,1.4597,2026-04-03,1.4597,0.0,371.4894,1.0,1.1976,19.76
6094,Magas kötvény arányú vegyes eszk. - D,2026-04-03,1.0972,2026-04-03,1.0972,0.0,338.3568,1.0,0.9763,-2.37
6095,Magas védelmû vegyes eszközalap,2026-04-03,1.1083,2026-04-03,1.1083,0.0,336.2995,1.0,1.0038,0.38
6096,Nemz. élelmiszeripari cégek rv. ea - D,2026-04-03,3.3178,2026-04-03,3.3178,0.0,982.4631,1.0,1.0408,4.08
6097,Nyersanyagpiaci részvény eszközalap,2026-04-03,1.6386,2026-04-03,1.6386,0.0,438.7669,1.0,1.0701,7.01
6098,Presztízs- és luxusmárkák rv. ea.,2026-04-03,3.3132,2026-04-03,3.3132,0.0,1080.527,1.0,0.9786,-2.14
6099,USA részvény eszközalap,2026-04-03,4.4294,2026-04-03,4.4294,0.0,1362.7262,1.0,0.9366,-6.34
6100,Ázsia kötvény eszközalap,2026-04-03,2.2664,2026-04-03,2.2664,0.0,685.0896,1.0,1.0382,3.82
6101,Aktív hozamfigyelõ vegyes eszközalap - D,2026-04-04,0.9281,2026-04-04,0.9281,0.0,288.541,1.0,0.97,-3.0
6102,Euró likviditás eszközalap - D,2026-04-04,0.9207,2026-04-04,0.9207,0.0,283.1827,1.0,0.9901,-0.99
6103,Európai ingatlancégek részv. eszközalap,2026-04-04,1.8172,2026-04-04,1.8172,0.0,568.2075,1.0,0.9536,-4.64
6104,Európai kötvény eszközalap - D,2026-04-04,1.2188,2026-04-04,1.2188,0.0,377.0072,1.0,0.9736,-2.64
6105,Európai részvény eszközalap,2026-04-04,2.7345,2026-04-04,2.7345,0.0,811.1012,1.0,0.9998,-0.02
6106,Európai vállalati kötvény eszközalap,2026-04-04,1.3137,2026-04-04,1.3137,0.0,405.1646,1.0,0.9903,-0.97
6107,Fejlõdõ piaci részvény ESG eszközalap-D,2026-04-04,1.1746,2026-04-04,1.1746,0.0,344.9485,1.0,0.9694,-3.06
6108,Fejlõdõ ázsiai részvény eszközalap,2026-04-04,2.7715,2026-04-04,2.7715,0.0,726.2575,1.0,1.1888,18.88
6109,Fenntartható növekedés részvény eszk.,2026-04-04,2.9491,2026-04-04,2.9491,0.0,950.0078,1.0,0.8836,-11.64
6110,Globális egészségügyi részvény eszk.,2026-04-04,3.4251,2026-04-04,3.4251,0.0,1041.8141,1.0,1.0422,4.22
6111,Globális növekedési részvény eszközalap,2026-04-04,2.0424,2026-04-04,2.0424,0.0,664.7492,1.0,0.8676,-13.24
6112,Kiegyensúlyozott vegyes eszközalap - D,2026-04-04,1.4092,2026-04-04,1.4092,0.0,433.9722,1.0,0.98,-2.0
6113,Latin-amerikai részvény eszközalap,2026-04-04,1.4597,2026-04-04,1.4597,0.0,372.9491,1.0,1.1976,19.76
6114,Magas kötvény arányú vegyes eszk. - D,2026-04-04,1.0972,2026-04-04,1.0972,0.0,339.454,1.0,0.9763,-2.37
6115,Magas védelmû vegyes eszközalap,2026-04-04,1.1083,2026-04-04,1.1083,0.0,337.4078,1.0,1.0038,0.38
6116,Nemz. élelmiszeripari cégek rv. ea - D,2026-04-04,3.3178,2026-04-04,3.3178,0.0,985.7809,1.0,1.0408,4.08
6117,Nyersanyagpiaci részvény eszközalap,2026-04-04,1.6386,2026-04-04,1.6386,0.0,440.4055,1.0,1.0701,7.01
6118,Presztízs- és luxusmárkák rv. ea.,2026-04-04,3.3132,2026-04-04,3.3132,0.0,1083.8402,1.0,0.9786,-2.14
6119,USA részvény eszközalap,2026-04-04,4.4294,2026-04-04,4.4294,0.0,1367.1556,1.0,0.9366,-6.34
6120,Ázsia kötvény eszközalap,2026-04-04,2.2664,2026-04-04,2.2664,0.0,687.356,1.0,1.0382,3.82
6121,Aktív hozamfigyelõ vegyes eszközalap - D,2026-04-05,0.9281,2026-04-05,0.9281,0.0,289.4691,1.0,0.97,-3.0
6122,Euró likviditás eszközalap - D,2026-04-05,0.9207,2026-04-05,0.9207,0.0,284.1034,1.0,0.9901,-0.99
6123,Európai ingatlancégek részv. eszközalap,2026-04-05,1.8172,2026-04-05,1.8172,0.0,570.0247,1.0,0.9536,-4.64
6124,Európai kötvény eszközalap - D,2026-04-05,1.2188,2026-04-05,1.2188,0.0,378.226,1.0,0.9736,-2.64
6125,Európai részvény eszközalap,2026-04-05,2.7345,2026-04-05,2.7345,0.0,813.8357,1.0,0.9998,-0.02
6126,Európai vállalati kötvény eszközalap,2026-04-05,1.3137,2026-04-05,1.3137,0.0,406.4783,1.0,0.9903,-0.97
6127,Fejlõdõ piaci részvény ESG eszközalap-D,2026-04-05,1.1746,2026-04-05,1.1746,0.0,346.1231,1.0,0.9694,-3.06
6128,Fejlõdõ ázsiai részvény eszközalap,2026-04-05,2.7715,2026-04-05,2.7715,0.0,729.029,1.0,1.1888,18.88
6129,Fenntartható növekedés részvény eszk.,2026-04-05,2.9491,2026-04-05,2.9491,0.0,952.9569,1.0,0.8836,-11.64
6130,Globális egészségügyi részvény eszk.,2026-04-05,3.4251,2026-04-05,3.4251,0.0,1045.2392,1.0,1.0422,4.22
6131,Globális növekedési részvény eszközalap,2026-04-05,2.0424,2026-04-05,2.0424,0.0,666.7916,1.0,0.8676,-13.24
6132,Kiegyensúlyozott vegyes eszközalap - D,2026-04-05,1.4092,2026-04-05,1.4092,0.0,435.3814,1.0,0.98,-2.0
6133,Latin-amerikai részvény eszközalap,2026-04-05,1.4597,2026-04-05,1.4597,0.0,374.4088,1.0,1.1976,19.76
6134,Magas kötvény arányú vegyes eszk. - D,2026-04-05,1.0972,2026-04-05,1.0972,0.0,340.5512,1.0,0.9763,-2.37
6135,Magas védelmû vegyes eszközalap,2026-04-05,1.1083,2026-04-05,1.1083,0.0,338.5161,1.0,1.0038,0.38
6136,Nemz. élelmiszeripari cégek rv. ea - D,2026-04-05,3.3178,2026-04-05,3.3178,0.0,989.0987,1.0,1.0408,4.08
6137,Nyersanyagpiaci részvény eszközalap,2026-04-05,1.6386,2026-04-05,1.6386,0.0,442.0441,1.0,1.0701,7.01
6138,Presztízs- és luxusmárkák rv. ea.,2026-04-05,3.3132,2026-04-05,3.3132,0.0,1087.1534,1.0,0.9786,-2.14
6139,USA részvény eszközalap,2026-04-05,4.4294,2026-04-05,4.4294,0.0,1371.585,1.0,0.9366,-6.34
6140,Ázsia kötvény eszközalap,2026-04-05,2.2664,2026-04-05,2.2664,0.0,689.6224,1.0,1.0382,3.82
6141,Aktív hozamfigyelõ vegyes eszközalap - D,2026-04-06,0.9281,2026-04-06,0.9281,0.0,290.3972,1.0,0.97,-3.0
6142,Euró likviditás eszközalap - D,2026-04-06,0.9207,2026-04-06,0.9207,0.0,285.0241,1.0,0.9901,-0.99
6143,Európai ingatlancégek részv. eszközalap,2026-04-06,1.8172,2026-04-06,1.8172,0.0,571.8419,1.0,0.9536,-4.64
6144,Európai kötvény eszközalap - D,2026-04-06,1.2188,2026-04-06,1.2188,0.0,379.4448,1.0,0.9736,-2.64
6145,Európai részvény eszközalap,2026-04-06,2.7345,2026-04-06,2.7345,0.0,816.5702,1.0,0.9998,-0.02
6146,Európai vállalati kötvény eszközalap,2026-04-06,1.3137,2026-04-06,1.3137,0.0,407.792,1.0,0.9903,-0.97
6147,Fejlõdõ piaci részvény ESG eszközalap-D,2026-04-06,1.1746,2026-04-06,1.1746,0.0,347.2977,1.0,0.9694,-3.06
6148,Fejlõdõ ázsiai részvény eszközalap,2026-04-06,2.7715,2026-04-06,2.7715,0.0,731.8005,1.0,1.1888,18.88
6149,Fenntartható növekedés részvény eszk.,2026-04-06,2.9491,2026-04-06,2.9491,0.0,955.906,1.0,0.8836,-11.64
6150,Globális egészségügyi részvény eszk.,2026-04-06,3.4251,2026-04-06,3.4251,0.0,1048.6643,1.0,1.0422,4.22
6151,Globális növekedési részvény eszközalap,2026-04-06,2.0424,2026-04-06,2.0424,0.0,668.834,1.0,0.8676,-13.24
6152,Kiegyensúlyozott vegyes eszközalap - D,2026-04-06,1.4092,2026-04-06,1.4092,0.0,436.7906,1.0,0.98,-2.0
6153,Latin-amerikai részvény eszközalap,2026-04-06,1.4597,2026-04-06,1.4597,0.0,375.8685,1.0,1.1976,19.76
6154,Magas kötvény arányú vegyes eszk. - D,2026-04-06,1.0972,2026-04-06,1.0972,0.0,341.6484,1.0,0.9763,-2.37
6155,Magas védelmû vegyes eszközalap,2026-04-06,1.1083,2026-04-06,1.1083,0.0,339.6244,1.0,1.0038,0.38
6156,Nemz. élelmiszeripari cégek rv. ea - D,2026-04-06,3.3178,2026-04-06,3.3178,0.0,992.4165,1.0,1.0408,4.08
6157,Nyersanyagpiaci részvény eszközalap,2026-04-06,1.6386,2026-04-06,1.6386,0.0,443.6827,1.0,1.0701,7.01
6158,Presztízs- és luxusmárkák rv. ea.,2026-04-06,3.3132,2026-04-06,3.3132,0.0,1090.4666,1.0,0.9786,-2.14
6159,USA részvény eszközalap,2026-04-06,4.4294,2026-04-06,4.4294,0.0,1376.0144,1.0,0.9366,-6.34
6160,Ázsia kötvény eszközalap,2026-04-06,2.2664,2026-04-06,2.2664,0.0,691.8888,1.0,1.0382,3.82
6161,Aktív hozamfigyelõ vegyes eszközalap - D,2026-04-07,0.9281,2026-04-07,0.9281,0.0,291.3253,1.0,0.97,-3.0
6162,Euró likviditás eszközalap - D,2026-04-07,0.9207,2026-04-07,0.9207,0.0,285.9448,1.0,0.9901,-0.99
6163,Európai ingatlancégek részv. eszközalap,2026-04-07,1.8172,2026-04-07,1.8172,0.0,573.6591,1.0,0.9536,-4.64
6164,Európai kötvény eszközalap - D,2026-04-07,1.2188,2026-04-07,1.2188,0.0,380.6636,1.0,0.9736,-2.64
6165,Európai részvény eszközalap,2026-04-07,2.7345,2026-04-07,2.7345,0.0,819.3047,1.0,0.9998,-0.02
6166,Európai vállalati kötvény eszközalap,2026-04-07,1.3137,2026-04-07,1.3137,0.0,409.1057,1.0,0.9903,-0.97
6167,Fejlõdõ piaci részvény ESG eszközalap-D,2026-04-07,1.1746,2026-04-07,1.1746,0.0,348.4723,1.0,0.9694,-3.06
6168,Fejlõdõ ázsiai részvény eszközalap,2026-04-07,2.7715,2026-04-07,2.7715,0.0,734.572,1.0,1.1888,18.88
6169,Fenntartható növekedés részvény eszk.,2026-04-07,2.9491,2026-04-07,2.9491,0.0,958.8551,1.0,0.8836,-11.64
6170,Globális egészségügyi részvény eszk.,2026-04-07,3.4251,2026-04-07,3.4251,0.0,1052.0894,1.0,1.0422,4.22
6171,Globális növekedési részvény eszközalap,2026-04-07,2.0424,2026-04-07,2.0424,0.0,670.8764,1.0,0.8676,-13.24
6172,Kiegyensúlyozott vegyes eszközalap - D,2026-04-07,1.4092,2026-04-07,1.4092,0.0,438.1998,1.0,0.98,-2.0
6173,Latin-amerikai részvény eszközalap,2026-04-07,1.4597,2026-04-07,1.4597,0.0,377.3282,1.0,1.1976,19.76
6174,Magas kötvény arányú vegyes eszk. - D,2026-04-07,1.0972,2026-04-07,1.0972,0.0,342.7456,1.0,0.9763,-2.37
6175,Magas védelmû vegyes eszközalap,2026-04-07,1.1083,2026-04-07,1.1083,0.0,340.7327,1.0,1.0038,0.38
6176,Nemz. élelmiszeripari cégek rv. ea - D,2026-04-07,3.3178,2026-04-07,3.3178,0.0,995.7343,1.0,1.0408,4.08
6177,Nyersanyagpiaci részvény eszközalap,2026-04-07,1.6386,2026-04-07,1.6386,0.0,445.3213,1.0,1.0701,7.01
6178,Presztízs- és luxusmárkák rv. ea.,2026-04-07,3.3132,2026-04-07,3.3132,0.0,1093.7798,1.0,0.9786,-2.14
6179,USA részvény eszközalap,2026-04-07,4.4294,2026-04-07,4.4294,0.0,1380.4438,1.0,0.9366,-6.34
6180,Ázsia kötvény eszközalap,2026-04-07,2.2664,2026-04-07,2.2664,0.0,694.1552,1.0,1.0382,3.82
6181,Aktív hozamfigyelõ vegyes eszközalap - D,2026-04-08,0.9262,2026-04-09,0.9386,0.0135,292.2515,1.0135,0.9831,-1.69
6182,Euró likviditás eszközalap - D,2026-04-08,0.919,2026-04-09,0.9234,0.0048,286.8638,1.0048,0.9949,-0.51
6183,Európai ingatlancégek részv. eszközalap,2026-04-08,1.7922,2026-04-09,1.8627,0.0394,575.4513,1.0394,0.9911,-0.89
6184,Európai kötvény eszközalap - D,2026-04-08,1.2111,2026-04-09,1.2271,0.0132,381.8747,1.0132,0.9865,-1.35
6185,Európai részvény eszközalap,2026-04-08,2.7108,2026-04-09,2.8353,0.0459,822.0155,1.0459,1.0457,4.57
6186,Európai vállalati kötvény eszközalap,2026-04-08,1.3084,2026-04-09,1.3239,0.0118,410.4141,1.0118,1.002,0.2
6187,Fejlõdõ piaci részvény ESG eszközalap-D,2026-04-08,1.1682,2026-04-09,1.2293,0.0523,349.6405,1.0523,1.0201,2.01
6188,Fejlõdõ ázsiai részvény eszközalap,2026-04-08,2.7712,2026-04-09,2.9313,0.0578,737.3432,1.0578,1.2575,25.75
6189,Fenntartható növekedés részvény eszk.,2026-04-08,2.9369,2026-04-09,3.0038,0.0228,961.792,1.0228,0.9038,-9.62
6190,Globális egészségügyi részvény eszk.,2026-04-08,3.3735,2026-04-09,3.4451,0.0212,1055.4629,1.0212,1.0643,6.43
6191,Globális növekedési részvény eszközalap,2026-04-08,2.0373,2026-04-09,2.095,0.0284,672.9137,1.0284,0.8923,-10.77
6192,Kiegyensúlyozott vegyes eszközalap - D,2026-04-08,1.4048,2026-04-09,1.4295,0.0176,439.6046,1.0176,0.9972,-0.28
6193,Latin-amerikai részvény eszközalap,2026-04-08,1.4328,2026-04-09,1.4823,0.0345,378.761,1.0345,1.2389,23.89
6194,Magas kötvény arányú vegyes eszk. - D,2026-04-08,1.092,2026-04-09,1.1089,0.0155,343.8376,1.0155,0.9914,-0.86
6195,Magas védelmû vegyes eszközalap,2026-04-08,1.1072,2026-04-09,1.1124,0.0047,341.8399,1.0047,1.0085,0.85
6196,Nemz. élelmiszeripari cégek rv. ea - D,2026-04-08,3.3023,2026-04-09,3.3198,0.0053,999.0366,1.0053,1.0463,4.63
6197,Nyersanyagpiaci részvény eszközalap,2026-04-08,1.6211,2026-04-09,1.673,0.032,446.9424,1.032,1.1043,10.43
6198,Presztízs- és luxusmárkák rv. ea.,2026-04-08,3.2419,2026-04-09,3.4099,0.0518,1097.0217,1.0518,1.0293,2.93
6199,USA részvény eszközalap,2026-04-08,4.4524,2026-04-09,4.5143,0.0139,1384.8962,1.0139,0.9497,-5.03
6200,Ázsia kötvény eszközalap,2026-04-08,2.2599,2026-04-09,2.2521,-0.0034,696.4151,0.9966,1.0346,3.46
6201,Aktív hozamfigyelõ vegyes eszközalap - D,2026-04-09,0.9386,2026-04-10,0.9378,-0.0009,293.1901,0.9991,0.9822,-1.78
6202,Euró likviditás eszközalap - D,2026-04-09,0.9234,2026-04-10,0.9221,-0.0014,287.7872,0.9986,0.9935,-0.65
6203,Európai ingatlancégek részv. eszközalap,2026-04-09,1.8627,2026-04-10,1.8604,-0.0012,577.314,0.9988,0.9899,-1.01
6204,Európai kötvény eszközalap - D,2026-04-09,1.2271,2026-04-10,1.2208,-0.0052,383.1018,0.9948,0.9813,-1.87
6205,Európai részvény eszközalap,2026-04-09,2.8353,2026-04-10,2.831,-0.0015,824.8508,0.9985,1.0442,4.42
6206,Európai vállalati kötvény eszközalap,2026-04-09,1.3239,2026-04-10,1.3191,-0.0036,411.738,0.9964,0.9984,-0.16
6207,Fejlõdõ piaci részvény ESG eszközalap-D,2026-04-09,1.2293,2026-04-10,1.2231,-0.005,350.8698,0.995,1.015,1.5
6208,Fejlõdõ ázsiai részvény eszközalap,2026-04-09,2.9313,2026-04-10,2.9352,0.0013,740.2745,1.0013,1.2591,25.91
6209,Fenntartható növekedés részvény eszk.,2026-04-09,3.0038,2026-04-10,3.013,0.0031,964.7958,1.0031,0.9066,-9.34
6210,Globális egészségügyi részvény eszk.,2026-04-09,3.4451,2026-04-10,3.445,0.0,1058.908,1.0,1.0643,6.43
6211,Globális növekedési részvény eszközalap,2026-04-09,2.095,2026-04-10,2.0837,-0.0054,675.0087,0.9946,0.8874,-11.26
6212,Kiegyensúlyozott vegyes eszközalap - D,2026-04-09,1.4295,2026-04-10,1.4299,0.0003,441.0341,1.0003,0.9975,-0.25
6213,Latin-amerikai részvény eszközalap,2026-04-09,1.4823,2026-04-10,1.494,0.0079,380.2433,1.0079,1.2487,24.87
6214,Magas kötvény arányú vegyes eszk. - D,2026-04-09,1.1089,2026-04-10,1.1063,-0.0023,344.9465,0.9977,0.9891,-1.09
6215,Magas védelmû vegyes eszközalap,2026-04-09,1.1124,2026-04-10,1.1121,-0.0003,342.9523,0.9997,1.0082,0.82
6216,Nemz. élelmiszeripari cégek rv. ea - D,2026-04-09,3.3198,2026-04-10,3.3359,0.0048,1002.3564,1.0048,1.0513,5.13
6217,Nyersanyagpiaci részvény eszközalap,2026-04-09,1.673,2026-04-10,1.6737,0.0004,448.6154,1.0004,1.1047,10.47
6218,Presztízs- és luxusmárkák rv. ea.,2026-04-09,3.4099,2026-04-10,3.3762,-0.0099,1100.4316,0.9901,1.0191,1.91
6219,USA részvény eszközalap,2026-04-09,4.5143,2026-04-10,4.5453,0.0069,1389.4105,1.0069,0.9562,-4.38
6220,Ázsia kötvény eszközalap,2026-04-09,2.2521,2026-04-10,2.2541,0.0009,698.6672,1.0009,1.0356,3.56
6221,Aktív hozamfigyelõ vegyes eszközalap - D,2026-04-10,0.9378,2026-04-11,0.937,-0.0009,294.1279,0.9991,0.9813,-1.87
6222,Euró likviditás eszközalap - D,2026-04-10,0.9221,2026-04-11,0.922,-0.0001,288.7093,0.9999,0.9934,-0.66
6223,Európai ingatlancégek részv. eszközalap,2026-04-10,1.8604,2026-04-11,1.86,-0.0002,579.1744,0.9998,0.9897,-1.03
6224,Európai kötvény eszközalap - D,2026-04-10,1.2208,2026-04-11,1.2202,-0.0005,384.3226,0.9995,0.9808,-1.92
6225,Európai részvény eszközalap,2026-04-10,2.831,2026-04-11,2.844,0.0046,827.6818,1.0046,1.049,4.9
6226,Európai vállalati kötvény eszközalap,2026-04-10,1.3191,2026-04-11,1.3186,-0.0004,413.0571,0.9996,0.998,-0.2
6227,Fejlõdõ piaci részvény ESG eszközalap-D,2026-04-10,1.2231,2026-04-11,1.2363,0.0108,352.0929,1.0108,1.026,2.6
6228,Fejlõdõ ázsiai részvény eszközalap,2026-04-10,2.9352,2026-04-11,2.9542,0.0065,743.2097,1.0065,1.2673,26.73
6229,Fenntartható növekedés részvény eszk.,2026-04-10,3.013,2026-04-11,3.0086,-0.0015,967.8088,0.9985,0.9052,-9.48
6230,Globális egészségügyi részvény eszk.,2026-04-10,3.445,2026-04-11,3.4527,0.0022,1062.353,1.0022,1.0666,6.66
6231,Globális növekedési részvény eszközalap,2026-04-10,2.0837,2026-04-11,2.0824,-0.0006,677.0924,0.9994,0.8869,-11.31
6232,Kiegyensúlyozott vegyes eszközalap - D,2026-04-10,1.4299,2026-04-11,1.4295,-0.0003,442.464,0.9997,0.9972,-0.28
6233,Latin-amerikai részvény eszközalap,2026-04-10,1.494,2026-04-11,1.5202,0.0176,381.7373,1.0176,1.2706,27.06
6234,Magas kötvény arányú vegyes eszk. - D,2026-04-10,1.1063,2026-04-11,1.1056,-0.0007,346.0528,0.9993,0.9885,-1.15
6235,Magas védelmû vegyes eszközalap,2026-04-10,1.1121,2026-04-11,1.1134,0.0012,344.0644,1.0012,1.0094,0.94
6236,Nemz. élelmiszeripari cégek rv. ea - D,2026-04-10,3.3359,2026-04-11,3.3078,-0.0084,1005.6923,0.9916,1.0425,4.25
6237,Nyersanyagpiaci részvény eszközalap,2026-04-10,1.6737,2026-04-11,1.693,0.0116,450.2891,1.0116,1.1176,11.76
6238,Presztízs- és luxusmárkák rv. ea.,2026-04-10,3.3762,2026-04-11,3.3965,0.006,1103.8078,1.006,1.0253,2.53
6239,USA részvény eszközalap,2026-04-10,4.5453,2026-04-11,4.5259,-0.0043,1393.9558,0.9957,0.9521,-4.79
6240,Ázsia kötvény eszközalap,2026-04-10,2.2541,2026-04-11,2.2536,-0.0002,700.9213,0.9998,1.0354,3.54
6241,Aktív hozamfigyelõ vegyes eszközalap - D,2026-04-11,0.937,2026-04-11,0.937,0.0,295.0649,1.0,0.9813,-1.87
6242,Euró likviditás eszközalap - D,2026-04-11,0.922,2026-04-11,0.922,0.0,289.6313,1.0,0.9934,-0.66
6243,Európai ingatlancégek részv. eszközalap,2026-04-11,1.86,2026-04-11,1.86,0.0,581.0344,1.0,0.9897,-1.03
6244,Európai kötvény eszközalap - D,2026-04-11,1.2202,2026-04-11,1.2202,0.0,385.5428,1.0,0.9808,-1.92
6245,Európai részvény eszközalap,2026-04-11,2.844,2026-04-11,2.844,0.0,830.5258,1.0,1.049,4.9
6246,Európai vállalati kötvény eszközalap,2026-04-11,1.3186,2026-04-11,1.3186,0.0,414.3757,1.0,0.998,-0.2
6247,Fejlõdõ piaci részvény ESG eszközalap-D,2026-04-11,1.2363,2026-04-11,1.2363,0.0,353.3292,1.0,1.026,2.6
6248,Fejlõdõ ázsiai részvény eszközalap,2026-04-11,2.9542,2026-04-11,2.9542,0.0,746.1639,1.0,1.2673,26.73
6249,Fenntartható növekedés részvény eszk.,2026-04-11,3.0086,2026-04-11,3.0086,0.0,970.8174,1.0,0.9052,-9.48
6250,Globális egészségügyi részvény eszk.,2026-04-11,3.4527,2026-04-11,3.4527,0.0,1065.8057,1.0,1.0666,6.66
6251,Globális növekedési részvény eszközalap,2026-04-11,2.0824,2026-04-11,2.0824,0.0,679.1748,1.0,0.8869,-11.31
6252,Kiegyensúlyozott vegyes eszközalap - D,2026-04-11,1.4295,2026-04-11,1.4295,0.0,443.8935,1.0,0.9972,-0.28
6253,Latin-amerikai részvény eszközalap,2026-04-11,1.5202,2026-04-11,1.5202,0.0,383.2575,1.0,1.2706,27.06
6254,Magas kötvény arányú vegyes eszk. - D,2026-04-11,1.1056,2026-04-11,1.1056,0.0,347.1584,1.0,0.9885,-1.15
6255,Magas védelmû vegyes eszközalap,2026-04-11,1.1134,2026-04-11,1.1134,0.0,345.1778,1.0,1.0094,0.94
6256,Nemz. élelmiszeripari cégek rv. ea - D,2026-04-11,3.3078,2026-04-11,3.3078,0.0,1009.0001,1.0,1.0425,4.25
6257,Nyersanyagpiaci részvény eszközalap,2026-04-11,1.693,2026-04-11,1.693,0.0,451.9821,1.0,1.1176,11.76
6258,Presztízs- és luxusmárkák rv. ea.,2026-04-11,3.3965,2026-04-11,3.3965,0.0,1107.2043,1.0,1.0253,2.53
6259,USA részvény eszközalap,2026-04-11,4.5259,2026-04-11,4.5259,0.0,1398.4817,1.0,0.9521,-4.79
6260,Ázsia kötvény eszközalap,2026-04-11,2.2536,2026-04-11,2.2536,0.0,703.1749,1.0,1.0354,3.54
6261,Aktív hozamfigyelõ vegyes eszközalap - D,2026-04-12,0.937,2026-04-12,0.937,0.0,296.0019,1.0,0.9813,-1.87
6262,Euró likviditás eszközalap - D,2026-04-12,0.922,2026-04-12,0.922,0.0,290.5533,1.0,0.9934,-0.66
6263,Európai ingatlancégek részv. eszközalap,2026-04-12,1.86,2026-04-12,1.86,0.0,582.8944,1.0,0.9897,-1.03
6264,Európai kötvény eszközalap - D,2026-04-12,1.2202,2026-04-12,1.2202,0.0,386.763,1.0,0.9808,-1.92
6265,Európai részvény eszközalap,2026-04-12,2.844,2026-04-12,2.844,0.0,833.3698,1.0,1.049,4.9
6266,Európai vállalati kötvény eszközalap,2026-04-12,1.3186,2026-04-12,1.3186,0.0,415.6943,1.0,0.998,-0.2
6267,Fejlõdõ piaci részvény ESG eszközalap-D,2026-04-12,1.2363,2026-04-12,1.2363,0.0,354.5655,1.0,1.026,2.6
6268,Fejlõdõ ázsiai részvény eszközalap,2026-04-12,2.9542,2026-04-12,2.9542,0.0,749.1181,1.0,1.2673,26.73
6269,Fenntartható növekedés részvény eszk.,2026-04-12,3.0086,2026-04-12,3.0086,0.0,973.826,1.0,0.9052,-9.48
6270,Globális egészségügyi részvény eszk.,2026-04-12,3.4527,2026-04-12,3.4527,0.0,1069.2584,1.0,1.0666,6.66
6271,Globális növekedési részvény eszközalap,2026-04-12,2.0824,2026-04-12,2.0824,0.0,681.2572,1.0,0.8869,-11.31
6272,Kiegyensúlyozott vegyes eszközalap - D,2026-04-12,1.4295,2026-04-12,1.4295,0.0,445.323,1.0,0.9972,-0.28
6273,Latin-amerikai részvény eszközalap,2026-04-12,1.5202,2026-04-12,1.5202,0.0,384.7777,1.0,1.2706,27.06
6274,Magas kötvény arányú vegyes eszk. - D,2026-04-12,1.1056,2026-04-12,1.1056,0.0,348.264,1.0,0.9885,-1.15
6275,Magas védelmû vegyes eszközalap,2026-04-12,1.1134,2026-04-12,1.1134,0.0,346.2912,1.0,1.0094,0.94
6276,Nemz. élelmiszeripari cégek rv. ea - D,2026-04-12,3.3078,2026-04-12,3.3078,0.0,1012.3079,1.0,1.0425,4.25
6277,Nyersanyagpiaci részvény eszközalap,2026-04-12,1.693,2026-04-12,1.693,0.0,453.6751,1.0,1.1176,11.76
6278,Presztízs- és luxusmárkák rv. ea.,2026-04-12,3.3965,2026-04-12,3.3965,0.0,1110.6008,1.0,1.0253,2.53
6279,USA részvény eszközalap,2026-04-12,4.5259,2026-04-12,4.5259,0.0,1403.0076,1.0,0.9521,-4.79
6280,Ázsia kötvény eszközalap,2026-04-12,2.2536,2026-04-12,2.2536,0.0,705.4285,1.0,1.0354,3.54
6281,Aktív hozamfigyelõ vegyes eszközalap - D,2026-04-13,0.937,2026-04-13,0.937,0.0,296.9389,1.0,0.9813,-1.87
6282,Euró likviditás eszközalap - D,2026-04-13,0.922,2026-04-13,0.922,0.0,291.4753,1.0,0.9934,-0.66
6283,Európai ingatlancégek részv. eszközalap,2026-04-13,1.86,2026-04-13,1.86,0.0,584.7544,1.0,0.9897,-1.03
6284,Európai kötvény eszközalap - D,2026-04-13,1.2202,2026-04-13,1.2202,0.0,387.9832,1.0,0.9808,-1.92
6285,Európai részvény eszközalap,2026-04-13,2.844,2026-04-13,2.844,0.0,836.2138,1.0,1.049,4.9
6286,Európai vállalati kötvény eszközalap,2026-04-13,1.3186,2026-04-13,1.3186,0.0,417.0129,1.0,0.998,-0.2
6287,Fejlõdõ piaci részvény ESG eszközalap-D,2026-04-13,1.2363,2026-04-13,1.2363,0.0,355.8018,1.0,1.026,2.6
6288,Fejlõdõ ázsiai részvény eszközalap,2026-04-13,2.9542,2026-04-13,2.9542,0.0,752.0723,1.0,1.2673,26.73
6289,Fenntartható növekedés részvény eszk.,2026-04-13,3.0086,2026-04-13,3.0086,0.0,976.8346,1.0,0.9052,-9.48
6290,Globális egészségügyi részvény eszk.,2026-04-13,3.4527,2026-04-13,3.4527,0.0,1072.7111,1.0,1.0666,6.66
6291,Globális növekedési részvény eszközalap,2026-04-13,2.0824,2026-04-13,2.0824,0.0,683.3396,1.0,0.8869,-11.31
6292,Kiegyensúlyozott vegyes eszközalap - D,2026-04-13,1.4295,2026-04-13,1.4295,0.0,446.7525,1.0,0.9972,-0.28
6293,Latin-amerikai részvény eszközalap,2026-04-13,1.5202,2026-04-13,1.5202,0.0,386.2979,1.0,1.2706,27.06
6294,Magas kötvény arányú vegyes eszk. - D,2026-04-13,1.1056,2026-04-13,1.1056,0.0,349.3696,1.0,0.9885,-1.15
6295,Magas védelmû vegyes eszközalap,2026-04-13,1.1134,2026-04-13,1.1134,0.0,347.4046,1.0,1.0094,0.94
6296,Nemz. élelmiszeripari cégek rv. ea - D,2026-04-13,3.3078,2026-04-13,3.3078,0.0,1015.6157,1.0,1.0425,4.25
6297,Nyersanyagpiaci részvény eszközalap,2026-04-13,1.693,2026-04-13,1.693,0.0,455.3681,1.0,1.1176,11.76
6298,Presztízs- és luxusmárkák rv. ea.,2026-04-13,3.3965,2026-04-13,3.3965,0.0,1113.9973,1.0,1.0253,2.53
6299,USA részvény eszközalap,2026-04-13,4.5259,2026-04-13,4.5259,0.0,1407.5335,1.0,0.9521,-4.79
6300,Ázsia kötvény eszközalap,2026-04-13,2.2536,2026-04-13,2.2536,0.0,707.6821,1.0,1.0354,3.54
6301,Aktív hozamfigyelõ vegyes eszközalap - D,2026-04-14,0.9391,2026-04-15,0.9428,0.004,297.878,1.004,0.9852,-1.48
6302,Euró likviditás eszközalap - D,2026-04-14,0.9211,2026-04-15,0.9227,0.0017,292.3964,1.0017,0.9951,-0.49
6303,Európai ingatlancégek részv. eszközalap,2026-04-14,1.8561,2026-04-15,1.8843,0.0152,586.6105,1.0152,1.0048,0.48
6304,Európai kötvény eszközalap - D,2026-04-14,1.2165,2026-04-15,1.2214,0.004,389.1997,1.004,0.9848,-1.52
6305,Európai részvény eszközalap,2026-04-14,2.8323,2026-04-15,2.8664,0.012,839.0461,1.012,1.0615,6.15
6306,Európai vállalati kötvény eszközalap,2026-04-14,1.3158,2026-04-15,1.3213,0.0042,418.3287,1.0042,1.0022,0.22
6307,Fejlõdõ piaci részvény ESG eszközalap-D,2026-04-14,1.2237,2026-04-15,1.2423,0.0152,357.0255,1.0152,1.0416,4.16
6308,Fejlõdõ ázsiai részvény eszközalap,2026-04-14,2.9466,2026-04-15,2.9647,0.0061,755.0189,1.0061,1.275,27.5
6309,Fenntartható növekedés részvény eszk.,2026-04-14,3.0369,2026-04-15,3.0469,0.0033,979.8715,1.0033,0.9082,-9.18
6310,Globális egészségügyi részvény eszk.,2026-04-14,3.4396,2026-04-15,3.46,0.0059,1076.1507,1.0059,1.0729,7.29
6311,Globális növekedési részvény eszközalap,2026-04-14,2.1029,2026-04-15,2.108,0.0024,685.4425,1.0024,0.889,-11.1
6312,Kiegyensúlyozott vegyes eszközalap - D,2026-04-14,1.4305,2026-04-15,1.4384,0.0055,448.183,1.0055,1.0027,0.27
6313,Latin-amerikai részvény eszközalap,2026-04-14,1.5019,2026-04-15,1.5197,0.0119,387.7998,1.0119,1.2858,28.58
6314,Magas kötvény arányú vegyes eszk. - D,2026-04-14,1.1045,2026-04-15,1.1099,0.0048,350.4741,1.0048,0.9932,-0.68
6315,Magas védelmû vegyes eszközalap,2026-04-14,1.1125,2026-04-15,1.1149,0.0021,348.5171,1.0021,1.0115,1.15
6316,Nemz. élelmiszeripari cégek rv. ea - D,2026-04-14,3.27,2026-04-15,3.2451,-0.0076,1018.8857,0.9924,1.0346,3.46
6317,Nyersanyagpiaci részvény eszközalap,2026-04-14,1.6803,2026-04-15,1.6923,0.0072,457.0484,1.0072,1.1256,12.56
6318,Presztízs- és luxusmárkák rv. ea.,2026-04-14,3.3787,2026-04-15,3.4444,0.0194,1117.376,1.0194,1.0451,4.51
6319,USA részvény eszközalap,2026-04-14,4.5841,2026-04-15,4.6024,0.004,1412.1176,1.004,0.9559,-4.41
6320,Ázsia kötvény eszközalap,2026-04-14,2.2523,2026-04-15,2.2417,-0.0047,709.9344,0.9953,1.0305,3.05
6321,Aktív hozamfigyelõ vegyes eszközalap - D,2026-04-15,0.9428,2026-04-16,0.9435,0.0007,298.8208,1.0007,0.9859,-1.41
6322,Euró likviditás eszközalap - D,2026-04-15,0.9227,2026-04-16,0.9229,0.0002,293.3191,1.0002,0.9953,-0.47
6323,Európai ingatlancégek részv. eszközalap,2026-04-15,1.8843,2026-04-16,1.8914,0.0037,588.4948,1.0037,1.0085,0.85
6324,Európai kötvény eszközalap - D,2026-04-15,1.2214,2026-04-16,1.2216,0.0002,390.4211,1.0002,0.985,-1.5
6325,Európai részvény eszközalap,2026-04-15,2.8664,2026-04-16,2.8453,-0.0074,841.9125,0.9926,1.0537,5.37
6326,Európai vállalati kötvény eszközalap,2026-04-15,1.3213,2026-04-16,1.3204,-0.0007,419.65,0.9993,1.0015,0.15
6327,Fejlõdõ piaci részvény ESG eszközalap-D,2026-04-15,1.2423,2026-04-16,1.2453,0.0024,358.2678,1.0024,1.0441,4.41
6328,Fejlõdõ ázsiai részvény eszközalap,2026-04-15,2.9647,2026-04-16,2.9759,0.0038,757.9836,1.0038,1.2799,27.99
6329,Fenntartható növekedés részvény eszk.,2026-04-15,3.0469,2026-04-16,3.0603,0.0044,982.9184,1.0044,0.9122,-8.78
6330,Globális egészségügyi részvény eszk.,2026-04-15,3.46,2026-04-16,3.4625,0.0007,1079.6107,1.0007,1.0737,7.37
6331,Globális növekedési részvény eszközalap,2026-04-15,2.108,2026-04-16,2.1057,-0.0011,687.5505,0.9989,0.8881,-11.19
6332,Kiegyensúlyozott vegyes eszközalap - D,2026-04-15,1.4384,2026-04-16,1.4428,0.0031,449.6214,1.0031,1.0058,0.58
6333,Latin-amerikai részvény eszközalap,2026-04-15,1.5197,2026-04-16,1.5028,-0.0112,389.3195,0.9888,1.2714,27.14
6334,Magas kötvény arányú vegyes eszk. - D,2026-04-15,1.1099,2026-04-16,1.1117,0.0017,351.584,1.0017,0.9949,-0.51
6335,Magas védelmû vegyes eszközalap,2026-04-15,1.1149,2026-04-16,1.1138,-0.001,349.632,0.999,1.0105,1.05
6336,Nemz. élelmiszeripari cégek rv. ea - D,2026-04-15,3.2451,2026-04-16,3.2317,-0.0041,1022.1308,0.9959,1.0303,3.03
6337,Nyersanyagpiaci részvény eszközalap,2026-04-15,1.6923,2026-04-16,1.6749,-0.0103,458.7407,0.9897,1.114,11.4
6338,Presztízs- és luxusmárkák rv. ea.,2026-04-15,3.4444,2026-04-16,3.404,-0.0117,1120.8204,0.9883,1.0329,3.29
6339,USA részvény eszközalap,2026-04-15,4.6024,2026-04-16,4.6417,0.0086,1416.72,1.0086,0.9641,-3.59
6340,Ázsia kötvény eszközalap,2026-04-15,2.2417,2026-04-16,2.2439,0.001,712.1761,1.001,1.0315,3.15
6341,Aktív hozamfigyelõ vegyes eszközalap - D,2026-04-16,0.9435,2026-04-17,0.9435,0.0,299.7643,1.0,0.9859,-1.41
6342,Euró likviditás eszközalap - D,2026-04-16,0.9229,2026-04-17,0.9232,0.0003,294.242,1.0003,0.9956,-0.44
6343,Európai ingatlancégek részv. eszközalap,2026-04-16,1.8914,2026-04-17,1.8976,0.0033,590.3862,1.0033,1.0118,1.18
6344,Európai kötvény eszközalap - D,2026-04-16,1.2216,2026-04-17,1.2226,0.0008,391.6427,1.0008,0.9858,-1.42
6345,Európai részvény eszközalap,2026-04-16,2.8453,2026-04-17,2.8404,-0.0017,844.7578,0.9983,1.0519,5.19
6346,Európai vállalati kötvény eszközalap,2026-04-16,1.3204,2026-04-17,1.3216,0.0009,420.9704,1.0009,1.0024,0.24
6347,Fejlõdõ piaci részvény ESG eszközalap-D,2026-04-16,1.2453,2026-04-17,1.2524,0.0057,359.5131,1.0057,1.05,5.0
6348,Fejlõdõ ázsiai részvény eszközalap,2026-04-16,2.9759,2026-04-17,3.012,0.0121,760.9595,1.0121,1.2954,29.54
6349,Fenntartható növekedés részvény eszk.,2026-04-16,3.0603,2026-04-17,3.0594,-0.0003,985.9787,0.9997,0.9119,-8.81
6350,Globális egészségügyi részvény eszk.,2026-04-16,3.4625,2026-04-17,3.4366,-0.0075,1083.0732,0.9925,1.0656,6.56
6351,Globális növekedési részvény eszközalap,2026-04-16,2.1057,2026-04-17,2.1065,0.0004,689.6562,1.0004,0.8884,-11.16
6352,Kiegyensúlyozott vegyes eszközalap - D,2026-04-16,1.4428,2026-04-17,1.4468,0.0028,451.0642,1.0028,1.0086,0.86
6353,Latin-amerikai részvény eszközalap,2026-04-16,1.5028,2026-04-17,1.508,0.0035,390.8223,1.0035,1.2758,27.58
6354,Magas kötvény arányú vegyes eszk. - D,2026-04-16,1.1117,2026-04-17,1.1137,0.0017,352.6957,1.0017,0.9966,-0.34
6355,Magas védelmû vegyes eszközalap,2026-04-16,1.1138,2026-04-17,1.1136,-0.0002,350.7458,0.9998,1.0103,1.03
6356,Nemz. élelmiszeripari cégek rv. ea - D,2026-04-16,3.2317,2026-04-17,3.2453,0.0042,1025.3625,1.0042,1.0347,3.47
6357,Nyersanyagpiaci részvény eszközalap,2026-04-16,1.6749,2026-04-17,1.6836,0.0052,460.4156,1.0052,1.1198,11.98
6358,Presztízs- és luxusmárkák rv. ea.,2026-04-16,3.404,2026-04-17,3.3967,-0.0021,1124.2244,0.9979,1.0307,3.07
6359,USA részvény eszközalap,2026-04-16,4.6417,2026-04-17,4.6604,0.004,1421.3617,1.004,0.968,-3.2
6360,Ázsia kötvény eszközalap,2026-04-16,2.2439,2026-04-17,2.2439,0.0,714.42,1.0,1.0315,3.15
6361,Aktív hozamfigyelõ vegyes eszközalap - D,2026-04-17,0.9435,2026-04-18,0.9508,0.0077,300.7078,1.0077,0.9935,-0.65
6362,Euró likviditás eszközalap - D,2026-04-17,0.9232,2026-04-18,0.925,0.0019,295.1652,1.0019,0.9975,-0.25
6363,Európai ingatlancégek részv. eszközalap,2026-04-17,1.8976,2026-04-18,1.9333,0.0188,592.2838,1.0188,1.0308,3.08
6364,Európai kötvény eszközalap - D,2026-04-17,1.2226,2026-04-18,1.2285,0.0048,392.8653,1.0048,0.9905,-0.95
6365,Európai részvény eszközalap,2026-04-17,2.8404,2026-04-18,2.8949,0.0192,847.5982,1.0192,1.0721,7.21
6366,Európai vállalati kötvény eszközalap,2026-04-17,1.3216,2026-04-18,1.3281,0.0049,422.292,1.0049,1.0073,0.73
6367,Fejlõdõ piaci részvény ESG eszközalap-D,2026-04-17,1.2524,2026-04-18,1.2647,0.0098,360.7655,1.0098,1.0603,6.03
6368,Fejlõdõ ázsiai részvény eszközalap,2026-04-17,3.012,2026-04-18,3.0658,0.0179,763.9715,1.0179,1.3186,31.86
6369,Fenntartható növekedés részvény eszk.,2026-04-17,3.0594,2026-04-18,3.1022,0.014,989.0381,1.014,0.9247,-7.53
6370,Globális egészségügyi részvény eszk.,2026-04-17,3.4366,2026-04-18,3.4598,0.0067,1086.5098,1.0067,1.0728,7.28
6371,Globális növekedési részvény eszközalap,2026-04-17,2.1065,2026-04-18,2.1362,0.0141,691.7627,1.0141,0.9009,-9.91
6372,Kiegyensúlyozott vegyes eszközalap - D,2026-04-17,1.4468,2026-04-18,1.4593,0.0086,452.511,1.0086,1.0173,1.73
6373,Latin-amerikai részvény eszközalap,2026-04-17,1.508,2026-04-18,1.5154,0.0049,392.3303,1.0049,1.2821,28.21
6374,Magas kötvény arányú vegyes eszk. - D,2026-04-17,1.1137,2026-04-18,1.1214,0.0069,353.8094,1.0069,1.0035,0.35
6375,Magas védelmû vegyes eszközalap,2026-04-17,1.1136,2026-04-18,1.1177,0.0037,351.8594,1.0037,1.0141,1.41
6376,Nemz. élelmiszeripari cégek rv. ea - D,2026-04-17,3.2453,2026-04-18,3.2687,0.0072,1028.6078,1.0072,1.0421,4.21
6377,Nyersanyagpiaci részvény eszközalap,2026-04-17,1.6836,2026-04-18,1.703,0.0115,462.0992,1.0115,1.1327,13.27
6378,Presztízs- és luxusmárkák rv. ea.,2026-04-17,3.3967,2026-04-18,3.522,0.0369,1127.6211,1.0369,1.0688,6.88
6379,USA részvény eszközalap,2026-04-17,4.6604,2026-04-18,4.7077,0.0102,1426.0221,1.0102,0.9779,-2.21
6380,Ázsia kötvény eszközalap,2026-04-17,2.2439,2026-04-18,2.2427,-0.0005,716.6639,0.9995,1.031,3.1
6381,Aktív hozamfigyelõ vegyes eszközalap - D,2026-04-18,0.9508,2026-04-18,0.9508,0.0,301.6586,1.0,0.9935,-0.65
6382,Euró likviditás eszközalap - D,2026-04-18,0.925,2026-04-18,0.925,0.0,296.0902,1.0,0.9975,-0.25
6383,Európai ingatlancégek részv. eszközalap,2026-04-18,1.9333,2026-04-18,1.9333,0.0,594.2171,1.0,1.0308,3.08
6384,Európai kötvény eszközalap - D,2026-04-18,1.2285,2026-04-18,1.2285,0.0,394.0938,1.0,0.9905,-0.95
6385,Európai részvény eszközalap,2026-04-18,2.8949,2026-04-18,2.8949,0.0,850.4931,1.0,1.0721,7.21
6386,Európai vállalati kötvény eszközalap,2026-04-18,1.3281,2026-04-18,1.3281,0.0,423.6201,1.0,1.0073,0.73
6387,Fejlõdõ piaci részvény ESG eszközalap-D,2026-04-18,1.2647,2026-04-18,1.2647,0.0,362.0302,1.0,1.0603,6.03
6388,Fejlõdõ ázsiai részvény eszközalap,2026-04-18,3.0658,2026-04-18,3.0658,0.0,767.0373,1.0,1.3186,31.86
6389,Fenntartható növekedés részvény eszk.,2026-04-18,3.1022,2026-04-18,3.1022,0.0,992.1403,1.0,0.9247,-7.53
6390,Globális egészségügyi részvény eszk.,2026-04-18,3.4598,2026-04-18,3.4598,0.0,1089.9696,1.0,1.0728,7.28
6391,Globális növekedési részvény eszközalap,2026-04-18,2.1362,2026-04-18,2.1362,0.0,693.8989,1.0,0.9009,-9.91
6392,Kiegyensúlyozott vegyes eszközalap - D,2026-04-18,1.4593,2026-04-18,1.4593,0.0,453.9703,1.0,1.0173,1.73
6393,Latin-amerikai részvény eszközalap,2026-04-18,1.5154,2026-04-18,1.5154,0.0,393.8457,1.0,1.2821,28.21
6394,Magas kötvény arányú vegyes eszk. - D,2026-04-18,1.1214,2026-04-18,1.1214,0.0,354.9308,1.0,1.0035,0.35
6395,Magas védelmû vegyes eszközalap,2026-04-18,1.1177,2026-04-18,1.1177,0.0,352.9771,1.0,1.0141,1.41
6396,Nemz. élelmiszeripari cégek rv. ea - D,2026-04-18,3.2687,2026-04-18,3.2687,0.0,1031.8765,1.0,1.0421,4.21
6397,Nyersanyagpiaci részvény eszközalap,2026-04-18,1.703,2026-04-18,1.703,0.0,463.8022,1.0,1.1327,13.27
6398,Presztízs- és luxusmárkák rv. ea.,2026-04-18,3.522,2026-04-18,3.522,0.0,1131.1431,1.0,1.0688,6.88
6399,USA részvény eszközalap,2026-04-18,4.7077,2026-04-18,4.7077,0.0,1430.7298,1.0,0.9779,-2.21
6400,Ázsia kötvény eszközalap,2026-04-18,2.2427,2026-04-18,2.2427,0.0,718.9066,1.0,1.031,3.1
6401,Aktív hozamfigyelõ vegyes eszközalap - D,2026-04-19,0.9508,2026-04-19,0.9508,0.0,302.6094,1.0,0.9935,-0.65
6402,Euró likviditás eszközalap - D,2026-04-19,0.925,2026-04-19,0.925,0.0,297.0152,1.0,0.9975,-0.25
6403,Európai ingatlancégek részv. eszközalap,2026-04-19,1.9333,2026-04-19,1.9333,0.0,596.1504,1.0,1.0308,3.08
6404,Európai kötvény eszközalap - D,2026-04-19,1.2285,2026-04-19,1.2285,0.0,395.3223,1.0,0.9905,-0.95
6405,Európai részvény eszközalap,2026-04-19,2.8949,2026-04-19,2.8949,0.0,853.388,1.0,1.0721,7.21
6406,Európai vállalati kötvény eszközalap,2026-04-19,1.3281,2026-04-19,1.3281,0.0,424.9482,1.0,1.0073,0.73
6407,Fejlõdõ piaci részvény ESG eszközalap-D,2026-04-19,1.2647,2026-04-19,1.2647,0.0,363.2949,1.0,1.0603,6.03
6408,Fejlõdõ ázsiai részvény eszközalap,2026-04-19,3.0658,2026-04-19,3.0658,0.0,770.1031,1.0,1.3186,31.86
6409,Fenntartható növekedés részvény eszk.,2026-04-19,3.1022,2026-04-19,3.1022,0.0,995.2425,1.0,0.9247,-7.53
6410,Globális egészségügyi részvény eszk.,2026-04-19,3.4598,2026-04-19,3.4598,0.0,1093.4294,1.0,1.0728,7.28
6411,Globális növekedési részvény eszközalap,2026-04-19,2.1362,2026-04-19,2.1362,0.0,696.0351,1.0,0.9009,-9.91
6412,Kiegyensúlyozott vegyes eszközalap - D,2026-04-19,1.4593,2026-04-19,1.4593,0.0,455.4296,1.0,1.0173,1.73
6413,Latin-amerikai részvény eszközalap,2026-04-19,1.5154,2026-04-19,1.5154,0.0,395.3611,1.0,1.2821,28.21
6414,Magas kötvény arányú vegyes eszk. - D,2026-04-19,1.1214,2026-04-19,1.1214,0.0,356.0522,1.0,1.0035,0.35
6415,Magas védelmû vegyes eszközalap,2026-04-19,1.1177,2026-04-19,1.1177,0.0,354.0948,1.0,1.0141,1.41
6416,Nemz. élelmiszeripari cégek rv. ea - D,2026-04-19,3.2687,2026-04-19,3.2687,0.0,1035.1452,1.0,1.0421,4.21
6417,Nyersanyagpiaci részvény eszközalap,2026-04-19,1.703,2026-04-19,1.703,0.0,465.5052,1.0,1.1327,13.27
6418,Presztízs- és luxusmárkák rv. ea.,2026-04-19,3.522,2026-04-19,3.522,0.0,1134.6651,1.0,1.0688,6.88
6419,USA részvény eszközalap,2026-04-19,4.7077,2026-04-19,4.7077,0.0,1435.4375,1.0,0.9779,-2.21
6420,Ázsia kötvény eszközalap,2026-04-19,2.2427,2026-04-19,2.2427,0.0,721.1493,1.0,1.031,3.1
6421,Aktív hozamfigyelõ vegyes eszközalap - D,2026-04-20,0.9508,2026-04-20,0.9508,0.0,303.5602,1.0,0.9935,-0.65
6422,Euró likviditás eszközalap - D,2026-04-20,0.925,2026-04-20,0.925,0.0,297.9402,1.0,0.9975,-0.25
6423,Európai ingatlancégek részv. eszközalap,2026-04-20,1.9333,2026-04-20,1.9333,0.0,598.0837,1.0,1.0308,3.08
6424,Európai kötvény eszközalap - D,2026-04-20,1.2285,2026-04-20,1.2285,0.0,396.5508,1.0,0.9905,-0.95
6425,Európai részvény eszközalap,2026-04-20,2.8949,2026-04-20,2.8949,0.0,856.2829,1.0,1.0721,7.21
6426,Európai vállalati kötvény eszközalap,2026-04-20,1.3281,2026-04-20,1.3281,0.0,426.2763,1.0,1.0073,0.73
6427,Fejlõdõ piaci részvény ESG eszközalap-D,2026-04-20,1.2647,2026-04-20,1.2647,0.0,364.5596,1.0,1.0603,6.03
6428,Fejlõdõ ázsiai részvény eszközalap,2026-04-20,3.0658,2026-04-20,3.0658,0.0,773.1689,1.0,1.3186,31.86
6429,Fenntartható növekedés részvény eszk.,2026-04-20,3.1022,2026-04-20,3.1022,0.0,998.3447,1.0,0.9247,-7.53
6430,Globális egészségügyi részvény eszk.,2026-04-20,3.4598,2026-04-20,3.4598,0.0,1096.8892,1.0,1.0728,7.28
6431,Globális növekedési részvény eszközalap,2026-04-20,2.1362,2026-04-20,2.1362,0.0,698.1713,1.0,0.9009,-9.91
6432,Kiegyensúlyozott vegyes eszközalap - D,2026-04-20,1.4593,2026-04-20,1.4593,0.0,456.8889,1.0,1.0173,1.73
6433,Latin-amerikai részvény eszközalap,2026-04-20,1.5154,2026-04-20,1.5154,0.0,396.8765,1.0,1.2821,28.21
6434,Magas kötvény arányú vegyes eszk. - D,2026-04-20,1.1214,2026-04-20,1.1214,0.0,357.1736,1.0,1.0035,0.35
6435,Magas védelmû vegyes eszközalap,2026-04-20,1.1177,2026-04-20,1.1177,0.0,355.2125,1.0,1.0141,1.41
6436,Nemz. élelmiszeripari cégek rv. ea - D,2026-04-20,3.2687,2026-04-20,3.2687,0.0,1038.4139,1.0,1.0421,4.21
6437,Nyersanyagpiaci részvény eszközalap,2026-04-20,1.703,2026-04-20,1.703,0.0,467.2082,1.0,1.1327,13.27
6438,Presztízs- és luxusmárkák rv. ea.,2026-04-20,3.522,2026-04-20,3.522,0.0,1138.1871,1.0,1.0688,6.88
6439,USA részvény eszközalap,2026-04-20,4.7077,2026-04-20,4.7077,0.0,1440.1452,1.0,0.9779,-2.21
6440,Ázsia kötvény eszközalap,2026-04-20,2.2427,2026-04-20,2.2427,0.0,723.392,1.0,1.031,3.1
6441,Aktív hozamfigyelõ vegyes eszközalap - D,2026-04-21,0.9494,2026-04-22,0.9455,-0.0041,304.5096,0.9959,0.9894,-1.06
6442,Euró likviditás eszközalap - D,2026-04-21,0.9245,2026-04-22,0.9237,-0.0008,298.8647,0.9992,0.9967,-0.33
6443,Európai ingatlancégek részv. eszközalap,2026-04-21,1.9022,2026-04-22,1.8906,-0.0061,599.9859,0.9939,1.0246,2.46
6444,Európai kötvény eszközalap - D,2026-04-21,1.2264,2026-04-22,1.2251,-0.0011,397.7772,0.9989,0.9894,-1.06
6445,Európai részvény eszközalap,2026-04-21,2.8672,2026-04-22,2.843,-0.0084,859.1501,0.9916,1.0631,6.31
6446,Európai vállalati kötvény eszközalap,2026-04-21,1.3265,2026-04-22,1.325,-0.0011,427.6028,0.9989,1.0062,0.62
6447,Fejlõdõ piaci részvény ESG eszközalap-D,2026-04-21,1.2553,2026-04-22,1.2644,0.0072,365.8149,1.0072,1.0679,6.79
6448,Fejlõdõ ázsiai részvény eszközalap,2026-04-21,3.0767,2026-04-22,3.0833,0.0022,776.2456,1.0022,1.3215,32.15
6449,Fenntartható növekedés részvény eszk.,2026-04-21,3.0984,2026-04-22,3.0759,-0.0073,1001.4431,0.9927,0.9179,-8.21
6450,Globális egészségügyi részvény eszk.,2026-04-21,3.4492,2026-04-22,3.4156,-0.0098,1100.3384,0.9902,1.0623,6.23
6451,Globális növekedési részvény eszközalap,2026-04-21,2.1383,2026-04-22,2.1357,-0.0012,700.3096,0.9988,0.8999,-10.01
6452,Kiegyensúlyozott vegyes eszközalap - D,2026-04-21,1.4586,2026-04-22,1.4556,-0.0021,458.3475,0.9979,1.0152,1.52
6453,Latin-amerikai részvény eszközalap,2026-04-21,1.504,2026-04-22,1.5032,-0.0006,398.3805,0.9994,1.2813,28.13
6454,Magas kötvény arányú vegyes eszk. - D,2026-04-21,1.12,2026-04-22,1.1181,-0.0017,358.2936,0.9983,1.0017,0.17
6455,Magas védelmû vegyes eszközalap,2026-04-21,1.1154,2026-04-22,1.1141,-0.0012,356.3279,0.9988,1.0128,1.28
6456,Nemz. élelmiszeripari cégek rv. ea - D,2026-04-21,3.2853,2026-04-22,3.2562,-0.0088,1041.6992,0.9912,1.033,3.3
6457,Nyersanyagpiaci részvény eszközalap,2026-04-21,1.6895,2026-04-22,1.669,-0.0121,468.8977,0.9879,1.119,11.9
6458,Presztízs- és luxusmárkák rv. ea.,2026-04-21,3.512,2026-04-22,3.4502,-0.0176,1141.6991,0.9824,1.05,5.0
6459,USA részvény eszközalap,2026-04-21,4.7129,2026-04-22,4.6914,-0.0046,1444.8581,0.9954,0.9734,-2.66
6460,Ázsia kötvény eszközalap,2026-04-21,2.2521,2026-04-22,2.2513,-0.0004,725.6441,0.9996,1.0306,3.06
6461,Aktív hozamfigyelõ vegyes eszközalap - D,2026-04-22,0.9455,2026-04-23,0.949,0.0038,305.4551,1.0038,0.9932,-0.68
6462,Euró likviditás eszközalap - D,2026-04-22,0.9237,2026-04-23,0.9233,-0.0005,299.7884,0.9995,0.9962,-0.38
6463,Európai ingatlancégek részv. eszközalap,2026-04-22,1.8906,2026-04-23,1.894,0.0018,601.8765,1.0018,1.0264,2.64
6464,Európai kötvény eszközalap - D,2026-04-22,1.2251,2026-04-23,1.2246,-0.0004,399.0023,0.9996,0.989,-1.1
6465,Európai részvény eszközalap,2026-04-22,2.843,2026-04-23,2.8288,-0.005,861.9931,0.995,1.0578,5.78
6466,Európai vállalati kötvény eszközalap,2026-04-22,1.325,2026-04-23,1.3248,-0.0002,428.9278,0.9998,1.006,0.6
6467,Fejlõdõ piaci részvény ESG eszközalap-D,2026-04-22,1.2644,2026-04-23,1.2674,0.0024,367.0793,1.0024,1.0705,7.05
6468,Fejlõdõ ázsiai részvény eszközalap,2026-04-22,3.0833,2026-04-23,3.0877,0.0014,779.3289,1.0014,1.3233,32.33
6469,Fenntartható növekedés részvény eszk.,2026-04-22,3.0759,2026-04-23,3.1134,0.0122,1004.519,1.0122,0.9291,-7.09
6470,Globális egészségügyi részvény eszk.,2026-04-22,3.4156,2026-04-23,3.4129,-0.0008,1103.754,0.9992,1.0614,6.14
6471,Globális növekedési részvény eszközalap,2026-04-22,2.1357,2026-04-23,2.1444,0.004,702.4453,1.004,0.9035,-9.65
6472,Kiegyensúlyozott vegyes eszközalap - D,2026-04-22,1.4556,2026-04-23,1.4586,0.0021,459.8031,1.0021,1.0173,1.73
6473,Latin-amerikai részvény eszközalap,2026-04-22,1.5032,2026-04-23,1.4965,-0.0044,399.8837,0.9956,1.2757,27.57
6474,Magas kötvény arányú vegyes eszk. - D,2026-04-22,1.1181,2026-04-23,1.1194,0.0012,359.4117,1.0012,1.0029,0.29
6475,Magas védelmû vegyes eszközalap,2026-04-22,1.1141,2026-04-23,1.1132,-0.0008,357.442,0.9992,1.012,1.2
6476,Nemz. élelmiszeripari cégek rv. ea - D,2026-04-22,3.2562,2026-04-23,3.2781,0.0067,1044.9554,1.0067,1.0399,3.99
6477,Nyersanyagpiaci részvény eszközalap,2026-04-22,1.669,2026-04-23,1.6794,0.0062,470.5667,1.0062,1.1259,12.59
6478,Presztízs- és luxusmárkák rv. ea.,2026-04-22,3.4502,2026-04-23,3.4179,-0.0094,1145.1493,0.9906,1.0401,4.01
6479,USA részvény eszközalap,2026-04-22,4.6914,2026-04-23,4.7553,0.0136,1449.5495,1.0136,0.9866,-1.34
6480,Ázsia kötvény eszközalap,2026-04-22,2.2513,2026-04-23,2.2517,0.0002,727.8954,1.0002,1.0308,3.08
6481,Aktív hozamfigyelõ vegyes eszközalap - D,2026-04-23,0.949,2026-04-24,0.9478,-0.0013,306.4041,0.9987,0.9919,-0.81
6482,Euró likviditás eszközalap - D,2026-04-23,0.9233,2026-04-24,0.9231,-0.0003,300.7117,0.9997,0.9959,-0.41
6483,Európai ingatlancégek részv. eszközalap,2026-04-23,1.894,2026-04-24,1.8815,-0.0066,603.7705,0.9934,1.0196,1.96
6484,Európai kötvény eszközalap - D,2026-04-23,1.2246,2026-04-24,1.2234,-0.001,400.2269,0.999,0.988,-1.2
6485,Európai részvény eszközalap,2026-04-23,2.8288,2026-04-24,2.8345,0.002,864.8219,1.002,1.0599,5.99
6486,Európai vállalati kötvény eszközalap,2026-04-23,1.3248,2026-04-24,1.3233,-0.0011,430.2526,0.9989,1.0049,0.49
6487,Fejlõdõ piaci részvény ESG eszközalap-D,2026-04-23,1.2674,2026-04-24,1.2611,-0.005,368.3467,0.995,1.0651,6.51
6488,Fejlõdõ ázsiai részvény eszközalap,2026-04-23,3.0877,2026-04-24,3.0856,-0.0007,782.4166,0.9993,1.3224,32.24
6489,Fenntartható növekedés részvény eszk.,2026-04-23,3.1134,2026-04-24,3.1063,-0.0023,1007.6324,0.9977,0.927,-7.3
6490,Globális egészségügyi részvény eszk.,2026-04-23,3.4129,2026-04-24,3.3919,-0.0062,1107.1669,0.9938,1.0548,5.48
6491,Globális növekedési részvény eszközalap,2026-04-23,2.1444,2026-04-24,2.1424,-0.0009,704.5897,0.9991,0.9026,-9.74
6492,Kiegyensúlyozott vegyes eszközalap - D,2026-04-23,1.4586,2026-04-24,1.4572,-0.0009,461.2617,0.9991,1.0164,1.64
6493,Latin-amerikai részvény eszközalap,2026-04-23,1.4965,2026-04-24,1.4962,-0.0002,401.3802,0.9998,1.2754,27.54
6494,Magas kötvény arányú vegyes eszk. - D,2026-04-23,1.1194,2026-04-24,1.1182,-0.0011,360.5311,0.9989,1.0018,0.18
6495,Magas védelmû vegyes eszközalap,2026-04-23,1.1132,2026-04-24,1.1129,-0.0002,358.5552,0.9998,1.0118,1.18
6496,Nemz. élelmiszeripari cégek rv. ea - D,2026-04-23,3.2781,2026-04-24,3.3186,0.0124,1048.2335,1.0124,1.0528,5.28
6497,Nyersanyagpiaci részvény eszközalap,2026-04-23,1.6794,2026-04-24,1.6745,-0.0029,472.2461,0.9971,1.1226,12.26
6498,Presztízs- és luxusmárkák rv. ea.,2026-04-23,3.4179,2026-04-24,3.3997,-0.0053,1148.5672,0.9947,1.0346,3.46
6499,USA részvény eszközalap,2026-04-23,4.7553,2026-04-24,4.7404,-0.0031,1454.3048,0.9969,0.9835,-1.65
6500,Ázsia kötvény eszközalap,2026-04-23,2.2517,2026-04-24,2.2582,0.0029,730.1471,1.0029,1.0338,3.38
6501,Aktív hozamfigyelõ vegyes eszközalap - D,2026-04-24,0.9478,2026-04-25,0.9495,0.0017,307.3519,1.0017,0.9936,-0.64
6502,Euró likviditás eszközalap - D,2026-04-24,0.9231,2026-04-25,0.9231,0.0,301.6348,1.0,0.9959,-0.41
6503,Európai ingatlancégek részv. eszközalap,2026-04-24,1.8815,2026-04-25,1.8683,-0.007,605.652,0.993,1.0125,1.25
6504,Európai kötvény eszközalap - D,2026-04-24,1.2234,2026-04-25,1.2234,0.0,401.4503,1.0,0.988,-1.2
6505,Európai részvény eszközalap,2026-04-24,2.8345,2026-04-25,2.8287,-0.002,867.6564,0.998,1.0578,5.78
6506,Európai vállalati kötvény eszközalap,2026-04-24,1.3233,2026-04-25,1.3232,-0.0001,431.5759,0.9999,1.0048,0.48
6507,Fejlõdõ piaci részvény ESG eszközalap-D,2026-04-24,1.2611,2026-04-25,1.2673,0.0049,369.6078,1.0049,1.0704,7.04
6508,Fejlõdõ ázsiai részvény eszközalap,2026-04-24,3.0856,2026-04-25,3.1154,0.0097,785.5022,1.0097,1.3352,33.52
6509,Fenntartható növekedés részvény eszk.,2026-04-24,3.1063,2026-04-25,3.1178,0.0037,1010.7387,1.0037,0.9304,-6.96
6510,Globális egészségügyi részvény eszk.,2026-04-24,3.3919,2026-04-25,3.3483,-0.0128,1110.5588,0.9872,1.0413,4.13
6511,Globális növekedési részvény eszközalap,2026-04-24,2.1424,2026-04-25,2.1489,0.003,706.7321,1.003,0.9053,-9.47
6512,Kiegyensúlyozott vegyes eszközalap - D,2026-04-24,1.4572,2026-04-25,1.4592,0.0014,462.7189,1.0014,1.0178,1.78
6513,Latin-amerikai részvény eszközalap,2026-04-24,1.4962,2026-04-25,1.4769,-0.0129,402.8764,0.9871,1.259,25.9
6514,Magas kötvény arányú vegyes eszk. - D,2026-04-24,1.1182,2026-04-25,1.1191,0.0008,361.6493,1.0008,1.0026,0.26
6515,Magas védelmû vegyes eszközalap,2026-04-24,1.1129,2026-04-25,1.1123,-0.0005,359.6681,0.9995,1.0113,1.13
6516,Nemz. élelmiszeripari cégek rv. ea - D,2026-04-24,3.3186,2026-04-25,3.3302,0.0035,1051.5521,1.0035,1.0565,5.65
6517,Nyersanyagpiaci részvény eszközalap,2026-04-24,1.6745,2026-04-25,1.6672,-0.0044,473.9206,0.9956,1.1177,11.77
6518,Presztízs- és luxusmárkák rv. ea.,2026-04-24,3.3997,2026-04-25,3.3686,-0.0091,1151.9669,0.9909,1.0252,2.52
6519,USA részvény eszközalap,2026-04-24,4.7404,2026-04-25,4.7692,0.0061,1459.0452,1.0061,0.9895,-1.05
6520,Ázsia kötvény eszközalap,2026-04-24,2.2582,2026-04-25,2.2592,0.0004,732.4053,1.0004,1.0342,3.42
6521,Aktív hozamfigyelõ vegyes eszközalap - D,2026-04-25,0.9495,2026-04-25,0.9495,0.0,308.3014,1.0,0.9936,-0.64
6522,Euró likviditás eszközalap - D,2026-04-25,0.9231,2026-04-25,0.9231,0.0,302.5579,1.0,0.9959,-0.41
6523,Európai ingatlancégek részv. eszközalap,2026-04-25,1.8683,2026-04-25,1.8683,0.0,607.5203,1.0,1.0125,1.25
6524,Európai kötvény eszközalap - D,2026-04-25,1.2234,2026-04-25,1.2234,0.0,402.6737,1.0,0.988,-1.2
6525,Európai részvény eszközalap,2026-04-25,2.8287,2026-04-25,2.8287,0.0,870.4851,1.0,1.0578,5.78
6526,Európai vállalati kötvény eszközalap,2026-04-25,1.3232,2026-04-25,1.3232,0.0,432.8991,1.0,1.0048,0.48
6527,Fejlõdõ piaci részvény ESG eszközalap-D,2026-04-25,1.2673,2026-04-25,1.2673,0.0,370.8751,1.0,1.0704,7.04
6528,Fejlõdõ ázsiai részvény eszközalap,2026-04-25,3.1154,2026-04-25,3.1154,0.0,788.6176,1.0,1.3352,33.52
6529,Fenntartható növekedés részvény eszk.,2026-04-25,3.1178,2026-04-25,3.1178,0.0,1013.8565,1.0,0.9304,-6.96
6530,Globális egészségügyi részvény eszk.,2026-04-25,3.3483,2026-04-25,3.3483,0.0,1113.9071,1.0,1.0413,4.13
6531,Globális növekedési részvény eszközalap,2026-04-25,2.1489,2026-04-25,2.1489,0.0,708.881,1.0,0.9053,-9.47
6532,Kiegyensúlyozott vegyes eszközalap - D,2026-04-25,1.4592,2026-04-25,1.4592,0.0,464.1781,1.0,1.0178,1.78
6533,Latin-amerikai részvény eszközalap,2026-04-25,1.4769,2026-04-25,1.4769,0.0,404.3533,1.0,1.259,25.9
6534,Magas kötvény arányú vegyes eszk. - D,2026-04-25,1.1191,2026-04-25,1.1191,0.0,362.7684,1.0,1.0026,0.26
6535,Magas védelmû vegyes eszközalap,2026-04-25,1.1123,2026-04-25,1.1123,0.0,360.7804,1.0,1.0113,1.13
6536,Nemz. élelmiszeripari cégek rv. ea - D,2026-04-25,3.3302,2026-04-25,3.3302,0.0,1054.8823,1.0,1.0565,5.65
6537,Nyersanyagpiaci részvény eszközalap,2026-04-25,1.6672,2026-04-25,1.6672,0.0,475.5878,1.0,1.1177,11.77
6538,Presztízs- és luxusmárkák rv. ea.,2026-04-25,3.3686,2026-04-25,3.3686,0.0,1155.3355,1.0,1.0252,2.52
6539,USA részvény eszközalap,2026-04-25,4.7692,2026-04-25,4.7692,0.0,1463.8144,1.0,0.9895,-1.05
6540,Ázsia kötvény eszközalap,2026-04-25,2.2592,2026-04-25,2.2592,0.0,734.6645,1.0,1.0342,3.42
6541,Aktív hozamfigyelõ vegyes eszközalap - D,2026-04-26,0.9495,2026-04-26,0.9495,0.0,309.2509,1.0,0.9936,-0.64
6542,Euró likviditás eszközalap - D,2026-04-26,0.9231,2026-04-26,0.9231,0.0,303.481,1.0,0.9959,-0.41
6543,Európai ingatlancégek részv. eszközalap,2026-04-26,1.8683,2026-04-26,1.8683,0.0,609.3886,1.0,1.0125,1.25
6544,Európai kötvény eszközalap - D,2026-04-26,1.2234,2026-04-26,1.2234,0.0,403.8971,1.0,0.988,-1.2
6545,Európai részvény eszközalap,2026-04-26,2.8287,2026-04-26,2.8287,0.0,873.3138,1.0,1.0578,5.78
6546,Európai vállalati kötvény eszközalap,2026-04-26,1.3232,2026-04-26,1.3232,0.0,434.2223,1.0,1.0048,0.48
6547,Fejlõdõ piaci részvény ESG eszközalap-D,2026-04-26,1.2673,2026-04-26,1.2673,0.0,372.1424,1.0,1.0704,7.04
6548,Fejlõdõ ázsiai részvény eszközalap,2026-04-26,3.1154,2026-04-26,3.1154,0.0,791.733,1.0,1.3352,33.52
6549,Fenntartható növekedés részvény eszk.,2026-04-26,3.1178,2026-04-26,3.1178,0.0,1016.9743,1.0,0.9304,-6.96
6550,Globális egészségügyi részvény eszk.,2026-04-26,3.3483,2026-04-26,3.3483,0.0,1117.2554,1.0,1.0413,4.13
6551,Globális növekedési részvény eszközalap,2026-04-26,2.1489,2026-04-26,2.1489,0.0,711.0299,1.0,0.9053,-9.47
6552,Kiegyensúlyozott vegyes eszközalap - D,2026-04-26,1.4592,2026-04-26,1.4592,0.0,465.6373,1.0,1.0178,1.78
6553,Latin-amerikai részvény eszközalap,2026-04-26,1.4769,2026-04-26,1.4769,0.0,405.8302,1.0,1.259,25.9
6554,Magas kötvény arányú vegyes eszk. - D,2026-04-26,1.1191,2026-04-26,1.1191,0.0,363.8875,1.0,1.0026,0.26
6555,Magas védelmû vegyes eszközalap,2026-04-26,1.1123,2026-04-26,1.1123,0.0,361.8927,1.0,1.0113,1.13
6556,Nemz. élelmiszeripari cégek rv. ea - D,2026-04-26,3.3302,2026-04-26,3.3302,0.0,1058.2125,1.0,1.0565,5.65
6557,Nyersanyagpiaci részvény eszközalap,2026-04-26,1.6672,2026-04-26,1.6672,0.0,477.255,1.0,1.1177,11.77
6558,Presztízs- és luxusmárkák rv. ea.,2026-04-26,3.3686,2026-04-26,3.3686,0.0,1158.7041,1.0,1.0252,2.52
6559,USA részvény eszközalap,2026-04-26,4.7692,2026-04-26,4.7692,0.0,1468.5836,1.0,0.9895,-1.05
6560,Ázsia kötvény eszközalap,2026-04-26,2.2592,2026-04-26,2.2592,0.0,736.9237,1.0,1.0342,3.42
6561,Aktív hozamfigyelõ vegyes eszközalap - D,2026-04-27,0.9495,2026-04-27,0.9495,0.0,310.2004,1.0,0.9936,-0.64
6562,Euró likviditás eszközalap - D,2026-04-27,0.9231,2026-04-27,0.9231,0.0,304.4041,1.0,0.9959,-0.41
6563,Európai ingatlancégek részv. eszközalap,2026-04-27,1.8683,2026-04-27,1.8683,0.0,611.2569,1.0,1.0125,1.25
6564,Európai kötvény eszközalap - D,2026-04-27,1.2234,2026-04-27,1.2234,0.0,405.1205,1.0,0.988,-1.2
6565,Európai részvény eszközalap,2026-04-27,2.8287,2026-04-27,2.8287,0.0,876.1425,1.0,1.0578,5.78
6566,Európai vállalati kötvény eszközalap,2026-04-27,1.3232,2026-04-27,1.3232,0.0,435.5455,1.0,1.0048,0.48
6567,Fejlõdõ piaci részvény ESG eszközalap-D,2026-04-27,1.2673,2026-04-27,1.2673,0.0,373.4097,1.0,1.0704,7.04
6568,Fejlõdõ ázsiai részvény eszközalap,2026-04-27,3.1154,2026-04-27,3.1154,0.0,794.8484,1.0,1.3352,33.52
6569,Fenntartható növekedés részvény eszk.,2026-04-27,3.1178,2026-04-27,3.1178,0.0,1020.0921,1.0,0.9304,-6.96
6570,Globális egészségügyi részvény eszk.,2026-04-27,3.3483,2026-04-27,3.3483,0.0,1120.6037,1.0,1.0413,4.13
6571,Globális növekedési részvény eszközalap,2026-04-27,2.1489,2026-04-27,2.1489,0.0,713.1788,1.0,0.9053,-9.47
6572,Kiegyensúlyozott vegyes eszközalap - D,2026-04-27,1.4592,2026-04-27,1.4592,0.0,467.0965,1.0,1.0178,1.78
6573,Latin-amerikai részvény eszközalap,2026-04-27,1.4769,2026-04-27,1.4769,0.0,407.3071,1.0,1.259,25.9
6574,Magas kötvény arányú vegyes eszk. - D,2026-04-27,1.1191,2026-04-27,1.1191,0.0,365.0066,1.0,1.0026,0.26
6575,Magas védelmû vegyes eszközalap,2026-04-27,1.1123,2026-04-27,1.1123,0.0,363.005,1.0,1.0113,1.13
6576,Nemz. élelmiszeripari cégek rv. ea - D,2026-04-27,3.3302,2026-04-27,3.3302,0.0,1061.5427,1.0,1.0565,5.65
6577,Nyersanyagpiaci részvény eszközalap,2026-04-27,1.6672,2026-04-27,1.6672,0.0,478.9222,1.0,1.1177,11.77
6578,Presztízs- és luxusmárkák rv. ea.,2026-04-27,3.3686,2026-04-27,3.3686,0.0,1162.0727,1.0,1.0252,2.52
6579,USA részvény eszközalap,2026-04-27,4.7692,2026-04-27,4.7692,0.0,1473.3528,1.0,0.9895,-1.05
6580,Ázsia kötvény eszközalap,2026-04-27,2.2592,2026-04-27,2.2592,0.0,739.1829,1.0,1.0342,3.42
6581,Aktív hozamfigyelõ vegyes eszközalap - D,2026-04-28,0.9481,2026-04-29,0.9458,-0.0024,311.1485,0.9976,0.9912,-0.88
6582,Euró likviditás eszközalap - D,2026-04-28,0.9229,2026-04-29,0.9221,-0.0009,305.327,0.9991,0.995,-0.5
6583,Európai ingatlancégek részv. eszközalap,2026-04-28,1.8614,2026-04-29,1.8523,-0.0049,613.1183,0.9951,1.0075,0.75
6584,Európai kötvény eszközalap - D,2026-04-28,1.2211,2026-04-29,1.2191,-0.0016,406.3416,0.9984,0.9864,-1.36
6585,Európai részvény eszközalap,2026-04-28,2.819,2026-04-29,2.8098,-0.0033,878.9615,0.9967,1.0543,5.43
6586,Európai vállalati kötvény eszközalap,2026-04-28,1.3219,2026-04-29,1.3198,-0.0016,436.8674,0.9984,1.0032,0.32
6587,Fejlõdõ piaci részvény ESG eszközalap-D,2026-04-28,1.2661,2026-04-29,1.2494,-0.0132,374.6758,0.9868,1.0562,5.62
6588,Fejlõdõ ázsiai részvény eszközalap,2026-04-28,3.112,2026-04-29,3.0909,-0.0068,797.9604,0.9932,1.3261,32.61
6589,Fenntartható növekedés részvény eszk.,2026-04-28,3.1157,2026-04-29,3.0994,-0.0052,1023.2078,0.9948,0.9256,-7.44
6590,Globális egészségügyi részvény eszk.,2026-04-28,3.3532,2026-04-29,3.3301,-0.0069,1123.9569,0.9931,1.0341,3.41
6591,Globális növekedési részvény eszközalap,2026-04-28,2.1425,2026-04-29,2.1296,-0.006,715.3213,0.994,0.8999,-10.01
6592,Kiegyensúlyozott vegyes eszközalap - D,2026-04-28,1.4577,2026-04-29,1.4537,-0.0027,468.5542,0.9973,1.015,1.5
6593,Latin-amerikai részvény eszközalap,2026-04-28,1.4604,2026-04-29,1.4437,-0.0115,408.7675,0.9885,1.2445,24.45
6594,Magas kötvény arányú vegyes eszk. - D,2026-04-28,1.1172,2026-04-29,1.1148,-0.0022,366.1238,0.9978,1.0004,0.04
6595,Magas védelmû vegyes eszközalap,2026-04-28,1.1117,2026-04-29,1.1112,-0.0005,364.1167,0.9995,1.0108,1.08
6596,Nemz. élelmiszeripari cégek rv. ea - D,2026-04-28,3.2998,2026-04-29,3.3316,0.0097,1064.8425,1.0097,1.0667,6.67
6597,Nyersanyagpiaci részvény eszközalap,2026-04-28,1.662,2026-04-29,1.6344,-0.0166,480.5842,0.9834,1.0992,9.92
6598,Presztízs- és luxusmárkák rv. ea.,2026-04-28,3.3456,2026-04-29,3.3243,-0.0064,1165.4183,0.9936,1.0186,1.86
6599,USA részvény eszközalap,2026-04-28,4.7623,2026-04-29,4.7464,-0.0033,1478.1151,0.9967,0.9863,-1.37
6600,Ázsia kötvény eszközalap,2026-04-28,2.2508,2026-04-29,2.2573,0.0029,741.4337,1.0029,1.0372,3.72
6601,Aktív hozamfigyelõ vegyes eszközalap - D,2026-04-29,0.9458,2026-04-30,0.9421,-0.004,312.0943,0.996,0.9872,-1.28
6602,Euró likviditás eszközalap - D,2026-04-29,0.9221,2026-04-30,0.9209,-0.0013,306.2491,0.9987,0.9937,-0.63
6603,Európai ingatlancégek részv. eszközalap,2026-04-29,1.8523,2026-04-30,1.8264,-0.014,614.9706,0.986,0.9934,-0.66
6604,Európai kötvény eszközalap - D,2026-04-29,1.2191,2026-04-30,1.2158,-0.0027,407.5607,0.9973,0.9838,-1.62
6605,Európai részvény eszközalap,2026-04-29,2.8098,2026-04-30,2.8,-0.0035,881.7713,0.9965,1.0506,5.06
6606,Európai vállalati kötvény eszközalap,2026-04-29,1.3198,2026-04-30,1.317,-0.0022,438.1872,0.9978,1.001,0.1
6607,Fejlõdõ piaci részvény ESG eszközalap-D,2026-04-29,1.2494,2026-04-30,1.2535,0.0033,375.9252,1.0033,1.0597,5.97
6608,Fejlõdõ ázsiai részvény eszközalap,2026-04-29,3.0909,2026-04-30,3.1091,0.0059,801.0513,1.0059,1.3339,33.39
6609,Fenntartható növekedés részvény eszk.,2026-04-29,3.0994,2026-04-30,3.084,-0.005,1026.3072,0.995,0.921,-7.9
6610,Globális egészségügyi részvény eszk.,2026-04-29,3.3301,2026-04-30,3.2889,-0.0124,1127.287,0.9876,1.0213,2.13
6611,Globális növekedési részvény eszközalap,2026-04-29,2.1296,2026-04-30,2.1272,-0.0011,717.4509,0.9989,0.8989,-10.11
6612,Kiegyensúlyozott vegyes eszközalap - D,2026-04-29,1.4537,2026-04-30,1.4507,-0.0021,470.0079,0.9979,1.0129,1.29
6613,Latin-amerikai részvény eszközalap,2026-04-29,1.4437,2026-04-30,1.4401,-0.0025,410.2112,0.9975,1.2414,24.14
6614,Magas kötvény arányú vegyes eszk. - D,2026-04-29,1.1148,2026-04-30,1.1123,-0.0022,367.2386,0.9978,0.9982,-0.18
6615,Magas védelmû vegyes eszközalap,2026-04-29,1.1112,2026-04-30,1.1103,-0.0008,365.2279,0.9992,1.01,1.0
6616,Nemz. élelmiszeripari cégek rv. ea - D,2026-04-29,3.3316,2026-04-30,3.2982,-0.0101,1068.1741,0.9899,1.0559,5.59
6617,Nyersanyagpiaci részvény eszközalap,2026-04-29,1.6344,2026-04-30,1.6242,-0.0062,482.2186,0.9938,1.0923,9.23
6618,Presztízs- és luxusmárkák rv. ea.,2026-04-29,3.3243,2026-04-30,3.2682,-0.0168,1168.7426,0.9832,1.0015,0.15
6619,USA részvény eszközalap,2026-04-29,4.7464,2026-04-30,4.7439,-0.0005,1482.8615,0.9995,0.9858,-1.42
6620,Ázsia kötvény eszközalap,2026-04-29,2.2573,2026-04-30,2.2561,-0.0005,743.691,0.9995,1.0367,3.67
6621,Aktív hozamfigyelõ vegyes eszközalap - D,2026-04-30,0.9421,2026-05-01,0.9468,0.0051,313.0364,1.0051,0.9923,-0.77
6622,Euró likviditás eszközalap - D,2026-04-30,0.9209,2026-05-01,0.922,0.0013,307.17,1.0013,0.995,-0.5
6623,Európai ingatlancégek részv. eszközalap,2026-04-30,1.8264,2026-05-01,1.8493,0.0125,616.797,1.0125,1.0058,0.58
6624,Európai kötvény eszközalap - D,2026-04-30,1.2158,2026-05-01,1.2212,0.0044,408.7765,1.0044,0.9881,-1.19
6625,Európai részvény eszközalap,2026-04-30,2.8,2026-05-01,2.831,0.0111,884.5713,1.0111,1.0622,6.22
6626,Európai vállalati kötvény eszközalap,2026-04-30,1.317,2026-05-01,1.3207,0.0028,439.5042,1.0028,1.0038,0.38
6627,Fejlõdõ piaci részvény ESG eszközalap-D,2026-04-30,1.2535,2026-05-01,1.2483,-0.0042,377.1787,0.9958,1.0553,5.53
6628,Fejlõdõ ázsiai részvény eszközalap,2026-04-30,3.1091,2026-05-01,3.1097,0.0002,804.1604,1.0002,1.3342,33.42
6629,Fenntartható növekedés részvény eszk.,2026-04-30,3.084,2026-05-01,3.1124,0.0092,1029.3912,1.0092,0.9294,-7.06
6630,Globális egészségügyi részvény eszk.,2026-04-30,3.2889,2026-05-01,3.3428,0.0164,1130.5759,1.0164,1.0381,3.81
6631,Globális növekedési részvény eszközalap,2026-04-30,2.1272,2026-05-01,2.1616,0.0162,719.5781,1.0162,0.9135,-8.65
6632,Kiegyensúlyozott vegyes eszközalap - D,2026-04-30,1.4507,2026-05-01,1.458,0.005,471.4586,1.005,1.018,1.8
6633,Latin-amerikai részvény eszközalap,2026-04-30,1.4401,2026-05-01,1.4395,-0.0004,411.6513,0.9996,1.2409,24.09
6634,Magas kötvény arányú vegyes eszk. - D,2026-04-30,1.1123,2026-05-01,1.1172,0.0044,368.3509,1.0044,1.0026,0.26
6635,Magas védelmû vegyes eszközalap,2026-04-30,1.1103,2026-05-01,1.1126,0.0021,366.3382,1.0021,1.0121,1.21
6636,Nemz. élelmiszeripari cégek rv. ea - D,2026-04-30,3.2982,2026-05-01,3.3414,0.0131,1071.4723,1.0131000000000001,1.0698,6.98
6637,Nyersanyagpiaci részvény eszközalap,2026-04-30,1.6242,2026-05-01,1.6413,0.0105,483.8428,1.0105,1.1038,10.38
6638,Presztízs- és luxusmárkák rv. ea.,2026-04-30,3.2682,2026-05-01,3.3292,0.0186,1172.0108,1.0186,1.0201,2.01
6639,USA részvény eszközalap,2026-04-30,4.7439,2026-05-01,4.7571,0.0028,1487.6054,1.0028,0.9885,-1.15
6640,Ázsia kötvény eszközalap,2026-04-30,2.2561,2026-05-01,2.2563,0.0001,745.9471,1.0001,1.0368,3.68
6641,Aktív hozamfigyelõ vegyes eszközalap - D,2026-05-01,0.9468,2026-05-01,0.9468,0.0,313.9832,1.0,0.9923,-0.77
6642,Euró likviditás eszközalap - D,2026-05-01,0.922,2026-05-01,0.922,0.0,308.092,1.0,0.995,-0.5
6643,Európai ingatlancégek részv. eszközalap,2026-05-01,1.8493,2026-05-01,1.8493,0.0,618.6463,1.0,1.0058,0.58
6644,Európai kötvény eszközalap - D,2026-05-01,1.2212,2026-05-01,1.2212,0.0,409.9977,1.0,0.9881,-1.19
6645,Európai részvény eszközalap,2026-05-01,2.831,2026-05-01,2.831,0.0,887.4023,1.0,1.0622,6.22
6646,Európai vállalati kötvény eszközalap,2026-05-01,1.3207,2026-05-01,1.3207,0.0,440.8249,1.0,1.0038,0.38
6647,Fejlõdõ piaci részvény ESG eszközalap-D,2026-05-01,1.2483,2026-05-01,1.2483,0.0,378.427,1.0,1.0553,5.53
6648,Fejlõdõ ázsiai részvény eszközalap,2026-05-01,3.1097,2026-05-01,3.1097,0.0,807.2701,1.0,1.3342,33.42
6649,Fenntartható növekedés részvény eszk.,2026-05-01,3.1124,2026-05-01,3.1124,0.0,1032.5036,1.0,0.9294,-7.06
6650,Globális egészségügyi részvény eszk.,2026-05-01,3.3428,2026-05-01,3.3428,0.0,1133.9187,1.0,1.0381,3.81
6651,Globális növekedési részvény eszközalap,2026-05-01,2.1616,2026-05-01,2.1616,0.0,721.7397,1.0,0.9135,-8.65
6652,Kiegyensúlyozott vegyes eszközalap - D,2026-05-01,1.458,2026-05-01,1.458,0.0,472.9166,1.0,1.018,1.8
6653,Latin-amerikai részvény eszközalap,2026-05-01,1.4395,2026-05-01,1.4395,0.0,413.0908,1.0,1.2409,24.09
6654,Magas kötvény arányú vegyes eszk. - D,2026-05-01,1.1172,2026-05-01,1.1172,0.0,369.4681,1.0,1.0026,0.26
6655,Magas védelmû vegyes eszközalap,2026-05-01,1.1126,2026-05-01,1.1126,0.0,367.4508,1.0,1.0121,1.21
6656,Nemz. élelmiszeripari cégek rv. ea - D,2026-05-01,3.3414,2026-05-01,3.3414,0.0,1074.8137,1.0,1.0698,6.98
6657,Nyersanyagpiaci részvény eszközalap,2026-05-01,1.6413,2026-05-01,1.6413,0.0,485.4841,1.0,1.1038,10.38
6658,Presztízs- és luxusmárkák rv. ea.,2026-05-01,3.3292,2026-05-01,3.3292,0.0,1175.34,1.0,1.0201,2.01
6659,USA részvény eszközalap,2026-05-01,4.7571,2026-05-01,4.7571,0.0,1492.3625,1.0,0.9885,-1.15
6660,Ázsia kötvény eszközalap,2026-05-01,2.2563,2026-05-01,2.2563,0.0,748.2034,1.0,1.0368,3.68
6661,Aktív hozamfigyelõ vegyes eszközalap - D,2026-05-02,0.9468,2026-05-02,0.9468,0.0,314.93,1.0,0.9923,-0.77
6662,Euró likviditás eszközalap - D,2026-05-02,0.922,2026-05-02,0.922,0.0,309.014,1.0,0.995,-0.5
6663,Európai ingatlancégek részv. eszközalap,2026-05-02,1.8493,2026-05-02,1.8493,0.0,620.4956,1.0,1.0058,0.58
6664,Európai kötvény eszközalap - D,2026-05-02,1.2212,2026-05-02,1.2212,0.0,411.2189,1.0,0.9881,-1.19
6665,Európai részvény eszközalap,2026-05-02,2.831,2026-05-02,2.831,0.0,890.2333,1.0,1.0622,6.22
6666,Európai vállalati kötvény eszközalap,2026-05-02,1.3207,2026-05-02,1.3207,0.0,442.1456,1.0,1.0038,0.38
6667,Fejlõdõ piaci részvény ESG eszközalap-D,2026-05-02,1.2483,2026-05-02,1.2483,0.0,379.6753,1.0,1.0553,5.53
6668,Fejlõdõ ázsiai részvény eszközalap,2026-05-02,3.1097,2026-05-02,3.1097,0.0,810.3798,1.0,1.3342,33.42
6669,Fenntartható növekedés részvény eszk.,2026-05-02,3.1124,2026-05-02,3.1124,0.0,1035.616,1.0,0.9294,-7.06
6670,Globális egészségügyi részvény eszk.,2026-05-02,3.3428,2026-05-02,3.3428,0.0,1137.2615,1.0,1.0381,3.81
6671,Globális növekedési részvény eszközalap,2026-05-02,2.1616,2026-05-02,2.1616,0.0,723.9013,1.0,0.9135,-8.65
6672,Kiegyensúlyozott vegyes eszközalap - D,2026-05-02,1.458,2026-05-02,1.458,0.0,474.3746,1.0,1.018,1.8
6673,Latin-amerikai részvény eszközalap,2026-05-02,1.4395,2026-05-02,1.4395,0.0,414.5303,1.0,1.2409,24.09
6674,Magas kötvény arányú vegyes eszk. - D,2026-05-02,1.1172,2026-05-02,1.1172,0.0,370.5853,1.0,1.0026,0.26
6675,Magas védelmû vegyes eszközalap,2026-05-02,1.1126,2026-05-02,1.1126,0.0,368.5634,1.0,1.0121,1.21
6676,Nemz. élelmiszeripari cégek rv. ea - D,2026-05-02,3.3414,2026-05-02,3.3414,0.0,1078.1551,1.0,1.0698,6.98
6677,Nyersanyagpiaci részvény eszközalap,2026-05-02,1.6413,2026-05-02,1.6413,0.0,487.1254,1.0,1.1038,10.38
6678,Presztízs- és luxusmárkák rv. ea.,2026-05-02,3.3292,2026-05-02,3.3292,0.0,1178.6692,1.0,1.0201,2.01
6679,USA részvény eszközalap,2026-05-02,4.7571,2026-05-02,4.7571,0.0,1497.1196,1.0,0.9885,-1.15
6680,Ázsia kötvény eszközalap,2026-05-02,2.2563,2026-05-02,2.2563,0.0,750.4597,1.0,1.0368,3.68
6681,Aktív hozamfigyelõ vegyes eszközalap - D,2026-05-03,0.9468,2026-05-03,0.9468,0.0,315.8768,1.0,0.9923,-0.77
6682,Euró likviditás eszközalap - D,2026-05-03,0.922,2026-05-03,0.922,0.0,309.936,1.0,0.995,-0.5
6683,Európai ingatlancégek részv. eszközalap,2026-05-03,1.8493,2026-05-03,1.8493,0.0,622.3449,1.0,1.0058,0.58
6684,Európai kötvény eszközalap - D,2026-05-03,1.2212,2026-05-03,1.2212,0.0,412.4401,1.0,0.9881,-1.19
6685,Európai részvény eszközalap,2026-05-03,2.831,2026-05-03,2.831,0.0,893.0643,1.0,1.0622,6.22
6686,Európai vállalati kötvény eszközalap,2026-05-03,1.3207,2026-05-03,1.3207,0.0,443.4663,1.0,1.0038,0.38
6687,Fejlõdõ piaci részvény ESG eszközalap-D,2026-05-03,1.2483,2026-05-03,1.2483,0.0,380.9236,1.0,1.0553,5.53
6688,Fejlõdõ ázsiai részvény eszközalap,2026-05-03,3.1097,2026-05-03,3.1097,0.0,813.4895,1.0,1.3342,33.42
6689,Fenntartható növekedés részvény eszk.,2026-05-03,3.1124,2026-05-03,3.1124,0.0,1038.7284,1.0,0.9294,-7.06
6690,Globális egészségügyi részvény eszk.,2026-05-03,3.3428,2026-05-03,3.3428,0.0,1140.6043,1.0,1.0381,3.81
6691,Globális növekedési részvény eszközalap,2026-05-03,2.1616,2026-05-03,2.1616,0.0,726.0629,1.0,0.9135,-8.65
6692,Kiegyensúlyozott vegyes eszközalap - D,2026-05-03,1.458,2026-05-03,1.458,0.0,475.8326,1.0,1.018,1.8
6693,Latin-amerikai részvény eszközalap,2026-05-03,1.4395,2026-05-03,1.4395,0.0,415.9698,1.0,1.2409,24.09
6694,Magas kötvény arányú vegyes eszk. - D,2026-05-03,1.1172,2026-05-03,1.1172,0.0,371.7025,1.0,1.0026,0.26
6695,Magas védelmû vegyes eszközalap,2026-05-03,1.1126,2026-05-03,1.1126,0.0,369.676,1.0,1.0121,1.21
6696,Nemz. élelmiszeripari cégek rv. ea - D,2026-05-03,3.3414,2026-05-03,3.3414,0.0,1081.4965,1.0,1.0698,6.98
6697,Nyersanyagpiaci részvény eszközalap,2026-05-03,1.6413,2026-05-03,1.6413,0.0,488.7667,1.0,1.1038,10.38
6698,Presztízs- és luxusmárkák rv. ea.,2026-05-03,3.3292,2026-05-03,3.3292,0.0,1181.9984,1.0,1.0201,2.01
6699,USA részvény eszközalap,2026-05-03,4.7571,2026-05-03,4.7571,0.0,1501.8767,1.0,0.9885,-1.15
6700,Ázsia kötvény eszközalap,2026-05-03,2.2563,2026-05-03,2.2563,0.0,752.716,1.0,1.0368,3.68
6701,Aktív hozamfigyelõ vegyes eszközalap - D,2026-05-04,0.9468,2026-05-04,0.9468,0.0,316.8236,1.0,0.9923,-0.77
6702,Euró likviditás eszközalap - D,2026-05-04,0.922,2026-05-04,0.922,0.0,310.858,1.0,0.995,-0.5
6703,Európai ingatlancégek részv. eszközalap,2026-05-04,1.8493,2026-05-04,1.8493,0.0,624.1942,1.0,1.0058,0.58
6704,Európai kötvény eszközalap - D,2026-05-04,1.2212,2026-05-04,1.2212,0.0,413.6613,1.0,0.9881,-1.19
6705,Európai részvény eszközalap,2026-05-04,2.831,2026-05-04,2.831,0.0,895.8953,1.0,1.0622,6.22
6706,Európai vállalati kötvény eszközalap,2026-05-04,1.3207,2026-05-04,1.3207,0.0,444.787,1.0,1.0038,0.38
6707,Fejlõdõ piaci részvény ESG eszközalap-D,2026-05-04,1.2483,2026-05-04,1.2483,0.0,382.1719,1.0,1.0553,5.53
6708,Fejlõdõ ázsiai részvény eszközalap,2026-05-04,3.1097,2026-05-04,3.1097,0.0,816.5992,1.0,1.3342,33.42
6709,Fenntartható növekedés részvény eszk.,2026-05-04,3.1124,2026-05-04,3.1124,0.0,1041.8408,1.0,0.9294,-7.06
6710,Globális egészségügyi részvény eszk.,2026-05-04,3.3428,2026-05-04,3.3428,0.0,1143.9471,1.0,1.0381,3.81
6711,Globális növekedési részvény eszközalap,2026-05-04,2.1616,2026-05-04,2.1616,0.0,728.2245,1.0,0.9135,-8.65
6712,Kiegyensúlyozott vegyes eszközalap - D,2026-05-04,1.458,2026-05-04,1.458,0.0,477.2906,1.0,1.018,1.8
6713,Latin-amerikai részvény eszközalap,2026-05-04,1.4395,2026-05-04,1.4395,0.0,417.4093,1.0,1.2409,24.09
6714,Magas kötvény arányú vegyes eszk. - D,2026-05-04,1.1172,2026-05-04,1.1172,0.0,372.8197,1.0,1.0026,0.26
6715,Magas védelmû vegyes eszközalap,2026-05-04,1.1126,2026-05-04,1.1126,0.0,370.7886,1.0,1.0121,1.21
6716,Nemz. élelmiszeripari cégek rv. ea - D,2026-05-04,3.3414,2026-05-04,3.3414,0.0,1084.8379,1.0,1.0698,6.98
6717,Nyersanyagpiaci részvény eszközalap,2026-05-04,1.6413,2026-05-04,1.6413,0.0,490.408,1.0,1.1038,10.38
6718,Presztízs- és luxusmárkák rv. ea.,2026-05-04,3.3292,2026-05-04,3.3292,0.0,1185.3276,1.0,1.0201,2.01
6719,USA részvény eszközalap,2026-05-04,4.7571,2026-05-04,4.7571,0.0,1506.6338,1.0,0.9885,-1.15
6720,Ázsia kötvény eszközalap,2026-05-04,2.2563,2026-05-04,2.2563,0.0,754.9723,1.0,1.0368,3.68
6721,Aktív hozamfigyelõ vegyes eszközalap - D,2026-05-05,0.9444,2026-05-06,0.9466,0.0023,317.768,1.0023,0.9946,-0.54
6722,Euró likviditás eszközalap - D,2026-05-05,0.9215,2026-05-06,0.9217,0.0002,311.7795,1.0002,0.9952,-0.48
6723,Európai ingatlancégek részv. eszközalap,2026-05-05,1.8232,2026-05-06,1.8243,0.0006,626.0174,1.0006,1.0064,0.64
6724,Európai kötvény eszközalap - D,2026-05-05,1.2201,2026-05-06,1.2188,-0.0011,414.8814,0.9989,0.987,-1.3
6725,Európai részvény eszközalap,2026-05-05,2.7769,2026-05-06,2.8244,0.0171,898.6722,1.0171,1.0804,8.04
6726,Európai vállalati kötvény eszközalap,2026-05-05,1.3192,2026-05-06,1.3188,-0.0003,446.1062,0.9997,1.0035,0.35
6727,Fejlõdõ piaci részvény ESG eszközalap-D,2026-05-05,1.2698,2026-05-06,1.2831,0.0105,383.4417,1.0105,1.0663,6.63
6728,Fejlõdõ ázsiai részvény eszközalap,2026-05-05,3.1954,2026-05-06,3.213,0.0055,819.7946,1.0055,1.3416,34.16
6729,Fenntartható növekedés részvény eszk.,2026-05-05,3.1057,2026-05-06,3.1156,0.0032,1044.9465,1.0032,0.9324,-6.76
6730,Globális egészségügyi részvény eszk.,2026-05-05,3.3502,2026-05-06,3.3501,0.0,1147.2973,1.0,1.0381,3.81
6731,Globális növekedési részvény eszközalap,2026-05-05,2.1553,2026-05-06,2.1663,0.0051,730.3798,1.0051,0.9181,-8.19
6732,Kiegyensúlyozott vegyes eszközalap - D,2026-05-05,1.4591,2026-05-06,1.4645,0.0037,478.7497,1.0037,1.0217,2.17
6733,Latin-amerikai részvény eszközalap,2026-05-05,1.4331,2026-05-06,1.4594,0.0183,418.8424,1.0183,1.2636,26.36
6734,Magas kötvény arányú vegyes eszk. - D,2026-05-05,1.1166,2026-05-06,1.1187,0.002,373.9363,1.002,1.0046,0.46
6735,Magas védelmû vegyes eszközalap,2026-05-05,1.1092,2026-05-06,1.1126,0.003,371.8978,1.003,1.0152,1.52
6736,Nemz. élelmiszeripari cégek rv. ea - D,2026-05-05,3.344,2026-05-06,3.3318,-0.0036,1088.1819,0.9964,1.0659,6.59
6737,Nyersanyagpiaci részvény eszközalap,2026-05-05,1.6204,2026-05-06,1.637,0.0102,492.0284,1.0102,1.1151,11.51
6738,Presztízs- és luxusmárkák rv. ea.,2026-05-05,3.2645,2026-05-06,3.274,0.0029,1188.5921,1.0029,1.0231,2.31
6739,USA részvény eszközalap,2026-05-05,4.7679,2026-05-06,4.8036,0.0075,1511.4017,1.0075,0.996,-0.4
6740,Ázsia kötvény eszközalap,2026-05-05,2.2519,2026-05-06,2.2574,0.0024,757.2242,1.0024,1.0393,3.93
6741,Aktív hozamfigyelõ vegyes eszközalap - D,2026-05-06,0.9466,2026-05-07,0.9542,0.0081,318.7146,1.0081,1.0026,0.26
6742,Euró likviditás eszközalap - D,2026-05-06,0.9217,2026-05-07,0.9238,0.0023,312.7012,1.0023,0.9975,-0.25
6743,Európai ingatlancégek részv. eszközalap,2026-05-06,1.8243,2026-05-07,1.8672,0.0235,627.8417,1.0235,1.0301,3.01
6744,Európai kötvény eszközalap - D,2026-05-06,1.2188,2026-05-07,1.226,0.006,416.1002,1.006,0.9929,-0.71
6745,Európai részvény eszközalap,2026-05-06,2.8244,2026-05-07,2.899,0.0264,901.4966,1.0264,1.1089,10.89
6746,Európai vállalati kötvény eszközalap,2026-05-06,1.3188,2026-05-07,1.3251,0.0048,447.425,1.0048,1.0083,0.83
6747,Fejlõdõ piaci részvény ESG eszközalap-D,2026-05-06,1.2831,2026-05-07,1.3273,0.0345,384.7248,1.0345,1.1031,10.31
6748,Fejlõdõ ázsiai részvény eszközalap,2026-05-06,3.213,2026-05-07,3.2891,0.0237,823.0076,1.0237,1.3733,37.33
6749,Fenntartható növekedés részvény eszk.,2026-05-06,3.1156,2026-05-07,3.1577,0.0135,1048.0621,1.0135,0.945,-5.5
6750,Globális egészségügyi részvény eszk.,2026-05-06,3.3501,2026-05-07,3.3681,0.0054,1150.6474,1.0054,1.0437,4.37
6751,Globális növekedési részvény eszközalap,2026-05-06,2.1663,2026-05-07,2.1816,0.007,732.5461,1.007,0.9246,-7.54
6752,Kiegyensúlyozott vegyes eszközalap - D,2026-05-06,1.4645,2026-05-07,1.4799,0.0105,480.2142,1.0105,1.0325,3.25
6753,Latin-amerikai részvény eszközalap,2026-05-06,1.4594,2026-05-07,1.4563,-0.0021,420.3018,0.9979,1.2609,26.09
6754,Magas kötvény arányú vegyes eszk. - D,2026-05-06,1.1187,2026-05-07,1.1281,0.0083,375.055,1.0083,1.013,1.3
6755,Magas védelmû vegyes eszközalap,2026-05-06,1.1126,2026-05-07,1.1181,0.0049,373.0104,1.0049,1.0201,2.01
6756,Nemz. élelmiszeripari cégek rv. ea - D,2026-05-06,3.3318,2026-05-07,3.3445,0.0038,1091.5137,1.0038,1.07,7.0
6757,Nyersanyagpiaci részvény eszközalap,2026-05-06,1.637,2026-05-07,1.6808,0.0268,493.6654,1.0268,1.1449,14.49
6758,Presztízs- és luxusmárkák rv. ea.,2026-05-06,3.274,2026-05-07,3.3998,0.0384,1191.8661,1.0384,1.0624,6.24
6759,USA részvény eszközalap,2026-05-06,4.8036,2026-05-07,4.8475,0.0091,1516.2053,1.0091,1.005,0.5
6760,Ázsia kötvény eszközalap,2026-05-06,2.2574,2026-05-07,2.2516,-0.0026,759.4816,0.9974,1.0366,3.66
6761,Aktív hozamfigyelõ vegyes eszközalap - D,2026-05-07,0.9542,2026-05-08,0.9516,-0.0027,319.6688,0.9973,0.9999,-0.01
6762,Euró likviditás eszközalap - D,2026-05-07,0.9238,2026-05-08,0.924,0.0001,313.625,1.0001,0.9976,-0.24
6763,Európai ingatlancégek részv. eszközalap,2026-05-07,1.8672,2026-05-08,1.8482,-0.0102,629.7089,0.9898,1.0196,1.96
6764,Európai kötvény eszközalap - D,2026-05-07,1.226,2026-05-08,1.2271,0.0009,417.3262,1.0009,0.9938,-0.62
6765,Európai részvény eszközalap,2026-05-07,2.899,2026-05-08,2.8782,-0.0072,904.3956,0.9928,1.101,10.1
6766,Európai vállalati kötvény eszközalap,2026-05-07,1.3251,2026-05-08,1.3257,0.0005,448.7501,1.0005,1.0088,0.88
6767,Fejlõdõ piaci részvény ESG eszközalap-D,2026-05-07,1.3273,2026-05-08,1.3355,0.0061,386.0521,1.0061,1.1099,10.99
6768,Fejlõdõ ázsiai részvény eszközalap,2026-05-07,3.2891,2026-05-08,3.2881,-0.0003,826.2967,0.9997,1.3729,37.29
6769,Fenntartható növekedés részvény eszk.,2026-05-07,3.1577,2026-05-08,3.1467,-0.0035,1051.2198,0.9965,0.9417,-5.83
6770,Globális egészségügyi részvény eszk.,2026-05-07,3.3681,2026-05-08,3.3706,0.0007,1154.0155,1.0007,1.0444,4.44
6771,Globális növekedési részvény eszközalap,2026-05-07,2.1816,2026-05-08,2.1586,-0.0105,734.7277,0.9895,0.9149,-8.51
6772,Kiegyensúlyozott vegyes eszközalap - D,2026-05-07,1.4799,2026-05-08,1.4804,0.0004,481.6941,1.0004,1.0329,3.29
6773,Latin-amerikai részvény eszközalap,2026-05-07,1.4563,2026-05-08,1.4467,-0.0065,421.7581,0.9935,1.2527,25.27
6774,Magas kötvény arányú vegyes eszk. - D,2026-05-07,1.1281,2026-05-08,1.1286,0.0004,376.1831,1.0004,1.0134,1.34
6775,Magas védelmû vegyes eszközalap,2026-05-07,1.1181,2026-05-08,1.1162,-0.0017,374.1285,0.9983,1.0184,1.84
6776,Nemz. élelmiszeripari cégek rv. ea - D,2026-05-07,3.3445,2026-05-08,3.3194,-0.0075,1094.8582,0.9925,1.0619,6.19
6777,Nyersanyagpiaci részvény eszközalap,2026-05-07,1.6808,2026-05-08,1.6805,-0.0002,495.3462,0.9998,1.1447,14.47
6778,Presztízs- és luxusmárkák rv. ea.,2026-05-07,3.3998,2026-05-08,3.4065,0.002,1195.2659,1.002,1.0645,6.45
6779,USA részvény eszközalap,2026-05-07,4.8475,2026-05-08,4.8273,-0.0042,1521.0528,0.9958,1.0008,0.08
6780,Ázsia kötvény eszközalap,2026-05-07,2.2516,2026-05-08,2.2529,0.0006,761.7332,1.0006,1.0372,3.72
6781,Aktív hozamfigyelõ vegyes eszközalap - D,2026-05-08,0.9516,2026-05-09,0.9527,0.0012,320.6204,1.0012,1.0011,0.11
6782,Euró likviditás eszközalap - D,2026-05-08,0.924,2026-05-09,0.9236,-0.0004,314.549,0.9996,0.9972,-0.28
6783,Európai ingatlancégek részv. eszközalap,2026-05-08,1.8482,2026-05-09,1.8398,-0.0045,631.5571,0.9955,1.015,1.5
6784,Európai kötvény eszközalap - D,2026-05-08,1.2271,2026-05-09,1.2261,-0.0009,418.5533,0.9991,0.9929,-0.71
6785,Európai részvény eszközalap,2026-05-08,2.8782,2026-05-09,2.8579,-0.007,907.2738,0.993,1.0932,9.32
6786,Európai vállalati kötvény eszközalap,2026-05-08,1.3257,2026-05-09,1.3247,-0.0008,450.0758,0.9992,1.008,0.8
6787,Fejlõdõ piaci részvény ESG eszközalap-D,2026-05-08,1.3355,2026-05-09,1.3334,-0.0016,387.3876,0.9984,1.1081,10.81
6788,Fejlõdõ ázsiai részvény eszközalap,2026-05-08,3.2881,2026-05-09,3.306,0.0055,829.5848,1.0055,1.3805,38.05
6789,Fenntartható növekedés részvény eszk.,2026-05-08,3.1467,2026-05-09,3.1529,0.002,1054.3665,1.002,0.9436,-5.64
6790,Globális egészségügyi részvény eszk.,2026-05-08,3.3706,2026-05-09,3.3245,-0.0137,1157.3861,0.9863,1.0301,3.01
6791,Globális növekedési részvény eszközalap,2026-05-08,2.1586,2026-05-09,2.153,-0.0026,736.8863,0.9974,0.9125,-8.75
6792,Kiegyensúlyozott vegyes eszközalap - D,2026-05-08,1.4804,2026-05-09,1.4818,0.0009,483.1745,1.0009,1.0338,3.38
6793,Latin-amerikai részvény eszközalap,2026-05-08,1.4467,2026-05-09,1.4486,0.0013,423.2048,1.0013,1.2544,25.44
6794,Magas kötvény arányú vegyes eszk. - D,2026-05-08,1.1286,2026-05-09,1.1288,0.0002,377.3117,1.0002,1.0136,1.36
6795,Magas védelmû vegyes eszközalap,2026-05-08,1.1162,2026-05-09,1.1143,-0.0016,375.2447,0.9984,1.0168,1.68
6796,Nemz. élelmiszeripari cégek rv. ea - D,2026-05-08,3.3194,2026-05-09,3.335,0.0047,1098.1776,1.0047,1.0669,6.69
6797,Nyersanyagpiaci részvény eszközalap,2026-05-08,1.6805,2026-05-09,1.6703,-0.0061,497.0267,0.9939,1.1377,13.77
6798,Presztízs- és luxusmárkák rv. ea.,2026-05-08,3.4065,2026-05-09,3.3931,-0.0039,1198.6724,0.9961,1.0603,6.03
6799,USA részvény eszközalap,2026-05-08,4.8273,2026-05-09,4.8565,0.006,1525.8801,1.006,1.0068,0.68
6800,Ázsia kötvény eszközalap,2026-05-08,2.2529,2026-05-09,2.2525,-0.0002,763.9861,0.9998,1.037,3.7
6801,Aktív hozamfigyelõ vegyes eszközalap - D,2026-05-09,0.9527,2026-05-09,0.9527,0.0,321.5731,1.0,1.0011,0.11
6802,Euró likviditás eszközalap - D,2026-05-09,0.9236,2026-05-09,0.9236,0.0,315.4726,1.0,0.9972,-0.28
6803,Európai ingatlancégek részv. eszközalap,2026-05-09,1.8398,2026-05-09,1.8398,0.0,633.3969,1.0,1.015,1.5
6804,Európai kötvény eszközalap - D,2026-05-09,1.2261,2026-05-09,1.2261,0.0,419.7794,1.0,0.9929,-0.71
6805,Európai részvény eszközalap,2026-05-09,2.8579,2026-05-09,2.8579,0.0,910.1317,1.0,1.0932,9.32
6806,Európai vállalati kötvény eszközalap,2026-05-09,1.3247,2026-05-09,1.3247,0.0,451.4005,1.0,1.008,0.8
6807,Fejlõdõ piaci részvény ESG eszközalap-D,2026-05-09,1.3334,2026-05-09,1.3334,0.0,388.721,1.0,1.1081,10.81
6808,Fejlõdõ ázsiai részvény eszközalap,2026-05-09,3.306,2026-05-09,3.306,0.0,832.8908,1.0,1.3805,38.05
6809,Fenntartható növekedés részvény eszk.,2026-05-09,3.1529,2026-05-09,3.1529,0.0,1057.5194,1.0,0.9436,-5.64
6810,Globális egészségügyi részvény eszk.,2026-05-09,3.3245,2026-05-09,3.3245,0.0,1160.7106,1.0,1.0301,3.01
6811,Globális növekedési részvény eszközalap,2026-05-09,2.153,2026-05-09,2.153,0.0,739.0393,1.0,0.9125,-8.75
6812,Kiegyensúlyozott vegyes eszközalap - D,2026-05-09,1.4818,2026-05-09,1.4818,0.0,484.6563,1.0,1.0338,3.38
6813,Latin-amerikai részvény eszközalap,2026-05-09,1.4486,2026-05-09,1.4486,0.0,424.6534,1.0,1.2544,25.44
6814,Magas kötvény arányú vegyes eszk. - D,2026-05-09,1.1288,2026-05-09,1.1288,0.0,378.4405,1.0,1.0136,1.36
6815,Magas védelmû vegyes eszközalap,2026-05-09,1.1143,2026-05-09,1.1143,0.0,376.359,1.0,1.0168,1.68
6816,Nemz. élelmiszeripari cégek rv. ea - D,2026-05-09,3.335,2026-05-09,3.335,0.0,1101.5126,1.0,1.0669,6.69
6817,Nyersanyagpiaci részvény eszközalap,2026-05-09,1.6703,2026-05-09,1.6703,0.0,498.697,1.0,1.1377,13.77
6818,Presztízs- és luxusmárkák rv. ea.,2026-05-09,3.3931,2026-05-09,3.3931,0.0,1202.0655,1.0,1.0603,6.03
6819,USA részvény eszközalap,2026-05-09,4.8565,2026-05-09,4.8565,0.0,1530.7366,1.0,1.0068,0.68
6820,Ázsia kötvény eszközalap,2026-05-09,2.2525,2026-05-09,2.2525,0.0,766.2386,1.0,1.037,3.7
6821,Aktív hozamfigyelõ vegyes eszközalap - D,2026-05-10,0.9527,2026-05-10,0.9527,0.0,322.5258,1.0,1.0011,0.11
6822,Euró likviditás eszközalap - D,2026-05-10,0.9236,2026-05-10,0.9236,0.0,316.3962,1.0,0.9972,-0.28
6823,Európai ingatlancégek részv. eszközalap,2026-05-10,1.8398,2026-05-10,1.8398,0.0,635.2367,1.0,1.015,1.5
6824,Európai kötvény eszközalap - D,2026-05-10,1.2261,2026-05-10,1.2261,0.0,421.0055,1.0,0.9929,-0.71
6825,Európai részvény eszközalap,2026-05-10,2.8579,2026-05-10,2.8579,0.0,912.9896,1.0,1.0932,9.32
6826,Európai vállalati kötvény eszközalap,2026-05-10,1.3247,2026-05-10,1.3247,0.0,452.7252,1.0,1.008,0.8
6827,Fejlõdõ piaci részvény ESG eszközalap-D,2026-05-10,1.3334,2026-05-10,1.3334,0.0,390.0544,1.0,1.1081,10.81
6828,Fejlõdõ ázsiai részvény eszközalap,2026-05-10,3.306,2026-05-10,3.306,0.0,836.1968,1.0,1.3805,38.05
6829,Fenntartható növekedés részvény eszk.,2026-05-10,3.1529,2026-05-10,3.1529,0.0,1060.6723,1.0,0.9436,-5.64
6830,Globális egészségügyi részvény eszk.,2026-05-10,3.3245,2026-05-10,3.3245,0.0,1164.0351,1.0,1.0301,3.01
6831,Globális növekedési részvény eszközalap,2026-05-10,2.153,2026-05-10,2.153,0.0,741.1923,1.0,0.9125,-8.75
6832,Kiegyensúlyozott vegyes eszközalap - D,2026-05-10,1.4818,2026-05-10,1.4818,0.0,486.1381,1.0,1.0338,3.38
6833,Latin-amerikai részvény eszközalap,2026-05-10,1.4486,2026-05-10,1.4486,0.0,426.102,1.0,1.2544,25.44
6834,Magas kötvény arányú vegyes eszk. - D,2026-05-10,1.1288,2026-05-10,1.1288,0.0,379.5693,1.0,1.0136,1.36
6835,Magas védelmû vegyes eszközalap,2026-05-10,1.1143,2026-05-10,1.1143,0.0,377.4733,1.0,1.0168,1.68
6836,Nemz. élelmiszeripari cégek rv. ea - D,2026-05-10,3.335,2026-05-10,3.335,0.0,1104.8476,1.0,1.0669,6.69
6837,Nyersanyagpiaci részvény eszközalap,2026-05-10,1.6703,2026-05-10,1.6703,0.0,500.3673,1.0,1.1377,13.77
6838,Presztízs- és luxusmárkák rv. ea.,2026-05-10,3.3931,2026-05-10,3.3931,0.0,1205.4586,1.0,1.0603,6.03
6839,USA részvény eszközalap,2026-05-10,4.8565,2026-05-10,4.8565,0.0,1535.5931,1.0,1.0068,0.68
6840,Ázsia kötvény eszközalap,2026-05-10,2.2525,2026-05-10,2.2525,0.0,768.4911,1.0,1.037,3.7
6841,Aktív hozamfigyelõ vegyes eszközalap - D,2026-05-11,0.9527,2026-05-11,0.9527,0.0,323.4785,1.0,1.0011,0.11
6842,Euró likviditás eszközalap - D,2026-05-11,0.9236,2026-05-11,0.9236,0.0,317.3198,1.0,0.9972,-0.28
6843,Európai ingatlancégek részv. eszközalap,2026-05-11,1.8398,2026-05-11,1.8398,0.0,637.0765,1.0,1.015,1.5
6844,Európai kötvény eszközalap - D,2026-05-11,1.2261,2026-05-11,1.2261,0.0,422.2316,1.0,0.9929,-0.71
6845,Európai részvény eszközalap,2026-05-11,2.8579,2026-05-11,2.8579,0.0,915.8475,1.0,1.0932,9.32
6846,Európai vállalati kötvény eszközalap,2026-05-11,1.3247,2026-05-11,1.3247,0.0,454.0499,1.0,1.008,0.8
6847,Fejlõdõ piaci részvény ESG eszközalap-D,2026-05-11,1.3334,2026-05-11,1.3334,0.0,391.3878,1.0,1.1081,10.81
6848,Fejlõdõ ázsiai részvény eszközalap,2026-05-11,3.306,2026-05-11,3.306,0.0,839.5028,1.0,1.3805,38.05
6849,Fenntartható növekedés részvény eszk.,2026-05-11,3.1529,2026-05-11,3.1529,0.0,1063.8252,1.0,0.9436,-5.64
6850,Globális egészségügyi részvény eszk.,2026-05-11,3.3245,2026-05-11,3.3245,0.0,1167.3596,1.0,1.0301,3.01
6851,Globális növekedési részvény eszközalap,2026-05-11,2.153,2026-05-11,2.153,0.0,743.3453,1.0,0.9125,-8.75
6852,Kiegyensúlyozott vegyes eszközalap - D,2026-05-11,1.4818,2026-05-11,1.4818,0.0,487.6199,1.0,1.0338,3.38
6853,Latin-amerikai részvény eszközalap,2026-05-11,1.4486,2026-05-11,1.4486,0.0,427.5506,1.0,1.2544,25.44
6854,Magas kötvény arányú vegyes eszk. - D,2026-05-11,1.1288,2026-05-11,1.1288,0.0,380.6981,1.0,1.0136,1.36
6855,Magas védelmû vegyes eszközalap,2026-05-11,1.1143,2026-05-11,1.1143,0.0,378.5876,1.0,1.0168,1.68
6856,Nemz. élelmiszeripari cégek rv. ea - D,2026-05-11,3.335,2026-05-11,3.335,0.0,1108.1826,1.0,1.0669,6.69
6857,Nyersanyagpiaci részvény eszközalap,2026-05-11,1.6703,2026-05-11,1.6703,0.0,502.0376,1.0,1.1377,13.77
6858,Presztízs- és luxusmárkák rv. ea.,2026-05-11,3.3931,2026-05-11,3.3931,0.0,1208.8517,1.0,1.0603,6.03
6859,USA részvény eszközalap,2026-05-11,4.8565,2026-05-11,4.8565,0.0,1540.4496,1.0,1.0068,0.68
6860,Ázsia kötvény eszközalap,2026-05-11,2.2525,2026-05-11,2.2525,0.0,770.7436,1.0,1.037,3.7
6861,Aktív hozamfigyelõ vegyes eszközalap - D,2026-05-12,0.9502,2026-05-13,0.9482,-0.0021,324.4287,0.9979,0.999,-0.1
6862,Euró likviditás eszközalap - D,2026-05-12,0.9227,2026-05-13,0.9219,-0.0008,318.2425,0.9992,0.9964,-0.36
6863,Európai ingatlancégek részv. eszközalap,2026-05-12,1.8446,2026-05-13,1.8153,-0.0159,638.9211,0.9841,0.9989,-0.11
6864,Európai kötvény eszközalap - D,2026-05-12,1.2228,2026-05-13,1.2192,-0.003,423.4544,0.997,0.99,-1.0
6865,Európai részvény eszközalap,2026-05-12,2.8605,2026-05-13,2.8155,-0.0157,918.708,0.9843,1.0761,7.61
6866,Európai vállalati kötvény eszközalap,2026-05-12,1.3223,2026-05-13,1.3192,-0.0023,455.3722,0.9977,1.0057,0.57
6867,Fejlõdõ piaci részvény ESG eszközalap-D,2026-05-12,1.3474,2026-05-13,1.3081,-0.0291,392.7352,0.9709,1.0758,7.58
6868,Fejlõdõ ázsiai részvény eszközalap,2026-05-12,3.3251,2026-05-13,3.2742,-0.0153,842.8279,0.9847,1.3594,35.94
6869,Fenntartható növekedés részvény eszk.,2026-05-12,3.139,2026-05-13,3.1418,0.0009,1066.9642,1.0009,0.9444,-5.56
6870,Globális egészségügyi részvény eszk.,2026-05-12,3.3524,2026-05-13,3.3472,-0.0015,1170.712,0.9985,1.0286,2.86
6871,Globális növekedési részvény eszközalap,2026-05-12,2.1494,2026-05-13,2.1258,-0.011,745.4947,0.989,0.9024,-9.76
6872,Kiegyensúlyozott vegyes eszközalap - D,2026-05-12,1.481,2026-05-13,1.4751,-0.004,489.1009,0.996,1.0297,2.97
6873,Latin-amerikai részvény eszközalap,2026-05-12,1.4282,2026-05-13,1.4103,-0.0125,428.9788,0.9875,1.2387,23.87
6874,Magas kötvény arányú vegyes eszk. - D,2026-05-12,1.1269,2026-05-13,1.1226,-0.0038,381.825,0.9962,1.0097,0.97
6875,Magas védelmû vegyes eszközalap,2026-05-12,1.1143,2026-05-13,1.1116,-0.0024,379.7019,0.9976,1.0143,1.43
6876,Nemz. élelmiszeripari cégek rv. ea - D,2026-05-12,3.2887,2026-05-13,3.3522,0.0193,1111.4713,1.0193,1.0875,8.75
6877,Nyersanyagpiaci részvény eszközalap,2026-05-12,1.7035,2026-05-13,1.6827,-0.0122,503.7411,0.9878,1.1239,12.39
6878,Presztízs- és luxusmárkák rv. ea.,2026-05-12,3.3086,2026-05-13,3.2944,-0.0043,1212.1603,0.9957,1.0558,5.58
6879,USA részvény eszközalap,2026-05-12,4.8588,2026-05-13,4.872,0.0027,1545.3084,1.0027,1.0095,0.95
6880,Ázsia kötvény eszközalap,2026-05-12,2.2507,2026-05-13,2.252,0.0006,772.9943,1.0006,1.0376,3.76
6881,Aktív hozamfigyelõ vegyes eszközalap - D,2026-05-13,0.9482,2026-05-14,0.9501,0.002,325.3769,1.002,1.001,0.1
6882,Euró likviditás eszközalap - D,2026-05-13,0.9219,2026-05-14,0.9219,0.0,319.1644,1.0,0.9964,-0.36
6883,Európai ingatlancégek részv. eszközalap,2026-05-13,1.8153,2026-05-14,1.8126,-0.0015,640.7364,0.9985,0.9974,-0.26
6884,Európai kötvény eszközalap - D,2026-05-13,1.2192,2026-05-14,1.2189,-0.0002,424.6736,0.9998,0.9898,-1.02
6885,Európai részvény eszközalap,2026-05-13,2.8155,2026-05-14,2.8445,0.0103,921.5235,1.0103,1.0872,8.72
6886,Európai vállalati kötvény eszközalap,2026-05-13,1.3192,2026-05-14,1.3191,-0.0001,456.6914,0.9999,1.0056,0.56
6887,Fejlõdõ piaci részvény ESG eszközalap-D,2026-05-13,1.3081,2026-05-14,1.335,0.0206,394.0433,1.0206,1.098,9.8
6888,Fejlõdõ ázsiai részvény eszközalap,2026-05-13,3.2742,2026-05-14,3.3175,0.0132,846.1021,1.0132,1.3773,37.73
6889,Fenntartható növekedés részvény eszk.,2026-05-13,3.1418,2026-05-14,3.1644,0.0072,1070.106,1.0072,0.9512,-4.88
6890,Globális egészségügyi részvény eszk.,2026-05-13,3.3472,2026-05-14,3.3956,0.0144,1174.0592,1.0144,1.0434,4.34
6891,Globális növekedési részvény eszközalap,2026-05-13,2.1258,2026-05-14,2.1435,0.0083,747.6205,1.0083,0.9099,-9.01
6892,Kiegyensúlyozott vegyes eszközalap - D,2026-05-13,1.4751,2026-05-14,1.4808,0.0038,490.576,1.0038,1.0336,3.36
6893,Latin-amerikai részvény eszközalap,2026-05-13,1.4103,2026-05-14,1.4205,0.0072,430.3891,1.0072,1.2476,24.76
6894,Magas kötvény arányú vegyes eszk. - D,2026-05-13,1.1226,2026-05-14,1.1248,0.002,382.9476,1.002,1.0118,1.18
6895,Magas védelmû vegyes eszközalap,2026-05-13,1.1116,2026-05-14,1.1129,0.0011,380.8135,1.0011,1.0155,1.55
6896,Nemz. élelmiszeripari cégek rv. ea - D,2026-05-13,3.3522,2026-05-14,3.3563,0.0012,1114.8235,1.0012,1.0888,8.88
6897,Nyersanyagpiaci részvény eszközalap,2026-05-13,1.6827,2026-05-14,1.7192,0.0217,505.4238,1.0217,1.1482,14.82
6898,Presztízs- és luxusmárkák rv. ea.,2026-05-13,3.2944,2026-05-14,3.3194,0.0076,1215.4547,1.0076,1.0638,6.38
6899,USA részvény eszközalap,2026-05-13,4.872,2026-05-14,4.9267,0.0112,1550.1804,1.0112,1.0208,2.08
6900,Ázsia kötvény eszközalap,2026-05-13,2.252,2026-05-14,2.2572,0.0023,775.2463,1.0023,1.04,4.0
6901,Aktív hozamfigyelõ vegyes eszközalap - D,2026-05-14,0.9501,2026-05-15,0.9537,0.0038,326.327,1.0038,1.0048,0.48
6902,Euró likviditás eszközalap - D,2026-05-14,0.9219,2026-05-15,0.9228,0.001,320.0863,1.001,0.9974,-0.26
6903,Európai ingatlancégek részv. eszközalap,2026-05-14,1.8126,2026-05-15,1.8293,0.0092,642.549,1.0092,1.0065,0.65
6904,Európai kötvény eszközalap - D,2026-05-14,1.2189,2026-05-15,1.2227,0.0031,425.8925,1.0031,0.9928,-0.72
6905,Európai részvény eszközalap,2026-05-14,2.8445,2026-05-15,2.8784,0.0119,924.368,1.0119,1.1001,10.01
6906,Európai vállalati kötvény eszközalap,2026-05-14,1.3191,2026-05-15,1.3226,0.0027,458.0105,1.0027,1.0083,0.83
6907,Fejlõdõ piaci részvény ESG eszközalap-D,2026-05-14,1.335,2026-05-15,1.3453,0.0077,395.3783,1.0077,1.1065,10.65
6908,Fejlõdõ ázsiai részvény eszközalap,2026-05-14,3.3175,2026-05-15,3.3357,0.0055,849.4196,1.0055,1.3849,38.49
6909,Fenntartható növekedés részvény eszk.,2026-05-14,3.1644,2026-05-15,3.1889,0.0077,1073.2704,1.0077,0.9585,-4.15
6910,Globális egészségügyi részvény eszk.,2026-05-14,3.3956,2026-05-15,3.3955,0.0,1177.4548,1.0,1.0434,4.34
6911,Globális növekedési részvény eszközalap,2026-05-14,2.1435,2026-05-15,2.1658,0.0104,749.764,1.0104,0.9194,-8.06
6912,Kiegyensúlyozott vegyes eszközalap - D,2026-05-14,1.4808,2026-05-15,1.4906,0.0066,492.0568,1.0066,1.0404,4.04
6913,Latin-amerikai részvény eszközalap,2026-05-14,1.4205,2026-05-15,1.416,-0.0032,431.8096,0.9968,1.2436,24.36
6914,Magas kötvény arányú vegyes eszk. - D,2026-05-14,1.1248,2026-05-15,1.1307,0.0052,384.0724,1.0052,1.017,1.7
6915,Magas védelmû vegyes eszközalap,2026-05-14,1.1129,2026-05-15,1.1156,0.0024,381.9264,1.0024,1.0179,1.79
6916,Nemz. élelmiszeripari cégek rv. ea - D,2026-05-14,3.3563,2026-05-15,3.3916,0.0105,1118.1798,1.0105,1.1003,10.03
6917,Nyersanyagpiaci részvény eszközalap,2026-05-14,1.7192,2026-05-15,1.7168,-0.0014,507.143,0.9986,1.1466,14.66
6918,Presztízs- és luxusmárkák rv. ea.,2026-05-14,3.3194,2026-05-15,3.3557,0.011,1218.7741,1.011,1.0755,7.55
6919,USA részvény eszközalap,2026-05-14,4.9267,2026-05-15,4.9852,0.0119,1555.1071,1.0119,1.033,3.3
6920,Ázsia kötvény eszközalap,2026-05-14,2.2572,2026-05-15,2.2575,0.0001,777.5035,1.0001,1.0401,4.01
6921,Aktív hozamfigyelõ vegyes eszközalap - D,2026-05-15,0.9537,2026-05-16,0.9465,-0.0075,327.2807,0.9925,0.9973,-0.27
6922,Euró likviditás eszközalap - D,2026-05-15,0.9228,2026-05-16,0.9216,-0.0013,321.0091,0.9987,0.9961,-0.39
6923,Európai ingatlancégek részv. eszközalap,2026-05-15,1.8293,2026-05-16,1.7892,-0.0219,644.3783,0.9781,0.9845,-1.55
6924,Európai kötvény eszközalap - D,2026-05-15,1.2227,2026-05-16,1.2159,-0.0056,427.1152,0.9944,0.9873,-1.27
6925,Európai részvény eszközalap,2026-05-15,2.8784,2026-05-16,2.83,-0.0168,927.2464,0.9832,1.0816,8.16
6926,Európai vállalati kötvény eszközalap,2026-05-15,1.3226,2026-05-16,1.3178,-0.0036,459.3331,0.9964,1.0047,0.47
6927,Fejlõdõ piaci részvény ESG eszközalap-D,2026-05-15,1.3453,2026-05-16,1.3031,-0.0313,396.7236,0.9687,1.0718,7.18
6928,Fejlõdõ ázsiai részvény eszközalap,2026-05-15,3.3357,2026-05-16,3.2076,-0.0384,852.7553,0.9616,1.3317,33.17
6929,Fenntartható növekedés részvény eszk.,2026-05-15,3.1889,2026-05-16,3.1636,-0.0079,1076.4593,0.9921,0.951,-4.9
6930,Globális egészségügyi részvény eszk.,2026-05-15,3.3955,2026-05-16,3.3775,-0.0053,1180.8503,0.9947,1.0378,3.78
6931,Globális növekedési részvény eszközalap,2026-05-15,2.1658,2026-05-16,2.1422,-0.0109,751.9298,0.9891,0.9094,-9.06
6932,Kiegyensúlyozott vegyes eszközalap - D,2026-05-15,1.4906,2026-05-16,1.4784,-0.0082,493.5474,0.9918,1.0319,3.19
6933,Latin-amerikai részvény eszközalap,2026-05-15,1.416,2026-05-16,1.3743,-0.0294,433.2256,0.9706,1.207,20.7
6934,Magas kötvény arányú vegyes eszk. - D,2026-05-15,1.1307,2026-05-16,1.1223,-0.0074,385.2031,0.9926,1.0095,0.95
6935,Magas védelmû vegyes eszközalap,2026-05-15,1.1156,2026-05-16,1.1122,-0.003,383.042,0.997,1.0148,1.48
6936,Nemz. élelmiszeripari cégek rv. ea - D,2026-05-15,3.3916,2026-05-16,3.3936,0.0006,1121.5714,1.0006,1.1009,10.09
6937,Nyersanyagpiaci részvény eszközalap,2026-05-15,1.7168,2026-05-16,1.6511,-0.0382,508.8598,0.9618,1.1028,10.28
6938,Presztízs- és luxusmárkák rv. ea.,2026-05-15,3.3557,2026-05-16,3.3029,-0.0157,1222.1298,0.9843,1.0586,5.86
6939,USA részvény eszközalap,2026-05-15,4.9852,2026-05-16,4.9448,-0.0081,1560.0923,0.9919,1.0246,2.46
6940,Ázsia kötvény eszközalap,2026-05-15,2.2575,2026-05-16,2.2636,0.0027,779.761,1.0027,1.0429,4.29
6941,Aktív hozamfigyelõ vegyes eszközalap - D,2026-05-16,0.9465,2026-05-16,0.9465,0.0,328.2272,1.0,0.9973,-0.27
6942,Euró likviditás eszközalap - D,2026-05-16,0.9216,2026-05-16,0.9216,0.0,321.9307,1.0,0.9961,-0.39
6943,Európai ingatlancégek részv. eszközalap,2026-05-16,1.7892,2026-05-16,1.7892,0.0,646.1675,1.0,0.9845,-1.55
6944,Európai kötvény eszközalap - D,2026-05-16,1.2159,2026-05-16,1.2159,0.0,428.3311,1.0,0.9873,-1.27
6945,Európai részvény eszközalap,2026-05-16,2.83,2026-05-16,2.83,0.0,930.0764,1.0,1.0816,8.16
6946,Európai vállalati kötvény eszközalap,2026-05-16,1.3178,2026-05-16,1.3178,0.0,460.6509,1.0,1.0047,0.47
6947,Fejlõdõ piaci részvény ESG eszközalap-D,2026-05-16,1.3031,2026-05-16,1.3031,0.0,398.0267,1.0,1.0718,7.18
6948,Fejlõdõ ázsiai részvény eszközalap,2026-05-16,3.2076,2026-05-16,3.2076,0.0,855.9629,1.0,1.3317,33.17
6949,Fenntartható növekedés részvény eszk.,2026-05-16,3.1636,2026-05-16,3.1636,0.0,1079.6229,1.0,0.951,-4.9
6950,Globális egészségügyi részvény eszk.,2026-05-16,3.3775,2026-05-16,3.3775,0.0,1184.2278,1.0,1.0378,3.78
6951,Globális növekedési részvény eszközalap,2026-05-16,2.1422,2026-05-16,2.1422,0.0,754.072,1.0,0.9094,-9.06
6952,Kiegyensúlyozott vegyes eszközalap - D,2026-05-16,1.4784,2026-05-16,1.4784,0.0,495.0258,1.0,1.0319,3.19
6953,Latin-amerikai részvény eszközalap,2026-05-16,1.3743,2026-05-16,1.3743,0.0,434.5999,1.0,1.207,20.7
6954,Magas kötvény arányú vegyes eszk. - D,2026-05-16,1.1223,2026-05-16,1.1223,0.0,386.3254,1.0,1.0095,0.95
6955,Magas védelmû vegyes eszközalap,2026-05-16,1.1122,2026-05-16,1.1122,0.0,384.1542,1.0,1.0148,1.48
6956,Nemz. élelmiszeripari cégek rv. ea - D,2026-05-16,3.3936,2026-05-16,3.3936,0.0,1124.965,1.0,1.1009,10.09
6957,Nyersanyagpiaci részvény eszközalap,2026-05-16,1.6511,2026-05-16,1.6511,0.0,510.5109,1.0,1.1028,10.28
6958,Presztízs- és luxusmárkák rv. ea.,2026-05-16,3.3029,2026-05-16,3.3029,0.0,1225.4327,1.0,1.0586,5.86
6959,USA részvény eszközalap,2026-05-16,4.9448,2026-05-16,4.9448,0.0,1565.0371,1.0,1.0246,2.46
6960,Ázsia kötvény eszközalap,2026-05-16,2.2636,2026-05-16,2.2636,0.0,782.0246,1.0,1.0429,4.29
6961,Aktív hozamfigyelõ vegyes eszközalap - D,2026-05-17,0.9465,2026-05-17,0.9465,0.0,329.1737,1.0,0.9973,-0.27
6962,Euró likviditás eszközalap - D,2026-05-17,0.9216,2026-05-17,0.9216,0.0,322.8523,1.0,0.9961,-0.39
6963,Európai ingatlancégek részv. eszközalap,2026-05-17,1.7892,2026-05-17,1.7892,0.0,647.9567,1.0,0.9845,-1.55
6964,Európai kötvény eszközalap - D,2026-05-17,1.2159,2026-05-17,1.2159,0.0,429.547,1.0,0.9873,-1.27
6965,Európai részvény eszközalap,2026-05-17,2.83,2026-05-17,2.83,0.0,932.9064,1.0,1.0816,8.16
6966,Európai vállalati kötvény eszközalap,2026-05-17,1.3178,2026-05-17,1.3178,0.0,461.9687,1.0,1.0047,0.47
6967,Fejlõdõ piaci részvény ESG eszközalap-D,2026-05-17,1.3031,2026-05-17,1.3031,0.0,399.3298,1.0,1.0718,7.18
6968,Fejlõdõ ázsiai részvény eszközalap,2026-05-17,3.2076,2026-05-17,3.2076,0.0,859.1705,1.0,1.3317,33.17
6969,Fenntartható növekedés részvény eszk.,2026-05-17,3.1636,2026-05-17,3.1636,0.0,1082.7865,1.0,0.951,-4.9
6970,Globális egészségügyi részvény eszk.,2026-05-17,3.3775,2026-05-17,3.3775,0.0,1187.6053,1.0,1.0378,3.78
6971,Globális növekedési részvény eszközalap,2026-05-17,2.1422,2026-05-17,2.1422,0.0,756.2142,1.0,0.9094,-9.06
6972,Kiegyensúlyozott vegyes eszközalap - D,2026-05-17,1.4784,2026-05-17,1.4784,0.0,496.5042,1.0,1.0319,3.19
6973,Latin-amerikai részvény eszközalap,2026-05-17,1.3743,2026-05-17,1.3743,0.0,435.9742,1.0,1.207,20.7
6974,Magas kötvény arányú vegyes eszk. - D,2026-05-17,1.1223,2026-05-17,1.1223,0.0,387.4477,1.0,1.0095,0.95
6975,Magas védelmû vegyes eszközalap,2026-05-17,1.1122,2026-05-17,1.1122,0.0,385.2664,1.0,1.0148,1.48
6976,Nemz. élelmiszeripari cégek rv. ea - D,2026-05-17,3.3936,2026-05-17,3.3936,0.0,1128.3586,1.0,1.1009,10.09
6977,Nyersanyagpiaci részvény eszközalap,2026-05-17,1.6511,2026-05-17,1.6511,0.0,512.162,1.0,1.1028,10.28
6978,Presztízs- és luxusmárkák rv. ea.,2026-05-17,3.3029,2026-05-17,3.3029,0.0,1228.7356,1.0,1.0586,5.86
6979,USA részvény eszközalap,2026-05-17,4.9448,2026-05-17,4.9448,0.0,1569.9819,1.0,1.0246,2.46
6980,Ázsia kötvény eszközalap,2026-05-17,2.2636,2026-05-17,2.2636,0.0,784.2882,1.0,1.0429,4.29
6981,Aktív hozamfigyelõ vegyes eszközalap - D,2026-05-18,0.9465,2026-05-18,0.9465,0.0,330.1202,1.0,0.9973,-0.27
6982,Euró likviditás eszközalap - D,2026-05-18,0.9216,2026-05-18,0.9216,0.0,323.7739,1.0,0.9961,-0.39
6983,Európai ingatlancégek részv. eszközalap,2026-05-18,1.7892,2026-05-18,1.7892,0.0,649.7459,1.0,0.9845,-1.55
6984,Európai kötvény eszközalap - D,2026-05-18,1.2159,2026-05-18,1.2159,0.0,430.7629,1.0,0.9873,-1.27
6985,Európai részvény eszközalap,2026-05-18,2.83,2026-05-18,2.83,0.0,935.7364,1.0,1.0816,8.16
6986,Európai vállalati kötvény eszközalap,2026-05-18,1.3178,2026-05-18,1.3178,0.0,463.2865,1.0,1.0047,0.47
6987,Fejlõdõ piaci részvény ESG eszközalap-D,2026-05-18,1.3031,2026-05-18,1.3031,0.0,400.6329,1.0,1.0718,7.18
6988,Fejlõdõ ázsiai részvény eszközalap,2026-05-18,3.2076,2026-05-18,3.2076,0.0,862.3781,1.0,1.3317,33.17
6989,Fenntartható növekedés részvény eszk.,2026-05-18,3.1636,2026-05-18,3.1636,0.0,1085.9501,1.0,0.951,-4.9
6990,Globális egészségügyi részvény eszk.,2026-05-18,3.3775,2026-05-18,3.3775,0.0,1190.9828,1.0,1.0378,3.78
6991,Globális növekedési részvény eszközalap,2026-05-18,2.1422,2026-05-18,2.1422,0.0,758.3564,1.0,0.9094,-9.06
6992,Kiegyensúlyozott vegyes eszközalap - D,2026-05-18,1.4784,2026-05-18,1.4784,0.0,497.9826,1.0,1.0319,3.19
6993,Latin-amerikai részvény eszközalap,2026-05-18,1.3743,2026-05-18,1.3743,0.0,437.3485,1.0,1.207,20.7
6994,Magas kötvény arányú vegyes eszk. - D,2026-05-18,1.1223,2026-05-18,1.1223,0.0,388.57,1.0,1.0095,0.95
6995,Magas védelmû vegyes eszközalap,2026-05-18,1.1122,2026-05-18,1.1122,0.0,386.3786,1.0,1.0148,1.48
6996,Nemz. élelmiszeripari cégek rv. ea - D,2026-05-18,3.3936,2026-05-18,3.3936,0.0,1131.7522,1.0,1.1009,10.09
6997,Nyersanyagpiaci részvény eszközalap,2026-05-18,1.6511,2026-05-18,1.6511,0.0,513.8131,1.0,1.1028,10.28
6998,Presztízs- és luxusmárkák rv. ea.,2026-05-18,3.3029,2026-05-18,3.3029,0.0,1232.0385,1.0,1.0586,5.86
6999,USA részvény eszközalap,2026-05-18,4.9448,2026-05-18,4.9448,0.0,1574.9267,1.0,1.0246,2.46
7000,Ázsia kötvény eszközalap,2026-05-18,2.2636,2026-05-18,2.2636,0.0,786.5518,1.0,1.0429,4.29
7001,Aktív hozamfigyelõ vegyes eszközalap - D,2026-05-19,0.9466,2026-05-20,0.944,-0.0027,331.0668,0.9973,0.9946,-0.54
7002,Euró likviditás eszközalap - D,2026-05-19,0.9219,2026-05-20,0.9215,-0.0004,324.6958,0.9996,0.9957,-0.43
7003,Európai ingatlancégek részv. eszközalap,2026-05-19,1.8096,2026-05-20,1.8127,0.0017,651.5555,1.0017,0.9862,-1.38
7004,Európai kötvény eszközalap - D,2026-05-19,1.2157,2026-05-20,1.2138,-0.0016,431.9786,0.9984,0.9857,-1.43
7005,Európai részvény eszközalap,2026-05-19,2.8457,2026-05-20,2.8428,-0.001,938.5821,0.999,1.0805,8.05
7006,Európai vállalati kötvény eszközalap,2026-05-19,1.3177,2026-05-20,1.3174,-0.0003,464.6042,0.9997,1.0044,0.44
7007,Fejlõdõ piaci részvény ESG eszközalap-D,2026-05-19,1.2989,2026-05-20,1.2854,-0.0104,401.9318,0.9896,1.0607,6.07
7008,Fejlõdõ ázsiai részvény eszközalap,2026-05-19,3.2595,2026-05-20,3.1758,-0.0257,865.6376,0.9742999999999999,1.2975,29.75
7009,Fenntartható növekedés részvény eszk.,2026-05-19,3.1711,2026-05-20,3.1637,-0.0023,1089.1212,0.9977,0.9488,-5.12
7010,Globális egészségügyi részvény eszk.,2026-05-19,3.3568,2026-05-20,3.3721,0.0046,1194.3396,1.0046,1.0426,4.26
7011,Globális növekedési részvény eszközalap,2026-05-19,2.1443,2026-05-20,2.1275,-0.0078,760.5007,0.9922,0.9023,-9.77
7012,Kiegyensúlyozott vegyes eszközalap - D,2026-05-19,1.4779,2026-05-20,1.4724,-0.0037,499.4605,0.9963,1.0281,2.81
7013,Latin-amerikai részvény eszközalap,2026-05-19,1.3899,2026-05-20,1.3724,-0.0126,438.7384,0.9874,1.1918,19.18
7014,Magas kötvény arányú vegyes eszk. - D,2026-05-19,1.122,2026-05-20,1.1188,-0.0029,389.692,0.9971,1.0066,0.66
7015,Magas védelmû vegyes eszközalap,2026-05-19,1.1129,2026-05-20,1.1137,0.0007,387.4915,1.0007,1.0155,1.55
7016,Nemz. élelmiszeripari cégek rv. ea - D,2026-05-19,3.4085,2026-05-20,3.4624,0.0158,1135.1607,1.0158,1.1183,11.83
7017,Nyersanyagpiaci részvény eszközalap,2026-05-19,1.6476,2026-05-20,1.6164,-0.0189,515.4607,0.9811,1.082,8.2
7018,Presztízs- és luxusmárkák rv. ea.,2026-05-19,3.2929,2026-05-20,3.2885,-0.0013,1235.3314,0.9987,1.0572,5.72
7019,USA részvény eszközalap,2026-05-19,4.9361,2026-05-20,4.9157,-0.0041,1579.8628,0.9959,1.0204,2.04
7020,Ázsia kötvény eszközalap,2026-05-19,2.2572,2026-05-20,2.26,0.0012,788.809,1.0012,1.0442,4.42
7021,Aktív hozamfigyelõ vegyes eszközalap - D,2026-05-20,0.944,2026-05-21,0.9504,0.0067,332.0108,1.0067,1.0012,0.12
7022,Euró likviditás eszközalap - D,2026-05-20,0.9215,2026-05-21,0.923,0.0016,325.6173,1.0016,0.9973,-0.27
7023,Európai ingatlancégek részv. eszközalap,2026-05-20,1.8127,2026-05-21,1.8498,0.0205,653.3682,1.0205,1.0064,0.64
7024,Európai kötvény eszközalap - D,2026-05-20,1.2138,2026-05-21,1.221,0.006,433.1924,1.006,0.9916,-0.84
7025,Európai részvény eszközalap,2026-05-20,2.8428,2026-05-21,2.9011,0.0205,941.4249,1.0205,1.1027,10.27
7026,Európai vállalati kötvény eszközalap,2026-05-20,1.3174,2026-05-21,1.3206,0.0024,465.9216,1.0024,1.0068,0.68
7027,Fejlõdõ piaci részvény ESG eszközalap-D,2026-05-20,1.2854,2026-05-21,1.3081,0.0176,403.2172,1.0176,1.0793,7.93
7028,Fejlõdõ ázsiai részvény eszközalap,2026-05-20,3.1758,2026-05-21,3.2063,0.0096,868.8134,1.0096,1.3099,30.99
7029,Fenntartható növekedés részvény eszk.,2026-05-20,3.1637,2026-05-21,3.1944,0.0097,1092.2849,1.0097,0.958,-4.2
7030,Globális egészségügyi részvény eszk.,2026-05-20,3.3721,2026-05-21,3.39,0.0053,1197.7117,1.0053,1.0481,4.81
7031,Globális növekedési részvény eszközalap,2026-05-20,2.1275,2026-05-21,2.1483,0.0098,762.6282,1.0098,0.9111,-8.89
7032,Kiegyensúlyozott vegyes eszközalap - D,2026-05-20,1.4724,2026-05-21,1.4821,0.0066,500.9329,1.0066,1.0349,3.49
7033,Latin-amerikai részvény eszközalap,2026-05-20,1.3724,2026-05-21,1.4031,0.0223,440.1108,1.0223,1.2184,21.84
7034,Magas kötvény arányú vegyes eszk. - D,2026-05-20,1.1188,2026-05-21,1.1258,0.0063,390.8108,1.0063,1.0129,1.29
7035,Magas védelmû vegyes eszközalap,2026-05-20,1.1137,2026-05-21,1.1175,0.0033,388.6052,1.0033,1.0189,1.89
7036,Nemz. élelmiszeripari cégek rv. ea - D,2026-05-20,3.4624,2026-05-21,3.4453,-0.0049,1138.6231,0.9951,1.1128,11.28
7037,Nyersanyagpiaci részvény eszközalap,2026-05-20,1.6164,2026-05-21,1.6381,0.0134,517.0771,1.0134,1.0965,9.65
7038,Presztízs- és luxusmárkák rv. ea.,2026-05-20,3.2885,2026-05-21,3.3396,0.0156,1238.6199,1.0156,1.0737,7.37
7039,USA részvény eszközalap,2026-05-20,4.9157,2026-05-21,4.9563,0.0083,1584.7785,1.0083,1.0289,2.89
7040,Ázsia kötvény eszközalap,2026-05-20,2.26,2026-05-21,2.2644,0.0019,791.069,1.0019,1.0462,4.62
7041,Aktív hozamfigyelõ vegyes eszközalap - D,2026-05-21,0.9504,2026-05-22,0.9527,0.0025,332.9612,1.0025,1.0038,0.38
7042,Euró likviditás eszközalap - D,2026-05-21,0.923,2026-05-22,0.9227,-0.0003,326.5403,0.9997,0.997,-0.3
7043,Európai ingatlancégek részv. eszközalap,2026-05-21,1.8498,2026-05-22,1.8452,-0.0025,655.218,0.9975,1.0039,0.39
7044,Európai kötvény eszközalap - D,2026-05-21,1.221,2026-05-22,1.2208,-0.0002,434.4134,0.9998,0.9914,-0.86
7045,Európai részvény eszközalap,2026-05-21,2.9011,2026-05-22,2.8925,-0.003,944.326,0.997,1.0994,9.94
7046,Európai vállalati kötvény eszközalap,2026-05-21,1.3206,2026-05-22,1.3208,0.0002,467.2422,1.0002,1.007,0.7
7047,Fejlõdõ piaci részvény ESG eszközalap-D,2026-05-21,1.3081,2026-05-22,1.3173,0.007,404.5253,1.007,1.0869,8.69
7048,Fejlõdõ ázsiai részvény eszközalap,2026-05-21,3.2063,2026-05-22,3.2568,0.0158,872.0197,1.0158,1.3306,33.06
7049,Fenntartható növekedés részvény eszk.,2026-05-21,3.1944,2026-05-22,3.2195,0.0079,1095.4793,1.0079,0.9656,-3.44
7050,Globális egészségügyi részvény eszk.,2026-05-21,3.39,2026-05-22,3.3925,0.0007,1201.1017,1.0007,1.0489,4.89
7051,Globális növekedési részvény eszközalap,2026-05-21,2.1483,2026-05-22,2.1509,0.0012,764.7765,1.0012,0.9122,-8.78
7052,Kiegyensúlyozott vegyes eszközalap - D,2026-05-21,1.4821,2026-05-22,1.4874,0.0036,502.415,1.0036,1.0386,3.86
7053,Latin-amerikai részvény eszközalap,2026-05-21,1.4031,2026-05-22,1.3993,-0.0027,441.5139,0.9973,1.2151,21.51
7054,Magas kötvény arányú vegyes eszk. - D,2026-05-21,1.1258,2026-05-22,1.1279,0.0019,391.9366,1.0019,1.0148,1.48
7055,Magas védelmû vegyes eszközalap,2026-05-21,1.1175,2026-05-22,1.1175,0.0,389.7227,1.0,1.0189,1.89
7056,Nemz. élelmiszeripari cégek rv. ea - D,2026-05-21,3.4453,2026-05-22,3.3855,-0.0174,1142.0684,0.9826,1.0935,9.35
7057,Nyersanyagpiaci részvény eszközalap,2026-05-21,1.6381,2026-05-22,1.6451,0.0042,518.7152,1.0042,1.1011,10.11
7058,Presztízs- és luxusmárkák rv. ea.,2026-05-21,3.3396,2026-05-22,3.3563,0.005,1241.9595,1.005,1.0791,7.91
7059,USA részvény eszközalap,2026-05-21,4.9563,2026-05-22,4.9718,0.0031,1589.7348,1.0031,1.0321,3.21
7060,Ázsia kötvény eszközalap,2026-05-21,2.2644,2026-05-22,2.2628,-0.0007,793.3334,0.9993,1.0454,4.54
7061,Aktív hozamfigyelõ vegyes eszközalap - D,2026-05-22,0.9527,2026-05-23,0.9553,0.0027,333.9139,1.0027,1.0065,0.65
7062,Euró likviditás eszközalap - D,2026-05-22,0.9227,2026-05-23,0.9235,0.0008,327.463,1.0008,0.9978,-0.22
7063,Európai ingatlancégek részv. eszközalap,2026-05-22,1.8452,2026-05-23,1.847,0.001,657.0632,1.001,1.0049,0.49
7064,Európai kötvény eszközalap - D,2026-05-22,1.2208,2026-05-23,1.2257,0.004,435.6342,1.004,0.9954,-0.46
7065,Európai részvény eszközalap,2026-05-22,2.8925,2026-05-23,2.9225,0.0104,947.2185,1.0104,1.1108,11.08
7066,Európai vállalati kötvény eszközalap,2026-05-22,1.3208,2026-05-23,1.3245,0.0028,468.563,1.0028,1.0098,0.98
7067,Fejlõdõ piaci részvény ESG eszközalap-D,2026-05-22,1.3173,2026-05-23,1.3255,0.0062,405.8426,1.0062,1.0936,9.36
7068,Fejlõdõ ázsiai részvény eszközalap,2026-05-22,3.2568,2026-05-23,3.2914,0.0106,875.2765,1.0106,1.3447,34.47
7069,Fenntartható növekedés részvény eszk.,2026-05-22,3.2195,2026-05-23,3.2374,0.0055,1098.6988,1.0055,0.9709,-2.91
7070,Globális egészségügyi részvény eszk.,2026-05-22,3.3925,2026-05-23,3.4418,0.0145,1204.4942,1.0145,1.0641,6.41
7071,Globális növekedési részvény eszközalap,2026-05-22,2.1509,2026-05-23,2.1838,0.0153,766.9274,1.0153,0.9262,-7.38
7072,Kiegyensúlyozott vegyes eszközalap - D,2026-05-22,1.4874,2026-05-23,1.4944,0.0047,503.9024,1.0047,1.0435,4.35
7073,Latin-amerikai részvény eszközalap,2026-05-22,1.3993,2026-05-23,1.3904,-0.0063,442.9132,0.9937,1.2075,20.75
7074,Magas kötvény arányú vegyes eszk. - D,2026-05-22,1.1279,2026-05-23,1.1327,0.0043,393.0645,1.0043,1.0192,1.92
7075,Magas védelmû vegyes eszközalap,2026-05-22,1.1175,2026-05-23,1.1191,0.0015,390.8402,1.0015,1.0204,2.04
7076,Nemz. élelmiszeripari cégek rv. ea - D,2026-05-22,3.3855,2026-05-23,3.3911,0.0017,1145.4539,1.0017,1.0953,9.53
7077,Nyersanyagpiaci részvény eszközalap,2026-05-22,1.6451,2026-05-23,1.6579,0.0078,520.3603,1.0078,1.1097,10.97
7078,Presztízs- és luxusmárkák rv. ea.,2026-05-22,3.3563,2026-05-23,3.3803,0.0072,1245.3158,1.0072,1.0869,8.69
7079,USA részvény eszközalap,2026-05-22,4.9718,2026-05-23,4.9781,0.0013,1594.7066,1.0013,1.0334,3.34
7080,Ázsia kötvény eszközalap,2026-05-22,2.2628,2026-05-23,2.2679,0.0023,795.5962,1.0023,1.0478,4.78
7081,Aktív hozamfigyelõ vegyes eszközalap - D,2026-05-23,0.9553,2026-05-23,0.9553,0.0,334.8692,1.0,1.0065,0.65
7082,Euró likviditás eszközalap - D,2026-05-23,0.9235,2026-05-23,0.9235,0.0,328.3865,1.0,0.9978,-0.22
7083,Európai ingatlancégek részv. eszközalap,2026-05-23,1.847,2026-05-23,1.847,0.0,658.9102,1.0,1.0049,0.49
7084,Európai kötvény eszközalap - D,2026-05-23,1.2257,2026-05-23,1.2257,0.0,436.8599,1.0,0.9954,-0.46
7085,Európai részvény eszközalap,2026-05-23,2.9225,2026-05-23,2.9225,0.0,950.141,1.0,1.1108,11.08
7086,Európai vállalati kötvény eszközalap,2026-05-23,1.3245,2026-05-23,1.3245,0.0,469.8875,1.0,1.0098,0.98
7087,Fejlõdõ piaci részvény ESG eszközalap-D,2026-05-23,1.3255,2026-05-23,1.3255,0.0,407.1681,1.0,1.0936,9.36
7088,Fejlõdõ ázsiai részvény eszközalap,2026-05-23,3.2914,2026-05-23,3.2914,0.0,878.5679,1.0,1.3447,34.47
7089,Fenntartható növekedés részvény eszk.,2026-05-23,3.2374,2026-05-23,3.2374,0.0,1101.9362,1.0,0.9709,-2.91
7090,Globális egészségügyi részvény eszk.,2026-05-23,3.4418,2026-05-23,3.4418,0.0,1207.936,1.0,1.0641,6.41
7091,Globális növekedési részvény eszközalap,2026-05-23,2.1838,2026-05-23,2.1838,0.0,769.1112,1.0,0.9262,-7.38
7092,Kiegyensúlyozott vegyes eszközalap - D,2026-05-23,1.4944,2026-05-23,1.4944,0.0,505.3968,1.0,1.0435,4.35
7093,Latin-amerikai részvény eszközalap,2026-05-23,1.3904,2026-05-23,1.3904,0.0,444.3036,1.0,1.2075,20.75
7094,Magas kötvény arányú vegyes eszk. - D,2026-05-23,1.1327,2026-05-23,1.1327,0.0,394.1972,1.0,1.0192,1.92
7095,Magas védelmû vegyes eszközalap,2026-05-23,1.1191,2026-05-23,1.1191,0.0,391.9593,1.0,1.0204,2.04
7096,Nemz. élelmiszeripari cégek rv. ea - D,2026-05-23,3.3911,2026-05-23,3.3911,0.0,1148.845,1.0,1.0953,9.53
7097,Nyersanyagpiaci részvény eszközalap,2026-05-23,1.6579,2026-05-23,1.6579,0.0,522.0182,1.0,1.1097,10.97
7098,Presztízs- és luxusmárkák rv. ea.,2026-05-23,3.3803,2026-05-23,3.3803,0.0,1248.6961,1.0,1.0869,8.69
7099,USA részvény eszközalap,2026-05-23,4.9781,2026-05-23,4.9781,0.0,1599.6847,1.0,1.0334,3.34
7100,Ázsia kötvény eszközalap,2026-05-23,2.2679,2026-05-23,2.2679,0.0,797.8641,1.0,1.0478,4.78
7101,Aktív hozamfigyelõ vegyes eszközalap - D,2026-05-24,0.9553,2026-05-24,0.9553,0.0,335.8245,1.0,1.0065,0.65
7102,Euró likviditás eszközalap - D,2026-05-24,0.9235,2026-05-24,0.9235,0.0,329.31,1.0,0.9978,-0.22
7103,Európai ingatlancégek részv. eszközalap,2026-05-24,1.847,2026-05-24,1.847,0.0,660.7572,1.0,1.0049,0.49
7104,Európai kötvény eszközalap - D,2026-05-24,1.2257,2026-05-24,1.2257,0.0,438.0856,1.0,0.9954,-0.46
7105,Európai részvény eszközalap,2026-05-24,2.9225,2026-05-24,2.9225,0.0,953.0635,1.0,1.1108,11.08
7106,Európai vállalati kötvény eszközalap,2026-05-24,1.3245,2026-05-24,1.3245,0.0,471.212,1.0,1.0098,0.98
7107,Fejlõdõ piaci részvény ESG eszközalap-D,2026-05-24,1.3255,2026-05-24,1.3255,0.0,408.4936,1.0,1.0936,9.36
7108,Fejlõdõ ázsiai részvény eszközalap,2026-05-24,3.2914,2026-05-24,3.2914,0.0,881.8593,1.0,1.3447,34.47
7109,Fenntartható növekedés részvény eszk.,2026-05-24,3.2374,2026-05-24,3.2374,0.0,1105.1736,1.0,0.9709,-2.91
7110,Globális egészségügyi részvény eszk.,2026-05-24,3.4418,2026-05-24,3.4418,0.0,1211.3778,1.0,1.0641,6.41
7111,Globális növekedési részvény eszközalap,2026-05-24,2.1838,2026-05-24,2.1838,0.0,771.295,1.0,0.9262,-7.38
7112,Kiegyensúlyozott vegyes eszközalap - D,2026-05-24,1.4944,2026-05-24,1.4944,0.0,506.8912,1.0,1.0435,4.35
7113,Latin-amerikai részvény eszközalap,2026-05-24,1.3904,2026-05-24,1.3904,0.0,445.694,1.0,1.2075,20.75
7114,Magas kötvény arányú vegyes eszk. - D,2026-05-24,1.1327,2026-05-24,1.1327,0.0,395.3299,1.0,1.0192,1.92
7115,Magas védelmû vegyes eszközalap,2026-05-24,1.1191,2026-05-24,1.1191,0.0,393.0784,1.0,1.0204,2.04
7116,Nemz. élelmiszeripari cégek rv. ea - D,2026-05-24,3.3911,2026-05-24,3.3911,0.0,1152.2361,1.0,1.0953,9.53
7117,Nyersanyagpiaci részvény eszközalap,2026-05-24,1.6579,2026-05-24,1.6579,0.0,523.6761,1.0,1.1097,10.97
7118,Presztízs- és luxusmárkák rv. ea.,2026-05-24,3.3803,2026-05-24,3.3803,0.0,1252.0764,1.0,1.0869,8.69
7119,USA részvény eszközalap,2026-05-24,4.9781,2026-05-24,4.9781,0.0,1604.6628,1.0,1.0334,3.34
7120,Ázsia kötvény eszközalap,2026-05-24,2.2679,2026-05-24,2.2679,0.0,800.132,1.0,1.0478,4.78
7121,Aktív hozamfigyelõ vegyes eszközalap - D,2026-05-25,0.9553,2026-05-25,0.9553,0.0,336.7798,1.0,1.0065,0.65
7122,Euró likviditás eszközalap - D,2026-05-25,0.9235,2026-05-25,0.9235,0.0,330.2335,1.0,0.9978,-0.22
7123,Európai ingatlancégek részv. eszközalap,2026-05-25,1.847,2026-05-25,1.847,0.0,662.6042,1.0,1.0049,0.49
7124,Európai kötvény eszközalap - D,2026-05-25,1.2257,2026-05-25,1.2257,0.0,439.3113,1.0,0.9954,-0.46
7125,Európai részvény eszközalap,2026-05-25,2.9225,2026-05-25,2.9225,0.0,955.986,1.0,1.1108,11.08
7126,Európai vállalati kötvény eszközalap,2026-05-25,1.3245,2026-05-25,1.3245,0.0,472.5365,1.0,1.0098,0.98
7127,Fejlõdõ piaci részvény ESG eszközalap-D,2026-05-25,1.3255,2026-05-25,1.3255,0.0,409.8191,1.0,1.0936,9.36
7128,Fejlõdõ ázsiai részvény eszközalap,2026-05-25,3.2914,2026-05-25,3.2914,0.0,885.1507,1.0,1.3447,34.47
7129,Fenntartható növekedés részvény eszk.,2026-05-25,3.2374,2026-05-25,3.2374,0.0,1108.411,1.0,0.9709,-2.91
7130,Globális egészségügyi részvény eszk.,2026-05-25,3.4418,2026-05-25,3.4418,0.0,1214.8196,1.0,1.0641,6.41
7131,Globális növekedési részvény eszközalap,2026-05-25,2.1838,2026-05-25,2.1838,0.0,773.4788,1.0,0.9262,-7.38
7132,Kiegyensúlyozott vegyes eszközalap - D,2026-05-25,1.4944,2026-05-25,1.4944,0.0,508.3856,1.0,1.0435,4.35
7133,Latin-amerikai részvény eszközalap,2026-05-25,1.3904,2026-05-25,1.3904,0.0,447.0844,1.0,1.2075,20.75
7134,Magas kötvény arányú vegyes eszk. - D,2026-05-25,1.1327,2026-05-25,1.1327,0.0,396.4626,1.0,1.0192,1.92
7135,Magas védelmû vegyes eszközalap,2026-05-25,1.1191,2026-05-25,1.1191,0.0,394.1975,1.0,1.0204,2.04
7136,Nemz. élelmiszeripari cégek rv. ea - D,2026-05-25,3.3911,2026-05-25,3.3911,0.0,1155.6272,1.0,1.0953,9.53
7137,Nyersanyagpiaci részvény eszközalap,2026-05-25,1.6579,2026-05-25,1.6579,0.0,525.334,1.0,1.1097,10.97
7138,Presztízs- és luxusmárkák rv. ea.,2026-05-25,3.3803,2026-05-25,3.3803,0.0,1255.4567,1.0,1.0869,8.69
7139,USA részvény eszközalap,2026-05-25,4.9781,2026-05-25,4.9781,0.0,1609.6409,1.0,1.0334,3.34
7140,Ázsia kötvény eszközalap,2026-05-25,2.2679,2026-05-25,2.2679,0.0,802.3999,1.0,1.0478,4.78
7141,Aktív hozamfigyelõ vegyes eszközalap - D,2026-05-26,0.9553,2026-05-26,0.9553,0.0,337.7351,1.0,1.0065,0.65
7142,Euró likviditás eszközalap - D,2026-05-26,0.9235,2026-05-26,0.9235,0.0,331.157,1.0,0.9978,-0.22
7143,Európai ingatlancégek részv. eszközalap,2026-05-26,1.847,2026-05-26,1.847,0.0,664.4512,1.0,1.0049,0.49
7144,Európai kötvény eszközalap - D,2026-05-26,1.2257,2026-05-26,1.2257,0.0,440.537,1.0,0.9954,-0.46
7145,Európai részvény eszközalap,2026-05-26,2.9225,2026-05-26,2.9225,0.0,958.9085,1.0,1.1108,11.08
7146,Európai vállalati kötvény eszközalap,2026-05-26,1.3245,2026-05-26,1.3245,0.0,473.861,1.0,1.0098,0.98
7147,Fejlõdõ piaci részvény ESG eszközalap-D,2026-05-26,1.3255,2026-05-26,1.3255,0.0,411.1446,1.0,1.0936,9.36
7148,Fejlõdõ ázsiai részvény eszközalap,2026-05-26,3.2914,2026-05-26,3.2914,0.0,888.4421,1.0,1.3447,34.47
7149,Fenntartható növekedés részvény eszk.,2026-05-26,3.2374,2026-05-26,3.2374,0.0,1111.6484,1.0,0.9709,-2.91
7150,Globális egészségügyi részvény eszk.,2026-05-26,3.4418,2026-05-26,3.4418,0.0,1218.2614,1.0,1.0641,6.41
7151,Globális növekedési részvény eszközalap,2026-05-26,2.1838,2026-05-26,2.1838,0.0,775.6626,1.0,0.9262,-7.38
7152,Kiegyensúlyozott vegyes eszközalap - D,2026-05-26,1.4944,2026-05-26,1.4944,0.0,509.88,1.0,1.0435,4.35
7153,Latin-amerikai részvény eszközalap,2026-05-26,1.3904,2026-05-26,1.3904,0.0,448.4748,1.0,1.2075,20.75
7154,Magas kötvény arányú vegyes eszk. - D,2026-05-26,1.1327,2026-05-26,1.1327,0.0,397.5953,1.0,1.0192,1.92
7155,Magas védelmû vegyes eszközalap,2026-05-26,1.1191,2026-05-26,1.1191,0.0,395.3166,1.0,1.0204,2.04
7156,Nemz. élelmiszeripari cégek rv. ea - D,2026-05-26,3.3911,2026-05-26,3.3911,0.0,1159.0183,1.0,1.0953,9.53
7157,Nyersanyagpiaci részvény eszközalap,2026-05-26,1.6579,2026-05-26,1.6579,0.0,526.9919,1.0,1.1097,10.97
7158,Presztízs- és luxusmárkák rv. ea.,2026-05-26,3.3803,2026-05-26,3.3803,0.0,1258.837,1.0,1.0869,8.69
7159,USA részvény eszközalap,2026-05-26,4.9781,2026-05-26,4.9781,0.0,1614.619,1.0,1.0334,3.34
7160,Ázsia kötvény eszközalap,2026-05-26,2.2679,2026-05-26,2.2679,0.0,804.6678,1.0,1.0478,4.78
7161,Aktív hozamfigyelõ vegyes eszközalap - D,2026-05-27,0.9581,2026-05-28,0.9574,-0.0008,338.6932,0.9992,1.0057,0.57
7162,Euró likviditás eszközalap - D,2026-05-27,0.9245,2026-05-28,0.9247,0.0002,332.0815,1.0002,0.998,-0.2
7163,Európai ingatlancégek részv. eszközalap,2026-05-27,1.8607,2026-05-28,1.8625,0.001,666.3119,1.001,1.0059,0.59
7164,Európai kötvény eszközalap - D,2026-05-27,1.2309,2026-05-28,1.2311,0.0002,441.7679,1.0002,0.9956,-0.44
7165,Európai részvény eszközalap,2026-05-27,2.9509,2026-05-28,2.9526,0.0006,961.8594,1.0006,1.1115,11.15
7166,Európai vállalati kötvény eszközalap,2026-05-27,1.3284,2026-05-28,1.3288,0.0003,475.1894,1.0003,1.0101,1.01
7167,Fejlõdõ piaci részvény ESG eszközalap-D,2026-05-27,1.3527,2026-05-28,1.3598,0.0052,412.4973,1.0052,1.0993,9.93
7168,Fejlõdõ ázsiai részvény eszközalap,2026-05-27,3.3543,2026-05-28,3.3751,0.0062,891.7964,1.0062,1.3531,35.31
7169,Fenntartható növekedés részvény eszk.,2026-05-27,3.2404,2026-05-28,3.2319,-0.0026,1114.8888,0.9974,0.9683,-3.17
7170,Globális egészségügyi részvény eszk.,2026-05-27,3.4184,2026-05-28,3.4337,0.0045,1221.6798,1.0045,1.0689,6.89
7171,Globális növekedési részvény eszközalap,2026-05-27,2.2056,2026-05-28,2.1959,-0.0044,777.8682,0.9956,0.9221,-7.79
7172,Kiegyensúlyozott vegyes eszközalap - D,2026-05-27,1.5032,2026-05-28,1.5041,0.0006,511.3832,1.0006,1.0441,4.41
7173,Latin-amerikai részvény eszközalap,2026-05-27,1.3999,2026-05-28,1.4147,0.0106,449.8747,1.0106,1.2203,22.03
7174,Magas kötvény arányú vegyes eszk. - D,2026-05-27,1.1384,2026-05-28,1.1388,0.0003,398.7337,1.0003,1.0195,1.95
7175,Magas védelmû vegyes eszközalap,2026-05-27,1.1206,2026-05-28,1.1208,0.0002,396.4372,1.0002,1.0206,2.06
7176,Nemz. élelmiszeripari cégek rv. ea - D,2026-05-27,3.3546,2026-05-28,3.3863,0.0095,1162.3729,1.0095,1.1057,10.57
7177,Nyersanyagpiaci részvény eszközalap,2026-05-27,1.6824,2026-05-28,1.6919,0.0057,528.6743,1.0057,1.116,11.6
7178,Presztízs- és luxusmárkák rv. ea.,2026-05-27,3.396,2026-05-28,3.4916,0.0281,1262.233,1.0281,1.1174,11.74
7179,USA részvény eszközalap,2026-05-27,4.9964,2026-05-28,4.9857,-0.0022,1619.6154,0.9978,1.0311,3.11
7180,Ázsia kötvény eszközalap,2026-05-27,2.2678,2026-05-28,2.2694,0.0007,806.9356,1.0007,1.0486,4.86
7181,Aktív hozamfigyelõ vegyes eszközalap - D,2026-05-28,0.9574,2026-05-29,0.9586,0.0013,339.6506,1.0013,1.007,0.7
7182,Euró likviditás eszközalap - D,2026-05-28,0.9247,2026-05-29,0.9251,0.0004,333.0062,1.0004,0.9984,-0.16
7183,Európai ingatlancégek részv. eszközalap,2026-05-28,1.8625,2026-05-29,1.8689,0.0034,668.1744,1.0034,1.0093,0.93
7184,Európai kötvény eszközalap - D,2026-05-28,1.2311,2026-05-29,1.2329,0.0014,442.999,1.0014,0.997,-0.3
7185,Európai részvény eszközalap,2026-05-28,2.9526,2026-05-29,2.9465,-0.002,964.812,0.998,1.1093,10.93
7186,Európai vállalati kötvény eszközalap,2026-05-28,1.3288,2026-05-29,1.3313,0.0019,476.5182,1.0019,1.012,1.2
7187,Fejlõdõ piaci részvény ESG eszközalap-D,2026-05-28,1.3598,2026-05-29,1.3648,0.0037,413.8571,1.0037,1.1034,10.34
7188,Fejlõdõ ázsiai részvény eszközalap,2026-05-28,3.3751,2026-05-29,3.3167,-0.0173,895.1715,0.9827,1.3297,32.97
7189,Fenntartható növekedés részvény eszk.,2026-05-28,3.2319,2026-05-29,3.2378,0.0018,1118.1207,1.0018,0.9701,-2.99
7190,Globális egészségügyi részvény eszk.,2026-05-28,3.4337,2026-05-29,3.4336,0.0,1225.1135,1.0,1.0689,6.89
7191,Globális növekedési részvény eszközalap,2026-05-28,2.1959,2026-05-29,2.1898,-0.0028,780.0641,0.9972,0.9195,-8.05
7192,Kiegyensúlyozott vegyes eszközalap - D,2026-05-28,1.5041,2026-05-29,1.5054,0.0008,512.8873,1.0008,1.0449,4.49
7193,Latin-amerikai részvény eszközalap,2026-05-28,1.4147,2026-05-29,1.4004,-0.0101,451.2894,0.9899,1.2079,20.79
7194,Magas kötvény arányú vegyes eszk. - D,2026-05-28,1.1388,2026-05-29,1.1401,0.0011,399.8725,1.0011,1.0206,2.06
7195,Magas védelmû vegyes eszközalap,2026-05-28,1.1208,2026-05-29,1.12,-0.0007,397.558,0.9993,1.0199,1.99
7196,Nemz. élelmiszeripari cégek rv. ea - D,2026-05-28,3.3863,2026-05-29,3.35,-0.0107,1165.7592,0.9893,1.0939,9.39
7197,Nyersanyagpiaci részvény eszközalap,2026-05-28,1.6919,2026-05-29,1.6875,-0.0026,530.3662,0.9974,1.1131,11.31
7198,Presztízs- és luxusmárkák rv. ea.,2026-05-28,3.4916,2026-05-29,3.4963,0.0014,1265.7246,1.0014,1.119,11.9
7199,USA részvény eszközalap,2026-05-28,4.9857,2026-05-29,5.0024,0.0034,1624.6011,1.0034,1.0346,3.46
7200,Ázsia kötvény eszközalap,2026-05-28,2.2694,2026-05-29,2.2744,0.0022,809.205,1.0022,1.0509,5.09
7201,Aktív hozamfigyelõ vegyes eszközalap - D,2026-05-29,0.9586,2026-05-29,0.9586,0.0,340.6092,1.0,1.007,0.7
7202,Euró likviditás eszközalap - D,2026-05-29,0.9251,2026-05-29,0.9251,0.0,333.9313,1.0,0.9984,-0.16
7203,Európai ingatlancégek részv. eszközalap,2026-05-29,1.8689,2026-05-29,1.8689,0.0,670.0433,1.0,1.0093,0.93
7204,Európai kötvény eszközalap - D,2026-05-29,1.2329,2026-05-29,1.2329,0.0,444.2319,1.0,0.997,-0.3
7205,Európai részvény eszközalap,2026-05-29,2.9465,2026-05-29,2.9465,0.0,967.7585,1.0,1.1093,10.93
7206,Európai vállalati kötvény eszközalap,2026-05-29,1.3313,2026-05-29,1.3313,0.0,477.8495,1.0,1.012,1.2
7207,Fejlõdõ piaci részvény ESG eszközalap-D,2026-05-29,1.3648,2026-05-29,1.3648,0.0,415.2219,1.0,1.1034,10.34
7208,Fejlõdõ ázsiai részvény eszközalap,2026-05-29,3.3167,2026-05-29,3.3167,0.0,898.4882,1.0,1.3297,32.97
7209,Fenntartható növekedés részvény eszk.,2026-05-29,3.2378,2026-05-29,3.2378,0.0,1121.3585,1.0,0.9701,-2.99
7210,Globális egészségügyi részvény eszk.,2026-05-29,3.4336,2026-05-29,3.4336,0.0,1228.5471,1.0,1.0689,6.89
7211,Globális növekedési részvény eszközalap,2026-05-29,2.1898,2026-05-29,2.1898,0.0,782.2539,1.0,0.9195,-8.05
7212,Kiegyensúlyozott vegyes eszközalap - D,2026-05-29,1.5054,2026-05-29,1.5054,0.0,514.3927,1.0,1.0449,4.49
7213,Latin-amerikai részvény eszközalap,2026-05-29,1.4004,2026-05-29,1.4004,0.0,452.6898,1.0,1.2079,20.79
7214,Magas kötvény arányú vegyes eszk. - D,2026-05-29,1.1401,2026-05-29,1.1401,0.0,401.0126,1.0,1.0206,2.06
7215,Magas védelmû vegyes eszközalap,2026-05-29,1.12,2026-05-29,1.12,0.0,398.678,1.0,1.0199,1.99
7216,Nemz. élelmiszeripari cégek rv. ea - D,2026-05-29,3.35,2026-05-29,3.35,0.0,1169.1092,1.0,1.0939,9.39
7217,Nyersanyagpiaci részvény eszközalap,2026-05-29,1.6875,2026-05-29,1.6875,0.0,532.0537,1.0,1.1131,11.31
7218,Presztízs- és luxusmárkák rv. ea.,2026-05-29,3.4963,2026-05-29,3.4963,0.0,1269.2209,1.0,1.119,11.9
7219,USA részvény eszközalap,2026-05-29,5.0024,2026-05-29,5.0024,0.0,1629.6035,1.0,1.0346,3.46
7220,Ázsia kötvény eszközalap,2026-05-29,2.2744,2026-05-29,2.2744,0.0,811.4794,1.0,1.0509,5.09
7221,Aktív hozamfigyelõ vegyes eszközalap - D,2026-05-30,0.9597,2026-05-30,0.9597,0.0,341.5689,1.0,1.007,0.7
7222,Euró likviditás eszközalap - D,2026-05-30,0.9257,2026-05-30,0.9257,0.0,334.857,1.0,0.9984,-0.16
7223,Európai ingatlancégek részv. eszközalap,2026-05-30,1.8688,2026-05-30,1.8688,0.0,671.9121,1.0,1.0093,0.93
7224,Európai kötvény eszközalap - D,2026-05-30,1.236,2026-05-30,1.236,0.0,445.4679,1.0,0.997,-0.3
7225,Európai részvény eszközalap,2026-05-30,2.9536,2026-05-30,2.9536,0.0,970.7121,1.0,1.1093,10.93
7226,Európai vállalati kötvény eszközalap,2026-05-30,1.3328,2026-05-30,1.3328,0.0,479.1823,1.0,1.012,1.2
7227,Fejlõdõ piaci részvény ESG eszközalap-D,2026-05-30,1.3544,2026-05-30,1.3544,0.0,416.5763,1.0,1.1034,10.34
7228,Fejlõdõ ázsiai részvény eszközalap,2026-05-30,3.3235,2026-05-30,3.3235,0.0,901.8117,1.0,1.3297,32.97
7229,Fenntartható növekedés részvény eszk.,2026-05-30,3.2394,2026-05-30,3.2394,0.0,1124.5979,1.0,0.9701,-2.99
7230,Globális egészségügyi részvény eszk.,2026-05-30,3.4386,2026-05-30,3.4386,0.0,1231.9857,1.0,1.0689,6.89
7231,Globális növekedési részvény eszközalap,2026-05-30,2.2067,2026-05-30,2.2067,0.0,784.4606,1.0,0.9195,-8.05
7232,Kiegyensúlyozott vegyes eszközalap - D,2026-05-30,1.5103,2026-05-30,1.5103,0.0,515.903,1.0,1.0449,4.49
7233,Latin-amerikai részvény eszközalap,2026-05-30,1.379,2026-05-30,1.379,0.0,454.0688,1.0,1.2079,20.79
7234,Magas kötvény arányú vegyes eszk. - D,2026-05-30,1.1433,2026-05-30,1.1433,0.0,402.1559,1.0,1.0206,2.06
7235,Magas védelmû vegyes eszközalap,2026-05-30,1.1201,2026-05-30,1.1201,0.0,399.7981,1.0,1.0199,1.99
7236,Nemz. élelmiszeripari cégek rv. ea - D,2026-05-30,3.2831,2026-05-30,3.2831,0.0,1172.3923,1.0,1.0939,9.39
7237,Nyersanyagpiaci részvény eszközalap,2026-05-30,1.7009,2026-05-30,1.7009,0.0,533.7546,1.0,1.1131,11.31
7238,Presztízs- és luxusmárkák rv. ea.,2026-05-30,3.4957,2026-05-30,3.4957,0.0,1272.7166,1.0,1.119,11.9
7239,USA részvény eszközalap,2026-05-30,5.0017,2026-05-30,5.0017,0.0,1634.6052,1.0,1.0346,3.46
7240,Ázsia kötvény eszközalap,2026-05-30,2.2759,2026-05-30,2.2759,0.0,813.7553,1.0,1.0509,5.09
7241,Aktív hozamfigyelõ vegyes eszközalap - D,2026-05-31,0.9597,2026-05-31,0.9597,0.0,342.5286,1.0,1.007,0.7
7242,Euró likviditás eszközalap - D,2026-05-31,0.9257,2026-05-31,0.9257,0.0,335.7827,1.0,0.9984,-0.16
7243,Európai ingatlancégek részv. eszközalap,2026-05-31,1.8688,2026-05-31,1.8688,0.0,673.7809,1.0,1.0093,0.93
7244,Európai kötvény eszközalap - D,2026-05-31,1.236,2026-05-31,1.236,0.0,446.7039,1.0,0.997,-0.3
7245,Európai részvény eszközalap,2026-05-31,2.9536,2026-05-31,2.9536,0.0,973.6657,1.0,1.1093,10.93
7246,Európai vállalati kötvény eszközalap,2026-05-31,1.3328,2026-05-31,1.3328,0.0,480.5151,1.0,1.012,1.2
7247,Fejlõdõ piaci részvény ESG eszközalap-D,2026-05-31,1.3544,2026-05-31,1.3544,0.0,417.9307,1.0,1.1034,10.34
7248,Fejlõdõ ázsiai részvény eszközalap,2026-05-31,3.3235,2026-05-31,3.3235,0.0,905.1352,1.0,1.3297,32.97
7249,Fenntartható növekedés részvény eszk.,2026-05-31,3.2394,2026-05-31,3.2394,0.0,1127.8373,1.0,0.9701,-2.99
7250,Globális egészségügyi részvény eszk.,2026-05-31,3.4386,2026-05-31,3.4386,0.0,1235.4243,1.0,1.0689,6.89
7251,Globális növekedési részvény eszközalap,2026-05-31,2.2067,2026-05-31,2.2067,0.0,786.6673,1.0,0.9195,-8.05
7252,Kiegyensúlyozott vegyes eszközalap - D,2026-05-31,1.5103,2026-05-31,1.5103,0.0,517.4133,1.0,1.0449,4.49
7253,Latin-amerikai részvény eszközalap,2026-05-31,1.379,2026-05-31,1.379,0.0,455.4478,1.0,1.2079,20.79
7254,Magas kötvény arányú vegyes eszk. - D,2026-05-31,1.1433,2026-05-31,1.1433,0.0,403.2992,1.0,1.0206,2.06
7255,Magas védelmû vegyes eszközalap,2026-05-31,1.1201,2026-05-31,1.1201,0.0,400.9182,1.0,1.0199,1.99
7256,Nemz. élelmiszeripari cégek rv. ea - D,2026-05-31,3.2831,2026-05-31,3.2831,0.0,1175.6754,1.0,1.0939,9.39
7257,Nyersanyagpiaci részvény eszközalap,2026-05-31,1.7009,2026-05-31,1.7009,0.0,535.4555,1.0,1.1131,11.31
7258,Presztízs- és luxusmárkák rv. ea.,2026-05-31,3.4957,2026-05-31,3.4957,0.0,1276.2123,1.0,1.119,11.9
7259,USA részvény eszközalap,2026-05-31,5.0017,2026-05-31,5.0017,0.0,1639.6069,1.0,1.0346,3.46
7260,Ázsia kötvény eszközalap,2026-05-31,2.2759,2026-05-31,2.2759,0.0,816.0312,1.0,1.0509,5.09
7261,Aktív hozamfigyelõ vegyes eszközalap - D,2026-06-01,0.9597,2026-06-01,0.9597,0.0,343.4883,1.0,1.007,0.7
7262,Euró likviditás eszközalap - D,2026-06-01,0.9257,2026-06-01,0.9257,0.0,336.7084,1.0,0.9984,-0.16
7263,Európai ingatlancégek részv. eszközalap,2026-06-01,1.8688,2026-06-01,1.8688,0.0,675.6497,1.0,1.0093,0.93
7264,Európai kötvény eszközalap - D,2026-06-01,1.236,2026-06-01,1.236,0.0,447.9399,1.0,0.997,-0.3
7265,Európai részvény eszközalap,2026-06-01,2.9536,2026-06-01,2.9536,0.0,976.6193,1.0,1.1093,10.93
7266,Európai vállalati kötvény eszközalap,2026-06-01,1.3328,2026-06-01,1.3328,0.0,481.8479,1.0,1.012,1.2
7267,Fejlõdõ piaci részvény ESG eszközalap-D,2026-06-01,1.3544,2026-06-01,1.3544,0.0,419.2851,1.0,1.1034,10.34
7268,Fejlõdõ ázsiai részvény eszközalap,2026-06-01,3.3235,2026-06-01,3.3235,0.0,908.4587,1.0,1.3297,32.97
7269,Fenntartható növekedés részvény eszk.,2026-06-01,3.2394,2026-06-01,3.2394,0.0,1131.0767,1.0,0.9701,-2.99
7270,Globális egészségügyi részvény eszk.,2026-06-01,3.4386,2026-06-01,3.4386,0.0,1238.8629,1.0,1.0689,6.89
7271,Globális növekedési részvény eszközalap,2026-06-01,2.2067,2026-06-01,2.2067,0.0,788.874,1.0,0.9195,-8.05
7272,Kiegyensúlyozott vegyes eszközalap - D,2026-06-01,1.5103,2026-06-01,1.5103,0.0,518.9236,1.0,1.0449,4.49
7273,Latin-amerikai részvény eszközalap,2026-06-01,1.379,2026-06-01,1.379,0.0,456.8268,1.0,1.2079,20.79
7274,Magas kötvény arányú vegyes eszk. - D,2026-06-01,1.1433,2026-06-01,1.1433,0.0,404.4425,1.0,1.0206,2.06
7275,Magas védelmû vegyes eszközalap,2026-06-01,1.1201,2026-06-01,1.1201,0.0,402.0383,1.0,1.0199,1.99
7276,Nemz. élelmiszeripari cégek rv. ea - D,2026-06-01,3.2831,2026-06-01,3.2831,0.0,1178.9585,1.0,1.0939,9.39
7277,Nyersanyagpiaci részvény eszközalap,2026-06-01,1.7009,2026-06-01,1.7009,0.0,537.1564,1.0,1.1131,11.31
7278,Presztízs- és luxusmárkák rv. ea.,2026-06-01,3.4957,2026-06-01,3.4957,0.0,1279.708,1.0,1.119,11.9
7279,USA részvény eszközalap,2026-06-01,5.0017,2026-06-01,5.0017,0.0,1644.6086,1.0,1.0346,3.46
7280,Ázsia kötvény eszközalap,2026-06-01,2.2759,2026-06-01,2.2759,0.0,818.3071,1.0,1.0509,5.09
7281,Aktív hozamfigyelõ vegyes eszközalap - D,2026-06-02,0.96,2026-06-02,0.96,0.0,344.4483,1.0,1.007,0.7
7282,Euró likviditás eszközalap - D,2026-06-02,0.924,2026-06-02,0.924,0.0,337.6324,1.0,0.9984,-0.16
7283,Európai ingatlancégek részv. eszközalap,2026-06-02,1.8396,2026-06-02,1.8396,0.0,677.4893,1.0,1.0093,0.93
7284,Európai kötvény eszközalap - D,2026-06-02,1.2295,2026-06-02,1.2295,0.0,449.1694,1.0,0.997,-0.3
7285,Európai részvény eszközalap,2026-06-02,2.9464,2026-06-02,2.9464,0.0,979.5657,1.0,1.1093,10.93
7286,Európai vállalati kötvény eszközalap,2026-06-02,1.3292,2026-06-02,1.3292,0.0,483.1771,1.0,1.012,1.2
7287,Fejlõdõ piaci részvény ESG eszközalap-D,2026-06-02,1.386,2026-06-02,1.386,0.0,420.6711,1.0,1.1034,10.34
7288,Fejlõdõ ázsiai részvény eszközalap,2026-06-02,3.345,2026-06-02,3.345,0.0,911.8037,1.0,1.3297,32.97
7289,Fenntartható növekedés részvény eszk.,2026-06-02,3.2654,2026-06-02,3.2654,0.0,1134.3421,1.0,0.9701,-2.99
7290,Globális egészségügyi részvény eszk.,2026-06-02,3.3944,2026-06-02,3.3944,0.0,1242.2573,1.0,1.0689,6.89
7291,Globális növekedési részvény eszközalap,2026-06-02,2.2133,2026-06-02,2.2133,0.0,791.0873,1.0,0.9195,-8.05
7292,Kiegyensúlyozott vegyes eszközalap - D,2026-06-02,1.5104,2026-06-02,1.5104,0.0,520.434,1.0,1.0449,4.49
7293,Latin-amerikai részvény eszközalap,2026-06-02,1.3892,2026-06-02,1.3892,0.0,458.216,1.0,1.2079,20.79
7294,Magas kötvény arányú vegyes eszk. - D,2026-06-02,1.1405,2026-06-02,1.1405,0.0,405.583,1.0,1.0206,2.06
7295,Magas védelmû vegyes eszközalap,2026-06-02,1.1187,2026-06-02,1.1187,0.0,403.157,1.0,1.0199,1.99
7296,Nemz. élelmiszeripari cégek rv. ea - D,2026-06-02,3.2496,2026-06-02,3.2496,0.0,1182.2081,1.0,1.0939,9.39
7297,Nyersanyagpiaci részvény eszközalap,2026-06-02,1.6903,2026-06-02,1.6903,0.0,538.8467,1.0,1.1131,11.31
7298,Presztízs- és luxusmárkák rv. ea.,2026-06-02,3.4517,2026-06-02,3.4517,0.0,1283.1597,1.0,1.119,11.9
7299,USA részvény eszközalap,2026-06-02,5.028,2026-06-02,5.028,0.0,1649.6366,1.0,1.0346,3.46
7300,Ázsia kötvény eszközalap,2026-06-02,2.2718,2026-06-02,2.2718,0.0,820.5789,1.0,1.0509,5.09
7301,Aktív hozamfigyelõ vegyes eszközalap - D,2026-06-03,0.9617,2026-06-04,0.9577,-0.0042,345.41,0.9958,1.0027,0.27
7302,Euró likviditás eszközalap - D,2026-06-03,0.9244,2026-06-04,0.9235,-0.001,338.5568,0.999,0.9974,-0.26
7303,Európai ingatlancégek részv. eszközalap,2026-06-03,1.8357,2026-06-04,1.8045,-0.017,679.325,0.983,0.9921,-0.79
7304,Európai kötvény eszközalap - D,2026-06-03,1.2319,2026-06-04,1.2277,-0.0034,450.4013,0.9966,0.9936,-0.64
7305,Európai részvény eszközalap,2026-06-03,2.9849,2026-06-04,2.966,-0.0063,982.5506,0.9937,1.1023,10.23
7306,Európai vállalati kötvény eszközalap,2026-06-03,1.3303,2026-06-04,1.3274,-0.0021,484.5074,0.9979,1.0099,0.99
7307,Fejlõdõ piaci részvény ESG eszközalap-D,2026-06-03,1.4107,2026-06-04,1.4005,-0.0072,422.0818,0.9928,1.0955,9.55
7308,Fejlõdõ ázsiai részvény eszközalap,2026-06-03,3.3672,2026-06-04,3.3769,0.0029,915.1709,1.0029,1.3335,33.35
7309,Fenntartható növekedés részvény eszk.,2026-06-03,3.2645,2026-06-04,3.2443,-0.0062,1137.6066,0.9938,0.9641,-3.59
7310,Globális egészségügyi részvény eszk.,2026-06-03,3.3202,2026-06-04,3.3508,0.0092,1245.5775,1.0092,1.0787,7.87
7311,Globális növekedési részvény eszközalap,2026-06-03,2.2294,2026-06-04,2.2252,-0.0018,793.3167,0.9982,0.9179,-8.21
7312,Kiegyensúlyozott vegyes eszközalap - D,2026-06-03,1.5153,2026-06-04,1.5107,-0.003,521.9493,0.997,1.0418,4.18
7313,Latin-amerikai részvény eszközalap,2026-06-03,1.3883,2026-06-04,1.3786,-0.007,459.6043,0.993,1.1995,19.95
7314,Magas kötvény arányú vegyes eszk. - D,2026-06-03,1.1436,2026-06-04,1.1397,-0.0034,406.7266,0.9966,1.0171,1.71
7315,Magas védelmû vegyes eszközalap,2026-06-03,1.1219,2026-06-04,1.1202,-0.0015,404.2789,0.9985,1.0184,1.84
7316,Nemz. élelmiszeripari cégek rv. ea - D,2026-06-03,3.2442,2026-06-04,3.275,0.0095,1185.4523,1.0095,1.1043,10.43
7317,Nyersanyagpiaci részvény eszközalap,2026-06-03,1.7191,2026-06-04,1.711,-0.0047,540.5658,0.9953,1.1079,10.79
7318,Presztízs- és luxusmárkák rv. ea.,2026-06-03,3.4833,2026-06-04,3.4454,-0.0109,1286.643,0.9891,1.1068,10.68
7319,USA részvény eszközalap,2026-06-03,5.0086,2026-06-04,4.9857,-0.0046,1654.6452,0.9954,1.0299,2.99
7320,Ázsia kötvény eszközalap,2026-06-03,2.2761,2026-06-04,2.2795,0.0015,822.855,1.0015,1.0524,5.24
