id,asset_name,date,opening_value,closing_value,period_yield
1,Aktív hozamfigyelõ vegyes eszközalap - D,2025-06-04,0.9238,0.9259,0.0023
2,Euró likviditás eszközalap - D,2025-06-04,0.925,0.9247,-0.0003
3,Európai ingatlancégek részv. eszközalap,2025-06-04,1.8929,1.8868,-0.0032
4,Európai kötvény eszközalap - D,2025-06-04,1.2348,1.2336,-0.001
5,Európai részvény eszközalap,2025-06-04,2.5268,2.5371,0.0041
6,Európai vállalati kötvény eszközalap,2025-06-04,1.314,1.3133,-0.0005
7,Fejlõdõ piaci részvény ESG eszközalap-D,2025-06-04,1.0202,1.0243,0.004
8,Fejlõdõ ázsiai részvény eszközalap,2025-06-04,1.952,1.9589,0.0035
9,Fenntartható növekedés részvény eszk.,2025-06-04,3.027,3.0311,0.0014
10,Globális egészségügyi részvény eszk.,2025-06-04,3.169,3.2025,0.0105
11,Globális növekedési részvény eszközalap,2025-06-04,2.2862,2.2886,0.0011
12,Kiegyensúlyozott vegyes eszközalap - D,2025-06-04,1.3714,1.3728,0.001
13,Latin-amerikai részvény eszközalap,2025-06-04,1.0942,1.0992,0.0046
14,Magas kötvény arányú vegyes eszk. - D,2025-06-04,1.0935,1.0936,0.0
15,Magas védelmû vegyes eszközalap,2025-06-04,1.092,1.0933,0.0012
16,Nemz. élelmiszeripari cégek rv. ea - D,2025-06-04,3.3222,3.3293,0.0021
17,Nyersanyagpiaci részvény eszközalap,2025-06-04,1.3136,1.3232,0.0073
18,Presztízs- és luxusmárkák rv. ea.,2025-06-04,3.3888,3.3993,0.0031
19,USA részvény eszközalap,2025-06-04,4.1587,4.1499,-0.0021
20,Ázsia kötvény eszközalap,2025-06-04,2.2275,2.2305,0.0013
21,Aktív hozamfigyelõ vegyes eszközalap - D,2025-06-05,0.9259,0.9234,-0.0026
22,Euró likviditás eszközalap - D,2025-06-05,0.9247,0.9236,-0.0012
23,Európai ingatlancégek részv. eszközalap,2025-06-05,1.8868,1.8852,-0.0008
24,Európai kötvény eszközalap - D,2025-06-05,1.2336,1.2294,-0.0034
25,Európai részvény eszközalap,2025-06-05,2.5371,2.5446,0.003
26,Európai vállalati kötvény eszközalap,2025-06-05,1.3133,1.308,-0.004
27,Fejlõdõ piaci részvény ESG eszközalap-D,2025-06-05,1.0243,1.0333,0.0088
28,Fejlõdõ ázsiai részvény eszközalap,2025-06-05,1.9589,1.9594,0.0003
29,Fenntartható növekedés részvény eszk.,2025-06-05,3.0311,3.0222,-0.003
30,Globális egészségügyi részvény eszk.,2025-06-05,3.2025,3.1818,-0.0065
31,Globális növekedési részvény eszközalap,2025-06-05,2.2886,2.2784,-0.0045
32,Kiegyensúlyozott vegyes eszközalap - D,2025-06-05,1.3728,1.3689,-0.0028
33,Latin-amerikai részvény eszközalap,2025-06-05,1.0992,1.0913,-0.0072
34,Magas kötvény arányú vegyes eszk. - D,2025-06-05,1.0936,1.0901,-0.0031
35,Magas védelmû vegyes eszközalap,2025-06-05,1.0933,1.0936,0.0002
36,Nemz. élelmiszeripari cégek rv. ea - D,2025-06-05,3.3293,3.2921,-0.0112
37,Nyersanyagpiaci részvény eszközalap,2025-06-05,1.3232,1.3267,0.0026
38,Presztízs- és luxusmárkák rv. ea.,2025-06-05,3.3993,3.3517,-0.014
39,USA részvény eszközalap,2025-06-05,4.1499,4.123,-0.0065
40,Ázsia kötvény eszközalap,2025-06-05,2.2305,2.2348,0.0019
41,Aktív hozamfigyelõ vegyes eszközalap - D,2025-06-06,0.9234,0.9252,0.0019
42,Euró likviditás eszközalap - D,2025-06-06,0.9236,0.9238,0.0001
43,Európai ingatlancégek részv. eszközalap,2025-06-06,1.8852,1.8871,0.001
44,Európai kötvény eszközalap - D,2025-06-06,1.2294,1.2311,0.0013
45,Európai részvény eszközalap,2025-06-06,2.5446,2.5542,0.0038
46,Európai vállalati kötvény eszközalap,2025-06-06,1.308,1.3107,0.002
47,Fejlõdõ piaci részvény ESG eszközalap-D,2025-06-06,1.0333,1.0344,0.0011
48,Fejlõdõ ázsiai részvény eszközalap,2025-06-06,1.9594,1.9717,0.0062
49,Fenntartható növekedés részvény eszk.,2025-06-06,3.0222,3.0579,0.0118
50,Globális egészségügyi részvény eszk.,2025-06-06,3.1818,3.2178,0.0113
51,Globális növekedési részvény eszközalap,2025-06-06,2.2784,2.2956,0.0076
52,Kiegyensúlyozott vegyes eszközalap - D,2025-06-06,1.3689,1.3737,0.0035
53,Latin-amerikai részvény eszközalap,2025-06-06,1.0913,1.0903,-0.0009
54,Magas kötvény arányú vegyes eszk. - D,2025-06-06,1.0901,1.0927,0.0023
55,Magas védelmû vegyes eszközalap,2025-06-06,1.0936,1.0942,0.0006
56,Nemz. élelmiszeripari cégek rv. ea - D,2025-06-06,3.2921,3.2956,0.0011
57,Nyersanyagpiaci részvény eszközalap,2025-06-06,1.3267,1.3242,-0.0019
58,Presztízs- és luxusmárkák rv. ea.,2025-06-06,3.3517,3.3461,-0.0017
59,USA részvény eszközalap,2025-06-06,4.123,4.1833,0.0146
60,Ázsia kötvény eszközalap,2025-06-06,2.2348,2.2331,-0.0007
61,Aktív hozamfigyelõ vegyes eszközalap - D,2025-06-07,0.9252,0.9252,0.0
62,Euró likviditás eszközalap - D,2025-06-07,0.9238,0.9238,0.0
63,Európai ingatlancégek részv. eszközalap,2025-06-07,1.8871,1.8871,0.0
64,Európai kötvény eszközalap - D,2025-06-07,1.2311,1.2311,0.0
65,Európai részvény eszközalap,2025-06-07,2.5542,2.5542,0.0
66,Európai vállalati kötvény eszközalap,2025-06-07,1.3107,1.3107,0.0
67,Fejlõdõ piaci részvény ESG eszközalap-D,2025-06-07,1.0344,1.0344,0.0
68,Fejlõdõ ázsiai részvény eszközalap,2025-06-07,1.9717,1.9717,0.0
69,Fenntartható növekedés részvény eszk.,2025-06-07,3.0579,3.0579,0.0
70,Globális egészségügyi részvény eszk.,2025-06-07,3.2178,3.2178,0.0
71,Globális növekedési részvény eszközalap,2025-06-07,2.2956,2.2956,0.0
72,Kiegyensúlyozott vegyes eszközalap - D,2025-06-07,1.3737,1.3737,0.0
73,Latin-amerikai részvény eszközalap,2025-06-07,1.0903,1.0903,0.0
74,Magas kötvény arányú vegyes eszk. - D,2025-06-07,1.0927,1.0927,0.0
75,Magas védelmû vegyes eszközalap,2025-06-07,1.0942,1.0942,0.0
76,Nemz. élelmiszeripari cégek rv. ea - D,2025-06-07,3.2956,3.2956,0.0
77,Nyersanyagpiaci részvény eszközalap,2025-06-07,1.3242,1.3242,0.0
78,Presztízs- és luxusmárkák rv. ea.,2025-06-07,3.3461,3.3461,0.0
79,USA részvény eszközalap,2025-06-07,4.1833,4.1833,0.0
80,Ázsia kötvény eszközalap,2025-06-07,2.2331,2.2331,0.0
81,Aktív hozamfigyelõ vegyes eszközalap - D,2025-06-08,0.9252,0.9252,0.0
82,Euró likviditás eszközalap - D,2025-06-08,0.9238,0.9238,0.0
83,Európai ingatlancégek részv. eszközalap,2025-06-08,1.8871,1.8871,0.0
84,Európai kötvény eszközalap - D,2025-06-08,1.2311,1.2311,0.0
85,Európai részvény eszközalap,2025-06-08,2.5542,2.5542,0.0
86,Európai vállalati kötvény eszközalap,2025-06-08,1.3107,1.3107,0.0
87,Fejlõdõ piaci részvény ESG eszközalap-D,2025-06-08,1.0344,1.0344,0.0
88,Fejlõdõ ázsiai részvény eszközalap,2025-06-08,1.9717,1.9717,0.0
89,Fenntartható növekedés részvény eszk.,2025-06-08,3.0579,3.0579,0.0
90,Globális egészségügyi részvény eszk.,2025-06-08,3.2178,3.2178,0.0
91,Globális növekedési részvény eszközalap,2025-06-08,2.2956,2.2956,0.0
92,Kiegyensúlyozott vegyes eszközalap - D,2025-06-08,1.3737,1.3737,0.0
93,Latin-amerikai részvény eszközalap,2025-06-08,1.0903,1.0903,0.0
94,Magas kötvény arányú vegyes eszk. - D,2025-06-08,1.0927,1.0927,0.0
95,Magas védelmû vegyes eszközalap,2025-06-08,1.0942,1.0942,0.0
96,Nemz. élelmiszeripari cégek rv. ea - D,2025-06-08,3.2956,3.2956,0.0
97,Nyersanyagpiaci részvény eszközalap,2025-06-08,1.3242,1.3242,0.0
98,Presztízs- és luxusmárkák rv. ea.,2025-06-08,3.3461,3.3461,0.0
99,USA részvény eszközalap,2025-06-08,4.1833,4.1833,0.0
100,Ázsia kötvény eszközalap,2025-06-08,2.2331,2.2331,0.0
101,Aktív hozamfigyelõ vegyes eszközalap - D,2025-06-09,0.9252,0.9252,0.0
102,Euró likviditás eszközalap - D,2025-06-09,0.9238,0.9238,0.0
103,Európai ingatlancégek részv. eszközalap,2025-06-09,1.8871,1.8871,0.0
104,Európai kötvény eszközalap - D,2025-06-09,1.2311,1.2311,0.0
105,Európai részvény eszközalap,2025-06-09,2.5542,2.5542,0.0
106,Európai vállalati kötvény eszközalap,2025-06-09,1.3107,1.3107,0.0
107,Fejlõdõ piaci részvény ESG eszközalap-D,2025-06-09,1.0344,1.0344,0.0
108,Fejlõdõ ázsiai részvény eszközalap,2025-06-09,1.9717,1.9717,0.0
109,Fenntartható növekedés részvény eszk.,2025-06-09,3.0579,3.0579,0.0
110,Globális egészségügyi részvény eszk.,2025-06-09,3.2178,3.2178,0.0
111,Globális növekedési részvény eszközalap,2025-06-09,2.2956,2.2956,0.0
112,Kiegyensúlyozott vegyes eszközalap - D,2025-06-09,1.3737,1.3737,0.0
113,Latin-amerikai részvény eszközalap,2025-06-09,1.0903,1.0903,0.0
114,Magas kötvény arányú vegyes eszk. - D,2025-06-09,1.0927,1.0927,0.0
115,Magas védelmû vegyes eszközalap,2025-06-09,1.0942,1.0942,0.0
116,Nemz. élelmiszeripari cégek rv. ea - D,2025-06-09,3.2956,3.2956,0.0
117,Nyersanyagpiaci részvény eszközalap,2025-06-09,1.3242,1.3242,0.0
118,Presztízs- és luxusmárkák rv. ea.,2025-06-09,3.3461,3.3461,0.0
119,USA részvény eszközalap,2025-06-09,4.1833,4.1833,0.0
120,Ázsia kötvény eszközalap,2025-06-09,2.2331,2.2331,0.0
121,Aktív hozamfigyelõ vegyes eszközalap - D,2025-06-12,0.9269,0.9271,0.0002
122,Euró likviditás eszközalap - D,2025-06-12,0.9244,0.9246,0.0003
123,Európai ingatlancégek részv. eszközalap,2025-06-12,1.9028,1.8855,-0.0091
124,Európai kötvény eszközalap - D,2025-06-12,1.2347,1.2372,0.0021
125,Európai részvény eszközalap,2025-06-12,2.5379,2.5238,-0.0056
126,Európai vállalati kötvény eszközalap,2025-06-12,1.315,1.3169,0.0015
127,Fejlõdõ piaci részvény ESG eszközalap-D,2025-06-12,1.0449,1.0317,-0.0126
128,Fejlõdõ ázsiai részvény eszközalap,2025-06-12,2.0003,1.9879,-0.0062
129,Fenntartható növekedés részvény eszk.,2025-06-12,3.0372,3.016,-0.007
130,Globális egészségügyi részvény eszk.,2025-06-12,3.2433,3.2459,0.0008
131,Globális növekedési részvény eszközalap,2025-06-12,2.2729,2.2603,-0.0055
132,Kiegyensúlyozott vegyes eszközalap - D,2025-06-12,1.3766,1.3734,-0.0023
133,Latin-amerikai részvény eszközalap,2025-06-12,1.0979,1.0894,-0.0078
134,Magas kötvény arányú vegyes eszk. - D,2025-06-12,1.0953,1.0953,0.0
135,Magas védelmû vegyes eszközalap,2025-06-12,1.0928,1.0915,-0.0012
136,Nemz. élelmiszeripari cégek rv. ea - D,2025-06-12,3.263,3.2431,-0.0061
137,Nyersanyagpiaci részvény eszközalap,2025-06-12,1.3235,1.3134,-0.0076
138,Presztízs- és luxusmárkák rv. ea.,2025-06-12,3.379,3.3246,-0.0161
139,USA részvény eszközalap,2025-06-12,4.1511,4.1246,-0.0064
140,Ázsia kötvény eszközalap,2025-06-12,2.2315,2.2139,-0.0079
141,Aktív hozamfigyelõ vegyes eszközalap - D,2025-06-13,0.9271,0.9212,-0.0064
142,Euró likviditás eszközalap - D,2025-06-13,0.9246,0.9239,-0.0008
143,Európai ingatlancégek részv. eszközalap,2025-06-13,1.8855,1.8682,-0.0092
144,Európai kötvény eszközalap - D,2025-06-13,1.2372,1.2323,-0.004
145,Európai részvény eszközalap,2025-06-13,2.5238,2.4953,-0.0113
146,Európai vállalati kötvény eszközalap,2025-06-13,1.3169,1.3126,-0.0032
147,Fejlõdõ piaci részvény ESG eszközalap-D,2025-06-13,1.0317,1.0204,-0.0109
148,Fejlõdõ ázsiai részvény eszközalap,2025-06-13,1.9879,1.9842,-0.0019
149,Fenntartható növekedés részvény eszk.,2025-06-13,3.016,2.9848,-0.0103
150,Globális egészségügyi részvény eszk.,2025-06-13,3.2459,3.2484,0.0008
151,Globális növekedési részvény eszközalap,2025-06-13,2.2603,2.2411,-0.0085
152,Kiegyensúlyozott vegyes eszközalap - D,2025-06-13,1.3734,1.3651,-0.006
153,Latin-amerikai részvény eszközalap,2025-06-13,1.0894,1.0807,-0.008
154,Magas kötvény arányú vegyes eszk. - D,2025-06-13,1.0953,1.0898,-0.005
155,Magas védelmû vegyes eszközalap,2025-06-13,1.0915,1.0884,-0.0028
156,Nemz. élelmiszeripari cégek rv. ea - D,2025-06-13,3.2431,3.2438,0.0002
157,Nyersanyagpiaci részvény eszközalap,2025-06-13,1.3134,1.3122,-0.001
158,Presztízs- és luxusmárkák rv. ea.,2025-06-13,3.3246,3.2661,-0.0176
159,USA részvény eszközalap,2025-06-13,4.1246,4.0859,-0.0094
160,Ázsia kötvény eszközalap,2025-06-13,2.2139,2.2158,0.0009
161,Aktív hozamfigyelõ vegyes eszközalap - D,2025-06-14,0.9212,0.9212,0.0
162,Euró likviditás eszközalap - D,2025-06-14,0.9239,0.9239,0.0
163,Európai ingatlancégek részv. eszközalap,2025-06-14,1.8682,1.8682,0.0
164,Európai kötvény eszközalap - D,2025-06-14,1.2323,1.2323,0.0
165,Európai részvény eszközalap,2025-06-14,2.4953,2.4953,0.0
166,Európai vállalati kötvény eszközalap,2025-06-14,1.3126,1.3126,0.0
167,Fejlõdõ piaci részvény ESG eszközalap-D,2025-06-14,1.0204,1.0204,0.0
168,Fejlõdõ ázsiai részvény eszközalap,2025-06-14,1.9842,1.9842,0.0
169,Fenntartható növekedés részvény eszk.,2025-06-14,2.9848,2.9848,0.0
170,Globális egészségügyi részvény eszk.,2025-06-14,3.2484,3.2484,0.0
171,Globális növekedési részvény eszközalap,2025-06-14,2.2411,2.2411,0.0
172,Kiegyensúlyozott vegyes eszközalap - D,2025-06-14,1.3651,1.3651,0.0
173,Latin-amerikai részvény eszközalap,2025-06-14,1.0807,1.0807,0.0
174,Magas kötvény arányú vegyes eszk. - D,2025-06-14,1.0898,1.0898,0.0
175,Magas védelmû vegyes eszközalap,2025-06-14,1.0884,1.0884,0.0
176,Nemz. élelmiszeripari cégek rv. ea - D,2025-06-14,3.2438,3.2438,0.0
177,Nyersanyagpiaci részvény eszközalap,2025-06-14,1.3122,1.3122,0.0
178,Presztízs- és luxusmárkák rv. ea.,2025-06-14,3.2661,3.2661,0.0
179,USA részvény eszközalap,2025-06-14,4.0859,4.0859,0.0
180,Ázsia kötvény eszközalap,2025-06-14,2.2158,2.2158,0.0
181,Aktív hozamfigyelõ vegyes eszközalap - D,2025-06-15,0.9212,0.9212,0.0
182,Euró likviditás eszközalap - D,2025-06-15,0.9239,0.9239,0.0
183,Európai ingatlancégek részv. eszközalap,2025-06-15,1.8682,1.8682,0.0
184,Európai kötvény eszközalap - D,2025-06-15,1.2323,1.2323,0.0
185,Európai részvény eszközalap,2025-06-15,2.4953,2.4953,0.0
186,Európai vállalati kötvény eszközalap,2025-06-15,1.3126,1.3126,0.0
187,Fejlõdõ piaci részvény ESG eszközalap-D,2025-06-15,1.0204,1.0204,0.0
188,Fejlõdõ ázsiai részvény eszközalap,2025-06-15,1.9842,1.9842,0.0
189,Fenntartható növekedés részvény eszk.,2025-06-15,2.9848,2.9848,0.0
190,Globális egészségügyi részvény eszk.,2025-06-15,3.2484,3.2484,0.0
191,Globális növekedési részvény eszközalap,2025-06-15,2.2411,2.2411,0.0
192,Kiegyensúlyozott vegyes eszközalap - D,2025-06-15,1.3651,1.3651,0.0
193,Latin-amerikai részvény eszközalap,2025-06-15,1.0807,1.0807,0.0
194,Magas kötvény arányú vegyes eszk. - D,2025-06-15,1.0898,1.0898,0.0
195,Magas védelmû vegyes eszközalap,2025-06-15,1.0884,1.0884,0.0
196,Nemz. élelmiszeripari cégek rv. ea - D,2025-06-15,3.2438,3.2438,0.0
197,Nyersanyagpiaci részvény eszközalap,2025-06-15,1.3122,1.3122,0.0
198,Presztízs- és luxusmárkák rv. ea.,2025-06-15,3.2661,3.2661,0.0
199,USA részvény eszközalap,2025-06-15,4.0859,4.0859,0.0
200,Ázsia kötvény eszközalap,2025-06-15,2.2158,2.2158,0.0
201,Aktív hozamfigyelõ vegyes eszközalap - D,2025-06-18,0.9217,0.9217,0.0
202,Euró likviditás eszközalap - D,2025-06-18,0.9239,0.9242,0.0003
203,Európai ingatlancégek részv. eszközalap,2025-06-18,1.8938,1.9122,0.0097
204,Európai kötvény eszközalap - D,2025-06-18,1.2325,1.2348,0.0019
205,Európai részvény eszközalap,2025-06-18,2.4911,2.4795,-0.0047
206,Európai vállalati kötvény eszközalap,2025-06-18,1.3135,1.3149,0.0011
207,Fejlõdõ piaci részvény ESG eszközalap-D,2025-06-18,1.023,1.0194,-0.0036
208,Fejlõdõ ázsiai részvény eszközalap,2025-06-18,2.0015,1.9917,-0.0049
209,Fenntartható növekedés részvény eszk.,2025-06-18,2.9859,2.9803,-0.0019
210,Globális egészségügyi részvény eszk.,2025-06-18,3.1961,3.157,-0.0122
211,Globális növekedési részvény eszközalap,2025-06-18,2.2384,2.238,-0.0002
212,Kiegyensúlyozott vegyes eszközalap - D,2025-06-18,1.3653,1.3655,0.0001
213,Latin-amerikai részvény eszközalap,2025-06-18,1.0906,1.0905,0.0
214,Magas kötvény arányú vegyes eszk. - D,2025-06-18,1.09,1.091,0.0009
215,Magas védelmû vegyes eszközalap,2025-06-18,1.0888,1.088,-0.0007
216,Nemz. élelmiszeripari cégek rv. ea - D,2025-06-18,3.2205,3.2175,-0.0009
217,Nyersanyagpiaci részvény eszközalap,2025-06-18,1.3037,1.3,-0.0029
218,Presztízs- és luxusmárkák rv. ea.,2025-06-18,3.2877,3.2794,-0.0025
219,USA részvény eszközalap,2025-06-18,4.0948,4.1,0.0013
220,Ázsia kötvény eszközalap,2025-06-18,2.2101,2.2203,0.0046
221,Aktív hozamfigyelõ vegyes eszközalap - D,2025-06-19,0.9217,0.9217,0.0
222,Euró likviditás eszközalap - D,2025-06-19,0.9242,0.9242,0.0
223,Európai ingatlancégek részv. eszközalap,2025-06-19,1.9122,1.901,-0.0059
224,Európai kötvény eszközalap - D,2025-06-19,1.2348,1.2326,-0.0018
225,Európai részvény eszközalap,2025-06-19,2.4795,2.4523,-0.011
226,Európai vállalati kötvény eszközalap,2025-06-19,1.3149,1.3135,-0.0011
227,Fejlõdõ piaci részvény ESG eszközalap-D,2025-06-19,1.0194,1.0061,-0.013
228,Fejlõdõ ázsiai részvény eszközalap,2025-06-19,1.9917,1.9668,-0.0125
229,Fenntartható növekedés részvény eszk.,2025-06-19,2.9803,2.9803,0.0
230,Globális egészségügyi részvény eszk.,2025-06-19,3.157,3.1674,0.0033
231,Globális növekedési részvény eszközalap,2025-06-19,2.238,2.238,0.0
232,Kiegyensúlyozott vegyes eszközalap - D,2025-06-19,1.3655,1.3631,-0.0018
233,Latin-amerikai részvény eszközalap,2025-06-19,1.0905,1.084,-0.006
234,Magas kötvény arányú vegyes eszk. - D,2025-06-19,1.091,1.0891,-0.0018
235,Magas védelmû vegyes eszközalap,2025-06-19,1.088,1.0856,-0.0023
236,Nemz. élelmiszeripari cégek rv. ea - D,2025-06-19,3.2175,3.2066,-0.0034
237,Nyersanyagpiaci részvény eszközalap,2025-06-19,1.3,1.2854,-0.0112
238,Presztízs- és luxusmárkák rv. ea.,2025-06-19,3.2794,3.2427,-0.0112
239,USA részvény eszközalap,2025-06-19,4.1,4.0999,0.0
240,Ázsia kötvény eszközalap,2025-06-19,2.2203,2.225,0.0021
241,Aktív hozamfigyelõ vegyes eszközalap - D,2025-06-20,0.9217,0.919,-0.0029
242,Euró likviditás eszközalap - D,2025-06-20,0.9242,0.9242,-0.0001
243,Európai ingatlancégek részv. eszközalap,2025-06-20,1.901,1.9094,0.0044
244,Európai kötvény eszközalap - D,2025-06-20,1.2326,1.2327,0.0001
245,Európai részvény eszközalap,2025-06-20,2.4523,2.4696,0.0071
246,Európai vállalati kötvény eszközalap,2025-06-20,1.3135,1.313,-0.0004
247,Fejlõdõ piaci részvény ESG eszközalap-D,2025-06-20,1.0061,1.0075,0.0015
248,Fejlõdõ ázsiai részvény eszközalap,2025-06-20,1.9668,1.985,0.0093
249,Fenntartható növekedés részvény eszk.,2025-06-20,2.9803,2.9604,-0.0067
250,Globális egészségügyi részvény eszk.,2025-06-20,3.1674,3.1543,-0.0041
251,Globális növekedési részvény eszközalap,2025-06-20,2.238,2.2304,-0.0034
252,Kiegyensúlyozott vegyes eszközalap - D,2025-06-20,1.3631,1.3621,-0.0007
253,Latin-amerikai részvény eszközalap,2025-06-20,1.084,1.0741,-0.0091
254,Magas kötvény arányú vegyes eszk. - D,2025-06-20,1.0891,1.0887,-0.0003
255,Magas védelmû vegyes eszközalap,2025-06-20,1.0856,1.0867,0.001
256,Nemz. élelmiszeripari cégek rv. ea - D,2025-06-20,3.2066,3.2136,0.0022
257,Nyersanyagpiaci részvény eszközalap,2025-06-20,1.2854,1.2854,0.0
258,Presztízs- és luxusmárkák rv. ea.,2025-06-20,3.2427,3.2727,0.0092
259,USA részvény eszközalap,2025-06-20,4.0999,4.0915,-0.0021
260,Ázsia kötvény eszközalap,2025-06-20,2.225,2.2163,-0.0039
261,Aktív hozamfigyelõ vegyes eszközalap - D,2025-06-21,0.919,0.919,0.0
262,Euró likviditás eszközalap - D,2025-06-21,0.9242,0.9242,0.0
263,Európai ingatlancégek részv. eszközalap,2025-06-21,1.9094,1.9094,0.0
264,Európai kötvény eszközalap - D,2025-06-21,1.2327,1.2327,0.0
265,Európai részvény eszközalap,2025-06-21,2.4696,2.4696,0.0
266,Európai vállalati kötvény eszközalap,2025-06-21,1.313,1.313,0.0
267,Fejlõdõ piaci részvény ESG eszközalap-D,2025-06-21,1.0075,1.0075,0.0
268,Fejlõdõ ázsiai részvény eszközalap,2025-06-21,1.985,1.985,0.0
269,Fenntartható növekedés részvény eszk.,2025-06-21,2.9604,2.9604,0.0
270,Globális egészségügyi részvény eszk.,2025-06-21,3.1543,3.1543,0.0
271,Globális növekedési részvény eszközalap,2025-06-21,2.2304,2.2304,0.0
272,Kiegyensúlyozott vegyes eszközalap - D,2025-06-21,1.3621,1.3621,0.0
273,Latin-amerikai részvény eszközalap,2025-06-21,1.0741,1.0741,0.0
274,Magas kötvény arányú vegyes eszk. - D,2025-06-21,1.0887,1.0887,0.0
275,Magas védelmû vegyes eszközalap,2025-06-21,1.0867,1.0867,0.0
276,Nemz. élelmiszeripari cégek rv. ea - D,2025-06-21,3.2136,3.2136,0.0
277,Nyersanyagpiaci részvény eszközalap,2025-06-21,1.2854,1.2854,0.0
278,Presztízs- és luxusmárkák rv. ea.,2025-06-21,3.2727,3.2727,0.0
279,USA részvény eszközalap,2025-06-21,4.0915,4.0915,0.0
280,Ázsia kötvény eszközalap,2025-06-21,2.2163,2.2163,0.0
281,Aktív hozamfigyelõ vegyes eszközalap - D,2025-06-22,0.919,0.919,0.0
282,Euró likviditás eszközalap - D,2025-06-22,0.9242,0.9242,0.0
283,Európai ingatlancégek részv. eszközalap,2025-06-22,1.9094,1.9094,0.0
284,Európai kötvény eszközalap - D,2025-06-22,1.2327,1.2327,0.0
285,Európai részvény eszközalap,2025-06-22,2.4696,2.4696,0.0
286,Európai vállalati kötvény eszközalap,2025-06-22,1.313,1.313,0.0
287,Fejlõdõ piaci részvény ESG eszközalap-D,2025-06-22,1.0075,1.0075,0.0
288,Fejlõdõ ázsiai részvény eszközalap,2025-06-22,1.985,1.985,0.0
289,Fenntartható növekedés részvény eszk.,2025-06-22,2.9604,2.9604,0.0
290,Globális egészségügyi részvény eszk.,2025-06-22,3.1543,3.1543,0.0
291,Globális növekedési részvény eszközalap,2025-06-22,2.2304,2.2304,0.0
292,Kiegyensúlyozott vegyes eszközalap - D,2025-06-22,1.3621,1.3621,0.0
293,Latin-amerikai részvény eszközalap,2025-06-22,1.0741,1.0741,0.0
294,Magas kötvény arányú vegyes eszk. - D,2025-06-22,1.0887,1.0887,0.0
295,Magas védelmû vegyes eszközalap,2025-06-22,1.0867,1.0867,0.0
296,Nemz. élelmiszeripari cégek rv. ea - D,2025-06-22,3.2136,3.2136,0.0
297,Nyersanyagpiaci részvény eszközalap,2025-06-22,1.2854,1.2854,0.0
298,Presztízs- és luxusmárkák rv. ea.,2025-06-22,3.2727,3.2727,0.0
299,USA részvény eszközalap,2025-06-22,4.0915,4.0915,0.0
300,Ázsia kötvény eszközalap,2025-06-22,2.2163,2.2163,0.0
301,Aktív hozamfigyelõ vegyes eszközalap - D,2025-06-25,0.9257,0.9249,-0.0009
302,Euró likviditás eszközalap - D,2025-06-25,0.9246,0.9247,0.0
303,Európai ingatlancégek részv. eszközalap,2025-06-25,1.9149,1.8982,-0.0088
304,Európai kötvény eszközalap - D,2025-06-25,1.234,1.2318,-0.0018
305,Európai részvény eszközalap,2025-06-25,2.5053,2.4852,-0.008
306,Európai vállalati kötvény eszközalap,2025-06-25,1.3167,1.3141,-0.0019
307,Fejlõdõ piaci részvény ESG eszközalap-D,2025-06-25,1.0226,1.0264,0.0038
308,Fejlõdõ ázsiai részvény eszközalap,2025-06-25,2.0162,2.0361,0.0099
309,Fenntartható növekedés részvény eszk.,2025-06-25,2.9989,2.9967,-0.0007
310,Globális egészségügyi részvény eszk.,2025-06-25,3.1566,3.1798,0.0074
311,Globális növekedési részvény eszközalap,2025-06-25,2.25,2.2358,-0.0063
312,Kiegyensúlyozott vegyes eszközalap - D,2025-06-25,1.3701,1.3687,-0.001
313,Latin-amerikai részvény eszközalap,2025-06-25,1.0856,1.0757,-0.0091
314,Magas kötvény arányú vegyes eszk. - D,2025-06-25,1.0924,1.0908,-0.0015
315,Magas védelmû vegyes eszközalap,2025-06-25,1.0889,1.0873,-0.0015
316,Nemz. élelmiszeripari cégek rv. ea - D,2025-06-25,3.2144,3.1819,-0.0101
317,Nyersanyagpiaci részvény eszközalap,2025-06-25,1.2919,1.2791,-0.0099
318,Presztízs- és luxusmárkák rv. ea.,2025-06-25,3.3186,3.276,-0.0128
319,USA részvény eszközalap,2025-06-25,4.1434,4.1397,-0.0009
320,Ázsia kötvény eszközalap,2025-06-25,2.2082,2.2085,0.0001
321,Aktív hozamfigyelõ vegyes eszközalap - D,2025-06-26,0.9249,0.9264,0.0016
322,Euró likviditás eszközalap - D,2025-06-26,0.9247,0.9251,0.0005
323,Európai ingatlancégek részv. eszközalap,2025-06-26,1.8982,1.9083,0.0054
324,Európai kötvény eszközalap - D,2025-06-26,1.2318,1.2328,0.0008
325,Európai részvény eszközalap,2025-06-26,2.4852,2.4803,-0.002
326,Európai vállalati kötvény eszközalap,2025-06-26,1.3141,1.3161,0.0015
327,Fejlõdõ piaci részvény ESG eszközalap-D,2025-06-26,1.0264,1.0222,-0.0041
328,Fejlõdõ ázsiai részvény eszközalap,2025-06-26,2.0361,2.0249,-0.0055
329,Fenntartható növekedés részvény eszk.,2025-06-26,2.9967,2.9997,0.001
330,Globális egészségügyi részvény eszk.,2025-06-26,3.1798,3.2005,0.0065
331,Globális növekedési részvény eszközalap,2025-06-26,2.2358,2.2353,-0.0002
332,Kiegyensúlyozott vegyes eszközalap - D,2025-06-26,1.3687,1.3689,0.0002
333,Latin-amerikai részvény eszközalap,2025-06-26,1.0757,1.0769,0.001
334,Magas kötvény arányú vegyes eszk. - D,2025-06-26,1.0908,1.0912,0.0004
335,Magas védelmû vegyes eszközalap,2025-06-26,1.0873,1.0869,-0.0003
336,Nemz. élelmiszeripari cégek rv. ea - D,2025-06-26,3.1819,3.148,-0.0107
337,Nyersanyagpiaci részvény eszközalap,2025-06-26,1.2791,1.2894,0.0081
338,Presztízs- és luxusmárkák rv. ea.,2025-06-26,3.276,3.2772,0.0004
339,USA részvény eszközalap,2025-06-26,4.1397,4.1441,0.0011
340,Ázsia kötvény eszközalap,2025-06-26,2.2085,2.1877,-0.0094
341,Aktív hozamfigyelõ vegyes eszközalap - D,2025-06-27,0.9264,0.928,0.0017
342,Euró likviditás eszközalap - D,2025-06-27,0.9251,0.9245,-0.0007
343,Európai ingatlancégek részv. eszközalap,2025-06-27,1.9083,1.9159,0.0039
344,Európai kötvény eszközalap - D,2025-06-27,1.2328,1.2303,-0.002
345,Európai részvény eszközalap,2025-06-27,2.4803,2.5187,0.0155
346,Európai vállalati kötvény eszközalap,2025-06-27,1.3161,1.3133,-0.0022
347,Fejlõdõ piaci részvény ESG eszközalap-D,2025-06-27,1.0222,1.0265,0.0042
348,Fejlõdõ ázsiai részvény eszközalap,2025-06-27,2.0249,2.0197,-0.0025
349,Fenntartható növekedés részvény eszk.,2025-06-27,2.9997,3.0255,0.0086
350,Globális egészségügyi részvény eszk.,2025-06-27,3.2005,3.203,0.0008
351,Globális növekedési részvény eszközalap,2025-06-27,2.2353,2.2504,0.0067
352,Kiegyensúlyozott vegyes eszközalap - D,2025-06-27,1.3689,1.3718,0.0021
353,Latin-amerikai részvény eszközalap,2025-06-27,1.0769,1.085,0.0075
354,Magas kötvény arányú vegyes eszk. - D,2025-06-27,1.0912,1.0916,0.0004
355,Magas védelmû vegyes eszközalap,2025-06-27,1.0869,1.0899,0.0028
356,Nemz. élelmiszeripari cégek rv. ea - D,2025-06-27,3.148,3.1611,0.0042
357,Nyersanyagpiaci részvény eszközalap,2025-06-27,1.2894,1.2933,0.003
358,Presztízs- és luxusmárkák rv. ea.,2025-06-27,3.2772,3.3415,0.0196
359,USA részvény eszközalap,2025-06-27,4.1441,4.1657,0.0052
360,Ázsia kötvény eszközalap,2025-06-27,2.1877,2.192,0.002
361,Aktív hozamfigyelõ vegyes eszközalap - D,2025-06-28,0.928,0.928,0.0
362,Euró likviditás eszközalap - D,2025-06-28,0.9245,0.9245,0.0
363,Európai ingatlancégek részv. eszközalap,2025-06-28,1.9159,1.9159,0.0
364,Európai kötvény eszközalap - D,2025-06-28,1.2303,1.2303,0.0
365,Európai részvény eszközalap,2025-06-28,2.5187,2.5187,0.0
366,Európai vállalati kötvény eszközalap,2025-06-28,1.3133,1.3133,0.0
367,Fejlõdõ piaci részvény ESG eszközalap-D,2025-06-28,1.0265,1.0265,0.0
368,Fejlõdõ ázsiai részvény eszközalap,2025-06-28,2.0197,2.0197,0.0
369,Fenntartható növekedés részvény eszk.,2025-06-28,3.0255,3.0255,0.0
370,Globális egészségügyi részvény eszk.,2025-06-28,3.203,3.203,0.0
371,Globális növekedési részvény eszközalap,2025-06-28,2.2504,2.2504,0.0
372,Kiegyensúlyozott vegyes eszközalap - D,2025-06-28,1.3718,1.3718,0.0
373,Latin-amerikai részvény eszközalap,2025-06-28,1.085,1.085,0.0
374,Magas kötvény arányú vegyes eszk. - D,2025-06-28,1.0916,1.0916,0.0
375,Magas védelmû vegyes eszközalap,2025-06-28,1.0899,1.0899,0.0
376,Nemz. élelmiszeripari cégek rv. ea - D,2025-06-28,3.1611,3.1611,0.0
377,Nyersanyagpiaci részvény eszközalap,2025-06-28,1.2933,1.2933,0.0
378,Presztízs- és luxusmárkák rv. ea.,2025-06-28,3.3415,3.3415,0.0
379,USA részvény eszközalap,2025-06-28,4.1657,4.1657,0.0
380,Ázsia kötvény eszközalap,2025-06-28,2.192,2.192,0.0
381,Aktív hozamfigyelõ vegyes eszközalap - D,2025-06-29,0.928,0.928,0.0
382,Euró likviditás eszközalap - D,2025-06-29,0.9245,0.9245,0.0
383,Európai ingatlancégek részv. eszközalap,2025-06-29,1.9159,1.9159,0.0
384,Európai kötvény eszközalap - D,2025-06-29,1.2303,1.2303,0.0
385,Európai részvény eszközalap,2025-06-29,2.5187,2.5187,0.0
386,Európai vállalati kötvény eszközalap,2025-06-29,1.3133,1.3133,0.0
387,Fejlõdõ piaci részvény ESG eszközalap-D,2025-06-29,1.0265,1.0265,0.0
388,Fejlõdõ ázsiai részvény eszközalap,2025-06-29,2.0197,2.0197,0.0
389,Fenntartható növekedés részvény eszk.,2025-06-29,3.0255,3.0255,0.0
390,Globális egészségügyi részvény eszk.,2025-06-29,3.203,3.203,0.0
391,Globális növekedési részvény eszközalap,2025-06-29,2.2504,2.2504,0.0
392,Kiegyensúlyozott vegyes eszközalap - D,2025-06-29,1.3718,1.3718,0.0
393,Latin-amerikai részvény eszközalap,2025-06-29,1.085,1.085,0.0
394,Magas kötvény arányú vegyes eszk. - D,2025-06-29,1.0916,1.0916,0.0
395,Magas védelmû vegyes eszközalap,2025-06-29,1.0899,1.0899,0.0
396,Nemz. élelmiszeripari cégek rv. ea - D,2025-06-29,3.1611,3.1611,0.0
397,Nyersanyagpiaci részvény eszközalap,2025-06-29,1.2933,1.2933,0.0
398,Presztízs- és luxusmárkák rv. ea.,2025-06-29,3.3415,3.3415,0.0
399,USA részvény eszközalap,2025-06-29,4.1657,4.1657,0.0
400,Ázsia kötvény eszközalap,2025-06-29,2.192,2.192,0.0
401,Aktív hozamfigyelõ vegyes eszközalap - D,2025-07-02,0.9286,0.9283,-0.0002
402,Euró likviditás eszközalap - D,2025-07-02,0.925,0.9247,-0.0003
403,Európai ingatlancégek részv. eszközalap,2025-07-02,1.9225,1.8802,-0.022
404,Európai kötvény eszközalap - D,2025-07-02,1.2332,1.2298,-0.0027
405,Európai részvény eszközalap,2025-07-02,2.4966,2.5049,0.0033
406,Európai vállalati kötvény eszközalap,2025-07-02,1.3169,1.3164,-0.0004
407,Fejlõdõ piaci részvény ESG eszközalap-D,2025-07-02,1.0202,1.021,0.0008
408,Fejlõdõ ázsiai részvény eszközalap,2025-07-02,2.0137,2.0128,-0.0005
409,Fenntartható növekedés részvény eszk.,2025-07-02,3.0074,3.0103,0.001
410,Globális egészségügyi részvény eszk.,2025-07-02,3.2128,3.2305,0.0055
411,Globális növekedési részvény eszközalap,2025-07-02,2.2384,2.2297,-0.0039
412,Kiegyensúlyozott vegyes eszközalap - D,2025-07-02,1.3738,1.3727,-0.0008
413,Latin-amerikai részvény eszközalap,2025-07-02,1.0957,1.0945,-0.001
414,Magas kötvény arányú vegyes eszk. - D,2025-07-02,1.0938,1.0918,-0.0019
415,Magas védelmû vegyes eszközalap,2025-07-02,1.0885,1.0899,0.0013
416,Nemz. élelmiszeripari cégek rv. ea - D,2025-07-02,3.1954,3.1761,-0.006
417,Nyersanyagpiaci részvény eszközalap,2025-07-02,1.3008,1.3173,0.0127
418,Presztízs- és luxusmárkák rv. ea.,2025-07-02,3.3824,3.4428,0.0179
419,USA részvény eszközalap,2025-07-02,4.1594,4.1886,0.007
420,Ázsia kötvény eszközalap,2025-07-02,2.1809,2.1844,0.0016
421,Aktív hozamfigyelõ vegyes eszközalap - D,2025-07-03,0.9283,0.9311,0.003
422,Euró likviditás eszközalap - D,2025-07-03,0.9247,0.9252,0.0005
423,Európai ingatlancégek részv. eszközalap,2025-07-03,1.8802,1.8885,0.0044
424,Európai kötvény eszközalap - D,2025-07-03,1.2298,1.2329,0.0025
425,Európai részvény eszközalap,2025-07-03,2.5049,2.5182,0.0053
426,Európai vállalati kötvény eszközalap,2025-07-03,1.3164,1.3196,0.0024
427,Fejlõdõ piaci részvény ESG eszközalap-D,2025-07-03,1.021,1.0334,0.0122
428,Fejlõdõ ázsiai részvény eszközalap,2025-07-03,2.0128,2.0378,0.0124
429,Fenntartható növekedés részvény eszk.,2025-07-03,3.0103,3.042,0.0105
430,Globális egészségügyi részvény eszk.,2025-07-03,3.2305,3.2174,-0.0041
431,Globális növekedési részvény eszközalap,2025-07-03,2.2297,2.2521,0.0101
432,Kiegyensúlyozott vegyes eszközalap - D,2025-07-03,1.3727,1.3799,0.0053
433,Latin-amerikai részvény eszközalap,2025-07-03,1.0945,1.1109,0.0149
434,Magas kötvény arányú vegyes eszk. - D,2025-07-03,1.0918,1.0961,0.0039
435,Magas védelmû vegyes eszközalap,2025-07-03,1.0899,1.0909,0.0009
436,Nemz. élelmiszeripari cégek rv. ea - D,2025-07-03,3.1761,3.1943,0.0057
437,Nyersanyagpiaci részvény eszközalap,2025-07-03,1.3173,1.3229,0.0043
438,Presztízs- és luxusmárkák rv. ea.,2025-07-03,3.4428,3.4694,0.0077
439,USA részvény eszközalap,2025-07-03,4.1886,4.2284,0.0095
440,Ázsia kötvény eszközalap,2025-07-03,2.1844,2.181,-0.0015
441,Aktív hozamfigyelõ vegyes eszközalap - D,2025-07-04,0.9311,0.9311,0.0
442,Euró likviditás eszközalap - D,2025-07-04,0.9252,0.9256,0.0004
443,Európai ingatlancégek részv. eszközalap,2025-07-04,1.8885,1.8764,-0.0064
444,Európai kötvény eszközalap - D,2025-07-04,1.2329,1.2344,0.0012
445,Európai részvény eszközalap,2025-07-04,2.5182,2.4958,-0.0089
446,Európai vállalati kötvény eszközalap,2025-07-04,1.3196,1.3209,0.001
447,Fejlõdõ piaci részvény ESG eszközalap-D,2025-07-04,1.0334,1.0234,-0.0097
448,Fejlõdõ ázsiai részvény eszközalap,2025-07-04,2.0378,2.0195,-0.009
449,Fenntartható növekedés részvény eszk.,2025-07-04,3.042,3.0419,0.0
450,Globális egészségügyi részvény eszk.,2025-07-04,3.2174,3.2224,0.0016
451,Globális növekedési részvény eszközalap,2025-07-04,2.2521,2.2521,0.0
452,Kiegyensúlyozott vegyes eszközalap - D,2025-07-04,1.3799,1.3809,0.0007
453,Latin-amerikai részvény eszközalap,2025-07-04,1.1109,1.1083,-0.0023
454,Magas kötvény arányú vegyes eszk. - D,2025-07-04,1.0961,1.097,0.0009
455,Magas védelmû vegyes eszközalap,2025-07-04,1.0909,1.0889,-0.0018
456,Nemz. élelmiszeripari cégek rv. ea - D,2025-07-04,3.1943,3.1881,-0.0019
457,Nyersanyagpiaci részvény eszközalap,2025-07-04,1.3229,1.3138,-0.0069
458,Presztízs- és luxusmárkák rv. ea.,2025-07-04,3.4694,3.4326,-0.0106
459,USA részvény eszközalap,2025-07-04,4.2284,4.2283,0.0
460,Ázsia kötvény eszközalap,2025-07-04,2.181,2.1851,0.0019
461,Aktív hozamfigyelõ vegyes eszközalap - D,2025-07-05,0.9311,0.9311,0.0
462,Euró likviditás eszközalap - D,2025-07-05,0.9256,0.9256,0.0
463,Európai ingatlancégek részv. eszközalap,2025-07-05,1.8764,1.8764,0.0
464,Európai kötvény eszközalap - D,2025-07-05,1.2344,1.2344,0.0
465,Európai részvény eszközalap,2025-07-05,2.4958,2.4958,0.0
466,Európai vállalati kötvény eszközalap,2025-07-05,1.3209,1.3209,0.0
467,Fejlõdõ piaci részvény ESG eszközalap-D,2025-07-05,1.0234,1.0234,0.0
468,Fejlõdõ ázsiai részvény eszközalap,2025-07-05,2.0195,2.0195,0.0
469,Fenntartható növekedés részvény eszk.,2025-07-05,3.0419,3.0419,0.0
470,Globális egészségügyi részvény eszk.,2025-07-05,3.2224,3.2224,0.0
471,Globális növekedési részvény eszközalap,2025-07-05,2.2521,2.2521,0.0
472,Kiegyensúlyozott vegyes eszközalap - D,2025-07-05,1.3809,1.3809,0.0
473,Latin-amerikai részvény eszközalap,2025-07-05,1.1083,1.1083,0.0
474,Magas kötvény arányú vegyes eszk. - D,2025-07-05,1.097,1.097,0.0
475,Magas védelmû vegyes eszközalap,2025-07-05,1.0889,1.0889,0.0
476,Nemz. élelmiszeripari cégek rv. ea - D,2025-07-05,3.1881,3.1881,0.0
477,Nyersanyagpiaci részvény eszközalap,2025-07-05,1.3138,1.3138,0.0
478,Presztízs- és luxusmárkák rv. ea.,2025-07-05,3.4326,3.4326,0.0
479,USA részvény eszközalap,2025-07-05,4.2283,4.2283,0.0
480,Ázsia kötvény eszközalap,2025-07-05,2.1851,2.1851,0.0
481,Aktív hozamfigyelõ vegyes eszközalap - D,2025-07-06,0.9311,0.9311,0.0
482,Euró likviditás eszközalap - D,2025-07-06,0.9256,0.9256,0.0
483,Európai ingatlancégek részv. eszközalap,2025-07-06,1.8764,1.8764,0.0
484,Európai kötvény eszközalap - D,2025-07-06,1.2344,1.2344,0.0
485,Európai részvény eszközalap,2025-07-06,2.4958,2.4958,0.0
486,Európai vállalati kötvény eszközalap,2025-07-06,1.3209,1.3209,0.0
487,Fejlõdõ piaci részvény ESG eszközalap-D,2025-07-06,1.0234,1.0234,0.0
488,Fejlõdõ ázsiai részvény eszközalap,2025-07-06,2.0195,2.0195,0.0
489,Fenntartható növekedés részvény eszk.,2025-07-06,3.0419,3.0419,0.0
490,Globális egészségügyi részvény eszk.,2025-07-06,3.2224,3.2224,0.0
491,Globális növekedési részvény eszközalap,2025-07-06,2.2521,2.2521,0.0
492,Kiegyensúlyozott vegyes eszközalap - D,2025-07-06,1.3809,1.3809,0.0
493,Latin-amerikai részvény eszközalap,2025-07-06,1.1083,1.1083,0.0
494,Magas kötvény arányú vegyes eszk. - D,2025-07-06,1.097,1.097,0.0
495,Magas védelmû vegyes eszközalap,2025-07-06,1.0889,1.0889,0.0
496,Nemz. élelmiszeripari cégek rv. ea - D,2025-07-06,3.1881,3.1881,0.0
497,Nyersanyagpiaci részvény eszközalap,2025-07-06,1.3138,1.3138,0.0
498,Presztízs- és luxusmárkák rv. ea.,2025-07-06,3.4326,3.4326,0.0
499,USA részvény eszközalap,2025-07-06,4.2283,4.2283,0.0
500,Ázsia kötvény eszközalap,2025-07-06,2.1851,2.1851,0.0
501,Aktív hozamfigyelõ vegyes eszközalap - D,2025-07-09,0.9274,0.9304,0.0033
502,Euró likviditás eszközalap - D,2025-07-09,0.9248,0.925,0.0002
503,Európai ingatlancégek részv. eszközalap,2025-07-09,1.8516,1.8641,0.0067
504,Európai kötvény eszközalap - D,2025-07-09,1.2286,1.2297,0.0009
505,Európai részvény eszközalap,2025-07-09,2.5236,2.5534,0.0118
506,Európai vállalati kötvény eszközalap,2025-07-09,1.3176,1.3187,0.0008
507,Fejlõdõ piaci részvény ESG eszközalap-D,2025-07-09,1.0243,1.0231,-0.0012
508,Fejlõdõ ázsiai részvény eszközalap,2025-07-09,2.0491,2.0509,0.0009
509,Fenntartható növekedés részvény eszk.,2025-07-09,3.034,3.0479,0.0046
510,Globális egészségügyi részvény eszk.,2025-07-09,3.2015,3.204,0.0008
511,Globális növekedési részvény eszközalap,2025-07-09,2.2472,2.2476,0.0002
512,Kiegyensúlyozott vegyes eszközalap - D,2025-07-09,1.3758,1.3785,0.002
513,Latin-amerikai részvény eszközalap,2025-07-09,1.0886,1.0861,-0.0023
514,Magas kötvény arányú vegyes eszk. - D,2025-07-09,1.0923,1.0939,0.0015
515,Magas védelmû vegyes eszközalap,2025-07-09,1.0921,1.0955,0.003
516,Nemz. élelmiszeripari cégek rv. ea - D,2025-07-09,3.1853,3.1608,-0.0077
517,Nyersanyagpiaci részvény eszközalap,2025-07-09,1.3154,1.3139,-0.0012
518,Presztízs- és luxusmárkák rv. ea.,2025-07-09,3.4811,3.4892,0.0023
519,USA részvény eszközalap,2025-07-09,4.2023,4.2202,0.0042
520,Ázsia kötvény eszközalap,2025-07-09,2.1824,2.1905,0.0037
521,Aktív hozamfigyelõ vegyes eszközalap - D,2025-07-10,0.9304,0.9305,0.0001
522,Euró likviditás eszközalap - D,2025-07-10,0.925,0.9245,-0.0005
523,Európai ingatlancégek részv. eszközalap,2025-07-10,1.8641,1.8576,-0.0035
524,Európai kötvény eszközalap - D,2025-07-10,1.2297,1.2273,-0.002
525,Európai részvény eszközalap,2025-07-10,2.5534,2.5507,-0.0011
526,Európai vállalati kötvény eszközalap,2025-07-10,1.3187,1.3172,-0.0011
527,Fejlõdõ piaci részvény ESG eszközalap-D,2025-07-10,1.0231,1.0273,0.0041
528,Fejlõdõ ázsiai részvény eszközalap,2025-07-10,2.0509,2.0544,0.0017
529,Fenntartható növekedés részvény eszk.,2025-07-10,3.0479,3.0518,0.0013
530,Globális egészségügyi részvény eszk.,2025-07-10,3.204,3.2298,0.008
531,Globális növekedési részvény eszközalap,2025-07-10,2.2476,2.2523,0.0021
532,Kiegyensúlyozott vegyes eszközalap - D,2025-07-10,1.3785,1.38,0.0011
533,Latin-amerikai részvény eszközalap,2025-07-10,1.0861,1.0627,-0.0216
534,Magas kötvény arányú vegyes eszk. - D,2025-07-10,1.0939,1.0935,-0.0003
535,Magas védelmû vegyes eszközalap,2025-07-10,1.0955,1.0953,-0.0001
536,Nemz. élelmiszeripari cégek rv. ea - D,2025-07-10,3.1608,3.184,0.0074
537,Nyersanyagpiaci részvény eszközalap,2025-07-10,1.3139,1.3353,0.0163
538,Presztízs- és luxusmárkák rv. ea.,2025-07-10,3.4892,3.554,0.0186
539,USA részvény eszközalap,2025-07-10,4.2202,4.2421,0.0052
540,Ázsia kötvény eszközalap,2025-07-10,2.1905,2.1917,0.0005
541,Aktív hozamfigyelõ vegyes eszközalap - D,2025-07-11,0.9305,0.9269,-0.0039
542,Euró likviditás eszközalap - D,2025-07-11,0.9245,0.9242,-0.0003
543,Európai ingatlancégek részv. eszközalap,2025-07-11,1.8576,1.8458,-0.0063
544,Európai kötvény eszközalap - D,2025-07-11,1.2273,1.2254,-0.0015
545,Európai részvény eszközalap,2025-07-11,2.5507,2.5312,-0.0076
546,Európai vállalati kötvény eszközalap,2025-07-11,1.3172,1.3157,-0.0011
547,Fejlõdõ piaci részvény ESG eszközalap-D,2025-07-11,1.0273,1.0236,-0.0036
548,Fejlõdõ ázsiai részvény eszközalap,2025-07-11,2.0544,2.0428,-0.0056
549,Fenntartható növekedés részvény eszk.,2025-07-11,3.0518,3.0327,-0.0063
550,Globális egészségügyi részvény eszk.,2025-07-11,3.2298,3.2142,-0.0048
551,Globális növekedési részvény eszközalap,2025-07-11,2.2523,2.2332,-0.0085
552,Kiegyensúlyozott vegyes eszközalap - D,2025-07-11,1.38,1.3765,-0.0025
553,Latin-amerikai részvény eszközalap,2025-07-11,1.0627,1.0455,-0.0161
554,Magas kötvény arányú vegyes eszk. - D,2025-07-11,1.0935,1.0912,-0.0022
555,Magas védelmû vegyes eszközalap,2025-07-11,1.0953,1.0926,-0.0025
556,Nemz. élelmiszeripari cégek rv. ea - D,2025-07-11,3.184,3.1542,-0.0094
557,Nyersanyagpiaci részvény eszközalap,2025-07-11,1.3353,1.3194,-0.0119
558,Presztízs- és luxusmárkák rv. ea.,2025-07-11,3.554,3.5244,-0.0083
559,USA részvény eszközalap,2025-07-11,4.2421,4.2232,-0.0045
560,Ázsia kötvény eszközalap,2025-07-11,2.1917,2.1971,0.0025
561,Aktív hozamfigyelõ vegyes eszközalap - D,2025-07-12,0.9269,0.9269,0.0
562,Euró likviditás eszközalap - D,2025-07-12,0.9242,0.9242,0.0
563,Európai ingatlancégek részv. eszközalap,2025-07-12,1.8458,1.8458,0.0
564,Európai kötvény eszközalap - D,2025-07-12,1.2254,1.2254,0.0
565,Európai részvény eszközalap,2025-07-12,2.5312,2.5312,0.0
566,Európai vállalati kötvény eszközalap,2025-07-12,1.3157,1.3157,0.0
567,Fejlõdõ piaci részvény ESG eszközalap-D,2025-07-12,1.0236,1.0236,0.0
568,Fejlõdõ ázsiai részvény eszközalap,2025-07-12,2.0428,2.0428,0.0
569,Fenntartható növekedés részvény eszk.,2025-07-12,3.0327,3.0327,0.0
570,Globális egészségügyi részvény eszk.,2025-07-12,3.2142,3.2142,0.0
571,Globális növekedési részvény eszközalap,2025-07-12,2.2332,2.2332,0.0
572,Kiegyensúlyozott vegyes eszközalap - D,2025-07-12,1.3765,1.3765,0.0
573,Latin-amerikai részvény eszközalap,2025-07-12,1.0455,1.0455,0.0
574,Magas kötvény arányú vegyes eszk. - D,2025-07-12,1.0912,1.0912,0.0
575,Magas védelmû vegyes eszközalap,2025-07-12,1.0926,1.0926,0.0
576,Nemz. élelmiszeripari cégek rv. ea - D,2025-07-12,3.1542,3.1542,0.0
577,Nyersanyagpiaci részvény eszközalap,2025-07-12,1.3194,1.3194,0.0
578,Presztízs- és luxusmárkák rv. ea.,2025-07-12,3.5244,3.5244,0.0
579,USA részvény eszközalap,2025-07-12,4.2232,4.2232,0.0
580,Ázsia kötvény eszközalap,2025-07-12,2.1971,2.1971,0.0
581,Aktív hozamfigyelõ vegyes eszközalap - D,2025-07-13,0.9269,0.9269,0.0
582,Euró likviditás eszközalap - D,2025-07-13,0.9242,0.9242,0.0
583,Európai ingatlancégek részv. eszközalap,2025-07-13,1.8458,1.8458,0.0
584,Európai kötvény eszközalap - D,2025-07-13,1.2254,1.2254,0.0
585,Európai részvény eszközalap,2025-07-13,2.5312,2.5312,0.0
586,Európai vállalati kötvény eszközalap,2025-07-13,1.3157,1.3157,0.0
587,Fejlõdõ piaci részvény ESG eszközalap-D,2025-07-13,1.0236,1.0236,0.0
588,Fejlõdõ ázsiai részvény eszközalap,2025-07-13,2.0428,2.0428,0.0
589,Fenntartható növekedés részvény eszk.,2025-07-13,3.0327,3.0327,0.0
590,Globális egészségügyi részvény eszk.,2025-07-13,3.2142,3.2142,0.0
591,Globális növekedési részvény eszközalap,2025-07-13,2.2332,2.2332,0.0
592,Kiegyensúlyozott vegyes eszközalap - D,2025-07-13,1.3765,1.3765,0.0
593,Latin-amerikai részvény eszközalap,2025-07-13,1.0455,1.0455,0.0
594,Magas kötvény arányú vegyes eszk. - D,2025-07-13,1.0912,1.0912,0.0
595,Magas védelmû vegyes eszközalap,2025-07-13,1.0926,1.0926,0.0
596,Nemz. élelmiszeripari cégek rv. ea - D,2025-07-13,3.1542,3.1542,0.0
597,Nyersanyagpiaci részvény eszközalap,2025-07-13,1.3194,1.3194,0.0
598,Presztízs- és luxusmárkák rv. ea.,2025-07-13,3.5244,3.5244,0.0
599,USA részvény eszközalap,2025-07-13,4.2232,4.2232,0.0
600,Ázsia kötvény eszközalap,2025-07-13,2.1971,2.1971,0.0
601,Aktív hozamfigyelõ vegyes eszközalap - D,2025-07-16,0.9263,0.9267,0.0005
602,Euró likviditás eszközalap - D,2025-07-16,0.925,0.9253,0.0003
603,Európai ingatlancégek részv. eszközalap,2025-07-16,1.8464,1.8297,-0.009
604,Európai kötvény eszközalap - D,2025-07-16,1.2279,1.2293,0.0011
605,Európai részvény eszközalap,2025-07-16,2.516,2.4923,-0.0094
606,Európai vállalati kötvény eszközalap,2025-07-16,1.3179,1.3184,0.0004
607,Fejlõdõ piaci részvény ESG eszközalap-D,2025-07-16,1.0348,1.0323,-0.0024
608,Fejlõdõ ázsiai részvény eszközalap,2025-07-16,2.0853,2.0858,0.0002
609,Fenntartható növekedés részvény eszk.,2025-07-16,3.0371,3.0344,-0.0009
610,Globális egészségügyi részvény eszk.,2025-07-16,3.1958,3.175,-0.0065
611,Globális növekedési részvény eszközalap,2025-07-16,2.2349,2.2377,0.0013
612,Kiegyensúlyozott vegyes eszközalap - D,2025-07-16,1.3791,1.3813,0.0015
613,Latin-amerikai részvény eszközalap,2025-07-16,1.0494,1.0429,-0.0062
614,Magas kötvény arányú vegyes eszk. - D,2025-07-16,1.093,1.0944,0.0013
615,Magas védelmû vegyes eszközalap,2025-07-16,1.0915,1.0897,-0.0017
616,Nemz. élelmiszeripari cégek rv. ea - D,2025-07-16,3.1553,3.1333,-0.007
617,Nyersanyagpiaci részvény eszközalap,2025-07-16,1.3099,1.2943,-0.0119
618,Presztízs- és luxusmárkák rv. ea.,2025-07-16,3.5166,3.4949,-0.0062
619,USA részvény eszközalap,2025-07-16,4.237,4.2548,0.0042
620,Ázsia kötvény eszközalap,2025-07-16,2.1949,2.2048,0.0045
621,Aktív hozamfigyelõ vegyes eszközalap - D,2025-07-17,0.9267,0.9297,0.0032
622,Euró likviditás eszközalap - D,2025-07-17,0.9253,0.9253,0.0
623,Európai ingatlancégek részv. eszközalap,2025-07-17,1.8297,1.8365,0.0037
624,Európai kötvény eszközalap - D,2025-07-17,1.2293,1.2302,0.0008
625,Európai részvény eszközalap,2025-07-17,2.4923,2.5292,0.0148
626,Európai vállalati kötvény eszközalap,2025-07-17,1.3184,1.3192,0.0006
627,Fejlõdõ piaci részvény ESG eszközalap-D,2025-07-17,1.0323,1.0394,0.0069
628,Fejlõdõ ázsiai részvény eszközalap,2025-07-17,2.0858,2.097,0.0054
629,Fenntartható növekedés részvény eszk.,2025-07-17,3.0344,3.0637,0.0097
630,Globális egészségügyi részvény eszk.,2025-07-17,3.175,3.1464,-0.009
631,Globális növekedési részvény eszközalap,2025-07-17,2.2377,2.2692,0.014
632,Kiegyensúlyozott vegyes eszközalap - D,2025-07-17,1.3813,1.3872,0.0043
633,Latin-amerikai részvény eszközalap,2025-07-17,1.0429,1.0601,0.0165
634,Magas kötvény arányú vegyes eszk. - D,2025-07-17,1.0944,1.0973,0.0027
635,Magas védelmû vegyes eszközalap,2025-07-17,1.0897,1.0925,0.0027
636,Nemz. élelmiszeripari cégek rv. ea - D,2025-07-17,3.1333,3.1767,0.0139
637,Nyersanyagpiaci részvény eszközalap,2025-07-17,1.2943,1.3079,0.0105
638,Presztízs- és luxusmárkák rv. ea.,2025-07-17,3.4949,3.5139,0.0054
639,USA részvény eszközalap,2025-07-17,4.2548,4.2794,0.0058
640,Ázsia kötvény eszközalap,2025-07-17,2.2048,2.2106,0.0027
641,Aktív hozamfigyelõ vegyes eszközalap - D,2025-07-18,0.9297,0.9295,-0.0002
642,Euró likviditás eszközalap - D,2025-07-18,0.9253,0.9251,-0.0002
643,Európai ingatlancégek részv. eszközalap,2025-07-18,1.8365,1.8467,0.0056
644,Európai kötvény eszközalap - D,2025-07-18,1.2302,1.2285,-0.0014
645,Európai részvény eszközalap,2025-07-18,2.5292,2.5198,-0.0037
646,Európai vállalati kötvény eszközalap,2025-07-18,1.3192,1.3184,-0.0006
647,Fejlõdõ piaci részvény ESG eszközalap-D,2025-07-18,1.0394,1.0393,-0.0001
648,Fejlõdõ ázsiai részvény eszközalap,2025-07-18,2.097,2.0988,0.0008
649,Fenntartható növekedés részvény eszk.,2025-07-18,3.0637,3.0433,-0.0067
650,Globális egészségügyi részvény eszk.,2025-07-18,3.1464,3.1593,0.0041
651,Globális növekedési részvény eszközalap,2025-07-18,2.2692,2.2603,-0.0039
652,Kiegyensúlyozott vegyes eszközalap - D,2025-07-18,1.3872,1.385,-0.0015
653,Latin-amerikai részvény eszközalap,2025-07-18,1.0601,1.0479,-0.0115
654,Magas kötvény arányú vegyes eszk. - D,2025-07-18,1.0973,1.0955,-0.0017
655,Magas védelmû vegyes eszközalap,2025-07-18,1.0925,1.0917,-0.0008
656,Nemz. élelmiszeripari cégek rv. ea - D,2025-07-18,3.1767,3.1777,0.0003
657,Nyersanyagpiaci részvény eszközalap,2025-07-18,1.3079,1.3074,-0.0004
658,Presztízs- és luxusmárkák rv. ea.,2025-07-18,3.5139,3.5171,0.0009
659,USA részvény eszközalap,2025-07-18,4.2794,4.2601,-0.0045
660,Ázsia kötvény eszközalap,2025-07-18,2.2106,2.2058,-0.0022
661,Aktív hozamfigyelõ vegyes eszközalap - D,2025-07-19,0.9295,0.9295,0.0
662,Euró likviditás eszközalap - D,2025-07-19,0.9251,0.9251,0.0
663,Európai ingatlancégek részv. eszközalap,2025-07-19,1.8467,1.8467,0.0
664,Európai kötvény eszközalap - D,2025-07-19,1.2285,1.2285,0.0
665,Európai részvény eszközalap,2025-07-19,2.5198,2.5198,0.0
666,Európai vállalati kötvény eszközalap,2025-07-19,1.3184,1.3184,0.0
667,Fejlõdõ piaci részvény ESG eszközalap-D,2025-07-19,1.0393,1.0393,0.0
668,Fejlõdõ ázsiai részvény eszközalap,2025-07-19,2.0988,2.0988,0.0
669,Fenntartható növekedés részvény eszk.,2025-07-19,3.0433,3.0433,0.0
670,Globális egészségügyi részvény eszk.,2025-07-19,3.1593,3.1593,0.0
671,Globális növekedési részvény eszközalap,2025-07-19,2.2603,2.2603,0.0
672,Kiegyensúlyozott vegyes eszközalap - D,2025-07-19,1.385,1.385,0.0
673,Latin-amerikai részvény eszközalap,2025-07-19,1.0479,1.0479,0.0
674,Magas kötvény arányú vegyes eszk. - D,2025-07-19,1.0955,1.0955,0.0
675,Magas védelmû vegyes eszközalap,2025-07-19,1.0917,1.0917,0.0
676,Nemz. élelmiszeripari cégek rv. ea - D,2025-07-19,3.1777,3.1777,0.0
677,Nyersanyagpiaci részvény eszközalap,2025-07-19,1.3074,1.3074,0.0
678,Presztízs- és luxusmárkák rv. ea.,2025-07-19,3.5171,3.5171,0.0
679,USA részvény eszközalap,2025-07-19,4.2601,4.2601,0.0
680,Ázsia kötvény eszközalap,2025-07-19,2.2058,2.2058,0.0
681,Aktív hozamfigyelõ vegyes eszközalap - D,2025-07-20,0.9295,0.9295,0.0
682,Euró likviditás eszközalap - D,2025-07-20,0.9251,0.9251,0.0
683,Európai ingatlancégek részv. eszközalap,2025-07-20,1.8467,1.8467,0.0
684,Európai kötvény eszközalap - D,2025-07-20,1.2285,1.2285,0.0
685,Európai részvény eszközalap,2025-07-20,2.5198,2.5198,0.0
686,Európai vállalati kötvény eszközalap,2025-07-20,1.3184,1.3184,0.0
687,Fejlõdõ piaci részvény ESG eszközalap-D,2025-07-20,1.0393,1.0393,0.0
688,Fejlõdõ ázsiai részvény eszközalap,2025-07-20,2.0988,2.0988,0.0
689,Fenntartható növekedés részvény eszk.,2025-07-20,3.0433,3.0433,0.0
690,Globális egészségügyi részvény eszk.,2025-07-20,3.1593,3.1593,0.0
691,Globális növekedési részvény eszközalap,2025-07-20,2.2603,2.2603,0.0
692,Kiegyensúlyozott vegyes eszközalap - D,2025-07-20,1.385,1.385,0.0
693,Latin-amerikai részvény eszközalap,2025-07-20,1.0479,1.0479,0.0
694,Magas kötvény arányú vegyes eszk. - D,2025-07-20,1.0955,1.0955,0.0
695,Magas védelmû vegyes eszközalap,2025-07-20,1.0917,1.0917,0.0
696,Nemz. élelmiszeripari cégek rv. ea - D,2025-07-20,3.1777,3.1777,0.0
697,Nyersanyagpiaci részvény eszközalap,2025-07-20,1.3074,1.3074,0.0
698,Presztízs- és luxusmárkák rv. ea.,2025-07-20,3.5171,3.5171,0.0
699,USA részvény eszközalap,2025-07-20,4.2601,4.2601,0.0
700,Ázsia kötvény eszközalap,2025-07-20,2.2058,2.2058,0.0
701,Aktív hozamfigyelõ vegyes eszközalap - D,2025-07-23,0.9307,0.9337,0.0032
702,Euró likviditás eszközalap - D,2025-07-23,0.9262,0.9263,0.0001
703,Európai ingatlancégek részv. eszközalap,2025-07-23,1.878,1.8617,-0.0087
704,Európai kötvény eszközalap - D,2025-07-23,1.237,1.2366,-0.0004
705,Európai részvény eszközalap,2025-07-23,2.4934,2.5117,0.0073
706,Európai vállalati kötvény eszközalap,2025-07-23,1.324,1.3242,0.0002
707,Fejlõdõ piaci részvény ESG eszközalap-D,2025-07-23,1.0348,1.0486,0.0133
708,Fejlõdõ ázsiai részvény eszközalap,2025-07-23,2.0739,2.0866,0.0061
709,Fenntartható növekedés részvény eszk.,2025-07-23,3.027,3.0596,0.0108
710,Globális egészségügyi részvény eszk.,2025-07-23,3.1721,3.211,0.0123
711,Globális növekedési részvény eszközalap,2025-07-23,2.2401,2.2574,0.0077
712,Kiegyensúlyozott vegyes eszközalap - D,2025-07-23,1.3854,1.389,0.0026
713,Latin-amerikai részvény eszközalap,2025-07-23,1.0333,1.0434,0.0098
714,Magas kötvény arányú vegyes eszk. - D,2025-07-23,1.0995,1.1005,0.0009
715,Magas védelmû vegyes eszközalap,2025-07-23,1.0888,1.0917,0.0026
716,Nemz. élelmiszeripari cégek rv. ea - D,2025-07-23,3.1587,3.1698,0.0035
717,Nyersanyagpiaci részvény eszközalap,2025-07-23,1.3265,1.3458,0.0146
718,Presztízs- és luxusmárkák rv. ea.,2025-07-23,3.4843,3.5385,0.0156
719,USA részvény eszközalap,2025-07-23,4.2446,4.2597,0.0036
720,Ázsia kötvény eszközalap,2025-07-23,2.2002,2.1944,-0.0026
721,Aktív hozamfigyelõ vegyes eszközalap - D,2025-07-24,0.9337,0.9325,-0.0013
722,Euró likviditás eszközalap - D,2025-07-24,0.9263,0.9247,-0.0017
723,Európai ingatlancégek részv. eszközalap,2025-07-24,1.8617,1.8582,-0.0019
724,Európai kötvény eszközalap - D,2025-07-24,1.2366,1.2283,-0.0067
725,Európai részvény eszközalap,2025-07-24,2.5117,2.52,0.0033
726,Európai vállalati kötvény eszközalap,2025-07-24,1.3242,1.3197,-0.0034
727,Fejlõdõ piaci részvény ESG eszközalap-D,2025-07-24,1.0486,1.0463,-0.0022
728,Fejlõdõ ázsiai részvény eszközalap,2025-07-24,2.0866,2.0842,-0.0012
729,Fenntartható növekedés részvény eszk.,2025-07-24,3.0596,3.071,0.0037
730,Globális egészségügyi részvény eszk.,2025-07-24,3.211,3.2502,0.0122
731,Globális növekedési részvény eszközalap,2025-07-24,2.2574,2.2651,0.0034
732,Kiegyensúlyozott vegyes eszközalap - D,2025-07-24,1.389,1.3866,-0.0017
733,Latin-amerikai részvény eszközalap,2025-07-24,1.0434,1.045,0.0015
734,Magas kötvény arányú vegyes eszk. - D,2025-07-24,1.1005,1.0966,-0.0035
735,Magas védelmû vegyes eszközalap,2025-07-24,1.0917,1.0923,0.0005
736,Nemz. élelmiszeripari cégek rv. ea - D,2025-07-24,3.1698,3.1594,-0.0033
737,Nyersanyagpiaci részvény eszközalap,2025-07-24,1.3458,1.3282,-0.0131
738,Presztízs- és luxusmárkák rv. ea.,2025-07-24,3.5385,3.5156,-0.0065
739,USA részvény eszközalap,2025-07-24,4.2597,4.2485,-0.0026
740,Ázsia kötvény eszközalap,2025-07-24,2.1944,2.1903,-0.0019
741,Aktív hozamfigyelõ vegyes eszközalap - D,2025-07-25,0.9325,0.9334,0.001
742,Euró likviditás eszközalap - D,2025-07-25,0.9247,0.9243,-0.0005
743,Európai ingatlancégek részv. eszközalap,2025-07-25,1.8582,1.8441,-0.0076
744,Európai kötvény eszközalap - D,2025-07-25,1.2283,1.2263,-0.0016
745,Európai részvény eszközalap,2025-07-25,2.52,2.51,-0.004
746,Európai vállalati kötvény eszközalap,2025-07-25,1.3197,1.3187,-0.0008
747,Fejlõdõ piaci részvény ESG eszközalap-D,2025-07-25,1.0463,1.0394,-0.0066
748,Fejlõdõ ázsiai részvény eszközalap,2025-07-25,2.0842,2.0884,0.002
749,Fenntartható növekedés részvény eszk.,2025-07-25,3.071,3.08,0.0029
750,Globális egészségügyi részvény eszk.,2025-07-25,3.2502,3.232,-0.0056
751,Globális növekedési részvény eszközalap,2025-07-25,2.2651,2.2705,0.0024
752,Kiegyensúlyozott vegyes eszközalap - D,2025-07-25,1.3866,1.3869,0.0003
753,Latin-amerikai részvény eszközalap,2025-07-25,1.045,1.0471,0.002
754,Magas kötvény arányú vegyes eszk. - D,2025-07-25,1.0966,1.0961,-0.0004
755,Magas védelmû vegyes eszközalap,2025-07-25,1.0923,1.0922,-0.0001
756,Nemz. élelmiszeripari cégek rv. ea - D,2025-07-25,3.1594,3.1516,-0.0025
757,Nyersanyagpiaci részvény eszközalap,2025-07-25,1.3282,1.323,-0.0039
758,Presztízs- és luxusmárkák rv. ea.,2025-07-25,3.5156,3.5518,0.0103
759,USA részvény eszközalap,2025-07-25,4.2485,4.2798,0.0073
760,Ázsia kötvény eszközalap,2025-07-25,2.1903,2.1931,0.0013
761,Aktív hozamfigyelõ vegyes eszközalap - D,2025-07-26,0.9334,0.9334,0.0
762,Euró likviditás eszközalap - D,2025-07-26,0.9243,0.9243,0.0
763,Európai ingatlancégek részv. eszközalap,2025-07-26,1.8441,1.8441,0.0
764,Európai kötvény eszközalap - D,2025-07-26,1.2263,1.2263,0.0
765,Európai részvény eszközalap,2025-07-26,2.51,2.51,0.0
766,Európai vállalati kötvény eszközalap,2025-07-26,1.3187,1.3187,0.0
767,Fejlõdõ piaci részvény ESG eszközalap-D,2025-07-26,1.0394,1.0394,0.0
768,Fejlõdõ ázsiai részvény eszközalap,2025-07-26,2.0884,2.0884,0.0
769,Fenntartható növekedés részvény eszk.,2025-07-26,3.08,3.08,0.0
770,Globális egészségügyi részvény eszk.,2025-07-26,3.232,3.232,0.0
771,Globális növekedési részvény eszközalap,2025-07-26,2.2705,2.2705,0.0
772,Kiegyensúlyozott vegyes eszközalap - D,2025-07-26,1.3869,1.3869,0.0
773,Latin-amerikai részvény eszközalap,2025-07-26,1.0471,1.0471,0.0
774,Magas kötvény arányú vegyes eszk. - D,2025-07-26,1.0961,1.0961,0.0
775,Magas védelmû vegyes eszközalap,2025-07-26,1.0922,1.0922,0.0
776,Nemz. élelmiszeripari cégek rv. ea - D,2025-07-26,3.1516,3.1516,0.0
777,Nyersanyagpiaci részvény eszközalap,2025-07-26,1.323,1.323,0.0
778,Presztízs- és luxusmárkák rv. ea.,2025-07-26,3.5518,3.5518,0.0
779,USA részvény eszközalap,2025-07-26,4.2798,4.2798,0.0
780,Ázsia kötvény eszközalap,2025-07-26,2.1931,2.1931,0.0
781,Aktív hozamfigyelõ vegyes eszközalap - D,2025-07-27,0.9334,0.9334,0.0
782,Euró likviditás eszközalap - D,2025-07-27,0.9243,0.9243,0.0
783,Európai ingatlancégek részv. eszközalap,2025-07-27,1.8441,1.8441,0.0
784,Európai kötvény eszközalap - D,2025-07-27,1.2263,1.2263,0.0
785,Európai részvény eszközalap,2025-07-27,2.51,2.51,0.0
786,Európai vállalati kötvény eszközalap,2025-07-27,1.3187,1.3187,0.0
787,Fejlõdõ piaci részvény ESG eszközalap-D,2025-07-27,1.0394,1.0394,0.0
788,Fejlõdõ ázsiai részvény eszközalap,2025-07-27,2.0884,2.0884,0.0
789,Fenntartható növekedés részvény eszk.,2025-07-27,3.08,3.08,0.0
790,Globális egészségügyi részvény eszk.,2025-07-27,3.232,3.232,0.0
791,Globális növekedési részvény eszközalap,2025-07-27,2.2705,2.2705,0.0
792,Kiegyensúlyozott vegyes eszközalap - D,2025-07-27,1.3869,1.3869,0.0
793,Latin-amerikai részvény eszközalap,2025-07-27,1.0471,1.0471,0.0
794,Magas kötvény arányú vegyes eszk. - D,2025-07-27,1.0961,1.0961,0.0
795,Magas védelmû vegyes eszközalap,2025-07-27,1.0922,1.0922,0.0
796,Nemz. élelmiszeripari cégek rv. ea - D,2025-07-27,3.1516,3.1516,0.0
797,Nyersanyagpiaci részvény eszközalap,2025-07-27,1.323,1.323,0.0
798,Presztízs- és luxusmárkák rv. ea.,2025-07-27,3.5518,3.5518,0.0
799,USA részvény eszközalap,2025-07-27,4.2798,4.2798,0.0
800,Ázsia kötvény eszközalap,2025-07-27,2.1931,2.1931,0.0
801,Aktív hozamfigyelõ vegyes eszközalap - D,2025-07-30,0.9376,0.9362,-0.0015
802,Euró likviditás eszközalap - D,2025-07-30,0.9248,0.9245,-0.0003
803,Európai ingatlancégek részv. eszközalap,2025-07-30,1.8496,1.8439,-0.0031
804,Európai kötvény eszközalap - D,2025-07-30,1.2302,1.2282,-0.0016
805,Európai részvény eszközalap,2025-07-30,2.5306,2.5376,0.0028
806,Európai vállalati kötvény eszközalap,2025-07-30,1.3217,1.321,-0.0005
807,Fejlõdõ piaci részvény ESG eszközalap-D,2025-07-30,1.0532,1.0527,-0.0005
808,Fejlõdõ ázsiai részvény eszközalap,2025-07-30,2.1198,2.1202,0.0002
809,Fenntartható növekedés részvény eszk.,2025-07-30,3.114,3.1152,0.0004
810,Globális egészségügyi részvény eszk.,2025-07-30,3.1902,3.198,0.0024
811,Globális növekedési részvény eszközalap,2025-07-30,2.288,2.2761,-0.0052
812,Kiegyensúlyozott vegyes eszközalap - D,2025-07-30,1.3966,1.3979,0.0009
813,Latin-amerikai részvény eszközalap,2025-07-30,1.0427,1.0496,0.0066
814,Magas kötvény arányú vegyes eszk. - D,2025-07-30,1.1014,1.1012,-0.0001
815,Magas védelmû vegyes eszközalap,2025-07-30,1.0929,1.0939,0.0009
816,Nemz. élelmiszeripari cégek rv. ea - D,2025-07-30,3.1822,3.189,0.0021
817,Nyersanyagpiaci részvény eszközalap,2025-07-30,1.3256,1.327,0.0011
818,Presztízs- és luxusmárkák rv. ea.,2025-07-30,3.5423,3.5348,-0.0021
819,USA részvény eszközalap,2025-07-30,4.3354,4.352,0.0038
820,Ázsia kötvény eszközalap,2025-07-30,2.2295,2.2349,0.0024
821,Aktív hozamfigyelõ vegyes eszközalap - D,2025-07-31,0.9362,0.9345,-0.0018
822,Euró likviditás eszközalap - D,2025-07-31,0.9245,0.9244,-0.0001
823,Európai ingatlancégek részv. eszközalap,2025-07-31,1.8439,1.8423,-0.0008
824,Európai kötvény eszközalap - D,2025-07-31,1.2282,1.2292,0.0008
825,Európai részvény eszközalap,2025-07-31,2.5376,2.521,-0.0066
826,Európai vállalati kötvény eszközalap,2025-07-31,1.321,1.3216,0.0004
827,Fejlõdõ piaci részvény ESG eszközalap-D,2025-07-31,1.0527,1.0461,-0.0062
828,Fejlõdõ ázsiai részvény eszközalap,2025-07-31,2.1202,2.111,-0.0043
829,Fenntartható növekedés részvény eszk.,2025-07-31,3.1152,3.1007,-0.0047
830,Globális egészségügyi részvény eszk.,2025-07-31,3.198,3.177,-0.0066
831,Globális növekedési részvény eszközalap,2025-07-31,2.2761,2.2669,-0.0041
832,Kiegyensúlyozott vegyes eszközalap - D,2025-07-31,1.3979,1.3964,-0.0011
833,Latin-amerikai részvény eszközalap,2025-07-31,1.0496,1.0577,0.0077
834,Magas kötvény arányú vegyes eszk. - D,2025-07-31,1.1012,1.1012,0.0
835,Magas védelmû vegyes eszközalap,2025-07-31,1.0939,1.0907,-0.0029
836,Nemz. élelmiszeripari cégek rv. ea - D,2025-07-31,3.189,3.1699,-0.006
837,Nyersanyagpiaci részvény eszközalap,2025-07-31,1.327,1.3088,-0.0137
838,Presztízs- és luxusmárkák rv. ea.,2025-07-31,3.5348,3.4486,-0.0244
839,USA részvény eszközalap,2025-07-31,4.352,4.3338,-0.0042
840,Ázsia kötvény eszközalap,2025-07-31,2.2349,2.2544,0.0087
841,Aktív hozamfigyelõ vegyes eszközalap - D,2025-08-01,0.9345,0.9293,-0.0056
842,Euró likviditás eszközalap - D,2025-08-01,0.9244,0.9248,0.0005
843,Európai ingatlancégek részv. eszközalap,2025-08-01,1.8423,1.8199,-0.0122
844,Európai kötvény eszközalap - D,2025-08-01,1.2292,1.2298,0.0005
845,Európai részvény eszközalap,2025-08-01,2.521,2.4527,-0.0271
846,Európai vállalati kötvény eszközalap,2025-08-01,1.3216,1.3206,-0.0007
847,Fejlõdõ piaci részvény ESG eszközalap-D,2025-08-01,1.0461,1.021,-0.024
848,Fejlõdõ ázsiai részvény eszközalap,2025-08-01,2.111,2.0561,-0.026
849,Fenntartható növekedés részvény eszk.,2025-08-01,3.1007,3.0241,-0.0247
850,Globális egészségügyi részvény eszk.,2025-08-01,3.177,3.1255,-0.0162
851,Globális növekedési részvény eszközalap,2025-08-01,2.2669,2.2239,-0.019
852,Kiegyensúlyozott vegyes eszközalap - D,2025-08-01,1.3964,1.383,-0.0096
853,Latin-amerikai részvény eszközalap,2025-08-01,1.0577,1.0454,-0.0116
854,Magas kötvény arányú vegyes eszk. - D,2025-08-01,1.1012,1.0956,-0.0051
855,Magas védelmû vegyes eszközalap,2025-08-01,1.0907,1.0839,-0.0062
856,Nemz. élelmiszeripari cégek rv. ea - D,2025-08-01,3.1699,3.1544,-0.0049
857,Nyersanyagpiaci részvény eszközalap,2025-08-01,1.3088,1.284,-0.019
858,Presztízs- és luxusmárkák rv. ea.,2025-08-01,3.4486,3.3473,-0.0294
859,USA részvény eszközalap,2025-08-01,4.3338,4.224,-0.0254
860,Ázsia kötvény eszközalap,2025-08-01,2.2544,2.2614,0.0031
861,Aktív hozamfigyelõ vegyes eszközalap - D,2025-08-02,0.9293,0.9293,0.0
862,Euró likviditás eszközalap - D,2025-08-02,0.9248,0.9248,0.0
863,Európai ingatlancégek részv. eszközalap,2025-08-02,1.8199,1.8199,0.0
864,Európai kötvény eszközalap - D,2025-08-02,1.2298,1.2298,0.0
865,Európai részvény eszközalap,2025-08-02,2.4527,2.4527,0.0
866,Európai vállalati kötvény eszközalap,2025-08-02,1.3206,1.3206,0.0
867,Fejlõdõ piaci részvény ESG eszközalap-D,2025-08-02,1.021,1.021,0.0
868,Fejlõdõ ázsiai részvény eszközalap,2025-08-02,2.0561,2.0561,0.0
869,Fenntartható növekedés részvény eszk.,2025-08-02,3.0241,3.0241,0.0
870,Globális egészségügyi részvény eszk.,2025-08-02,3.1255,3.1255,0.0
871,Globális növekedési részvény eszközalap,2025-08-02,2.2239,2.2239,0.0
872,Kiegyensúlyozott vegyes eszközalap - D,2025-08-02,1.383,1.383,0.0
873,Latin-amerikai részvény eszközalap,2025-08-02,1.0454,1.0454,0.0
874,Magas kötvény arányú vegyes eszk. - D,2025-08-02,1.0956,1.0956,0.0
875,Magas védelmû vegyes eszközalap,2025-08-02,1.0839,1.0839,0.0
876,Nemz. élelmiszeripari cégek rv. ea - D,2025-08-02,3.1544,3.1544,0.0
877,Nyersanyagpiaci részvény eszközalap,2025-08-02,1.284,1.284,0.0
878,Presztízs- és luxusmárkák rv. ea.,2025-08-02,3.3473,3.3473,0.0
879,USA részvény eszközalap,2025-08-02,4.224,4.224,0.0
880,Ázsia kötvény eszközalap,2025-08-02,2.2614,2.2614,0.0
881,Aktív hozamfigyelõ vegyes eszközalap - D,2025-08-03,0.9293,0.9293,0.0
882,Euró likviditás eszközalap - D,2025-08-03,0.9248,0.9248,0.0
883,Európai ingatlancégek részv. eszközalap,2025-08-03,1.8199,1.8199,0.0
884,Európai kötvény eszközalap - D,2025-08-03,1.2298,1.2298,0.0
885,Európai részvény eszközalap,2025-08-03,2.4527,2.4527,0.0
886,Európai vállalati kötvény eszközalap,2025-08-03,1.3206,1.3206,0.0
887,Fejlõdõ piaci részvény ESG eszközalap-D,2025-08-03,1.021,1.021,0.0
888,Fejlõdõ ázsiai részvény eszközalap,2025-08-03,2.0561,2.0561,0.0
889,Fenntartható növekedés részvény eszk.,2025-08-03,3.0241,3.0241,0.0
890,Globális egészségügyi részvény eszk.,2025-08-03,3.1255,3.1255,0.0
891,Globális növekedési részvény eszközalap,2025-08-03,2.2239,2.2239,0.0
892,Kiegyensúlyozott vegyes eszközalap - D,2025-08-03,1.383,1.383,0.0
893,Latin-amerikai részvény eszközalap,2025-08-03,1.0454,1.0454,0.0
894,Magas kötvény arányú vegyes eszk. - D,2025-08-03,1.0956,1.0956,0.0
895,Magas védelmû vegyes eszközalap,2025-08-03,1.0839,1.0839,0.0
896,Nemz. élelmiszeripari cégek rv. ea - D,2025-08-03,3.1544,3.1544,0.0
897,Nyersanyagpiaci részvény eszközalap,2025-08-03,1.284,1.284,0.0
898,Presztízs- és luxusmárkák rv. ea.,2025-08-03,3.3473,3.3473,0.0
899,USA részvény eszközalap,2025-08-03,4.224,4.224,0.0
900,Ázsia kötvény eszközalap,2025-08-03,2.2614,2.2614,0.0
901,Aktív hozamfigyelõ vegyes eszközalap - D,2025-08-06,0.933,0.9325,-0.0006
902,Euró likviditás eszközalap - D,2025-08-06,0.9253,0.9253,0.0
903,Európai ingatlancégek részv. eszközalap,2025-08-06,1.8493,1.8701,0.0113
904,Európai kötvény eszközalap - D,2025-08-06,1.2339,1.233,-0.0008
905,Európai részvény eszközalap,2025-08-06,2.493,2.5032,0.0041
906,Európai vállalati kötvény eszközalap,2025-08-06,1.3236,1.3232,-0.0003
907,Fejlõdõ piaci részvény ESG eszközalap-D,2025-08-06,1.0368,1.0302,-0.0064
908,Fejlõdõ ázsiai részvény eszközalap,2025-08-06,2.0987,2.089,-0.0046
909,Fenntartható növekedés részvény eszk.,2025-08-06,3.04,3.0415,0.0005
910,Globális egészségügyi részvény eszk.,2025-08-06,3.1535,3.1174,-0.0115
911,Globális növekedési részvény eszközalap,2025-08-06,2.2327,2.2124,-0.0091
912,Kiegyensúlyozott vegyes eszközalap - D,2025-08-06,1.3872,1.3885,0.0009
913,Latin-amerikai részvény eszközalap,2025-08-06,1.0559,1.0648,0.0085
914,Magas kötvény arányú vegyes eszk. - D,2025-08-06,1.0993,1.0993,0.0001
915,Magas védelmû vegyes eszközalap,2025-08-06,1.0869,1.0873,0.0004
916,Nemz. élelmiszeripari cégek rv. ea - D,2025-08-06,3.1652,3.1795,0.0045
917,Nyersanyagpiaci részvény eszközalap,2025-08-06,1.3096,1.3111,0.0011
918,Presztízs- és luxusmárkák rv. ea.,2025-08-06,3.3755,3.3773,0.0005
919,USA részvény eszközalap,2025-08-06,4.2689,4.2876,0.0044
920,Ázsia kötvény eszközalap,2025-08-06,2.246,2.2363,-0.0043
921,Aktív hozamfigyelõ vegyes eszközalap - D,2025-08-07,0.9325,0.9331,0.0007
922,Euró likviditás eszközalap - D,2025-08-07,0.9253,0.9252,-0.0002
923,Európai ingatlancégek részv. eszközalap,2025-08-07,1.8701,1.872,0.001
924,Európai kötvény eszközalap - D,2025-08-07,1.233,1.2333,0.0003
925,Európai részvény eszközalap,2025-08-07,2.5032,2.5376,0.0137
926,Európai vállalati kötvény eszközalap,2025-08-07,1.3232,1.3236,0.0002
927,Fejlõdõ piaci részvény ESG eszközalap-D,2025-08-07,1.0302,1.0428,0.0122
928,Fejlõdõ ázsiai részvény eszközalap,2025-08-07,2.089,2.1288,0.019
929,Fenntartható növekedés részvény eszk.,2025-08-07,3.0415,3.0426,0.0004
930,Globális egészségügyi részvény eszk.,2025-08-07,3.1174,3.0967,-0.0066
931,Globális növekedési részvény eszközalap,2025-08-07,2.2124,2.2259,0.0061
932,Kiegyensúlyozott vegyes eszközalap - D,2025-08-07,1.3885,1.392,0.0025
933,Latin-amerikai részvény eszközalap,2025-08-07,1.0648,1.0707,0.0055
934,Magas kötvény arányú vegyes eszk. - D,2025-08-07,1.0993,1.101,0.0015
935,Magas védelmû vegyes eszközalap,2025-08-07,1.0873,1.0897,0.0023
936,Nemz. élelmiszeripari cégek rv. ea - D,2025-08-07,3.1795,3.1904,0.0034
937,Nyersanyagpiaci részvény eszközalap,2025-08-07,1.3111,1.3147,0.0028
938,Presztízs- és luxusmárkák rv. ea.,2025-08-07,3.3773,3.3957,0.0054
939,USA részvény eszközalap,2025-08-07,4.2876,4.2849,-0.0006
940,Ázsia kötvény eszközalap,2025-08-07,2.2363,2.2156,-0.0092
941,Aktív hozamfigyelõ vegyes eszközalap - D,2025-08-08,0.9331,0.9327,-0.0004
942,Euró likviditás eszközalap - D,2025-08-08,0.9252,0.9246,-0.0006
943,Európai ingatlancégek részv. eszközalap,2025-08-08,1.872,1.8754,0.0018
944,Európai kötvény eszközalap - D,2025-08-08,1.2333,1.2302,-0.0025
945,Európai részvény eszközalap,2025-08-08,2.5376,2.5425,0.0019
946,Európai vállalati kötvény eszközalap,2025-08-08,1.3236,1.3216,-0.0015
947,Fejlõdõ piaci részvény ESG eszközalap-D,2025-08-08,1.0428,1.0412,-0.0016
948,Fejlõdõ ázsiai részvény eszközalap,2025-08-08,2.1288,2.1211,-0.0036
949,Fenntartható növekedés részvény eszk.,2025-08-08,3.0426,3.0512,0.0028
950,Globális egészségügyi részvény eszk.,2025-08-08,3.0967,3.1095,0.0041
951,Globális növekedési részvény eszközalap,2025-08-08,2.2259,2.2186,-0.0033
952,Kiegyensúlyozott vegyes eszközalap - D,2025-08-08,1.392,1.3917,-0.0002
953,Latin-amerikai részvény eszközalap,2025-08-08,1.0707,1.0881,0.0163
954,Magas kötvény arányú vegyes eszk. - D,2025-08-08,1.101,1.0996,-0.0013
955,Magas védelmû vegyes eszközalap,2025-08-08,1.0897,1.0906,0.0008
956,Nemz. élelmiszeripari cégek rv. ea - D,2025-08-08,3.1904,3.2091,0.0059
957,Nyersanyagpiaci részvény eszközalap,2025-08-08,1.3147,1.3303,0.0118
958,Presztízs- és luxusmárkák rv. ea.,2025-08-08,3.3957,3.4048,0.0027
959,USA részvény eszközalap,2025-08-08,4.2849,4.3036,0.0044
960,Ázsia kötvény eszközalap,2025-08-08,2.2156,2.223,0.0034
961,Aktív hozamfigyelõ vegyes eszközalap - D,2025-08-09,0.9327,0.9327,0.0
962,Euró likviditás eszközalap - D,2025-08-09,0.9246,0.9246,0.0
963,Európai ingatlancégek részv. eszközalap,2025-08-09,1.8754,1.8754,0.0
964,Európai kötvény eszközalap - D,2025-08-09,1.2302,1.2302,0.0
965,Európai részvény eszközalap,2025-08-09,2.5425,2.5425,0.0
966,Európai vállalati kötvény eszközalap,2025-08-09,1.3216,1.3216,0.0
967,Fejlõdõ piaci részvény ESG eszközalap-D,2025-08-09,1.0412,1.0412,0.0
968,Fejlõdõ ázsiai részvény eszközalap,2025-08-09,2.1211,2.1211,0.0
969,Fenntartható növekedés részvény eszk.,2025-08-09,3.0512,3.0512,0.0
970,Globális egészségügyi részvény eszk.,2025-08-09,3.1095,3.1095,0.0
971,Globális növekedési részvény eszközalap,2025-08-09,2.2186,2.2186,0.0
972,Kiegyensúlyozott vegyes eszközalap - D,2025-08-09,1.3917,1.3917,0.0
973,Latin-amerikai részvény eszközalap,2025-08-09,1.0881,1.0881,0.0
974,Magas kötvény arányú vegyes eszk. - D,2025-08-09,1.0996,1.0996,0.0
975,Magas védelmû vegyes eszközalap,2025-08-09,1.0906,1.0906,0.0
976,Nemz. élelmiszeripari cégek rv. ea - D,2025-08-09,3.2091,3.2091,0.0
977,Nyersanyagpiaci részvény eszközalap,2025-08-09,1.3303,1.3303,0.0
978,Presztízs- és luxusmárkák rv. ea.,2025-08-09,3.4048,3.4048,0.0
979,USA részvény eszközalap,2025-08-09,4.3036,4.3036,0.0
980,Ázsia kötvény eszközalap,2025-08-09,2.223,2.223,0.0
981,Aktív hozamfigyelõ vegyes eszközalap - D,2025-08-10,0.9327,0.9327,0.0
982,Euró likviditás eszközalap - D,2025-08-10,0.9246,0.9246,0.0
983,Európai ingatlancégek részv. eszközalap,2025-08-10,1.8754,1.8754,0.0
984,Európai kötvény eszközalap - D,2025-08-10,1.2302,1.2302,0.0
985,Európai részvény eszközalap,2025-08-10,2.5425,2.5425,0.0
986,Európai vállalati kötvény eszközalap,2025-08-10,1.3216,1.3216,0.0
987,Fejlõdõ piaci részvény ESG eszközalap-D,2025-08-10,1.0412,1.0412,0.0
988,Fejlõdõ ázsiai részvény eszközalap,2025-08-10,2.1211,2.1211,0.0
989,Fenntartható növekedés részvény eszk.,2025-08-10,3.0512,3.0512,0.0
990,Globális egészségügyi részvény eszk.,2025-08-10,3.1095,3.1095,0.0
991,Globális növekedési részvény eszközalap,2025-08-10,2.2186,2.2186,0.0
992,Kiegyensúlyozott vegyes eszközalap - D,2025-08-10,1.3917,1.3917,0.0
993,Latin-amerikai részvény eszközalap,2025-08-10,1.0881,1.0881,0.0
994,Magas kötvény arányú vegyes eszk. - D,2025-08-10,1.0996,1.0996,0.0
995,Magas védelmû vegyes eszközalap,2025-08-10,1.0906,1.0906,0.0
996,Nemz. élelmiszeripari cégek rv. ea - D,2025-08-10,3.2091,3.2091,0.0
997,Nyersanyagpiaci részvény eszközalap,2025-08-10,1.3303,1.3303,0.0
998,Presztízs- és luxusmárkák rv. ea.,2025-08-10,3.4048,3.4048,0.0
999,USA részvény eszközalap,2025-08-10,4.3036,4.3036,0.0
1000,Ázsia kötvény eszközalap,2025-08-10,2.223,2.223,0.0
1001,Aktív hozamfigyelõ vegyes eszközalap - D,2025-08-13,0.9342,0.9378,0.0039
1002,Euró likviditás eszközalap - D,2025-08-13,0.9244,0.9252,0.0008
1003,Európai ingatlancégek részv. eszközalap,2025-08-13,1.8543,1.8547,0.0002
1004,Európai kötvény eszközalap - D,2025-08-13,1.2269,1.2321,0.0042
1005,Európai részvény eszközalap,2025-08-13,2.5425,2.5615,0.0075
1006,Európai vállalati kötvény eszközalap,2025-08-13,1.3199,1.3239,0.003
1007,Fejlõdõ piaci részvény ESG eszközalap-D,2025-08-13,1.049,1.0601,0.0105
1008,Fejlõdõ ázsiai részvény eszközalap,2025-08-13,2.115,2.1357,0.0098
1009,Fenntartható növekedés részvény eszk.,2025-08-13,3.0748,3.0793,0.0015
1010,Globális egészségügyi részvény eszk.,2025-08-13,3.1246,3.1633,0.0124
1011,Globális növekedési részvény eszközalap,2025-08-13,2.2258,2.2327,0.0031
1012,Kiegyensúlyozott vegyes eszközalap - D,2025-08-13,1.394,1.3992,0.0037
1013,Latin-amerikai részvény eszközalap,2025-08-13,1.1008,1.0992,-0.0014
1014,Magas kötvény arányú vegyes eszk. - D,2025-08-13,1.0989,1.1033,0.004
1015,Magas védelmû vegyes eszközalap,2025-08-13,1.09,1.0921,0.0019
1016,Nemz. élelmiszeripari cégek rv. ea - D,2025-08-13,3.2112,3.2005,-0.0033
1017,Nyersanyagpiaci részvény eszközalap,2025-08-13,1.3321,1.339,0.0052
1018,Presztízs- és luxusmárkák rv. ea.,2025-08-13,3.3994,3.4404,0.0121
1019,USA részvény eszközalap,2025-08-13,4.3437,4.3325,-0.0026
1020,Ázsia kötvény eszközalap,2025-08-13,2.2271,2.2107,-0.0074
1021,Aktív hozamfigyelõ vegyes eszközalap - D,2025-08-14,0.9378,0.9377,-0.0001
1022,Euró likviditás eszközalap - D,2025-08-14,0.9252,0.9249,-0.0003
1023,Európai ingatlancégek részv. eszközalap,2025-08-14,1.8547,1.8633,0.0047
1024,Európai kötvény eszközalap - D,2025-08-14,1.2321,1.2301,-0.0017
1025,Európai részvény eszközalap,2025-08-14,2.5615,2.5864,0.0097
1026,Európai vállalati kötvény eszközalap,2025-08-14,1.3239,1.3228,-0.0008
1027,Fejlõdõ piaci részvény ESG eszközalap-D,2025-08-14,1.0601,1.0599,-0.0001
1028,Fejlõdõ ázsiai részvény eszközalap,2025-08-14,2.1357,2.1418,0.0028
1029,Fenntartható növekedés részvény eszk.,2025-08-14,3.0793,3.099,0.0064
1030,Globális egészségügyi részvény eszk.,2025-08-14,3.1633,3.1658,0.0008
1031,Globális növekedési részvény eszközalap,2025-08-14,2.2327,2.225,-0.0035
1032,Kiegyensúlyozott vegyes eszközalap - D,2025-08-14,1.3992,1.3999,0.0005
1033,Latin-amerikai részvény eszközalap,2025-08-14,1.0992,1.0969,-0.0021
1034,Magas kötvény arányú vegyes eszk. - D,2025-08-14,1.1033,1.1027,-0.0006
1035,Magas védelmû vegyes eszközalap,2025-08-14,1.0921,1.0939,0.0016
1036,Nemz. élelmiszeripari cégek rv. ea - D,2025-08-14,3.2005,3.2025,0.0006
1037,Nyersanyagpiaci részvény eszközalap,2025-08-14,1.339,1.3404,0.0011
1038,Presztízs- és luxusmárkák rv. ea.,2025-08-14,3.4404,3.4245,-0.0046
1039,USA részvény eszközalap,2025-08-14,4.3325,4.356,0.0054
1040,Ázsia kötvény eszközalap,2025-08-14,2.2107,2.2242,0.0061
1041,Aktív hozamfigyelõ vegyes eszközalap - D,2025-08-15,0.9377,0.9351,-0.0027
1042,Euró likviditás eszközalap - D,2025-08-15,0.9249,0.9244,-0.0005
1043,Európai ingatlancégek részv. eszközalap,2025-08-15,1.8633,1.8527,-0.0057
1044,Európai kötvény eszközalap - D,2025-08-15,1.2301,1.2254,-0.0038
1045,Európai részvény eszközalap,2025-08-15,2.5864,2.59,0.0014
1046,Európai vállalati kötvény eszközalap,2025-08-15,1.3228,1.3202,-0.002
1047,Fejlõdõ piaci részvény ESG eszközalap-D,2025-08-15,1.0599,1.0574,-0.0024
1048,Fejlõdõ ázsiai részvény eszközalap,2025-08-15,2.1418,2.1362,-0.0026
1049,Fenntartható növekedés részvény eszk.,2025-08-15,3.099,3.0809,-0.0058
1050,Globális egészségügyi részvény eszk.,2025-08-15,3.1658,3.1657,0.0
1051,Globális növekedési részvény eszközalap,2025-08-15,2.225,2.223,-0.0009
1052,Kiegyensúlyozott vegyes eszközalap - D,2025-08-15,1.3999,1.3958,-0.0029
1053,Latin-amerikai részvény eszközalap,2025-08-15,1.0969,1.0961,-0.0007
1054,Magas kötvény arányú vegyes eszk. - D,2025-08-15,1.1027,1.0987,-0.0036
1055,Magas védelmû vegyes eszközalap,2025-08-15,1.0939,1.0951,0.0011
1056,Nemz. élelmiszeripari cégek rv. ea - D,2025-08-15,3.2025,3.1843,-0.0057
1057,Nyersanyagpiaci részvény eszközalap,2025-08-15,1.3404,1.3426,0.0016
1058,Presztízs- és luxusmárkák rv. ea.,2025-08-15,3.4245,3.4296,0.0015
1059,USA részvény eszközalap,2025-08-15,4.356,4.3374,-0.0043
1060,Ázsia kötvény eszközalap,2025-08-15,2.2242,2.2179,-0.0028
1061,Aktív hozamfigyelõ vegyes eszközalap - D,2025-08-16,0.9351,0.9351,0.0
1062,Euró likviditás eszközalap - D,2025-08-16,0.9244,0.9244,0.0
1063,Európai ingatlancégek részv. eszközalap,2025-08-16,1.8527,1.8527,0.0
1064,Európai kötvény eszközalap - D,2025-08-16,1.2254,1.2254,0.0
1065,Európai részvény eszközalap,2025-08-16,2.59,2.59,0.0
1066,Európai vállalati kötvény eszközalap,2025-08-16,1.3202,1.3202,0.0
1067,Fejlõdõ piaci részvény ESG eszközalap-D,2025-08-16,1.0574,1.0574,0.0
1068,Fejlõdõ ázsiai részvény eszközalap,2025-08-16,2.1362,2.1362,0.0
1069,Fenntartható növekedés részvény eszk.,2025-08-16,3.0809,3.0809,0.0
1070,Globális egészségügyi részvény eszk.,2025-08-16,3.1657,3.1657,0.0
1071,Globális növekedési részvény eszközalap,2025-08-16,2.223,2.223,0.0
1072,Kiegyensúlyozott vegyes eszközalap - D,2025-08-16,1.3958,1.3958,0.0
1073,Latin-amerikai részvény eszközalap,2025-08-16,1.0961,1.0961,0.0
1074,Magas kötvény arányú vegyes eszk. - D,2025-08-16,1.0987,1.0987,0.0
1075,Magas védelmû vegyes eszközalap,2025-08-16,1.0951,1.0951,0.0
1076,Nemz. élelmiszeripari cégek rv. ea - D,2025-08-16,3.1843,3.1843,0.0
1077,Nyersanyagpiaci részvény eszközalap,2025-08-16,1.3426,1.3426,0.0
1078,Presztízs- és luxusmárkák rv. ea.,2025-08-16,3.4296,3.4296,0.0
1079,USA részvény eszközalap,2025-08-16,4.3374,4.3374,0.0
1080,Ázsia kötvény eszközalap,2025-08-16,2.2179,2.2179,0.0
1081,Aktív hozamfigyelõ vegyes eszközalap - D,2025-08-17,0.9351,0.9351,0.0
1082,Euró likviditás eszközalap - D,2025-08-17,0.9244,0.9244,0.0
1083,Európai ingatlancégek részv. eszközalap,2025-08-17,1.8527,1.8527,0.0
1084,Európai kötvény eszközalap - D,2025-08-17,1.2254,1.2254,0.0
1085,Európai részvény eszközalap,2025-08-17,2.59,2.59,0.0
1086,Európai vállalati kötvény eszközalap,2025-08-17,1.3202,1.3202,0.0
1087,Fejlõdõ piaci részvény ESG eszközalap-D,2025-08-17,1.0574,1.0574,0.0
1088,Fejlõdõ ázsiai részvény eszközalap,2025-08-17,2.1362,2.1362,0.0
1089,Fenntartható növekedés részvény eszk.,2025-08-17,3.0809,3.0809,0.0
1090,Globális egészségügyi részvény eszk.,2025-08-17,3.1657,3.1657,0.0
1091,Globális növekedési részvény eszközalap,2025-08-17,2.223,2.223,0.0
1092,Kiegyensúlyozott vegyes eszközalap - D,2025-08-17,1.3958,1.3958,0.0
1093,Latin-amerikai részvény eszközalap,2025-08-17,1.0961,1.0961,0.0
1094,Magas kötvény arányú vegyes eszk. - D,2025-08-17,1.0987,1.0987,0.0
1095,Magas védelmû vegyes eszközalap,2025-08-17,1.0951,1.0951,0.0
1096,Nemz. élelmiszeripari cégek rv. ea - D,2025-08-17,3.1843,3.1843,0.0
1097,Nyersanyagpiaci részvény eszközalap,2025-08-17,1.3426,1.3426,0.0
1098,Presztízs- és luxusmárkák rv. ea.,2025-08-17,3.4296,3.4296,0.0
1099,USA részvény eszközalap,2025-08-17,4.3374,4.3374,0.0
1100,Ázsia kötvény eszközalap,2025-08-17,2.2179,2.2179,0.0
1101,Aktív hozamfigyelõ vegyes eszközalap - D,2025-08-20,0.9358,0.9358,0.0
1102,Euró likviditás eszközalap - D,2025-08-20,0.9247,0.9247,0.0
1103,Európai ingatlancégek részv. eszközalap,2025-08-20,1.8472,1.8472,0.0
1104,Európai kötvény eszközalap - D,2025-08-20,1.2269,1.2269,0.0
1105,Európai részvény eszközalap,2025-08-20,2.6024,2.6024,0.0
1106,Európai vállalati kötvény eszközalap,2025-08-20,1.3215,1.3215,0.0
1107,Fejlõdõ piaci részvény ESG eszközalap-D,2025-08-20,1.0626,1.0626,0.0
1108,Fejlõdõ ázsiai részvény eszközalap,2025-08-20,2.1372,2.1372,0.0
1109,Fenntartható növekedés részvény eszk.,2025-08-20,3.0836,3.0836,0.0
1110,Globális egészségügyi részvény eszk.,2025-08-20,3.2377,3.2377,0.0
1111,Globális növekedési részvény eszközalap,2025-08-20,2.2418,2.2418,0.0
1112,Kiegyensúlyozott vegyes eszközalap - D,2025-08-20,1.3971,1.3971,0.0
1113,Latin-amerikai részvény eszközalap,2025-08-20,1.0807,1.0807,0.0
1114,Magas kötvény arányú vegyes eszk. - D,2025-08-20,1.1,1.1,0.0
1115,Magas védelmû vegyes eszközalap,2025-08-20,1.0965,1.0965,0.0
1116,Nemz. élelmiszeripari cégek rv. ea - D,2025-08-20,3.2256,3.2256,0.0
1117,Nyersanyagpiaci részvény eszközalap,2025-08-20,1.3462,1.3462,0.0
1118,Presztízs- és luxusmárkák rv. ea.,2025-08-20,3.4976,3.4976,0.0
1119,USA részvény eszközalap,2025-08-20,4.3341,4.3341,0.0
1120,Ázsia kötvény eszközalap,2025-08-20,2.2208,2.2208,0.0
1121,Aktív hozamfigyelõ vegyes eszközalap - D,2025-08-23,0.9381,0.9381,0.0
1122,Euró likviditás eszközalap - D,2025-08-23,0.9249,0.9249,0.0
1123,Európai ingatlancégek részv. eszközalap,2025-08-23,1.8761,1.8761,0.0
1124,Európai kötvény eszközalap - D,2025-08-23,1.2281,1.2281,0.0
1125,Európai részvény eszközalap,2025-08-23,2.5994,2.5994,0.0
1126,Európai vállalati kötvény eszközalap,2025-08-23,1.3212,1.3212,0.0
1127,Fejlõdõ piaci részvény ESG eszközalap-D,2025-08-23,1.0664,1.0664,0.0
1128,Fejlõdõ ázsiai részvény eszközalap,2025-08-23,2.1297,2.1297,0.0
1129,Fenntartható növekedés részvény eszk.,2025-08-23,3.083,3.083,0.0
1130,Globális egészségügyi részvény eszk.,2025-08-23,3.2868,3.2868,0.0
1131,Globális növekedési részvény eszközalap,2025-08-23,2.2339,2.2339,0.0
1132,Kiegyensúlyozott vegyes eszközalap - D,2025-08-23,1.3978,1.3978,0.0
1133,Latin-amerikai részvény eszközalap,2025-08-23,1.1063,1.1063,0.0
1134,Magas kötvény arányú vegyes eszk. - D,2025-08-23,1.1008,1.1008,0.0
1135,Magas védelmû vegyes eszközalap,2025-08-23,1.0969,1.0969,0.0
1136,Nemz. élelmiszeripari cégek rv. ea - D,2025-08-23,3.2263,3.2263,0.0
1137,Nyersanyagpiaci részvény eszközalap,2025-08-23,1.3645,1.3645,0.0
1138,Presztízs- és luxusmárkák rv. ea.,2025-08-23,3.5372,3.5372,0.0
1139,USA részvény eszközalap,2025-08-23,4.3623,4.3623,0.0
1140,Ázsia kötvény eszközalap,2025-08-23,2.2346,2.2346,0.0
1141,Aktív hozamfigyelõ vegyes eszközalap - D,2025-08-24,0.9381,0.9381,0.0
1142,Euró likviditás eszközalap - D,2025-08-24,0.9249,0.9249,0.0
1143,Európai ingatlancégek részv. eszközalap,2025-08-24,1.8761,1.8761,0.0
1144,Európai kötvény eszközalap - D,2025-08-24,1.2281,1.2281,0.0
1145,Európai részvény eszközalap,2025-08-24,2.5994,2.5994,0.0
1146,Európai vállalati kötvény eszközalap,2025-08-24,1.3212,1.3212,0.0
1147,Fejlõdõ piaci részvény ESG eszközalap-D,2025-08-24,1.0664,1.0664,0.0
1148,Fejlõdõ ázsiai részvény eszközalap,2025-08-24,2.1297,2.1297,0.0
1149,Fenntartható növekedés részvény eszk.,2025-08-24,3.083,3.083,0.0
1150,Globális egészségügyi részvény eszk.,2025-08-24,3.2868,3.2868,0.0
1151,Globális növekedési részvény eszközalap,2025-08-24,2.2339,2.2339,0.0
1152,Kiegyensúlyozott vegyes eszközalap - D,2025-08-24,1.3978,1.3978,0.0
1153,Latin-amerikai részvény eszközalap,2025-08-24,1.1063,1.1063,0.0
1154,Magas kötvény arányú vegyes eszk. - D,2025-08-24,1.1008,1.1008,0.0
1155,Magas védelmû vegyes eszközalap,2025-08-24,1.0969,1.0969,0.0
1156,Nemz. élelmiszeripari cégek rv. ea - D,2025-08-24,3.2263,3.2263,0.0
1157,Nyersanyagpiaci részvény eszközalap,2025-08-24,1.3645,1.3645,0.0
1158,Presztízs- és luxusmárkák rv. ea.,2025-08-24,3.5372,3.5372,0.0
1159,USA részvény eszközalap,2025-08-24,4.3623,4.3623,0.0
1160,Ázsia kötvény eszközalap,2025-08-24,2.2346,2.2346,0.0
1161,Aktív hozamfigyelõ vegyes eszközalap - D,2025-08-27,0.938,0.9397,0.0019
1162,Euró likviditás eszközalap - D,2025-08-27,0.9248,0.9252,0.0003
1163,Európai ingatlancégek részv. eszközalap,2025-08-27,1.851,1.8525,0.0008
1164,Európai kötvény eszközalap - D,2025-08-27,1.2263,1.2279,0.0013
1165,Európai részvény eszközalap,2025-08-27,2.5534,2.5496,-0.0015
1166,Európai vállalati kötvény eszközalap,2025-08-27,1.3209,1.3223,0.0011
1167,Fejlõdõ piaci részvény ESG eszközalap-D,2025-08-27,1.0714,1.0639,-0.007
1168,Fejlõdõ ázsiai részvény eszközalap,2025-08-27,2.1621,2.1605,-0.0007
1169,Fenntartható növekedés részvény eszk.,2025-08-27,3.092,3.1099,0.0058
1170,Globális egészségügyi részvény eszk.,2025-08-27,3.2448,3.2603,0.0048
1171,Globális növekedési részvény eszközalap,2025-08-27,2.2163,2.2313,0.0068
1172,Kiegyensúlyozott vegyes eszközalap - D,2025-08-27,1.3975,1.4013,0.0027
1173,Latin-amerikai részvény eszközalap,2025-08-27,1.0974,1.1025,0.0047
1174,Magas kötvény arányú vegyes eszk. - D,2025-08-27,1.0998,1.1018,0.0019
1175,Magas védelmû vegyes eszközalap,2025-08-27,1.091,1.0913,0.0002
1176,Nemz. élelmiszeripari cégek rv. ea - D,2025-08-27,3.1754,3.1822,0.0021
1177,Nyersanyagpiaci részvény eszközalap,2025-08-27,1.3646,1.3692,0.0033
1178,Presztízs- és luxusmárkák rv. ea.,2025-08-27,3.5309,3.5838,0.015
1179,USA részvény eszközalap,2025-08-27,4.389,4.4289,0.0091
1180,Ázsia kötvény eszközalap,2025-08-27,2.2339,2.2403,0.0029
1181,Aktív hozamfigyelõ vegyes eszközalap - D,2025-08-28,0.9397,0.9392,-0.0006
1182,Euró likviditás eszközalap - D,2025-08-28,0.9252,0.925,-0.0002
1183,Európai ingatlancégek részv. eszközalap,2025-08-28,1.8525,1.8317,-0.0112
1184,Európai kötvény eszközalap - D,2025-08-28,1.2279,1.228,0.0
1185,Európai részvény eszközalap,2025-08-28,2.5496,2.548,-0.0007
1186,Európai vállalati kötvény eszközalap,2025-08-28,1.3223,1.3212,-0.0008
1187,Fejlõdõ piaci részvény ESG eszközalap-D,2025-08-28,1.0639,1.0622,-0.0016
1188,Fejlõdõ ázsiai részvény eszközalap,2025-08-28,2.1605,2.1486,-0.0055
1189,Fenntartható növekedés részvény eszk.,2025-08-28,3.1099,3.0961,-0.0045
1190,Globális egészségügyi részvény eszk.,2025-08-28,3.2603,3.2395,-0.0064
1191,Globális növekedési részvény eszközalap,2025-08-28,2.2313,2.2209,-0.0047
1192,Kiegyensúlyozott vegyes eszközalap - D,2025-08-28,1.4013,1.4011,-0.0001
1193,Latin-amerikai részvény eszközalap,2025-08-28,1.1025,1.1236,0.0192
1194,Magas kötvény arányú vegyes eszk. - D,2025-08-28,1.1018,1.1017,-0.0001
1195,Magas védelmû vegyes eszközalap,2025-08-28,1.0913,1.0915,0.0002
1196,Nemz. élelmiszeripari cégek rv. ea - D,2025-08-28,3.1822,3.1634,-0.0059
1197,Nyersanyagpiaci részvény eszközalap,2025-08-28,1.3692,1.3651,-0.003
1198,Presztízs- és luxusmárkák rv. ea.,2025-08-28,3.5838,3.596,0.0034
1199,USA részvény eszközalap,2025-08-28,4.4289,4.4132,-0.0035
1200,Ázsia kötvény eszközalap,2025-08-28,2.2403,2.2327,-0.0034
1201,Aktív hozamfigyelõ vegyes eszközalap - D,2025-08-29,0.9392,0.9358,-0.0035
1202,Euró likviditás eszközalap - D,2025-08-29,0.925,0.925,0.0
1203,Európai ingatlancégek részv. eszközalap,2025-08-29,1.8317,1.8217,-0.0055
1204,Európai kötvény eszközalap - D,2025-08-29,1.228,1.227,-0.0008
1205,Európai részvény eszközalap,2025-08-29,2.548,2.5271,-0.0082
1206,Európai vállalati kötvény eszközalap,2025-08-29,1.3212,1.3205,-0.0006
1207,Fejlõdõ piaci részvény ESG eszközalap-D,2025-08-29,1.0622,1.0613,-0.0008
1208,Fejlõdõ ázsiai részvény eszközalap,2025-08-29,2.1486,2.1444,-0.002
1209,Fenntartható növekedés részvény eszk.,2025-08-29,3.0961,3.0659,-0.0098
1210,Globális egészségügyi részvény eszk.,2025-08-29,3.2395,3.2498,0.0032
1211,Globális növekedési részvény eszközalap,2025-08-29,2.2209,2.2027,-0.0082
1212,Kiegyensúlyozott vegyes eszközalap - D,2025-08-29,1.4011,1.3955,-0.004
1213,Latin-amerikai részvény eszközalap,2025-08-29,1.1236,1.1197,-0.0035
1214,Magas kötvény arányú vegyes eszk. - D,2025-08-29,1.1017,1.099,-0.0025
1215,Magas védelmû vegyes eszközalap,2025-08-29,1.0915,1.0896,-0.0017
1216,Nemz. élelmiszeripari cégek rv. ea - D,2025-08-29,3.1634,3.1627,-0.0002
1217,Nyersanyagpiaci részvény eszközalap,2025-08-29,1.3651,1.367,0.0014
1218,Presztízs- és luxusmárkák rv. ea.,2025-08-29,3.596,3.5588,-0.0103
1219,USA részvény eszközalap,2025-08-29,4.4132,4.3737,-0.009
1220,Ázsia kötvény eszközalap,2025-08-29,2.2327,2.2264,-0.0028
1221,Aktív hozamfigyelõ vegyes eszközalap - D,2025-08-30,0.9358,0.9358,0.0
1222,Euró likviditás eszközalap - D,2025-08-30,0.925,0.925,0.0
1223,Európai ingatlancégek részv. eszközalap,2025-08-30,1.8217,1.8217,0.0
1224,Európai kötvény eszközalap - D,2025-08-30,1.227,1.227,0.0
1225,Európai részvény eszközalap,2025-08-30,2.5271,2.5271,0.0
1226,Európai vállalati kötvény eszközalap,2025-08-30,1.3205,1.3205,0.0
1227,Fejlõdõ piaci részvény ESG eszközalap-D,2025-08-30,1.0613,1.0613,0.0
1228,Fejlõdõ ázsiai részvény eszközalap,2025-08-30,2.1444,2.1444,0.0
1229,Fenntartható növekedés részvény eszk.,2025-08-30,3.0659,3.0659,0.0
1230,Globális egészségügyi részvény eszk.,2025-08-30,3.2498,3.2498,0.0
1231,Globális növekedési részvény eszközalap,2025-08-30,2.2027,2.2027,0.0
1232,Kiegyensúlyozott vegyes eszközalap - D,2025-08-30,1.3955,1.3955,0.0
1233,Latin-amerikai részvény eszközalap,2025-08-30,1.1197,1.1197,0.0
1234,Magas kötvény arányú vegyes eszk. - D,2025-08-30,1.099,1.099,0.0
1235,Magas védelmû vegyes eszközalap,2025-08-30,1.0896,1.0896,0.0
1236,Nemz. élelmiszeripari cégek rv. ea - D,2025-08-30,3.1627,3.1627,0.0
1237,Nyersanyagpiaci részvény eszközalap,2025-08-30,1.367,1.367,0.0
1238,Presztízs- és luxusmárkák rv. ea.,2025-08-30,3.5588,3.5588,0.0
1239,USA részvény eszközalap,2025-08-30,4.3737,4.3737,0.0
1240,Ázsia kötvény eszközalap,2025-08-30,2.2264,2.2264,0.0
1241,Aktív hozamfigyelõ vegyes eszközalap - D,2025-08-31,0.9358,0.9358,0.0
1242,Euró likviditás eszközalap - D,2025-08-31,0.925,0.925,0.0
1243,Európai ingatlancégek részv. eszközalap,2025-08-31,1.8217,1.8217,0.0
1244,Európai kötvény eszközalap - D,2025-08-31,1.227,1.227,0.0
1245,Európai részvény eszközalap,2025-08-31,2.5271,2.5271,0.0
1246,Európai vállalati kötvény eszközalap,2025-08-31,1.3205,1.3205,0.0
1247,Fejlõdõ piaci részvény ESG eszközalap-D,2025-08-31,1.0613,1.0613,0.0
1248,Fejlõdõ ázsiai részvény eszközalap,2025-08-31,2.1444,2.1444,0.0
1249,Fenntartható növekedés részvény eszk.,2025-08-31,3.0659,3.0659,0.0
1250,Globális egészségügyi részvény eszk.,2025-08-31,3.2498,3.2498,0.0
1251,Globális növekedési részvény eszközalap,2025-08-31,2.2027,2.2027,0.0
1252,Kiegyensúlyozott vegyes eszközalap - D,2025-08-31,1.3955,1.3955,0.0
1253,Latin-amerikai részvény eszközalap,2025-08-31,1.1197,1.1197,0.0
1254,Magas kötvény arányú vegyes eszk. - D,2025-08-31,1.099,1.099,0.0
1255,Magas védelmû vegyes eszközalap,2025-08-31,1.0896,1.0896,0.0
1256,Nemz. élelmiszeripari cégek rv. ea - D,2025-08-31,3.1627,3.1627,0.0
1257,Nyersanyagpiaci részvény eszközalap,2025-08-31,1.367,1.367,0.0
1258,Presztízs- és luxusmárkák rv. ea.,2025-08-31,3.5588,3.5588,0.0
1259,USA részvény eszközalap,2025-08-31,4.3737,4.3737,0.0
1260,Ázsia kötvény eszközalap,2025-08-31,2.2264,2.2264,0.0
1261,Aktív hozamfigyelõ vegyes eszközalap - D,2025-09-03,0.9309,0.9344,0.0037
1262,Euró likviditás eszközalap - D,2025-09-03,0.9241,0.9246,0.0005
1263,Európai ingatlancégek részv. eszközalap,2025-09-03,1.7595,1.7746,0.0086
1264,Európai kötvény eszközalap - D,2025-09-03,1.2217,1.2246,0.0023
1265,Európai részvény eszközalap,2025-09-03,2.4953,2.5118,0.0066
1266,Európai vállalati kötvény eszközalap,2025-09-03,1.3158,1.3179,0.0016
1267,Fejlõdõ piaci részvény ESG eszközalap-D,2025-09-03,1.0566,1.0619,0.0051
1268,Fejlõdõ ázsiai részvény eszközalap,2025-09-03,2.1419,2.1459,0.0018
1269,Fenntartható növekedés részvény eszk.,2025-09-03,3.0476,3.0715,0.0078
1270,Globális egészségügyi részvény eszk.,2025-09-03,3.2599,3.2598,0.0
1271,Globális növekedési részvény eszközalap,2025-09-03,2.1787,2.1829,0.0019
1272,Kiegyensúlyozott vegyes eszközalap - D,2025-09-03,1.3879,1.3922,0.0031
1273,Latin-amerikai részvény eszközalap,2025-09-03,1.109,1.1149,0.0053
1274,Magas kötvény arányú vegyes eszk. - D,2025-09-03,1.0931,1.0962,0.0028
1275,Magas védelmû vegyes eszközalap,2025-09-03,1.0869,1.0884,0.0014
1276,Nemz. élelmiszeripari cégek rv. ea - D,2025-09-03,3.1772,3.1707,-0.002
1277,Nyersanyagpiaci részvény eszközalap,2025-09-03,1.3603,1.3654,0.0037
1278,Presztízs- és luxusmárkák rv. ea.,2025-09-03,3.546,3.5796,0.0095
1279,USA részvény eszközalap,2025-09-03,4.3595,4.389,0.0068
1280,Ázsia kötvény eszközalap,2025-09-03,2.2289,2.2267,-0.001
1281,Aktív hozamfigyelõ vegyes eszközalap - D,2025-09-04,0.9344,0.9387,0.0046
1282,Euró likviditás eszközalap - D,2025-09-04,0.9246,0.9247,0.0002
1283,Európai ingatlancégek részv. eszközalap,2025-09-04,1.7746,1.7753,0.0004
1284,Európai kötvény eszközalap - D,2025-09-04,1.2246,1.2265,0.0016
1285,Európai részvény eszközalap,2025-09-04,2.5118,2.525,0.0053
1286,Európai vállalati kötvény eszközalap,2025-09-04,1.3179,1.3197,0.0014
1287,Fejlõdõ piaci részvény ESG eszközalap-D,2025-09-04,1.0619,1.0601,-0.0017
1288,Fejlõdõ ázsiai részvény eszközalap,2025-09-04,2.1459,2.1393,-0.0031
1289,Fenntartható növekedés részvény eszk.,2025-09-04,3.0715,3.1009,0.0096
1290,Globális egészségügyi részvény eszk.,2025-09-04,3.2598,3.2675,0.0024
1291,Globális növekedési részvény eszközalap,2025-09-04,2.1829,2.2048,0.01
1292,Kiegyensúlyozott vegyes eszközalap - D,2025-09-04,1.3922,1.3987,0.0047
1293,Latin-amerikai részvény eszközalap,2025-09-04,1.1149,1.1136,-0.0012
1294,Magas kötvény arányú vegyes eszk. - D,2025-09-04,1.0962,1.0999,0.0034
1295,Magas védelmû vegyes eszközalap,2025-09-04,1.0884,1.0894,0.0009
1296,Nemz. élelmiszeripari cégek rv. ea - D,2025-09-04,3.1707,3.1998,0.0092
1297,Nyersanyagpiaci részvény eszközalap,2025-09-04,1.3654,1.361,-0.0032
1298,Presztízs- és luxusmárkák rv. ea.,2025-09-04,3.5796,3.5738,-0.0016
1299,USA részvény eszközalap,2025-09-04,4.389,4.4366,0.0109
1300,Ázsia kötvény eszközalap,2025-09-04,2.2267,2.2318,0.0023
1301,Aktív hozamfigyelõ vegyes eszközalap - D,2025-09-05,0.9387,0.9397,0.0011
1302,Euró likviditás eszközalap - D,2025-09-05,0.9247,0.9255,0.0008
1303,Európai ingatlancégek részv. eszközalap,2025-09-05,1.7753,1.805,0.0167
1304,Európai kötvény eszközalap - D,2025-09-05,1.2265,1.231,0.0036
1305,Európai részvény eszközalap,2025-09-05,2.525,2.5146,-0.0041
1306,Európai vállalati kötvény eszközalap,2025-09-05,1.3197,1.3235,0.0029
1307,Fejlõdõ piaci részvény ESG eszközalap-D,2025-09-05,1.0601,1.0642,0.0039
1308,Fejlõdõ ázsiai részvény eszközalap,2025-09-05,2.1393,2.1771,0.0177
1309,Fenntartható növekedés részvény eszk.,2025-09-05,3.1009,3.0805,-0.0066
1310,Globális egészségügyi részvény eszk.,2025-09-05,3.2675,3.2883,0.0064
1311,Globális növekedési részvény eszközalap,2025-09-05,2.2048,2.2047,0.0
1312,Kiegyensúlyozott vegyes eszközalap - D,2025-09-05,1.3987,1.4,0.0009
1313,Latin-amerikai részvény eszközalap,2025-09-05,1.1136,1.1292,0.014
1314,Magas kötvény arányú vegyes eszk. - D,2025-09-05,1.0999,1.1023,0.0022
1315,Magas védelmû vegyes eszközalap,2025-09-05,1.0894,1.0879,-0.0013
1316,Nemz. élelmiszeripari cégek rv. ea - D,2025-09-05,3.1998,3.184,-0.0049
1317,Nyersanyagpiaci részvény eszközalap,2025-09-05,1.361,1.3665,0.0041
1318,Presztízs- és luxusmárkák rv. ea.,2025-09-05,3.5738,3.5605,-0.0037
1319,USA részvény eszközalap,2025-09-05,4.4366,4.3942,-0.0096
1320,Ázsia kötvény eszközalap,2025-09-05,2.2318,2.2314,-0.0002
1321,Aktív hozamfigyelõ vegyes eszközalap - D,2025-09-06,0.9397,0.9397,0.0
1322,Euró likviditás eszközalap - D,2025-09-06,0.9255,0.9255,0.0
1323,Európai ingatlancégek részv. eszközalap,2025-09-06,1.805,1.805,0.0
1324,Európai kötvény eszközalap - D,2025-09-06,1.231,1.231,0.0
1325,Európai részvény eszközalap,2025-09-06,2.5146,2.5146,0.0
1326,Európai vállalati kötvény eszközalap,2025-09-06,1.3235,1.3235,0.0
1327,Fejlõdõ piaci részvény ESG eszközalap-D,2025-09-06,1.0642,1.0642,0.0
1328,Fejlõdõ ázsiai részvény eszközalap,2025-09-06,2.1771,2.1771,0.0
1329,Fenntartható növekedés részvény eszk.,2025-09-06,3.0805,3.0805,0.0
1330,Globális egészségügyi részvény eszk.,2025-09-06,3.2883,3.2883,0.0
1331,Globális növekedési részvény eszközalap,2025-09-06,2.2047,2.2047,0.0
1332,Kiegyensúlyozott vegyes eszközalap - D,2025-09-06,1.4,1.4,0.0
1333,Latin-amerikai részvény eszközalap,2025-09-06,1.1292,1.1292,0.0
1334,Magas kötvény arányú vegyes eszk. - D,2025-09-06,1.1023,1.1023,0.0
1335,Magas védelmû vegyes eszközalap,2025-09-06,1.0879,1.0879,0.0
1336,Nemz. élelmiszeripari cégek rv. ea - D,2025-09-06,3.184,3.184,0.0
1337,Nyersanyagpiaci részvény eszközalap,2025-09-06,1.3665,1.3665,0.0
1338,Presztízs- és luxusmárkák rv. ea.,2025-09-06,3.5605,3.5605,0.0
1339,USA részvény eszközalap,2025-09-06,4.3942,4.3942,0.0
1340,Ázsia kötvény eszközalap,2025-09-06,2.2314,2.2314,0.0
1341,Aktív hozamfigyelõ vegyes eszközalap - D,2025-09-07,0.9397,0.9397,0.0
1342,Euró likviditás eszközalap - D,2025-09-07,0.9255,0.9255,0.0
1343,Európai ingatlancégek részv. eszközalap,2025-09-07,1.805,1.805,0.0
1344,Európai kötvény eszközalap - D,2025-09-07,1.231,1.231,0.0
1345,Európai részvény eszközalap,2025-09-07,2.5146,2.5146,0.0
1346,Európai vállalati kötvény eszközalap,2025-09-07,1.3235,1.3235,0.0
1347,Fejlõdõ piaci részvény ESG eszközalap-D,2025-09-07,1.0642,1.0642,0.0
1348,Fejlõdõ ázsiai részvény eszközalap,2025-09-07,2.1771,2.1771,0.0
1349,Fenntartható növekedés részvény eszk.,2025-09-07,3.0805,3.0805,0.0
1350,Globális egészségügyi részvény eszk.,2025-09-07,3.2883,3.2883,0.0
1351,Globális növekedési részvény eszközalap,2025-09-07,2.2047,2.2047,0.0
1352,Kiegyensúlyozott vegyes eszközalap - D,2025-09-07,1.4,1.4,0.0
1353,Latin-amerikai részvény eszközalap,2025-09-07,1.1292,1.1292,0.0
1354,Magas kötvény arányú vegyes eszk. - D,2025-09-07,1.1023,1.1023,0.0
1355,Magas védelmû vegyes eszközalap,2025-09-07,1.0879,1.0879,0.0
1356,Nemz. élelmiszeripari cégek rv. ea - D,2025-09-07,3.184,3.184,0.0
1357,Nyersanyagpiaci részvény eszközalap,2025-09-07,1.3665,1.3665,0.0
1358,Presztízs- és luxusmárkák rv. ea.,2025-09-07,3.5605,3.5605,0.0
1359,USA részvény eszközalap,2025-09-07,4.3942,4.3942,0.0
1360,Ázsia kötvény eszközalap,2025-09-07,2.2314,2.2314,0.0
1361,Aktív hozamfigyelõ vegyes eszközalap - D,2025-09-10,0.9418,0.9424,0.0007
1362,Euró likviditás eszközalap - D,2025-09-10,0.9254,0.9253,-0.0001
1363,Európai ingatlancégek részv. eszközalap,2025-09-10,1.8048,1.799,-0.0032
1364,Európai kötvény eszközalap - D,2025-09-10,1.2315,1.232,0.0004
1365,Európai részvény eszközalap,2025-09-10,2.5404,2.5399,-0.0002
1366,Európai vállalati kötvény eszközalap,2025-09-10,1.3242,1.3249,0.0005
1367,Fejlõdõ piaci részvény ESG eszközalap-D,2025-09-10,1.0865,1.0938,0.0067
1368,Fejlõdõ ázsiai részvény eszközalap,2025-09-10,2.2078,2.2313,0.0107
1369,Fenntartható növekedés részvény eszk.,2025-09-10,3.097,3.0886,-0.0027
1370,Globális egészségügyi részvény eszk.,2025-09-10,3.2799,3.2721,-0.0024
1371,Globális növekedési részvény eszközalap,2025-09-10,2.192,2.1677,-0.0111
1372,Kiegyensúlyozott vegyes eszközalap - D,2025-09-10,1.4026,1.405,0.0017
1373,Latin-amerikai részvény eszközalap,2025-09-10,1.1256,1.1323,0.006
1374,Magas kötvény arányú vegyes eszk. - D,2025-09-10,1.1038,1.105,0.0011
1375,Magas védelmû vegyes eszközalap,2025-09-10,1.0902,1.0896,-0.0006
1376,Nemz. élelmiszeripari cégek rv. ea - D,2025-09-10,3.1713,3.1485,-0.0072
1377,Nyersanyagpiaci részvény eszközalap,2025-09-10,1.3695,1.3666,-0.0021
1378,Presztízs- és luxusmárkák rv. ea.,2025-09-10,3.5496,3.5206,-0.0082
1379,USA részvény eszközalap,2025-09-10,4.4084,4.4377,0.0067
1380,Ázsia kötvény eszközalap,2025-09-10,2.2236,2.2353,0.0053
1381,Aktív hozamfigyelõ vegyes eszközalap - D,2025-09-11,0.9424,0.9453,0.0031
1382,Euró likviditás eszközalap - D,2025-09-11,0.9253,0.9247,-0.0006
1383,Európai ingatlancégek részv. eszközalap,2025-09-11,1.799,1.8036,0.0025
1384,Európai kötvény eszközalap - D,2025-09-11,1.232,1.2317,-0.0002
1385,Európai részvény eszközalap,2025-09-11,2.5399,2.5524,0.0049
1386,Európai vállalati kötvény eszközalap,2025-09-11,1.3249,1.3244,-0.0004
1387,Fejlõdõ piaci részvény ESG eszközalap-D,2025-09-11,1.0938,1.0999,0.0056
1388,Fejlõdõ ázsiai részvény eszközalap,2025-09-11,2.2313,2.2415,0.0046
1389,Fenntartható növekedés részvény eszk.,2025-09-11,3.0886,3.111,0.0073
1390,Globális egészségügyi részvény eszk.,2025-09-11,3.2721,3.2849,0.0039
1391,Globális növekedési részvény eszközalap,2025-09-11,2.1677,2.1938,0.012
1392,Kiegyensúlyozott vegyes eszközalap - D,2025-09-11,1.405,1.4102,0.0037
1393,Latin-amerikai részvény eszközalap,2025-09-11,1.1323,1.1443,0.0106
1394,Magas kötvény arányú vegyes eszk. - D,2025-09-11,1.105,1.1074,0.0021
1395,Magas védelmû vegyes eszközalap,2025-09-11,1.0896,1.0906,0.0009
1396,Nemz. élelmiszeripari cégek rv. ea - D,2025-09-11,3.1485,3.1751,0.0085
1397,Nyersanyagpiaci részvény eszközalap,2025-09-11,1.3666,1.3842,0.0129
1398,Presztízs- és luxusmárkák rv. ea.,2025-09-11,3.5206,3.5611,0.0115
1399,USA részvény eszközalap,2025-09-11,4.4377,4.4758,0.0086
1400,Ázsia kötvény eszközalap,2025-09-11,2.2353,2.2394,0.0018
1401,Aktív hozamfigyelõ vegyes eszközalap - D,2025-09-12,0.9453,0.9432,-0.0023
1402,Euró likviditás eszközalap - D,2025-09-12,0.9247,0.9244,-0.0004
1403,Európai ingatlancégek részv. eszközalap,2025-09-12,1.8036,1.8058,0.0013
1404,Európai kötvény eszközalap - D,2025-09-12,1.2317,1.2286,-0.0025
1405,Európai részvény eszközalap,2025-09-12,2.5524,2.5581,0.0022
1406,Európai vállalati kötvény eszközalap,2025-09-12,1.3244,1.3228,-0.0012
1407,Fejlõdõ piaci részvény ESG eszközalap-D,2025-09-12,1.0999,1.1061,0.0056
1408,Fejlõdõ ázsiai részvény eszközalap,2025-09-12,2.2415,2.2447,0.0014
1409,Fenntartható növekedés részvény eszk.,2025-09-12,3.111,3.1017,-0.003
1410,Globális egészségügyi részvény eszk.,2025-09-12,3.2849,3.2951,0.0031
1411,Globális növekedési részvény eszközalap,2025-09-12,2.1938,2.1785,-0.0069
1412,Kiegyensúlyozott vegyes eszközalap - D,2025-09-12,1.4102,1.4102,0.0
1413,Latin-amerikai részvény eszközalap,2025-09-12,1.1443,1.1442,-0.0001
1414,Magas kötvény arányú vegyes eszk. - D,2025-09-12,1.1074,1.106,-0.0012
1415,Magas védelmû vegyes eszközalap,2025-09-12,1.0906,1.0907,0.0001
1416,Nemz. élelmiszeripari cégek rv. ea - D,2025-09-12,3.1751,3.1632,-0.0037
1417,Nyersanyagpiaci részvény eszközalap,2025-09-12,1.3842,1.3827,-0.0011
1418,Presztízs- és luxusmárkák rv. ea.,2025-09-12,3.5611,3.5514,-0.0027
1419,USA részvény eszközalap,2025-09-12,4.4758,4.4712,-0.001
1420,Ázsia kötvény eszközalap,2025-09-12,2.2394,2.2396,0.0001
1421,Aktív hozamfigyelõ vegyes eszközalap - D,2025-09-13,0.9432,0.9432,0.0
1422,Euró likviditás eszközalap - D,2025-09-13,0.9244,0.9244,0.0
1423,Európai ingatlancégek részv. eszközalap,2025-09-13,1.8058,1.8058,0.0
1424,Európai kötvény eszközalap - D,2025-09-13,1.2286,1.2286,0.0
1425,Európai részvény eszközalap,2025-09-13,2.5581,2.5581,0.0
1426,Európai vállalati kötvény eszközalap,2025-09-13,1.3228,1.3228,0.0
1427,Fejlõdõ piaci részvény ESG eszközalap-D,2025-09-13,1.1061,1.1061,0.0
1428,Fejlõdõ ázsiai részvény eszközalap,2025-09-13,2.2447,2.2447,0.0
1429,Fenntartható növekedés részvény eszk.,2025-09-13,3.1017,3.1017,0.0
1430,Globális egészségügyi részvény eszk.,2025-09-13,3.2951,3.2951,0.0
1431,Globális növekedési részvény eszközalap,2025-09-13,2.1785,2.1785,0.0
1432,Kiegyensúlyozott vegyes eszközalap - D,2025-09-13,1.4102,1.4102,0.0
1433,Latin-amerikai részvény eszközalap,2025-09-13,1.1442,1.1442,0.0
1434,Magas kötvény arányú vegyes eszk. - D,2025-09-13,1.106,1.106,0.0
1435,Magas védelmû vegyes eszközalap,2025-09-13,1.0907,1.0907,0.0
1436,Nemz. élelmiszeripari cégek rv. ea - D,2025-09-13,3.1632,3.1632,0.0
1437,Nyersanyagpiaci részvény eszközalap,2025-09-13,1.3827,1.3827,0.0
1438,Presztízs- és luxusmárkák rv. ea.,2025-09-13,3.5514,3.5514,0.0
1439,USA részvény eszközalap,2025-09-13,4.4712,4.4712,0.0
1440,Ázsia kötvény eszközalap,2025-09-13,2.2396,2.2396,0.0
1441,Aktív hozamfigyelõ vegyes eszközalap - D,2025-09-14,0.9432,0.9432,0.0
1442,Euró likviditás eszközalap - D,2025-09-14,0.9244,0.9244,0.0
1443,Európai ingatlancégek részv. eszközalap,2025-09-14,1.8058,1.8058,0.0
1444,Európai kötvény eszközalap - D,2025-09-14,1.2286,1.2286,0.0
1445,Európai részvény eszközalap,2025-09-14,2.5581,2.5581,0.0
1446,Európai vállalati kötvény eszközalap,2025-09-14,1.3228,1.3228,0.0
1447,Fejlõdõ piaci részvény ESG eszközalap-D,2025-09-14,1.1061,1.1061,0.0
1448,Fejlõdõ ázsiai részvény eszközalap,2025-09-14,2.2447,2.2447,0.0
1449,Fenntartható növekedés részvény eszk.,2025-09-14,3.1017,3.1017,0.0
1450,Globális egészségügyi részvény eszk.,2025-09-14,3.2951,3.2951,0.0
1451,Globális növekedési részvény eszközalap,2025-09-14,2.1785,2.1785,0.0
1452,Kiegyensúlyozott vegyes eszközalap - D,2025-09-14,1.4102,1.4102,0.0
1453,Latin-amerikai részvény eszközalap,2025-09-14,1.1442,1.1442,0.0
1454,Magas kötvény arányú vegyes eszk. - D,2025-09-14,1.106,1.106,0.0
1455,Magas védelmû vegyes eszközalap,2025-09-14,1.0907,1.0907,0.0
1456,Nemz. élelmiszeripari cégek rv. ea - D,2025-09-14,3.1632,3.1632,0.0
1457,Nyersanyagpiaci részvény eszközalap,2025-09-14,1.3827,1.3827,0.0
1458,Presztízs- és luxusmárkák rv. ea.,2025-09-14,3.5514,3.5514,0.0
1459,USA részvény eszközalap,2025-09-14,4.4712,4.4712,0.0
1460,Ázsia kötvény eszközalap,2025-09-14,2.2396,2.2396,0.0
1461,Aktív hozamfigyelõ vegyes eszközalap - D,2025-09-17,0.9424,0.9412,-0.0013
1462,Euró likviditás eszközalap - D,2025-09-17,0.9248,0.9248,0.0
1463,Európai ingatlancégek részv. eszközalap,2025-09-17,1.7945,1.8047,0.0057
1464,Európai kötvény eszközalap - D,2025-09-17,1.23,1.2309,0.0007
1465,Európai részvény eszközalap,2025-09-17,2.5388,2.5393,0.0002
1466,Európai vállalati kötvény eszközalap,2025-09-17,1.3244,1.3246,0.0002
1467,Fejlõdõ piaci részvény ESG eszközalap-D,2025-09-17,1.1122,1.1213,0.0082
1468,Fejlõdõ ázsiai részvény eszközalap,2025-09-17,2.2298,2.2452,0.0069
1469,Fenntartható növekedés részvény eszk.,2025-09-17,3.076,3.0674,-0.0028
1470,Globális egészségügyi részvény eszk.,2025-09-17,3.2434,3.2587,0.0047
1471,Globális növekedési részvény eszközalap,2025-09-17,2.147,2.1423,-0.0022
1472,Kiegyensúlyozott vegyes eszközalap - D,2025-09-17,1.4074,1.4063,-0.0008
1473,Latin-amerikai részvény eszközalap,2025-09-17,1.1506,1.1603,0.0084
1474,Magas kötvény arányú vegyes eszk. - D,2025-09-17,1.1056,1.1056,0.0
1475,Magas védelmû vegyes eszközalap,2025-09-17,1.0899,1.0897,-0.0002
1476,Nemz. élelmiszeripari cégek rv. ea - D,2025-09-17,3.1086,3.1364,0.0089
1477,Nyersanyagpiaci részvény eszközalap,2025-09-17,1.3627,1.3622,-0.0004
1478,Presztízs- és luxusmárkák rv. ea.,2025-09-17,3.5502,3.5582,0.0023
1479,USA részvény eszközalap,2025-09-17,4.4357,4.4335,-0.0005
1480,Ázsia kötvény eszközalap,2025-09-17,2.2278,2.2191,-0.0039
1481,Aktív hozamfigyelõ vegyes eszközalap - D,2025-09-18,0.9412,0.9429,0.0019
1482,Euró likviditás eszközalap - D,2025-09-18,0.9248,0.9247,-0.0001
1483,Európai ingatlancégek részv. eszközalap,2025-09-18,1.8047,1.8028,-0.0011
1484,Európai kötvény eszközalap - D,2025-09-18,1.2309,1.2286,-0.0018
1485,Európai részvény eszközalap,2025-09-18,2.5393,2.5735,0.0135
1486,Európai vállalati kötvény eszközalap,2025-09-18,1.3246,1.3241,-0.0004
1487,Fejlõdõ piaci részvény ESG eszközalap-D,2025-09-18,1.1213,1.1233,0.0018
1488,Fejlõdõ ázsiai részvény eszközalap,2025-09-18,2.2452,2.2549,0.0043
1489,Fenntartható növekedés részvény eszk.,2025-09-18,3.0674,3.0923,0.0081
1490,Globális egészségügyi részvény eszk.,2025-09-18,3.2587,3.2458,-0.004
1491,Globális növekedési részvény eszközalap,2025-09-18,2.1423,2.1724,0.014
1492,Kiegyensúlyozott vegyes eszközalap - D,2025-09-18,1.4063,1.4098,0.0025
1493,Latin-amerikai részvény eszközalap,2025-09-18,1.1603,1.1591,-0.001
1494,Magas kötvény arányú vegyes eszk. - D,2025-09-18,1.1056,1.1058,0.0002
1495,Magas védelmû vegyes eszközalap,2025-09-18,1.0897,1.0937,0.0037
1496,Nemz. élelmiszeripari cégek rv. ea - D,2025-09-18,3.1364,3.1277,-0.0028
1497,Nyersanyagpiaci részvény eszközalap,2025-09-18,1.3622,1.3609,-0.0009
1498,Presztízs- és luxusmárkák rv. ea.,2025-09-18,3.5582,3.5846,0.0074
1499,USA részvény eszközalap,2025-09-18,4.4335,4.4814,0.0108
1500,Ázsia kötvény eszközalap,2025-09-18,2.2191,2.2226,0.0016
1501,Aktív hozamfigyelõ vegyes eszközalap - D,2025-09-19,0.9429,0.9431,0.0002
1502,Euró likviditás eszközalap - D,2025-09-19,0.9247,0.9246,-0.0002
1503,Európai ingatlancégek részv. eszközalap,2025-09-19,1.8028,1.8001,-0.0015
1504,Európai kötvény eszközalap - D,2025-09-19,1.2286,1.2265,-0.0017
1505,Európai részvény eszközalap,2025-09-19,2.5735,2.5758,0.0009
1506,Európai vállalati kötvény eszközalap,2025-09-19,1.3241,1.323,-0.0008
1507,Fejlõdõ piaci részvény ESG eszközalap-D,2025-09-19,1.1233,1.1191,-0.0038
1508,Fejlõdõ ázsiai részvény eszközalap,2025-09-19,2.2549,2.2512,-0.0016
1509,Fenntartható növekedés részvény eszk.,2025-09-19,3.0923,3.1018,0.0031
1510,Globális egészségügyi részvény eszk.,2025-09-19,3.2458,3.2586,0.0039
1511,Globális növekedési részvény eszközalap,2025-09-19,2.1724,2.1714,-0.0005
1512,Kiegyensúlyozott vegyes eszközalap - D,2025-09-19,1.4098,1.4128,0.0022
1513,Latin-amerikai részvény eszközalap,2025-09-19,1.1591,1.1618,0.0023
1514,Magas kötvény arányú vegyes eszk. - D,2025-09-19,1.1058,1.1062,0.0004
1515,Magas védelmû vegyes eszközalap,2025-09-19,1.0937,1.0942,0.0005
1516,Nemz. élelmiszeripari cégek rv. ea - D,2025-09-19,3.1277,3.1176,-0.0032
1517,Nyersanyagpiaci részvény eszközalap,2025-09-19,1.3609,1.3703,0.0069
1518,Presztízs- és luxusmárkák rv. ea.,2025-09-19,3.5846,3.5687,-0.0044
1519,USA részvény eszközalap,2025-09-19,4.4814,4.5125,0.0069
1520,Ázsia kötvény eszközalap,2025-09-19,2.2226,2.2314,0.0039
1521,Aktív hozamfigyelõ vegyes eszközalap - D,2025-09-20,0.9431,0.9431,0.0
1522,Euró likviditás eszközalap - D,2025-09-20,0.9246,0.9246,0.0
1523,Európai ingatlancégek részv. eszközalap,2025-09-20,1.8001,1.8001,0.0
1524,Európai kötvény eszközalap - D,2025-09-20,1.2265,1.2265,0.0
1525,Európai részvény eszközalap,2025-09-20,2.5758,2.5758,0.0
1526,Európai vállalati kötvény eszközalap,2025-09-20,1.323,1.323,0.0
1527,Fejlõdõ piaci részvény ESG eszközalap-D,2025-09-20,1.1191,1.1191,0.0
1528,Fejlõdõ ázsiai részvény eszközalap,2025-09-20,2.2512,2.2512,0.0
1529,Fenntartható növekedés részvény eszk.,2025-09-20,3.1018,3.1018,0.0
1530,Globális egészségügyi részvény eszk.,2025-09-20,3.2586,3.2586,0.0
1531,Globális növekedési részvény eszközalap,2025-09-20,2.1714,2.1714,0.0
1532,Kiegyensúlyozott vegyes eszközalap - D,2025-09-20,1.4128,1.4128,0.0
1533,Latin-amerikai részvény eszközalap,2025-09-20,1.1618,1.1618,0.0
1534,Magas kötvény arányú vegyes eszk. - D,2025-09-20,1.1062,1.1062,0.0
1535,Magas védelmû vegyes eszközalap,2025-09-20,1.0942,1.0942,0.0
1536,Nemz. élelmiszeripari cégek rv. ea - D,2025-09-20,3.1176,3.1176,0.0
1537,Nyersanyagpiaci részvény eszközalap,2025-09-20,1.3703,1.3703,0.0
1538,Presztízs- és luxusmárkák rv. ea.,2025-09-20,3.5687,3.5687,0.0
1539,USA részvény eszközalap,2025-09-20,4.5125,4.5125,0.0
1540,Ázsia kötvény eszközalap,2025-09-20,2.2314,2.2314,0.0
1541,Aktív hozamfigyelõ vegyes eszközalap - D,2025-09-21,0.9431,0.9431,0.0
1542,Euró likviditás eszközalap - D,2025-09-21,0.9246,0.9246,0.0
1543,Európai ingatlancégek részv. eszközalap,2025-09-21,1.8001,1.8001,0.0
1544,Európai kötvény eszközalap - D,2025-09-21,1.2265,1.2265,0.0
1545,Európai részvény eszközalap,2025-09-21,2.5758,2.5758,0.0
1546,Európai vállalati kötvény eszközalap,2025-09-21,1.323,1.323,0.0
1547,Fejlõdõ piaci részvény ESG eszközalap-D,2025-09-21,1.1191,1.1191,0.0
1548,Fejlõdõ ázsiai részvény eszközalap,2025-09-21,2.2512,2.2512,0.0
1549,Fenntartható növekedés részvény eszk.,2025-09-21,3.1018,3.1018,0.0
1550,Globális egészségügyi részvény eszk.,2025-09-21,3.2586,3.2586,0.0
1551,Globális növekedési részvény eszközalap,2025-09-21,2.1714,2.1714,0.0
1552,Kiegyensúlyozott vegyes eszközalap - D,2025-09-21,1.4128,1.4128,0.0
1553,Latin-amerikai részvény eszközalap,2025-09-21,1.1618,1.1618,0.0
1554,Magas kötvény arányú vegyes eszk. - D,2025-09-21,1.1062,1.1062,0.0
1555,Magas védelmû vegyes eszközalap,2025-09-21,1.0942,1.0942,0.0
1556,Nemz. élelmiszeripari cégek rv. ea - D,2025-09-21,3.1176,3.1176,0.0
1557,Nyersanyagpiaci részvény eszközalap,2025-09-21,1.3703,1.3703,0.0
1558,Presztízs- és luxusmárkák rv. ea.,2025-09-21,3.5687,3.5687,0.0
1559,USA részvény eszközalap,2025-09-21,4.5125,4.5125,0.0
1560,Ázsia kötvény eszközalap,2025-09-21,2.2314,2.2314,0.0
1561,Aktív hozamfigyelõ vegyes eszközalap - D,2025-09-24,0.9423,0.9407,-0.0017
1562,Euró likviditás eszközalap - D,2025-09-24,0.9246,0.9246,0.0
1563,Európai ingatlancégek részv. eszközalap,2025-09-24,1.7961,1.7965,0.0002
1564,Európai kötvény eszközalap - D,2025-09-24,1.2264,1.2262,-0.0001
1565,Európai részvény eszközalap,2025-09-24,2.5789,2.5786,-0.0001
1566,Európai vállalati kötvény eszközalap,2025-09-24,1.3234,1.3235,0.0001
1567,Fejlõdõ piaci részvény ESG eszközalap-D,2025-09-24,1.1168,1.1178,0.0009
1568,Fejlõdõ ázsiai részvény eszközalap,2025-09-24,2.2562,2.2635,0.0033
1569,Fenntartható növekedés részvény eszk.,2025-09-24,3.0826,3.076,-0.0021
1570,Globális egészségügyi részvény eszk.,2025-09-24,3.266,3.2426,-0.0072
1571,Globális növekedési részvény eszközalap,2025-09-24,2.1597,2.1568,-0.0013
1572,Kiegyensúlyozott vegyes eszközalap - D,2025-09-24,1.4126,1.4107,-0.0013
1573,Latin-amerikai részvény eszközalap,2025-09-24,1.1784,1.1699,-0.0072
1574,Magas kötvény arányú vegyes eszk. - D,2025-09-24,1.1059,1.1051,-0.0007
1575,Magas védelmû vegyes eszközalap,2025-09-24,1.0949,1.0945,-0.0004
1576,Nemz. élelmiszeripari cégek rv. ea - D,2025-09-24,3.0702,3.0967,0.0086
1577,Nyersanyagpiaci részvény eszközalap,2025-09-24,1.3804,1.3755,-0.0035
1578,Presztízs- és luxusmárkák rv. ea.,2025-09-24,3.6078,3.5638,-0.0122
1579,USA részvény eszközalap,2025-09-24,4.4931,4.5007,0.0017
1580,Ázsia kötvény eszközalap,2025-09-24,2.2232,2.2307,0.0034
1581,Aktív hozamfigyelõ vegyes eszközalap - D,2025-09-25,0.9407,0.9389,-0.0019
1582,Euró likviditás eszközalap - D,2025-09-25,0.9246,0.9243,-0.0004
1583,Európai ingatlancégek részv. eszközalap,2025-09-25,1.7965,1.7745,-0.0122
1584,Európai kötvény eszközalap - D,2025-09-25,1.2262,1.2244,-0.0015
1585,Európai részvény eszközalap,2025-09-25,2.5786,2.5688,-0.0038
1586,Európai vállalati kötvény eszközalap,2025-09-25,1.3235,1.3216,-0.0014
1587,Fejlõdõ piaci részvény ESG eszközalap-D,2025-09-25,1.1178,1.1178,0.0
1588,Fejlõdõ ázsiai részvény eszközalap,2025-09-25,2.2635,2.2515,-0.0053
1589,Fenntartható növekedés részvény eszk.,2025-09-25,3.076,3.0766,0.0002
1590,Globális egészségügyi részvény eszk.,2025-09-25,3.2426,3.2141,-0.0088
1591,Globális növekedési részvény eszközalap,2025-09-25,2.1568,2.1554,-0.0007
1592,Kiegyensúlyozott vegyes eszközalap - D,2025-09-25,1.4107,1.4087,-0.0015
1593,Latin-amerikai részvény eszközalap,2025-09-25,1.1699,1.1692,-0.0006
1594,Magas kötvény arányú vegyes eszk. - D,2025-09-25,1.1051,1.1035,-0.0015
1595,Magas védelmû vegyes eszközalap,2025-09-25,1.0945,1.0929,-0.0014
1596,Nemz. élelmiszeripari cégek rv. ea - D,2025-09-25,3.0967,3.0973,0.0002
1597,Nyersanyagpiaci részvény eszközalap,2025-09-25,1.3755,1.3713,-0.003
1598,Presztízs- és luxusmárkák rv. ea.,2025-09-25,3.5638,3.5289,-0.0098
1599,USA részvény eszközalap,2025-09-25,4.5007,4.5003,-0.0001
1600,Ázsia kötvény eszközalap,2025-09-25,2.2307,2.2352,0.002
1601,Aktív hozamfigyelõ vegyes eszközalap - D,2025-09-26,0.9389,0.9412,0.0024
1602,Euró likviditás eszközalap - D,2025-09-26,0.9243,0.9244,0.0002
1603,Európai ingatlancégek részv. eszközalap,2025-09-26,1.7745,1.7881,0.0077
1604,Európai kötvény eszközalap - D,2025-09-26,1.2244,1.2263,0.0016
1605,Európai részvény eszközalap,2025-09-26,2.5688,2.5933,0.0095
1606,Európai vállalati kötvény eszközalap,2025-09-26,1.3216,1.3227,0.0008
1607,Fejlõdõ piaci részvény ESG eszközalap-D,2025-09-26,1.1178,1.1094,-0.0075
1608,Fejlõdõ ázsiai részvény eszközalap,2025-09-26,2.2515,2.2424,-0.004
1609,Fenntartható növekedés részvény eszk.,2025-09-26,3.0766,3.0968,0.0066
1610,Globális egészségügyi részvény eszk.,2025-09-26,3.2141,3.2089,-0.0016
1611,Globális növekedési részvény eszközalap,2025-09-26,2.1554,2.1666,0.0052
1612,Kiegyensúlyozott vegyes eszközalap - D,2025-09-26,1.4087,1.4114,0.002
1613,Latin-amerikai részvény eszközalap,2025-09-26,1.1692,1.1682,-0.0009
1614,Magas kötvény arányú vegyes eszk. - D,2025-09-26,1.1035,1.1053,0.0016
1615,Magas védelmû vegyes eszközalap,2025-09-26,1.0929,1.096,0.0028
1616,Nemz. élelmiszeripari cégek rv. ea - D,2025-09-26,3.0973,3.0852,-0.0039
1617,Nyersanyagpiaci részvény eszközalap,2025-09-26,1.3713,1.3735,0.0016
1618,Presztízs- és luxusmárkák rv. ea.,2025-09-26,3.5289,3.5543,0.0072
1619,USA részvény eszközalap,2025-09-26,4.5003,4.519,0.0041
1620,Ázsia kötvény eszközalap,2025-09-26,2.2352,2.2441,0.004
1621,Aktív hozamfigyelõ vegyes eszközalap - D,2025-09-27,0.9412,0.9412,0.0
1622,Euró likviditás eszközalap - D,2025-09-27,0.9244,0.9244,0.0
1623,Európai ingatlancégek részv. eszközalap,2025-09-27,1.7881,1.7881,0.0
1624,Európai kötvény eszközalap - D,2025-09-27,1.2263,1.2263,0.0
1625,Európai részvény eszközalap,2025-09-27,2.5933,2.5933,0.0
1626,Európai vállalati kötvény eszközalap,2025-09-27,1.3227,1.3227,0.0
1627,Fejlõdõ piaci részvény ESG eszközalap-D,2025-09-27,1.1094,1.1094,0.0
1628,Fejlõdõ ázsiai részvény eszközalap,2025-09-27,2.2424,2.2424,0.0
1629,Fenntartható növekedés részvény eszk.,2025-09-27,3.0968,3.0968,0.0
1630,Globális egészségügyi részvény eszk.,2025-09-27,3.2089,3.2089,0.0
1631,Globális növekedési részvény eszközalap,2025-09-27,2.1666,2.1666,0.0
1632,Kiegyensúlyozott vegyes eszközalap - D,2025-09-27,1.4114,1.4114,0.0
1633,Latin-amerikai részvény eszközalap,2025-09-27,1.1682,1.1682,0.0
1634,Magas kötvény arányú vegyes eszk. - D,2025-09-27,1.1053,1.1053,0.0
1635,Magas védelmû vegyes eszközalap,2025-09-27,1.096,1.096,0.0
1636,Nemz. élelmiszeripari cégek rv. ea - D,2025-09-27,3.0852,3.0852,0.0
1637,Nyersanyagpiaci részvény eszközalap,2025-09-27,1.3735,1.3735,0.0
1638,Presztízs- és luxusmárkák rv. ea.,2025-09-27,3.5543,3.5543,0.0
1639,USA részvény eszközalap,2025-09-27,4.519,4.519,0.0
1640,Ázsia kötvény eszközalap,2025-09-27,2.2441,2.2441,0.0
1641,Aktív hozamfigyelõ vegyes eszközalap - D,2025-09-28,0.9412,0.9412,0.0
1642,Euró likviditás eszközalap - D,2025-09-28,0.9244,0.9244,0.0
1643,Európai ingatlancégek részv. eszközalap,2025-09-28,1.7881,1.7881,0.0
1644,Európai kötvény eszközalap - D,2025-09-28,1.2263,1.2263,0.0
1645,Európai részvény eszközalap,2025-09-28,2.5933,2.5933,0.0
1646,Európai vállalati kötvény eszközalap,2025-09-28,1.3227,1.3227,0.0
1647,Fejlõdõ piaci részvény ESG eszközalap-D,2025-09-28,1.1094,1.1094,0.0
1648,Fejlõdõ ázsiai részvény eszközalap,2025-09-28,2.2424,2.2424,0.0
1649,Fenntartható növekedés részvény eszk.,2025-09-28,3.0968,3.0968,0.0
1650,Globális egészségügyi részvény eszk.,2025-09-28,3.2089,3.2089,0.0
1651,Globális növekedési részvény eszközalap,2025-09-28,2.1666,2.1666,0.0
1652,Kiegyensúlyozott vegyes eszközalap - D,2025-09-28,1.4114,1.4114,0.0
1653,Latin-amerikai részvény eszközalap,2025-09-28,1.1682,1.1682,0.0
1654,Magas kötvény arányú vegyes eszk. - D,2025-09-28,1.1053,1.1053,0.0
1655,Magas védelmû vegyes eszközalap,2025-09-28,1.096,1.096,0.0
1656,Nemz. élelmiszeripari cégek rv. ea - D,2025-09-28,3.0852,3.0852,0.0
1657,Nyersanyagpiaci részvény eszközalap,2025-09-28,1.3735,1.3735,0.0
1658,Presztízs- és luxusmárkák rv. ea.,2025-09-28,3.5543,3.5543,0.0
1659,USA részvény eszközalap,2025-09-28,4.519,4.519,0.0
1660,Ázsia kötvény eszközalap,2025-09-28,2.2441,2.2441,0.0
1661,Aktív hozamfigyelõ vegyes eszközalap - D,2025-10-01,0.9438,0.9467,0.0031
1662,Euró likviditás eszközalap - D,2025-10-01,0.9248,0.925,0.0003
1663,Európai ingatlancégek részv. eszközalap,2025-10-01,1.8179,1.8212,0.0019
1664,Európai kötvény eszközalap - D,2025-10-01,1.2295,1.2303,0.0007
1665,Európai részvény eszközalap,2025-10-01,2.6147,2.6434,0.011
1666,Európai vállalati kötvény eszközalap,2025-10-01,1.3246,1.3251,0.0004
1667,Fejlõdõ piaci részvény ESG eszközalap-D,2025-10-01,1.1207,1.1299,0.0082
1668,Fejlõdõ ázsiai részvény eszközalap,2025-10-01,2.2869,2.2868,0.0
1669,Fenntartható növekedés részvény eszk.,2025-10-01,3.1052,3.1296,0.0079
1670,Globális egészségügyi részvény eszk.,2025-10-01,3.2526,3.3512,0.0303
1671,Globális növekedési részvény eszközalap,2025-10-01,2.1777,2.1739,-0.0017
1672,Kiegyensúlyozott vegyes eszközalap - D,2025-10-01,1.417,1.421,0.0028
1673,Latin-amerikai részvény eszközalap,2025-10-01,1.1727,1.1591,-0.0116
1674,Magas kötvény arányú vegyes eszk. - D,2025-10-01,1.109,1.1107,0.0016
1675,Magas védelmû vegyes eszközalap,2025-10-01,1.0974,1.1005,0.0028
1676,Nemz. élelmiszeripari cégek rv. ea - D,2025-10-01,3.097,3.0855,-0.0037
1677,Nyersanyagpiaci részvény eszközalap,2025-10-01,1.3861,1.3929,0.0049
1678,Presztízs- és luxusmárkák rv. ea.,2025-10-01,3.5746,3.5893,0.0041
1679,USA részvény eszközalap,2025-10-01,4.521,4.5373,0.0036
1680,Ázsia kötvény eszközalap,2025-10-01,2.2334,2.2345,0.0005
1681,Aktív hozamfigyelõ vegyes eszközalap - D,2025-10-02,0.9467,0.9488,0.0022
1682,Euró likviditás eszközalap - D,2025-10-02,0.925,0.9251,0.0001
1683,Európai ingatlancégek részv. eszközalap,2025-10-02,1.8212,1.8125,-0.0048
1684,Európai kötvény eszközalap - D,2025-10-02,1.2303,1.2307,0.0003
1685,Európai részvény eszközalap,2025-10-02,2.6434,2.6681,0.0093
1686,Európai vállalati kötvény eszközalap,2025-10-02,1.3251,1.3261,0.0008
1687,Fejlõdõ piaci részvény ESG eszközalap-D,2025-10-02,1.1299,1.135,0.0045
1688,Fejlõdõ ázsiai részvény eszközalap,2025-10-02,2.2868,2.3136,0.0117
1689,Fenntartható növekedés részvény eszk.,2025-10-02,3.1296,3.1485,0.006
1690,Globális egészségügyi részvény eszk.,2025-10-02,3.3512,3.3875,0.0108
1691,Globális növekedési részvény eszközalap,2025-10-02,2.1739,2.1806,0.0031
1692,Kiegyensúlyozott vegyes eszközalap - D,2025-10-02,1.421,1.4252,0.0029
1693,Latin-amerikai részvény eszközalap,2025-10-02,1.1591,1.1439,-0.0131
1694,Magas kötvény arányú vegyes eszk. - D,2025-10-02,1.1107,1.1127,0.0018
1695,Magas védelmû vegyes eszközalap,2025-10-02,1.1005,1.1035,0.0028
1696,Nemz. élelmiszeripari cégek rv. ea - D,2025-10-02,3.0855,3.089,0.0011
1697,Nyersanyagpiaci részvény eszközalap,2025-10-02,1.3929,1.3885,-0.0032
1698,Presztízs- és luxusmárkák rv. ea.,2025-10-02,3.5893,3.6316,0.0118
1699,USA részvény eszközalap,2025-10-02,4.5373,4.5498,0.0028
1700,Ázsia kötvény eszközalap,2025-10-02,2.2345,2.2379,0.0015
1701,Aktív hozamfigyelõ vegyes eszközalap - D,2025-10-03,0.9488,0.9493,0.0006
1702,Euró likviditás eszközalap - D,2025-10-03,0.9251,0.925,-0.0001
1703,Európai ingatlancégek részv. eszközalap,2025-10-03,1.8125,1.8227,0.0056
1704,Európai kötvény eszközalap - D,2025-10-03,1.2307,1.2311,0.0003
1705,Európai részvény eszközalap,2025-10-03,2.6681,2.6723,0.0016
1706,Európai vállalati kötvény eszközalap,2025-10-03,1.3261,1.3265,0.0003
1707,Fejlõdõ piaci részvény ESG eszközalap-D,2025-10-03,1.135,1.1392,0.0037
1708,Fejlõdõ ázsiai részvény eszközalap,2025-10-03,2.3136,2.321,0.0032
1709,Fenntartható növekedés részvény eszk.,2025-10-03,3.1485,3.1576,0.0029
1710,Globális egészségügyi részvény eszk.,2025-10-03,3.3875,3.4054,0.0053
1711,Globális növekedési részvény eszközalap,2025-10-03,2.1806,2.1867,0.0028
1712,Kiegyensúlyozott vegyes eszközalap - D,2025-10-03,1.4252,1.4264,0.0009
1713,Latin-amerikai részvény eszközalap,2025-10-03,1.1439,1.1423,-0.0014
1714,Magas kötvény arányú vegyes eszk. - D,2025-10-03,1.1127,1.1133,0.0006
1715,Magas védelmû vegyes eszközalap,2025-10-03,1.1035,1.1035,-0.0001
1716,Nemz. élelmiszeripari cégek rv. ea - D,2025-10-03,3.089,3.0843,-0.0015
1717,Nyersanyagpiaci részvény eszközalap,2025-10-03,1.3885,1.3963,0.0057
1718,Presztízs- és luxusmárkák rv. ea.,2025-10-03,3.6316,3.6291,-0.0007
1719,USA részvény eszközalap,2025-10-03,4.5498,4.5361,-0.003
1720,Ázsia kötvény eszközalap,2025-10-03,2.2379,2.2416,0.0017
1721,Aktív hozamfigyelõ vegyes eszközalap - D,2025-10-04,0.9493,0.9493,0.0
1722,Euró likviditás eszközalap - D,2025-10-04,0.925,0.925,0.0
1723,Európai ingatlancégek részv. eszközalap,2025-10-04,1.8227,1.8227,0.0
1724,Európai kötvény eszközalap - D,2025-10-04,1.2311,1.2311,0.0
1725,Európai részvény eszközalap,2025-10-04,2.6723,2.6723,0.0
1726,Európai vállalati kötvény eszközalap,2025-10-04,1.3265,1.3265,0.0
1727,Fejlõdõ piaci részvény ESG eszközalap-D,2025-10-04,1.1392,1.1392,0.0
1728,Fejlõdõ ázsiai részvény eszközalap,2025-10-04,2.321,2.321,0.0
1729,Fenntartható növekedés részvény eszk.,2025-10-04,3.1576,3.1576,0.0
1730,Globális egészségügyi részvény eszk.,2025-10-04,3.4054,3.4054,0.0
1731,Globális növekedési részvény eszközalap,2025-10-04,2.1867,2.1867,0.0
1732,Kiegyensúlyozott vegyes eszközalap - D,2025-10-04,1.4264,1.4264,0.0
1733,Latin-amerikai részvény eszközalap,2025-10-04,1.1423,1.1423,0.0
1734,Magas kötvény arányú vegyes eszk. - D,2025-10-04,1.1133,1.1133,0.0
1735,Magas védelmû vegyes eszközalap,2025-10-04,1.1035,1.1035,0.0
1736,Nemz. élelmiszeripari cégek rv. ea - D,2025-10-04,3.0843,3.0843,0.0
1737,Nyersanyagpiaci részvény eszközalap,2025-10-04,1.3963,1.3963,0.0
1738,Presztízs- és luxusmárkák rv. ea.,2025-10-04,3.6291,3.6291,0.0
1739,USA részvény eszközalap,2025-10-04,4.5361,4.5361,0.0
1740,Ázsia kötvény eszközalap,2025-10-04,2.2416,2.2416,0.0
1741,Aktív hozamfigyelõ vegyes eszközalap - D,2025-10-05,0.9493,0.9493,0.0
1742,Euró likviditás eszközalap - D,2025-10-05,0.925,0.925,0.0
1743,Európai ingatlancégek részv. eszközalap,2025-10-05,1.8227,1.8227,0.0
1744,Európai kötvény eszközalap - D,2025-10-05,1.2311,1.2311,0.0
1745,Európai részvény eszközalap,2025-10-05,2.6723,2.6723,0.0
1746,Európai vállalati kötvény eszközalap,2025-10-05,1.3265,1.3265,0.0
1747,Fejlõdõ piaci részvény ESG eszközalap-D,2025-10-05,1.1392,1.1392,0.0
1748,Fejlõdõ ázsiai részvény eszközalap,2025-10-05,2.321,2.321,0.0
1749,Fenntartható növekedés részvény eszk.,2025-10-05,3.1576,3.1576,0.0
1750,Globális egészségügyi részvény eszk.,2025-10-05,3.4054,3.4054,0.0
1751,Globális növekedési részvény eszközalap,2025-10-05,2.1867,2.1867,0.0
1752,Kiegyensúlyozott vegyes eszközalap - D,2025-10-05,1.4264,1.4264,0.0
1753,Latin-amerikai részvény eszközalap,2025-10-05,1.1423,1.1423,0.0
1754,Magas kötvény arányú vegyes eszk. - D,2025-10-05,1.1133,1.1133,0.0
1755,Magas védelmû vegyes eszközalap,2025-10-05,1.1035,1.1035,0.0
1756,Nemz. élelmiszeripari cégek rv. ea - D,2025-10-05,3.0843,3.0843,0.0
1757,Nyersanyagpiaci részvény eszközalap,2025-10-05,1.3963,1.3963,0.0
1758,Presztízs- és luxusmárkák rv. ea.,2025-10-05,3.6291,3.6291,0.0
1759,USA részvény eszközalap,2025-10-05,4.5361,4.5361,0.0
1760,Ázsia kötvény eszközalap,2025-10-05,2.2416,2.2416,0.0
1761,Aktív hozamfigyelõ vegyes eszközalap - D,2025-10-08,0.9488,0.9515,0.0029
1762,Euró likviditás eszközalap - D,2025-10-08,0.925,0.9255,0.0005
1763,Európai ingatlancégek részv. eszközalap,2025-10-08,1.8055,1.7948,-0.0059
1764,Európai kötvény eszközalap - D,2025-10-08,1.2297,1.2329,0.0026
1765,Európai részvény eszközalap,2025-10-08,2.655,2.6677,0.0048
1766,Európai vállalati kötvény eszközalap,2025-10-08,1.3262,1.328,0.0014
1767,Fejlõdõ piaci részvény ESG eszközalap-D,2025-10-08,1.1401,1.1473,0.0064
1768,Fejlõdõ ázsiai részvény eszközalap,2025-10-08,2.3208,2.3401,0.0083
1769,Fenntartható növekedés részvény eszk.,2025-10-08,3.1684,3.1933,0.0079
1770,Globális egészségügyi részvény eszk.,2025-10-08,3.4051,3.4179,0.0038
1771,Globális növekedési részvény eszközalap,2025-10-08,2.1869,2.2101,0.0106
1772,Kiegyensúlyozott vegyes eszközalap - D,2025-10-08,1.4284,1.434,0.0039
1773,Latin-amerikai részvény eszközalap,2025-10-08,1.1403,1.1471,0.006
1774,Magas kötvény arányú vegyes eszk. - D,2025-10-08,1.1134,1.117,0.0033
1775,Magas védelmû vegyes eszközalap,2025-10-08,1.1016,1.1036,0.0018
1776,Nemz. élelmiszeripari cégek rv. ea - D,2025-10-08,3.0965,3.1058,0.003
1777,Nyersanyagpiaci részvény eszközalap,2025-10-08,1.4028,1.4124,0.0069
1778,Presztízs- és luxusmárkák rv. ea.,2025-10-08,3.6319,3.6749,0.0118
1779,USA részvény eszközalap,2025-10-08,4.5499,4.5925,0.0094
1780,Ázsia kötvény eszközalap,2025-10-08,2.254,2.267,0.0058
1781,Aktív hozamfigyelõ vegyes eszközalap - D,2025-10-09,0.9515,0.9503,-0.0013
1782,Euró likviditás eszközalap - D,2025-10-09,0.9255,0.9253,-0.0002
1783,Európai ingatlancégek részv. eszközalap,2025-10-09,1.7948,1.7974,0.0015
1784,Európai kötvény eszközalap - D,2025-10-09,1.2329,1.2315,-0.0011
1785,Európai részvény eszközalap,2025-10-09,2.6677,2.6637,-0.0015
1786,Európai vállalati kötvény eszközalap,2025-10-09,1.328,1.3267,-0.001
1787,Fejlõdõ piaci részvény ESG eszközalap-D,2025-10-09,1.1473,1.1493,0.0018
1788,Fejlõdõ ázsiai részvény eszközalap,2025-10-09,2.3401,2.3622,0.0094
1789,Fenntartható növekedés részvény eszk.,2025-10-09,3.1933,3.192,-0.0004
1790,Globális egészségügyi részvény eszk.,2025-10-09,3.4179,3.4281,0.003
1791,Globális növekedési részvény eszközalap,2025-10-09,2.2101,2.1989,-0.005
1792,Kiegyensúlyozott vegyes eszközalap - D,2025-10-09,1.434,1.4346,0.0004
1793,Latin-amerikai részvény eszközalap,2025-10-09,1.1471,1.1515,0.0038
1794,Magas kötvény arányú vegyes eszk. - D,2025-10-09,1.117,1.1166,-0.0004
1795,Magas védelmû vegyes eszközalap,2025-10-09,1.1036,1.1024,-0.0011
1796,Nemz. élelmiszeripari cégek rv. ea - D,2025-10-09,3.1058,3.1228,0.0055
1797,Nyersanyagpiaci részvény eszközalap,2025-10-09,1.4124,1.4082,-0.003
1798,Presztízs- és luxusmárkák rv. ea.,2025-10-09,3.6749,3.5899,-0.0231
1799,USA részvény eszközalap,2025-10-09,4.5925,4.598,0.0012
1800,Ázsia kötvény eszközalap,2025-10-09,2.267,2.2676,0.0003
1801,Aktív hozamfigyelõ vegyes eszközalap - D,2025-10-10,0.9503,0.9447,-0.0059
1802,Euró likviditás eszközalap - D,2025-10-10,0.9253,0.926,0.0007
1803,Európai ingatlancégek részv. eszközalap,2025-10-10,1.7974,1.8023,0.0027
1804,Európai kötvény eszközalap - D,2025-10-10,1.2315,1.2355,0.0032
1805,Európai részvény eszközalap,2025-10-10,2.6637,2.6249,-0.0146
1806,Európai vállalati kötvény eszközalap,2025-10-10,1.3267,1.3281,0.001
1807,Fejlõdõ piaci részvény ESG eszközalap-D,2025-10-10,1.1493,1.12,-0.0255
1808,Fejlõdõ ázsiai részvény eszközalap,2025-10-10,2.3622,2.3621,0.0
1809,Fenntartható növekedés részvény eszk.,2025-10-10,3.192,3.1252,-0.0209
1810,Globális egészségügyi részvény eszk.,2025-10-10,3.4281,3.4022,-0.0076
1811,Globális növekedési részvény eszközalap,2025-10-10,2.1989,2.165,-0.0154
1812,Kiegyensúlyozott vegyes eszközalap - D,2025-10-10,1.4346,1.4252,-0.0066
1813,Latin-amerikai részvény eszközalap,2025-10-10,1.1515,1.1191,-0.0282
1814,Magas kötvény arányú vegyes eszk. - D,2025-10-10,1.1166,1.1143,-0.002
1815,Magas védelmû vegyes eszközalap,2025-10-10,1.1024,1.0978,-0.0042
1816,Nemz. élelmiszeripari cégek rv. ea - D,2025-10-10,3.1228,3.1349,0.0039
1817,Nyersanyagpiaci részvény eszközalap,2025-10-10,1.4082,1.3839,-0.0173
1818,Presztízs- és luxusmárkák rv. ea.,2025-10-10,3.5899,3.5003,-0.025
1819,USA részvény eszközalap,2025-10-10,4.598,4.4804,-0.0256
1820,Ázsia kötvény eszközalap,2025-10-10,2.2676,2.2742,0.0029
1821,Aktív hozamfigyelõ vegyes eszközalap - D,2025-10-11,0.9447,0.9447,0.0
1822,Euró likviditás eszközalap - D,2025-10-11,0.926,0.926,0.0
1823,Európai ingatlancégek részv. eszközalap,2025-10-11,1.8023,1.8023,0.0
1824,Európai kötvény eszközalap - D,2025-10-11,1.2355,1.2355,0.0
1825,Európai részvény eszközalap,2025-10-11,2.6249,2.6249,0.0
1826,Európai vállalati kötvény eszközalap,2025-10-11,1.3281,1.3281,0.0
1827,Fejlõdõ piaci részvény ESG eszközalap-D,2025-10-11,1.12,1.12,0.0
1828,Fejlõdõ ázsiai részvény eszközalap,2025-10-11,2.3621,2.3621,0.0
1829,Fenntartható növekedés részvény eszk.,2025-10-11,3.1252,3.1252,0.0
1830,Globális egészségügyi részvény eszk.,2025-10-11,3.4022,3.4022,0.0
1831,Globális növekedési részvény eszközalap,2025-10-11,2.165,2.165,0.0
1832,Kiegyensúlyozott vegyes eszközalap - D,2025-10-11,1.4252,1.4252,0.0
1833,Latin-amerikai részvény eszközalap,2025-10-11,1.1191,1.1191,0.0
1834,Magas kötvény arányú vegyes eszk. - D,2025-10-11,1.1143,1.1143,0.0
1835,Magas védelmû vegyes eszközalap,2025-10-11,1.0978,1.0978,0.0
1836,Nemz. élelmiszeripari cégek rv. ea - D,2025-10-11,3.1349,3.1349,0.0
1837,Nyersanyagpiaci részvény eszközalap,2025-10-11,1.3839,1.3839,0.0
1838,Presztízs- és luxusmárkák rv. ea.,2025-10-11,3.5003,3.5003,0.0
1839,USA részvény eszközalap,2025-10-11,4.4804,4.4804,0.0
1840,Ázsia kötvény eszközalap,2025-10-11,2.2742,2.2742,0.0
1841,Aktív hozamfigyelõ vegyes eszközalap - D,2025-10-12,0.9447,0.9447,0.0
1842,Euró likviditás eszközalap - D,2025-10-12,0.926,0.926,0.0
1843,Európai ingatlancégek részv. eszközalap,2025-10-12,1.8023,1.8023,0.0
1844,Európai kötvény eszközalap - D,2025-10-12,1.2355,1.2355,0.0
1845,Európai részvény eszközalap,2025-10-12,2.6249,2.6249,0.0
1846,Európai vállalati kötvény eszközalap,2025-10-12,1.3281,1.3281,0.0
1847,Fejlõdõ piaci részvény ESG eszközalap-D,2025-10-12,1.12,1.12,0.0
1848,Fejlõdõ ázsiai részvény eszközalap,2025-10-12,2.3621,2.3621,0.0
1849,Fenntartható növekedés részvény eszk.,2025-10-12,3.1252,3.1252,0.0
1850,Globális egészségügyi részvény eszk.,2025-10-12,3.4022,3.4022,0.0
1851,Globális növekedési részvény eszközalap,2025-10-12,2.165,2.165,0.0
1852,Kiegyensúlyozott vegyes eszközalap - D,2025-10-12,1.4252,1.4252,0.0
1853,Latin-amerikai részvény eszközalap,2025-10-12,1.1191,1.1191,0.0
1854,Magas kötvény arányú vegyes eszk. - D,2025-10-12,1.1143,1.1143,0.0
1855,Magas védelmû vegyes eszközalap,2025-10-12,1.0978,1.0978,0.0
1856,Nemz. élelmiszeripari cégek rv. ea - D,2025-10-12,3.1349,3.1349,0.0
1857,Nyersanyagpiaci részvény eszközalap,2025-10-12,1.3839,1.3839,0.0
1858,Presztízs- és luxusmárkák rv. ea.,2025-10-12,3.5003,3.5003,0.0
1859,USA részvény eszközalap,2025-10-12,4.4804,4.4804,0.0
1860,Ázsia kötvény eszközalap,2025-10-12,2.2742,2.2742,0.0
1861,Aktív hozamfigyelõ vegyes eszközalap - D,2025-10-15,0.9482,0.9507,0.0026
1862,Euró likviditás eszközalap - D,2025-10-15,0.9266,0.9271,0.0006
1863,Európai ingatlancégek részv. eszközalap,2025-10-15,1.8496,1.8529,0.0018
1864,Európai kötvény eszközalap - D,2025-10-15,1.2385,1.2424,0.0031
1865,Európai részvény eszközalap,2025-10-15,2.6361,2.6516,0.0059
1866,Európai vállalati kötvény eszközalap,2025-10-15,1.3291,1.3335,0.0033
1867,Fejlõdõ piaci részvény ESG eszközalap-D,2025-10-15,1.1201,1.1337,0.0121
1868,Fejlõdõ ázsiai részvény eszközalap,2025-10-15,2.2848,2.3493,0.0282
1869,Fenntartható növekedés részvény eszk.,2025-10-15,3.148,3.153,0.0016
1870,Globális egészségügyi részvény eszk.,2025-10-15,3.3556,3.3786,0.0069
1871,Globális növekedési részvény eszközalap,2025-10-15,2.1723,2.1667,-0.0026
1872,Kiegyensúlyozott vegyes eszközalap - D,2025-10-15,1.4241,1.4312,0.005
1873,Latin-amerikai részvény eszközalap,2025-10-15,1.1298,1.1397,0.0088
1874,Magas kötvény arányú vegyes eszk. - D,2025-10-15,1.1152,1.1198,0.0041
1875,Magas védelmû vegyes eszközalap,2025-10-15,1.0987,1.1014,0.0024
1876,Nemz. élelmiszeripari cégek rv. ea - D,2025-10-15,3.137,3.1642,0.0087
1877,Nyersanyagpiaci részvény eszközalap,2025-10-15,1.4052,1.4144,0.0066
1878,Presztízs- és luxusmárkák rv. ea.,2025-10-15,3.4974,3.6092,0.032
1879,USA részvény eszközalap,2025-10-15,4.543,4.5497,0.0015
1880,Ázsia kötvény eszközalap,2025-10-15,2.2794,2.2644,-0.0066
1881,Aktív hozamfigyelõ vegyes eszközalap - D,2025-10-16,0.9507,0.9501,-0.0006
1882,Euró likviditás eszközalap - D,2025-10-16,0.9271,0.9271,0.0
1883,Európai ingatlancégek részv. eszközalap,2025-10-16,1.8529,1.8687,0.0085
1884,Európai kötvény eszközalap - D,2025-10-16,1.2424,1.242,-0.0003
1885,Európai részvény eszközalap,2025-10-16,2.6516,2.668,0.0062
1886,Európai vállalati kötvény eszközalap,2025-10-16,1.3335,1.3328,-0.0005
1887,Fejlõdõ piaci részvény ESG eszközalap-D,2025-10-16,1.1337,1.1389,0.0046
1888,Fejlõdõ ázsiai részvény eszközalap,2025-10-16,2.3493,2.3449,-0.0019
1889,Fenntartható növekedés részvény eszk.,2025-10-16,3.153,3.1273,-0.0082
1890,Globális egészségügyi részvény eszk.,2025-10-16,3.3786,3.3992,0.0061
1891,Globális növekedési részvény eszközalap,2025-10-16,2.1667,2.158,-0.004
1892,Kiegyensúlyozott vegyes eszközalap - D,2025-10-16,1.4312,1.4294,-0.0013
1893,Latin-amerikai részvény eszközalap,2025-10-16,1.1397,1.1522,0.011
1894,Magas kötvény arányú vegyes eszk. - D,2025-10-16,1.1198,1.1189,-0.0007
1895,Magas védelmû vegyes eszközalap,2025-10-16,1.1014,1.1029,0.0013
1896,Nemz. élelmiszeripari cégek rv. ea - D,2025-10-16,3.1642,3.1813,0.0054
1897,Nyersanyagpiaci részvény eszközalap,2025-10-16,1.4144,1.4173,0.002
1898,Presztízs- és luxusmárkák rv. ea.,2025-10-16,3.6092,3.6208,0.0032
1899,USA részvény eszközalap,2025-10-16,4.5497,4.5035,-0.0102
1900,Ázsia kötvény eszközalap,2025-10-16,2.2644,2.2615,-0.0013
1901,Aktív hozamfigyelõ vegyes eszközalap - D,2025-10-17,0.9501,0.9497,-0.0004
1902,Euró likviditás eszközalap - D,2025-10-17,0.9271,0.927,-0.0001
1903,Európai ingatlancégek részv. eszközalap,2025-10-17,1.8687,1.8527,-0.0086
1904,Európai kötvény eszközalap - D,2025-10-17,1.242,1.2414,-0.0005
1905,Európai részvény eszközalap,2025-10-17,2.668,2.6431,-0.0093
1906,Európai vállalati kötvény eszközalap,2025-10-17,1.3328,1.3319,-0.0007
1907,Fejlõdõ piaci részvény ESG eszközalap-D,2025-10-17,1.1389,1.1315,-0.0065
1908,Fejlõdõ ázsiai részvény eszközalap,2025-10-17,2.3449,2.3163,-0.0122
1909,Fenntartható növekedés részvény eszk.,2025-10-17,3.1273,3.1348,0.0024
1910,Globális egészségügyi részvény eszk.,2025-10-17,3.3992,3.3862,-0.0038
1911,Globális növekedési részvény eszközalap,2025-10-17,2.158,2.1697,0.0054
1912,Kiegyensúlyozott vegyes eszközalap - D,2025-10-17,1.4294,1.4279,-0.001
1913,Latin-amerikai részvény eszközalap,2025-10-17,1.1522,1.1438,-0.0073
1914,Magas kötvény arányú vegyes eszk. - D,2025-10-17,1.1189,1.1181,-0.0007
1915,Magas védelmû vegyes eszközalap,2025-10-17,1.1029,1.101,-0.0017
1916,Nemz. élelmiszeripari cégek rv. ea - D,2025-10-17,3.1813,3.2033,0.0069
1917,Nyersanyagpiaci részvény eszközalap,2025-10-17,1.4173,1.3904,-0.019
1918,Presztízs- és luxusmárkák rv. ea.,2025-10-17,3.6208,3.6126,-0.0023
1919,USA részvény eszközalap,2025-10-17,4.5035,4.5293,0.0057
1920,Ázsia kötvény eszközalap,2025-10-17,2.2615,2.255,-0.0029
1921,Aktív hozamfigyelõ vegyes eszközalap - D,2025-10-18,0.9497,0.9497,0.0
1922,Euró likviditás eszközalap - D,2025-10-18,0.927,0.927,0.0
1923,Európai ingatlancégek részv. eszközalap,2025-10-18,1.8527,1.8527,0.0
1924,Európai kötvény eszközalap - D,2025-10-18,1.2414,1.2414,0.0
1925,Európai részvény eszközalap,2025-10-18,2.6431,2.6431,0.0
1926,Európai vállalati kötvény eszközalap,2025-10-18,1.3319,1.3319,0.0
1927,Fejlõdõ piaci részvény ESG eszközalap-D,2025-10-18,1.1315,1.1315,0.0
1928,Fejlõdõ ázsiai részvény eszközalap,2025-10-18,2.3163,2.3163,0.0
1929,Fenntartható növekedés részvény eszk.,2025-10-18,3.1348,3.1348,0.0
1930,Globális egészségügyi részvény eszk.,2025-10-18,3.3862,3.3862,0.0
1931,Globális növekedési részvény eszközalap,2025-10-18,2.1697,2.1697,0.0
1932,Kiegyensúlyozott vegyes eszközalap - D,2025-10-18,1.4279,1.4279,0.0
1933,Latin-amerikai részvény eszközalap,2025-10-18,1.1438,1.1438,0.0
1934,Magas kötvény arányú vegyes eszk. - D,2025-10-18,1.1181,1.1181,0.0
1935,Magas védelmû vegyes eszközalap,2025-10-18,1.101,1.101,0.0
1936,Nemz. élelmiszeripari cégek rv. ea - D,2025-10-18,3.2033,3.2033,0.0
1937,Nyersanyagpiaci részvény eszközalap,2025-10-18,1.3904,1.3904,0.0
1938,Presztízs- és luxusmárkák rv. ea.,2025-10-18,3.6126,3.6126,0.0
1939,USA részvény eszközalap,2025-10-18,4.5293,4.5293,0.0
1940,Ázsia kötvény eszközalap,2025-10-18,2.255,2.255,0.0
1941,Aktív hozamfigyelõ vegyes eszközalap - D,2025-10-19,0.9497,0.9497,0.0
1942,Euró likviditás eszközalap - D,2025-10-19,0.927,0.927,0.0
1943,Európai ingatlancégek részv. eszközalap,2025-10-19,1.8527,1.8527,0.0
1944,Európai kötvény eszközalap - D,2025-10-19,1.2414,1.2414,0.0
1945,Európai részvény eszközalap,2025-10-19,2.6431,2.6431,0.0
1946,Európai vállalati kötvény eszközalap,2025-10-19,1.3319,1.3319,0.0
1947,Fejlõdõ piaci részvény ESG eszközalap-D,2025-10-19,1.1315,1.1315,0.0
1948,Fejlõdõ ázsiai részvény eszközalap,2025-10-19,2.3163,2.3163,0.0
1949,Fenntartható növekedés részvény eszk.,2025-10-19,3.1348,3.1348,0.0
1950,Globális egészségügyi részvény eszk.,2025-10-19,3.3862,3.3862,0.0
1951,Globális növekedési részvény eszközalap,2025-10-19,2.1697,2.1697,0.0
1952,Kiegyensúlyozott vegyes eszközalap - D,2025-10-19,1.4279,1.4279,0.0
1953,Latin-amerikai részvény eszközalap,2025-10-19,1.1438,1.1438,0.0
1954,Magas kötvény arányú vegyes eszk. - D,2025-10-19,1.1181,1.1181,0.0
1955,Magas védelmû vegyes eszközalap,2025-10-19,1.101,1.101,0.0
1956,Nemz. élelmiszeripari cégek rv. ea - D,2025-10-19,3.2033,3.2033,0.0
1957,Nyersanyagpiaci részvény eszközalap,2025-10-19,1.3904,1.3904,0.0
1958,Presztízs- és luxusmárkák rv. ea.,2025-10-19,3.6126,3.6126,0.0
1959,USA részvény eszközalap,2025-10-19,4.5293,4.5293,0.0
1960,Ázsia kötvény eszközalap,2025-10-19,2.255,2.255,0.0
1961,Aktív hozamfigyelõ vegyes eszközalap - D,2025-10-22,0.9567,0.9559,-0.0008
1962,Euró likviditás eszközalap - D,2025-10-22,0.9272,0.9272,0.0
1963,Európai ingatlancégek részv. eszközalap,2025-10-22,1.8867,1.9095,0.0121
1964,Európai kötvény eszközalap - D,2025-10-22,1.2431,1.2425,-0.0005
1965,Európai részvény eszközalap,2025-10-22,2.6822,2.6607,-0.008
1966,Európai vállalati kötvény eszközalap,2025-10-22,1.3337,1.3335,-0.0002
1967,Fejlõdõ piaci részvény ESG eszközalap-D,2025-10-22,1.1491,1.1439,-0.0046
1968,Fejlõdõ ázsiai részvény eszközalap,2025-10-22,2.3536,2.3507,-0.0012
1969,Fenntartható növekedés részvény eszk.,2025-10-22,3.194,3.1898,-0.0013
1970,Globális egészségügyi részvény eszk.,2025-10-22,3.4117,3.4297,0.0053
1971,Globális növekedési részvény eszközalap,2025-10-22,2.2157,2.2096,-0.0027
1972,Kiegyensúlyozott vegyes eszközalap - D,2025-10-22,1.4403,1.4375,-0.0019
1973,Latin-amerikai részvény eszközalap,2025-10-22,1.1578,1.1571,-0.0006
1974,Magas kötvény arányú vegyes eszk. - D,2025-10-22,1.1241,1.1225,-0.0014
1975,Magas védelmû vegyes eszközalap,2025-10-22,1.104,1.1015,-0.0022
1976,Nemz. élelmiszeripari cégek rv. ea - D,2025-10-22,3.1999,3.2223,0.007
1977,Nyersanyagpiaci részvény eszközalap,2025-10-22,1.3871,1.3856,-0.0011
1978,Presztízs- és luxusmárkák rv. ea.,2025-10-22,3.6922,3.6688,-0.0063
1979,USA részvény eszközalap,2025-10-22,4.6071,4.5747,-0.007
1980,Ázsia kötvény eszközalap,2025-10-22,2.2727,2.2777,0.0022
1981,Aktív hozamfigyelõ vegyes eszközalap - D,2025-10-23,0.9559,0.9559,0.0
1982,Euró likviditás eszközalap - D,2025-10-23,0.9272,0.9272,0.0
1983,Európai ingatlancégek részv. eszközalap,2025-10-23,1.9095,1.9095,0.0
1984,Európai kötvény eszközalap - D,2025-10-23,1.2425,1.2425,0.0
1985,Európai részvény eszközalap,2025-10-23,2.6607,2.6607,0.0
1986,Európai vállalati kötvény eszközalap,2025-10-23,1.3335,1.3335,0.0
1987,Fejlõdõ piaci részvény ESG eszközalap-D,2025-10-23,1.1439,1.1439,0.0
1988,Fejlõdõ ázsiai részvény eszközalap,2025-10-23,2.3507,2.3507,0.0
1989,Fenntartható növekedés részvény eszk.,2025-10-23,3.1898,3.1898,0.0
1990,Globális egészségügyi részvény eszk.,2025-10-23,3.4297,3.4297,0.0
1991,Globális növekedési részvény eszközalap,2025-10-23,2.2096,2.2096,0.0
1992,Kiegyensúlyozott vegyes eszközalap - D,2025-10-23,1.4375,1.4375,0.0
1993,Latin-amerikai részvény eszközalap,2025-10-23,1.1571,1.1571,0.0
1994,Magas kötvény arányú vegyes eszk. - D,2025-10-23,1.1225,1.1225,0.0
1995,Magas védelmû vegyes eszközalap,2025-10-23,1.1015,1.1015,0.0
1996,Nemz. élelmiszeripari cégek rv. ea - D,2025-10-23,3.2223,3.2223,0.0
1997,Nyersanyagpiaci részvény eszközalap,2025-10-23,1.3856,1.3856,0.0
1998,Presztízs- és luxusmárkák rv. ea.,2025-10-23,3.6688,3.6688,0.0
1999,USA részvény eszközalap,2025-10-23,4.5747,4.5747,0.0
2000,Ázsia kötvény eszközalap,2025-10-23,2.2777,2.2777,0.0
2001,Aktív hozamfigyelõ vegyes eszközalap - D,2025-10-24,0.9559,0.9559,0.0
2002,Euró likviditás eszközalap - D,2025-10-24,0.9272,0.9272,0.0
2003,Európai ingatlancégek részv. eszközalap,2025-10-24,1.9095,1.9095,0.0
2004,Európai kötvény eszközalap - D,2025-10-24,1.2425,1.2425,0.0
2005,Európai részvény eszközalap,2025-10-24,2.6607,2.6607,0.0
2006,Európai vállalati kötvény eszközalap,2025-10-24,1.3335,1.3335,0.0
2007,Fejlõdõ piaci részvény ESG eszközalap-D,2025-10-24,1.1439,1.1439,0.0
2008,Fejlõdõ ázsiai részvény eszközalap,2025-10-24,2.3507,2.3507,0.0
2009,Fenntartható növekedés részvény eszk.,2025-10-24,3.1898,3.1898,0.0
2010,Globális egészségügyi részvény eszk.,2025-10-24,3.4297,3.4297,0.0
2011,Globális növekedési részvény eszközalap,2025-10-24,2.2096,2.2096,0.0
2012,Kiegyensúlyozott vegyes eszközalap - D,2025-10-24,1.4375,1.4375,0.0
2013,Latin-amerikai részvény eszközalap,2025-10-24,1.1571,1.1571,0.0
2014,Magas kötvény arányú vegyes eszk. - D,2025-10-24,1.1225,1.1225,0.0
2015,Magas védelmû vegyes eszközalap,2025-10-24,1.1015,1.1015,0.0
2016,Nemz. élelmiszeripari cégek rv. ea - D,2025-10-24,3.2223,3.2223,0.0
2017,Nyersanyagpiaci részvény eszközalap,2025-10-24,1.3856,1.3856,0.0
2018,Presztízs- és luxusmárkák rv. ea.,2025-10-24,3.6688,3.6688,0.0
2019,USA részvény eszközalap,2025-10-24,4.5747,4.5747,0.0
2020,Ázsia kötvény eszközalap,2025-10-24,2.2777,2.2777,0.0
2021,Aktív hozamfigyelõ vegyes eszközalap - D,2025-10-25,0.9559,0.9559,0.0
2022,Euró likviditás eszközalap - D,2025-10-25,0.9272,0.9272,0.0
2023,Európai ingatlancégek részv. eszközalap,2025-10-25,1.9095,1.9095,0.0
2024,Európai kötvény eszközalap - D,2025-10-25,1.2425,1.2425,0.0
2025,Európai részvény eszközalap,2025-10-25,2.6607,2.6607,0.0
2026,Európai vállalati kötvény eszközalap,2025-10-25,1.3335,1.3335,0.0
2027,Fejlõdõ piaci részvény ESG eszközalap-D,2025-10-25,1.1439,1.1439,0.0
2028,Fejlõdõ ázsiai részvény eszközalap,2025-10-25,2.3507,2.3507,0.0
2029,Fenntartható növekedés részvény eszk.,2025-10-25,3.1898,3.1898,0.0
2030,Globális egészségügyi részvény eszk.,2025-10-25,3.4297,3.4297,0.0
2031,Globális növekedési részvény eszközalap,2025-10-25,2.2096,2.2096,0.0
2032,Kiegyensúlyozott vegyes eszközalap - D,2025-10-25,1.4375,1.4375,0.0
2033,Latin-amerikai részvény eszközalap,2025-10-25,1.1571,1.1571,0.0
2034,Magas kötvény arányú vegyes eszk. - D,2025-10-25,1.1225,1.1225,0.0
2035,Magas védelmû vegyes eszközalap,2025-10-25,1.1015,1.1015,0.0
2036,Nemz. élelmiszeripari cégek rv. ea - D,2025-10-25,3.2223,3.2223,0.0
2037,Nyersanyagpiaci részvény eszközalap,2025-10-25,1.3856,1.3856,0.0
2038,Presztízs- és luxusmárkák rv. ea.,2025-10-25,3.6688,3.6688,0.0
2039,USA részvény eszközalap,2025-10-25,4.5747,4.5747,0.0
2040,Ázsia kötvény eszközalap,2025-10-25,2.2777,2.2777,0.0
2041,Aktív hozamfigyelõ vegyes eszközalap - D,2025-10-26,0.9559,0.9559,0.0
2042,Euró likviditás eszközalap - D,2025-10-26,0.9272,0.9272,0.0
2043,Európai ingatlancégek részv. eszközalap,2025-10-26,1.9095,1.9095,0.0
2044,Európai kötvény eszközalap - D,2025-10-26,1.2425,1.2425,0.0
2045,Európai részvény eszközalap,2025-10-26,2.6607,2.6607,0.0
2046,Európai vállalati kötvény eszközalap,2025-10-26,1.3335,1.3335,0.0
2047,Fejlõdõ piaci részvény ESG eszközalap-D,2025-10-26,1.1439,1.1439,0.0
2048,Fejlõdõ ázsiai részvény eszközalap,2025-10-26,2.3507,2.3507,0.0
2049,Fenntartható növekedés részvény eszk.,2025-10-26,3.1898,3.1898,0.0
2050,Globális egészségügyi részvény eszk.,2025-10-26,3.4297,3.4297,0.0
2051,Globális növekedési részvény eszközalap,2025-10-26,2.2096,2.2096,0.0
2052,Kiegyensúlyozott vegyes eszközalap - D,2025-10-26,1.4375,1.4375,0.0
2053,Latin-amerikai részvény eszközalap,2025-10-26,1.1571,1.1571,0.0
2054,Magas kötvény arányú vegyes eszk. - D,2025-10-26,1.1225,1.1225,0.0
2055,Magas védelmû vegyes eszközalap,2025-10-26,1.1015,1.1015,0.0
2056,Nemz. élelmiszeripari cégek rv. ea - D,2025-10-26,3.2223,3.2223,0.0
2057,Nyersanyagpiaci részvény eszközalap,2025-10-26,1.3856,1.3856,0.0
2058,Presztízs- és luxusmárkák rv. ea.,2025-10-26,3.6688,3.6688,0.0
2059,USA részvény eszközalap,2025-10-26,4.5747,4.5747,0.0
2060,Ázsia kötvény eszközalap,2025-10-26,2.2777,2.2777,0.0
2061,Aktív hozamfigyelõ vegyes eszközalap - D,2025-10-29,0.961,0.9588,-0.0023
2062,Euró likviditás eszközalap - D,2025-10-29,0.9265,0.9266,0.0002
2063,Európai ingatlancégek részv. eszközalap,2025-10-29,1.8734,1.8635,-0.0053
2064,Európai kötvény eszközalap - D,2025-10-29,1.2388,1.2392,0.0003
2065,Európai részvény eszközalap,2025-10-29,2.6894,2.6873,-0.0008
2066,Európai vállalati kötvény eszközalap,2025-10-29,1.3331,1.3335,0.0003
2067,Fejlõdõ piaci részvény ESG eszközalap-D,2025-10-29,1.1572,1.1695,0.0106
2068,Fejlõdõ ázsiai részvény eszközalap,2025-10-29,2.4025,2.4025,0.0
2069,Fenntartható növekedés részvény eszk.,2025-10-29,3.242,3.2315,-0.0033
2070,Globális egészségügyi részvény eszk.,2025-10-29,3.424,3.3876,-0.0106
2071,Globális növekedési részvény eszközalap,2025-10-29,2.2159,2.1711,-0.0202
2072,Kiegyensúlyozott vegyes eszközalap - D,2025-10-29,1.4476,1.4499,0.0016
2073,Latin-amerikai részvény eszközalap,2025-10-29,1.1811,1.189,0.0066
2074,Magas kötvény arányú vegyes eszk. - D,2025-10-29,1.1253,1.1264,0.001
2075,Magas védelmû vegyes eszközalap,2025-10-29,1.1046,1.1047,0.0001
2076,Nemz. élelmiszeripari cégek rv. ea - D,2025-10-29,3.162,3.11,-0.0164
2077,Nyersanyagpiaci részvény eszközalap,2025-10-29,1.391,1.3971,0.0044
2078,Presztízs- és luxusmárkák rv. ea.,2025-10-29,3.6692,3.6521,-0.0047
2079,USA részvény eszközalap,2025-10-29,4.6806,4.6737,-0.0015
2080,Ázsia kötvény eszközalap,2025-10-29,2.2732,2.2757,0.0011
2081,Aktív hozamfigyelõ vegyes eszközalap - D,2025-10-30,0.9588,0.9577,-0.0011
2082,Euró likviditás eszközalap - D,2025-10-30,0.9266,0.9264,-0.0003
2083,Európai ingatlancégek részv. eszközalap,2025-10-30,1.8635,1.8554,-0.0043
2084,Európai kötvény eszközalap - D,2025-10-30,1.2392,1.238,-0.0009
2085,Európai részvény eszközalap,2025-10-30,2.6873,2.6889,0.0006
2086,Európai vállalati kötvény eszközalap,2025-10-30,1.3335,1.332,-0.0011
2087,Fejlõdõ piaci részvény ESG eszközalap-D,2025-10-30,1.1695,1.1631,-0.0054
2088,Fejlõdõ ázsiai részvény eszközalap,2025-10-30,2.4025,2.4391,0.0152
2089,Fenntartható növekedés részvény eszk.,2025-10-30,3.2315,3.2372,0.0018
2090,Globális egészségügyi részvény eszk.,2025-10-30,3.3876,3.3823,-0.0016
2091,Globális növekedési részvény eszközalap,2025-10-30,2.1711,2.1694,-0.0008
2092,Kiegyensúlyozott vegyes eszközalap - D,2025-10-30,1.4499,1.4487,-0.0008
2093,Latin-amerikai részvény eszközalap,2025-10-30,1.189,1.1948,0.0049
2094,Magas kötvény arányú vegyes eszk. - D,2025-10-30,1.1264,1.1252,-0.0011
2095,Magas védelmû vegyes eszközalap,2025-10-30,1.1047,1.1046,-0.0001
2096,Nemz. élelmiszeripari cégek rv. ea - D,2025-10-30,3.11,3.1216,0.0037
2097,Nyersanyagpiaci részvény eszközalap,2025-10-30,1.3971,1.3868,-0.0074
2098,Presztízs- és luxusmárkák rv. ea.,2025-10-30,3.6521,3.6251,-0.0074
2099,USA részvény eszközalap,2025-10-30,4.6737,4.6772,0.0007
2100,Ázsia kötvény eszközalap,2025-10-30,2.2757,2.2757,0.0
2101,Aktív hozamfigyelõ vegyes eszközalap - D,2025-10-31,0.9577,0.958,0.0003
2102,Euró likviditás eszközalap - D,2025-10-31,0.9264,0.9266,0.0003
2103,Európai ingatlancégek részv. eszközalap,2025-10-31,1.8554,1.8424,-0.007
2104,Európai kötvény eszközalap - D,2025-10-31,1.238,1.2382,0.0001
2105,Európai részvény eszközalap,2025-10-31,2.6889,2.666,-0.0085
2106,Európai vállalati kötvény eszközalap,2025-10-31,1.332,1.3324,0.0003
2107,Fejlõdõ piaci részvény ESG eszközalap-D,2025-10-31,1.1631,1.1568,-0.0054
2108,Fejlõdõ ázsiai részvény eszközalap,2025-10-31,2.4391,2.4282,-0.0045
2109,Fenntartható növekedés részvény eszk.,2025-10-31,3.2372,3.2417,0.0014
2110,Globális egészségügyi részvény eszk.,2025-10-31,3.3823,3.3589,-0.0069
2111,Globális növekedési részvény eszközalap,2025-10-31,2.1694,2.1716,0.001
2112,Kiegyensúlyozott vegyes eszközalap - D,2025-10-31,1.4487,1.4503,0.0011
2113,Latin-amerikai részvény eszközalap,2025-10-31,1.1948,1.1964,0.0014
2114,Magas kötvény arányú vegyes eszk. - D,2025-10-31,1.1252,1.1258,0.0005
2115,Magas védelmû vegyes eszközalap,2025-10-31,1.1046,1.1028,-0.0016
2116,Nemz. élelmiszeripari cégek rv. ea - D,2025-10-31,3.1216,3.1092,-0.004
2117,Nyersanyagpiaci részvény eszközalap,2025-10-31,1.3868,1.3804,-0.0046
2118,Presztízs- és luxusmárkák rv. ea.,2025-10-31,3.6251,3.636,0.003
2119,USA részvény eszközalap,2025-10-31,4.6772,4.7,0.0049
2120,Ázsia kötvény eszközalap,2025-10-31,2.2757,2.2805,0.0021
2121,Aktív hozamfigyelõ vegyes eszközalap - D,2025-11-01,0.958,0.958,0.0
2122,Euró likviditás eszközalap - D,2025-11-01,0.9266,0.9266,0.0
2123,Európai ingatlancégek részv. eszközalap,2025-11-01,1.8424,1.8424,0.0
2124,Európai kötvény eszközalap - D,2025-11-01,1.2382,1.2382,0.0
2125,Európai részvény eszközalap,2025-11-01,2.666,2.666,0.0
2126,Európai vállalati kötvény eszközalap,2025-11-01,1.3324,1.3324,0.0
2127,Fejlõdõ piaci részvény ESG eszközalap-D,2025-11-01,1.1568,1.1568,0.0
2128,Fejlõdõ ázsiai részvény eszközalap,2025-11-01,2.4282,2.4282,0.0
2129,Fenntartható növekedés részvény eszk.,2025-11-01,3.2417,3.2417,0.0
2130,Globális egészségügyi részvény eszk.,2025-11-01,3.3589,3.3589,0.0
2131,Globális növekedési részvény eszközalap,2025-11-01,2.1716,2.1716,0.0
2132,Kiegyensúlyozott vegyes eszközalap - D,2025-11-01,1.4503,1.4503,0.0
2133,Latin-amerikai részvény eszközalap,2025-11-01,1.1964,1.1964,0.0
2134,Magas kötvény arányú vegyes eszk. - D,2025-11-01,1.1258,1.1258,0.0
2135,Magas védelmû vegyes eszközalap,2025-11-01,1.1028,1.1028,0.0
2136,Nemz. élelmiszeripari cégek rv. ea - D,2025-11-01,3.1092,3.1092,0.0
2137,Nyersanyagpiaci részvény eszközalap,2025-11-01,1.3804,1.3804,0.0
2138,Presztízs- és luxusmárkák rv. ea.,2025-11-01,3.636,3.636,0.0
2139,USA részvény eszközalap,2025-11-01,4.7,4.7,0.0
2140,Ázsia kötvény eszközalap,2025-11-01,2.2805,2.2805,0.0
2141,Aktív hozamfigyelõ vegyes eszközalap - D,2025-11-02,0.958,0.958,0.0
2142,Euró likviditás eszközalap - D,2025-11-02,0.9266,0.9266,0.0
2143,Európai ingatlancégek részv. eszközalap,2025-11-02,1.8424,1.8424,0.0
2144,Európai kötvény eszközalap - D,2025-11-02,1.2382,1.2382,0.0
2145,Európai részvény eszközalap,2025-11-02,2.666,2.666,0.0
2146,Európai vállalati kötvény eszközalap,2025-11-02,1.3324,1.3324,0.0
2147,Fejlõdõ piaci részvény ESG eszközalap-D,2025-11-02,1.1568,1.1568,0.0
2148,Fejlõdõ ázsiai részvény eszközalap,2025-11-02,2.4282,2.4282,0.0
2149,Fenntartható növekedés részvény eszk.,2025-11-02,3.2417,3.2417,0.0
2150,Globális egészségügyi részvény eszk.,2025-11-02,3.3589,3.3589,0.0
2151,Globális növekedési részvény eszközalap,2025-11-02,2.1716,2.1716,0.0
2152,Kiegyensúlyozott vegyes eszközalap - D,2025-11-02,1.4503,1.4503,0.0
2153,Latin-amerikai részvény eszközalap,2025-11-02,1.1964,1.1964,0.0
2154,Magas kötvény arányú vegyes eszk. - D,2025-11-02,1.1258,1.1258,0.0
2155,Magas védelmû vegyes eszközalap,2025-11-02,1.1028,1.1028,0.0
2156,Nemz. élelmiszeripari cégek rv. ea - D,2025-11-02,3.1092,3.1092,0.0
2157,Nyersanyagpiaci részvény eszközalap,2025-11-02,1.3804,1.3804,0.0
2158,Presztízs- és luxusmárkák rv. ea.,2025-11-02,3.636,3.636,0.0
2159,USA részvény eszközalap,2025-11-02,4.7,4.7,0.0
2160,Ázsia kötvény eszközalap,2025-11-02,2.2805,2.2805,0.0
2161,Aktív hozamfigyelõ vegyes eszközalap - D,2025-11-05,0.9562,0.9555,-0.0007
2162,Euró likviditás eszközalap - D,2025-11-05,0.9264,0.9261,-0.0002
2163,Európai ingatlancégek részv. eszközalap,2025-11-05,1.8388,1.8326,-0.0034
2164,Európai kötvény eszközalap - D,2025-11-05,1.2375,1.2361,-0.0011
2165,Európai részvény eszközalap,2025-11-05,2.6669,2.6725,0.0021
2166,Európai vállalati kötvény eszközalap,2025-11-05,1.3297,1.329,-0.0005
2167,Fejlõdõ piaci részvény ESG eszközalap-D,2025-11-05,1.1535,1.1534,0.0
2168,Fejlõdõ ázsiai részvény eszközalap,2025-11-05,2.4411,2.4346,-0.0026
2169,Fenntartható növekedés részvény eszk.,2025-11-05,3.2349,3.2442,0.0029
2170,Globális egészségügyi részvény eszk.,2025-11-05,3.3455,3.366,0.0061
2171,Globális növekedési részvény eszközalap,2025-11-05,2.1633,2.176,0.0059
2172,Kiegyensúlyozott vegyes eszközalap - D,2025-11-05,1.4487,1.4476,-0.0007
2173,Latin-amerikai részvény eszközalap,2025-11-05,1.2034,1.2177,0.0119
2174,Magas kötvény arányú vegyes eszk. - D,2025-11-05,1.1244,1.1233,-0.001
2175,Magas védelmû vegyes eszközalap,2025-11-05,1.1026,1.1034,0.0007
2176,Nemz. élelmiszeripari cégek rv. ea - D,2025-11-05,3.1205,3.129,0.0027
2177,Nyersanyagpiaci részvény eszközalap,2025-11-05,1.359,1.3627,0.0027
2178,Presztízs- és luxusmárkák rv. ea.,2025-11-05,3.5812,3.6078,0.0074
2179,USA részvény eszközalap,2025-11-05,4.658,4.6784,0.0044
2180,Ázsia kötvény eszközalap,2025-11-05,2.2938,2.295,0.0005
2181,Aktív hozamfigyelõ vegyes eszközalap - D,2025-11-06,0.9555,0.9529,-0.0028
2182,Euró likviditás eszközalap - D,2025-11-06,0.9261,0.9262,0.0001
2183,Európai ingatlancégek részv. eszközalap,2025-11-06,1.8326,1.8418,0.005
2184,Európai kötvény eszközalap - D,2025-11-06,1.2361,1.2366,0.0004
2185,Európai részvény eszközalap,2025-11-06,2.6725,2.6462,-0.0098
2186,Európai vállalati kötvény eszközalap,2025-11-06,1.329,1.329,0.0
2187,Fejlõdõ piaci részvény ESG eszközalap-D,2025-11-06,1.1534,1.144,-0.0082
2188,Fejlõdõ ázsiai részvény eszközalap,2025-11-06,2.4346,2.4418,0.003
2189,Fenntartható növekedés részvény eszk.,2025-11-06,3.2442,3.198,-0.0143
2190,Globális egészségügyi részvény eszk.,2025-11-06,3.366,3.3788,0.0038
2191,Globális növekedési részvény eszközalap,2025-11-06,2.176,2.1675,-0.0039
2192,Kiegyensúlyozott vegyes eszközalap - D,2025-11-06,1.4476,1.4414,-0.0043
2193,Latin-amerikai részvény eszközalap,2025-11-06,1.2177,1.2178,0.0001
2194,Magas kötvény arányú vegyes eszk. - D,2025-11-06,1.1233,1.121,-0.0021
2195,Magas védelmû vegyes eszközalap,2025-11-06,1.1034,1.1007,-0.0024
2196,Nemz. élelmiszeripari cégek rv. ea - D,2025-11-06,3.129,3.1076,-0.0068
2197,Nyersanyagpiaci részvény eszközalap,2025-11-06,1.3627,1.3624,-0.0002
2198,Presztízs- és luxusmárkák rv. ea.,2025-11-06,3.6078,3.5414,-0.0184
2199,USA részvény eszközalap,2025-11-06,4.6784,4.6044,-0.0158
2200,Ázsia kötvény eszközalap,2025-11-06,2.295,2.2878,-0.0032
2201,Aktív hozamfigyelõ vegyes eszközalap - D,2025-11-07,0.9529,0.9528,0.0
2202,Euró likviditás eszközalap - D,2025-11-07,0.9262,0.9262,0.0
2203,Európai ingatlancégek részv. eszközalap,2025-11-07,1.8418,1.8448,0.0016
2204,Európai kötvény eszközalap - D,2025-11-07,1.2366,1.236,-0.0005
2205,Európai részvény eszközalap,2025-11-07,2.6462,2.6231,-0.0087
2206,Európai vállalati kötvény eszközalap,2025-11-07,1.329,1.3275,-0.0011
2207,Fejlõdõ piaci részvény ESG eszközalap-D,2025-11-07,1.144,1.1283,-0.0137
2208,Fejlõdõ ázsiai részvény eszközalap,2025-11-07,2.4418,2.4074,-0.0141
2209,Fenntartható növekedés részvény eszk.,2025-11-07,3.198,3.1982,0.0001
2210,Globális egészségügyi részvény eszk.,2025-11-07,3.3788,3.3684,-0.0031
2211,Globális növekedési részvény eszközalap,2025-11-07,2.1675,2.1636,-0.0018
2212,Kiegyensúlyozott vegyes eszközalap - D,2025-11-07,1.4414,1.4351,-0.0044
2213,Latin-amerikai részvény eszközalap,2025-11-07,1.2178,1.2189,0.0009
2214,Magas kötvény arányú vegyes eszk. - D,2025-11-07,1.121,1.1181,-0.0026
2215,Magas védelmû vegyes eszközalap,2025-11-07,1.1007,1.0985,-0.002
2216,Nemz. élelmiszeripari cégek rv. ea - D,2025-11-07,3.1076,3.1303,0.0073
2217,Nyersanyagpiaci részvény eszközalap,2025-11-07,1.3624,1.3564,-0.0044
2218,Presztízs- és luxusmárkák rv. ea.,2025-11-07,3.5414,3.5632,0.0061
2219,USA részvény eszközalap,2025-11-07,4.6044,4.6045,0.0
2220,Ázsia kötvény eszközalap,2025-11-07,2.2878,2.2847,-0.0014
2221,Aktív hozamfigyelõ vegyes eszközalap - D,2025-11-08,0.9528,0.9528,0.0
2222,Euró likviditás eszközalap - D,2025-11-08,0.9262,0.9262,0.0
2223,Európai ingatlancégek részv. eszközalap,2025-11-08,1.8448,1.8448,0.0
2224,Európai kötvény eszközalap - D,2025-11-08,1.236,1.236,0.0
2225,Európai részvény eszközalap,2025-11-08,2.6231,2.6231,0.0
2226,Európai vállalati kötvény eszközalap,2025-11-08,1.3275,1.3275,0.0
2227,Fejlõdõ piaci részvény ESG eszközalap-D,2025-11-08,1.1283,1.1283,0.0
2228,Fejlõdõ ázsiai részvény eszközalap,2025-11-08,2.4074,2.4074,0.0
2229,Fenntartható növekedés részvény eszk.,2025-11-08,3.1982,3.1982,0.0
2230,Globális egészségügyi részvény eszk.,2025-11-08,3.3684,3.3684,0.0
2231,Globális növekedési részvény eszközalap,2025-11-08,2.1636,2.1636,0.0
2232,Kiegyensúlyozott vegyes eszközalap - D,2025-11-08,1.4351,1.4351,0.0
2233,Latin-amerikai részvény eszközalap,2025-11-08,1.2189,1.2189,0.0
2234,Magas kötvény arányú vegyes eszk. - D,2025-11-08,1.1181,1.1181,0.0
2235,Magas védelmû vegyes eszközalap,2025-11-08,1.0985,1.0985,0.0
2236,Nemz. élelmiszeripari cégek rv. ea - D,2025-11-08,3.1303,3.1303,0.0
2237,Nyersanyagpiaci részvény eszközalap,2025-11-08,1.3564,1.3564,0.0
2238,Presztízs- és luxusmárkák rv. ea.,2025-11-08,3.5632,3.5632,0.0
2239,USA részvény eszközalap,2025-11-08,4.6045,4.6045,0.0
2240,Ázsia kötvény eszközalap,2025-11-08,2.2847,2.2847,0.0
2241,Aktív hozamfigyelõ vegyes eszközalap - D,2025-11-09,0.9528,0.9528,0.0
2242,Euró likviditás eszközalap - D,2025-11-09,0.9262,0.9262,0.0
2243,Európai ingatlancégek részv. eszközalap,2025-11-09,1.8448,1.8448,0.0
2244,Európai kötvény eszközalap - D,2025-11-09,1.236,1.236,0.0
2245,Európai részvény eszközalap,2025-11-09,2.6231,2.6231,0.0
2246,Európai vállalati kötvény eszközalap,2025-11-09,1.3275,1.3275,0.0
2247,Fejlõdõ piaci részvény ESG eszközalap-D,2025-11-09,1.1283,1.1283,0.0
2248,Fejlõdõ ázsiai részvény eszközalap,2025-11-09,2.4074,2.4074,0.0
2249,Fenntartható növekedés részvény eszk.,2025-11-09,3.1982,3.1982,0.0
2250,Globális egészségügyi részvény eszk.,2025-11-09,3.3684,3.3684,0.0
2251,Globális növekedési részvény eszközalap,2025-11-09,2.1636,2.1636,0.0
2252,Kiegyensúlyozott vegyes eszközalap - D,2025-11-09,1.4351,1.4351,0.0
2253,Latin-amerikai részvény eszközalap,2025-11-09,1.2189,1.2189,0.0
2254,Magas kötvény arányú vegyes eszk. - D,2025-11-09,1.1181,1.1181,0.0
2255,Magas védelmû vegyes eszközalap,2025-11-09,1.0985,1.0985,0.0
2256,Nemz. élelmiszeripari cégek rv. ea - D,2025-11-09,3.1303,3.1303,0.0
2257,Nyersanyagpiaci részvény eszközalap,2025-11-09,1.3564,1.3564,0.0
2258,Presztízs- és luxusmárkák rv. ea.,2025-11-09,3.5632,3.5632,0.0
2259,USA részvény eszközalap,2025-11-09,4.6045,4.6045,0.0
2260,Ázsia kötvény eszközalap,2025-11-09,2.2847,2.2847,0.0
2261,Aktív hozamfigyelõ vegyes eszközalap - D,2025-11-12,0.9589,0.9601,0.0012
2262,Euró likviditás eszközalap - D,2025-11-12,0.9263,0.9264,0.0001
2263,Európai ingatlancégek részv. eszközalap,2025-11-12,1.8533,1.8552,0.001
2264,Európai kötvény eszközalap - D,2025-11-12,1.2378,1.2389,0.0009
2265,Európai részvény eszközalap,2025-11-12,2.6873,2.7105,0.0086
2266,Európai vállalati kötvény eszközalap,2025-11-12,1.3289,1.3296,0.0005
2267,Fejlõdõ piaci részvény ESG eszközalap-D,2025-11-12,1.1594,1.1687,0.008
2268,Fejlõdõ ázsiai részvény eszközalap,2025-11-12,2.4155,2.4223,0.0028
2269,Fenntartható növekedés részvény eszk.,2025-11-12,3.2485,3.2525,0.0012
2270,Globális egészségügyi részvény eszk.,2025-11-12,3.4562,3.5368,0.0233
2271,Globális növekedési részvény eszközalap,2025-11-12,2.1715,2.1691,-0.0011
2272,Kiegyensúlyozott vegyes eszközalap - D,2025-11-12,1.4479,1.4505,0.0018
2273,Latin-amerikai részvény eszközalap,2025-11-12,1.2549,1.2559,0.0008
2274,Magas kötvény arányú vegyes eszk. - D,2025-11-12,1.1238,1.1254,0.0014
2275,Magas védelmû vegyes eszközalap,2025-11-12,1.1054,1.1079,0.0023
2276,Nemz. élelmiszeripari cégek rv. ea - D,2025-11-12,3.1523,3.1675,0.0048
2277,Nyersanyagpiaci részvény eszközalap,2025-11-12,1.3919,1.4137,0.0157
2278,Presztízs- és luxusmárkák rv. ea.,2025-11-12,3.6915,3.7242,0.0088
2279,USA részvény eszközalap,2025-11-12,4.6813,4.6817,0.0001
2280,Ázsia kötvény eszközalap,2025-11-12,2.2811,2.2821,0.0004
2281,Aktív hozamfigyelõ vegyes eszközalap - D,2025-11-13,0.9601,0.9529,-0.0075
2282,Euró likviditás eszközalap - D,2025-11-13,0.9264,0.9259,-0.0006
2283,Európai ingatlancégek részv. eszközalap,2025-11-13,1.8552,1.8612,0.0032
2284,Európai kötvény eszközalap - D,2025-11-13,1.2389,1.2363,-0.0022
2285,Európai részvény eszközalap,2025-11-13,2.7105,2.6952,-0.0057
2286,Európai vállalati kötvény eszközalap,2025-11-13,1.3296,1.3274,-0.0017
2287,Fejlõdõ piaci részvény ESG eszközalap-D,2025-11-13,1.1687,1.1655,-0.0027
2288,Fejlõdõ ázsiai részvény eszközalap,2025-11-13,2.4223,2.4224,0.0001
2289,Fenntartható növekedés részvény eszk.,2025-11-13,3.2525,3.1918,-0.0187
2290,Globális egészségügyi részvény eszk.,2025-11-13,3.5368,3.5649,0.0079
2291,Globális növekedési részvény eszközalap,2025-11-13,2.1691,2.1531,-0.0074
2292,Kiegyensúlyozott vegyes eszközalap - D,2025-11-13,1.4505,1.4402,-0.0071
2293,Latin-amerikai részvény eszközalap,2025-11-13,1.2559,1.2482,-0.0061
2294,Magas kötvény arányú vegyes eszk. - D,2025-11-13,1.1254,1.1201,-0.0047
2295,Magas védelmû vegyes eszközalap,2025-11-13,1.1079,1.1059,-0.0018
2296,Nemz. élelmiszeripari cégek rv. ea - D,2025-11-13,3.1675,3.1479,-0.0062
2297,Nyersanyagpiaci részvény eszközalap,2025-11-13,1.4137,1.4049,-0.0062
2298,Presztízs- és luxusmárkák rv. ea.,2025-11-13,3.7242,3.6684,-0.015
2299,USA részvény eszközalap,2025-11-13,4.6817,4.5855,-0.0205
2300,Ázsia kötvény eszközalap,2025-11-13,2.2821,2.2728,-0.0041
2301,Aktív hozamfigyelõ vegyes eszközalap - D,2025-11-14,0.9529,0.9514,-0.0016
2302,Euró likviditás eszközalap - D,2025-11-14,0.9259,0.9257,-0.0002
2303,Európai ingatlancégek részv. eszközalap,2025-11-14,1.8612,1.8296,-0.017
2304,Európai kötvény eszközalap - D,2025-11-14,1.2363,1.2344,-0.0015
2305,Európai részvény eszközalap,2025-11-14,2.6952,2.671,-0.009
2306,Európai vállalati kötvény eszközalap,2025-11-14,1.3274,1.3257,-0.0013
2307,Fejlõdõ piaci részvény ESG eszközalap-D,2025-11-14,1.1655,1.1603,-0.0045
2308,Fejlõdõ ázsiai részvény eszközalap,2025-11-14,2.4224,2.405,-0.0072
2309,Fenntartható növekedés részvény eszk.,2025-11-14,3.1918,3.1853,-0.002
2310,Globális egészségügyi részvény eszk.,2025-11-14,3.5649,3.5159,-0.0137
2311,Globális növekedési részvény eszközalap,2025-11-14,2.1531,2.1448,-0.0039
2312,Kiegyensúlyozott vegyes eszközalap - D,2025-11-14,1.4402,1.4336,-0.0046
2313,Latin-amerikai részvény eszközalap,2025-11-14,1.2482,1.2457,-0.002
2314,Magas kötvény arányú vegyes eszk. - D,2025-11-14,1.1201,1.1165,-0.0032
2315,Magas védelmû vegyes eszközalap,2025-11-14,1.1059,1.1034,-0.0023
2316,Nemz. élelmiszeripari cégek rv. ea - D,2025-11-14,3.1479,3.1304,-0.0056
2317,Nyersanyagpiaci részvény eszközalap,2025-11-14,1.4049,1.3915,-0.0096
2318,Presztízs- és luxusmárkák rv. ea.,2025-11-14,3.6684,3.6488,-0.0053
2319,USA részvény eszközalap,2025-11-14,4.5855,4.5954,0.0022
2320,Ázsia kötvény eszközalap,2025-11-14,2.2728,2.267,-0.0026
2321,Aktív hozamfigyelõ vegyes eszközalap - D,2025-11-15,0.9514,0.9514,0.0
2322,Euró likviditás eszközalap - D,2025-11-15,0.9257,0.9257,0.0
2323,Európai ingatlancégek részv. eszközalap,2025-11-15,1.8296,1.8296,0.0
2324,Európai kötvény eszközalap - D,2025-11-15,1.2344,1.2344,0.0
2325,Európai részvény eszközalap,2025-11-15,2.671,2.671,0.0
2326,Európai vállalati kötvény eszközalap,2025-11-15,1.3257,1.3257,0.0
2327,Fejlõdõ piaci részvény ESG eszközalap-D,2025-11-15,1.1603,1.1603,0.0
2328,Fejlõdõ ázsiai részvény eszközalap,2025-11-15,2.405,2.405,0.0
2329,Fenntartható növekedés részvény eszk.,2025-11-15,3.1853,3.1853,0.0
2330,Globális egészségügyi részvény eszk.,2025-11-15,3.5159,3.5159,0.0
2331,Globális növekedési részvény eszközalap,2025-11-15,2.1448,2.1448,0.0
2332,Kiegyensúlyozott vegyes eszközalap - D,2025-11-15,1.4336,1.4336,0.0
2333,Latin-amerikai részvény eszközalap,2025-11-15,1.2457,1.2457,0.0
2334,Magas kötvény arányú vegyes eszk. - D,2025-11-15,1.1165,1.1165,0.0
2335,Magas védelmû vegyes eszközalap,2025-11-15,1.1034,1.1034,0.0
2336,Nemz. élelmiszeripari cégek rv. ea - D,2025-11-15,3.1304,3.1304,0.0
2337,Nyersanyagpiaci részvény eszközalap,2025-11-15,1.3915,1.3915,0.0
2338,Presztízs- és luxusmárkák rv. ea.,2025-11-15,3.6488,3.6488,0.0
2339,USA részvény eszközalap,2025-11-15,4.5954,4.5954,0.0
2340,Ázsia kötvény eszközalap,2025-11-15,2.267,2.267,0.0
2341,Aktív hozamfigyelõ vegyes eszközalap - D,2025-11-16,0.9514,0.9514,0.0
2342,Euró likviditás eszközalap - D,2025-11-16,0.9257,0.9257,0.0
2343,Európai ingatlancégek részv. eszközalap,2025-11-16,1.8296,1.8296,0.0
2344,Európai kötvény eszközalap - D,2025-11-16,1.2344,1.2344,0.0
2345,Európai részvény eszközalap,2025-11-16,2.671,2.671,0.0
2346,Európai vállalati kötvény eszközalap,2025-11-16,1.3257,1.3257,0.0
2347,Fejlõdõ piaci részvény ESG eszközalap-D,2025-11-16,1.1603,1.1603,0.0
2348,Fejlõdõ ázsiai részvény eszközalap,2025-11-16,2.405,2.405,0.0
2349,Fenntartható növekedés részvény eszk.,2025-11-16,3.1853,3.1853,0.0
2350,Globális egészségügyi részvény eszk.,2025-11-16,3.5159,3.5159,0.0
2351,Globális növekedési részvény eszközalap,2025-11-16,2.1448,2.1448,0.0
2352,Kiegyensúlyozott vegyes eszközalap - D,2025-11-16,1.4336,1.4336,0.0
2353,Latin-amerikai részvény eszközalap,2025-11-16,1.2457,1.2457,0.0
2354,Magas kötvény arányú vegyes eszk. - D,2025-11-16,1.1165,1.1165,0.0
2355,Magas védelmû vegyes eszközalap,2025-11-16,1.1034,1.1034,0.0
2356,Nemz. élelmiszeripari cégek rv. ea - D,2025-11-16,3.1304,3.1304,0.0
2357,Nyersanyagpiaci részvény eszközalap,2025-11-16,1.3915,1.3915,0.0
2358,Presztízs- és luxusmárkák rv. ea.,2025-11-16,3.6488,3.6488,0.0
2359,USA részvény eszközalap,2025-11-16,4.5954,4.5954,0.0
2360,Ázsia kötvény eszközalap,2025-11-16,2.267,2.267,0.0
2361,Aktív hozamfigyelõ vegyes eszközalap - D,2025-11-19,0.9456,0.9473,0.0018
2362,Euró likviditás eszközalap - D,2025-11-19,0.9259,0.9261,0.0002
2363,Európai ingatlancégek részv. eszközalap,2025-11-19,1.8251,1.8136,-0.0063
2364,Európai kötvény eszközalap - D,2025-11-19,1.2348,1.2348,0.0
2365,Európai részvény eszközalap,2025-11-19,2.6013,2.6046,0.0013
2366,Európai vállalati kötvény eszközalap,2025-11-19,1.3255,1.3258,0.0002
2367,Fejlõdõ piaci részvény ESG eszközalap-D,2025-11-19,1.1362,1.1393,0.0027
2368,Fejlõdõ ázsiai részvény eszközalap,2025-11-19,2.3551,2.3736,0.0079
2369,Fenntartható növekedés részvény eszk.,2025-11-19,3.1258,3.1463,0.0066
2370,Globális egészségügyi részvény eszk.,2025-11-19,3.5233,3.5387,0.0044
2371,Globális növekedési részvény eszközalap,2025-11-19,2.1089,2.1172,0.0039
2372,Kiegyensúlyozott vegyes eszközalap - D,2025-11-19,1.4222,1.4234,0.0008
2373,Latin-amerikai részvény eszközalap,2025-11-19,1.2387,1.2386,0.0
2374,Magas kötvény arányú vegyes eszk. - D,2025-11-19,1.112,1.1122,0.0002
2375,Magas védelmû vegyes eszközalap,2025-11-19,1.0969,1.0974,0.0005
2376,Nemz. élelmiszeripari cégek rv. ea - D,2025-11-19,3.1237,3.1141,-0.0031
2377,Nyersanyagpiaci részvény eszközalap,2025-11-19,1.3645,1.3693,0.0036
2378,Presztízs- és luxusmárkák rv. ea.,2025-11-19,3.534,3.544,0.0028
2379,USA részvény eszközalap,2025-11-19,4.5306,4.5617,0.0069
2380,Ázsia kötvény eszközalap,2025-11-19,2.2732,2.2754,0.001
2381,Aktív hozamfigyelõ vegyes eszközalap - D,2025-11-20,0.9473,0.9449,-0.0025
2382,Euró likviditás eszközalap - D,2025-11-20,0.9261,0.926,0.0
2383,Európai ingatlancégek részv. eszközalap,2025-11-20,1.8136,1.8018,-0.0065
2384,Európai kötvény eszközalap - D,2025-11-20,1.2348,1.2344,-0.0003
2385,Európai részvény eszközalap,2025-11-20,2.6046,2.612,0.0028
2386,Európai vállalati kötvény eszközalap,2025-11-20,1.3258,1.3264,0.0005
2387,Fejlõdõ piaci részvény ESG eszközalap-D,2025-11-20,1.1393,1.1465,0.0064
2388,Fejlõdõ ázsiai részvény eszközalap,2025-11-20,2.3736,2.3893,0.0066
2389,Fenntartható növekedés részvény eszk.,2025-11-20,3.1463,3.121,-0.0081
2390,Globális egészségügyi részvény eszk.,2025-11-20,3.5387,3.5438,0.0014
2391,Globális növekedési részvény eszközalap,2025-11-20,2.1172,2.1084,-0.0041
2392,Kiegyensúlyozott vegyes eszközalap - D,2025-11-20,1.4234,1.42,-0.0024
2393,Latin-amerikai részvény eszközalap,2025-11-20,1.2386,1.2396,0.0007
2394,Magas kötvény arányú vegyes eszk. - D,2025-11-20,1.1122,1.1105,-0.0015
2395,Magas védelmû vegyes eszközalap,2025-11-20,1.0974,1.0984,0.0009
2396,Nemz. élelmiszeripari cégek rv. ea - D,2025-11-20,3.1141,3.1492,0.0113
2397,Nyersanyagpiaci részvény eszközalap,2025-11-20,1.3693,1.3693,0.0
2398,Presztízs- és luxusmárkák rv. ea.,2025-11-20,3.544,3.5504,0.0018
2399,USA részvény eszközalap,2025-11-20,4.5617,4.5001,-0.0135
2400,Ázsia kötvény eszközalap,2025-11-20,2.2754,2.284,0.0038
2401,Aktív hozamfigyelõ vegyes eszközalap - D,2025-11-21,0.9449,0.9487,0.004
2402,Euró likviditás eszközalap - D,2025-11-21,0.926,0.9262,0.0002
2403,Európai ingatlancégek részv. eszközalap,2025-11-21,1.8018,1.8087,0.0038
2404,Európai kötvény eszközalap - D,2025-11-21,1.2344,1.2355,0.0008
2405,Európai részvény eszközalap,2025-11-21,2.612,2.597,-0.0057
2406,Európai vállalati kötvény eszközalap,2025-11-21,1.3264,1.3263,-0.0001
2407,Fejlõdõ piaci részvény ESG eszközalap-D,2025-11-21,1.1465,1.1266,-0.0174
2408,Fejlõdõ ázsiai részvény eszközalap,2025-11-21,2.3893,2.3267,-0.0262
2409,Fenntartható növekedés részvény eszk.,2025-11-21,3.121,3.1504,0.0094
2410,Globális egészségügyi részvény eszk.,2025-11-21,3.5438,3.5412,-0.0008
2411,Globális növekedési részvény eszközalap,2025-11-21,2.1084,2.1328,0.0115
2412,Kiegyensúlyozott vegyes eszközalap - D,2025-11-21,1.42,1.4205,0.0004
2413,Latin-amerikai részvény eszközalap,2025-11-21,1.2396,1.2197,-0.016
2414,Magas kötvény arányú vegyes eszk. - D,2025-11-21,1.1105,1.1112,0.0007
2415,Magas védelmû vegyes eszközalap,2025-11-21,1.0984,1.0963,-0.0019
2416,Nemz. élelmiszeripari cégek rv. ea - D,2025-11-21,3.1492,3.1888,0.0126
2417,Nyersanyagpiaci részvény eszközalap,2025-11-21,1.3693,1.3656,-0.0027
2418,Presztízs- és luxusmárkák rv. ea.,2025-11-21,3.5504,3.5704,0.0056
2419,USA részvény eszközalap,2025-11-21,4.5001,4.5487,0.0108
2420,Ázsia kötvény eszközalap,2025-11-21,2.284,2.2867,0.0012
2421,Aktív hozamfigyelõ vegyes eszközalap - D,2025-11-22,0.9487,0.9487,0.0
2422,Euró likviditás eszközalap - D,2025-11-22,0.9262,0.9262,0.0
2423,Európai ingatlancégek részv. eszközalap,2025-11-22,1.8087,1.8087,0.0
2424,Európai kötvény eszközalap - D,2025-11-22,1.2355,1.2355,0.0
2425,Európai részvény eszközalap,2025-11-22,2.597,2.597,0.0
2426,Európai vállalati kötvény eszközalap,2025-11-22,1.3263,1.3263,0.0
2427,Fejlõdõ piaci részvény ESG eszközalap-D,2025-11-22,1.1266,1.1266,0.0
2428,Fejlõdõ ázsiai részvény eszközalap,2025-11-22,2.3267,2.3267,0.0
2429,Fenntartható növekedés részvény eszk.,2025-11-22,3.1504,3.1504,0.0
2430,Globális egészségügyi részvény eszk.,2025-11-22,3.5412,3.5412,0.0
2431,Globális növekedési részvény eszközalap,2025-11-22,2.1328,2.1328,0.0
2432,Kiegyensúlyozott vegyes eszközalap - D,2025-11-22,1.4205,1.4205,0.0
2433,Latin-amerikai részvény eszközalap,2025-11-22,1.2197,1.2197,0.0
2434,Magas kötvény arányú vegyes eszk. - D,2025-11-22,1.1112,1.1112,0.0
2435,Magas védelmû vegyes eszközalap,2025-11-22,1.0963,1.0963,0.0
2436,Nemz. élelmiszeripari cégek rv. ea - D,2025-11-22,3.1888,3.1888,0.0
2437,Nyersanyagpiaci részvény eszközalap,2025-11-22,1.3656,1.3656,0.0
2438,Presztízs- és luxusmárkák rv. ea.,2025-11-22,3.5704,3.5704,0.0
2439,USA részvény eszközalap,2025-11-22,4.5487,4.5487,0.0
2440,Ázsia kötvény eszközalap,2025-11-22,2.2867,2.2867,0.0
2441,Aktív hozamfigyelõ vegyes eszközalap - D,2025-11-23,0.9487,0.9487,0.0
2442,Euró likviditás eszközalap - D,2025-11-23,0.9262,0.9262,0.0
2443,Európai ingatlancégek részv. eszközalap,2025-11-23,1.8087,1.8087,0.0
2444,Európai kötvény eszközalap - D,2025-11-23,1.2355,1.2355,0.0
2445,Európai részvény eszközalap,2025-11-23,2.597,2.597,0.0
2446,Európai vállalati kötvény eszközalap,2025-11-23,1.3263,1.3263,0.0
2447,Fejlõdõ piaci részvény ESG eszközalap-D,2025-11-23,1.1266,1.1266,0.0
2448,Fejlõdõ ázsiai részvény eszközalap,2025-11-23,2.3267,2.3267,0.0
2449,Fenntartható növekedés részvény eszk.,2025-11-23,3.1504,3.1504,0.0
2450,Globális egészségügyi részvény eszk.,2025-11-23,3.5412,3.5412,0.0
2451,Globális növekedési részvény eszközalap,2025-11-23,2.1328,2.1328,0.0
2452,Kiegyensúlyozott vegyes eszközalap - D,2025-11-23,1.4205,1.4205,0.0
2453,Latin-amerikai részvény eszközalap,2025-11-23,1.2197,1.2197,0.0
2454,Magas kötvény arányú vegyes eszk. - D,2025-11-23,1.1112,1.1112,0.0
2455,Magas védelmû vegyes eszközalap,2025-11-23,1.0963,1.0963,0.0
2456,Nemz. élelmiszeripari cégek rv. ea - D,2025-11-23,3.1888,3.1888,0.0
2457,Nyersanyagpiaci részvény eszközalap,2025-11-23,1.3656,1.3656,0.0
2458,Presztízs- és luxusmárkák rv. ea.,2025-11-23,3.5704,3.5704,0.0
2459,USA részvény eszközalap,2025-11-23,4.5487,4.5487,0.0
2460,Ázsia kötvény eszközalap,2025-11-23,2.2867,2.2867,0.0
2461,Aktív hozamfigyelõ vegyes eszközalap - D,2025-11-26,0.9559,0.9581,0.0022
2462,Euró likviditás eszközalap - D,2025-11-26,0.9264,0.9264,0.0001
2463,Európai ingatlancégek részv. eszközalap,2025-11-26,1.8165,1.8359,0.0107
2464,Európai kötvény eszközalap - D,2025-11-26,1.2382,1.2382,0.0
2465,Európai részvény eszközalap,2025-11-26,2.6271,2.6611,0.0129
2466,Európai vállalati kötvény eszközalap,2025-11-26,1.3283,1.3288,0.0003
2467,Fejlõdõ piaci részvény ESG eszközalap-D,2025-11-26,1.1389,1.1523,0.0118
2468,Fejlõdõ ázsiai részvény eszközalap,2025-11-26,2.37,2.3888,0.0079
2469,Fenntartható növekedés részvény eszk.,2025-11-26,3.2007,3.2137,0.0041
2470,Globális egészségügyi részvény eszk.,2025-11-26,3.6284,3.6513,0.0063
2471,Globális növekedési részvény eszközalap,2025-11-26,2.1559,2.1553,-0.0003
2472,Kiegyensúlyozott vegyes eszközalap - D,2025-11-26,1.4351,1.4399,0.0033
2473,Latin-amerikai részvény eszközalap,2025-11-26,1.2254,1.2472,0.0178
2474,Magas kötvény arányú vegyes eszk. - D,2025-11-26,1.1183,1.1199,0.0015
2475,Magas védelmû vegyes eszközalap,2025-11-26,1.0982,1.1008,0.0024
2476,Nemz. élelmiszeripari cégek rv. ea - D,2025-11-26,3.1713,3.1963,0.0079
2477,Nyersanyagpiaci részvény eszközalap,2025-11-26,1.3953,1.4091,0.0098
2478,Presztízs- és luxusmárkák rv. ea.,2025-11-26,3.6359,3.6545,0.0051
2479,USA részvény eszközalap,2025-11-26,4.644,4.6584,0.0031
2480,Ázsia kötvény eszközalap,2025-11-26,2.2873,2.2814,-0.0026
2481,Aktív hozamfigyelõ vegyes eszközalap - D,2025-11-27,0.9581,0.958,0.0
2482,Euró likviditás eszközalap - D,2025-11-27,0.9264,0.9264,0.0
2483,Európai ingatlancégek részv. eszközalap,2025-11-27,1.8359,1.8526,0.0091
2484,Európai kötvény eszközalap - D,2025-11-27,1.2382,1.2381,-0.0001
2485,Európai részvény eszközalap,2025-11-27,2.6611,2.6554,-0.0021
2486,Európai vállalati kötvény eszközalap,2025-11-27,1.3288,1.3291,0.0003
2487,Fejlõdõ piaci részvény ESG eszközalap-D,2025-11-27,1.1523,1.146,-0.0055
2488,Fejlõdõ ázsiai részvény eszközalap,2025-11-27,2.3888,2.3914,0.0011
2489,Fenntartható növekedés részvény eszk.,2025-11-27,3.2137,3.2136,0.0
2490,Globális egészségügyi részvény eszk.,2025-11-27,3.6513,3.6409,-0.0028
2491,Globális növekedési részvény eszközalap,2025-11-27,2.1553,2.1553,0.0
2492,Kiegyensúlyozott vegyes eszközalap - D,2025-11-27,1.4399,1.4398,0.0
2493,Latin-amerikai részvény eszközalap,2025-11-27,1.2472,1.2496,0.0019
2494,Magas kötvény arányú vegyes eszk. - D,2025-11-27,1.1199,1.1206,0.0006
2495,Magas védelmû vegyes eszközalap,2025-11-27,1.1008,1.1011,0.0002
2496,Nemz. élelmiszeripari cégek rv. ea - D,2025-11-27,3.1963,3.1987,0.0007
2497,Nyersanyagpiaci részvény eszközalap,2025-11-27,1.4091,1.4093,0.0001
2498,Presztízs- és luxusmárkák rv. ea.,2025-11-27,3.6545,3.6529,-0.0004
2499,USA részvény eszközalap,2025-11-27,4.6584,4.6583,0.0
2500,Ázsia kötvény eszközalap,2025-11-27,2.2814,2.2797,-0.0007
2501,Aktív hozamfigyelõ vegyes eszközalap - D,2025-11-28,0.958,0.9585,0.0005
2502,Euró likviditás eszközalap - D,2025-11-28,0.9264,0.9265,0.0001
2503,Európai ingatlancégek részv. eszközalap,2025-11-28,1.8526,1.8533,0.0004
2504,Európai kötvény eszközalap - D,2025-11-28,1.2381,1.2376,-0.0005
2505,Európai részvény eszközalap,2025-11-28,2.6554,2.6663,0.0041
2506,Európai vállalati kötvény eszközalap,2025-11-28,1.3291,1.329,-0.0001
2507,Fejlõdõ piaci részvény ESG eszközalap-D,2025-11-28,1.146,1.149,0.0027
2508,Fejlõdõ ázsiai részvény eszközalap,2025-11-28,2.3914,2.4005,0.0038
2509,Fenntartható növekedés részvény eszk.,2025-11-28,3.2136,3.2177,0.0013
2510,Globális egészségügyi részvény eszk.,2025-11-28,3.6409,3.6229,-0.005
2511,Globális növekedési részvény eszközalap,2025-11-28,2.1553,2.1599,0.0021
2512,Kiegyensúlyozott vegyes eszközalap - D,2025-11-28,1.4398,1.4424,0.0018
2513,Latin-amerikai részvény eszközalap,2025-11-28,1.2496,1.2559,0.0051
2514,Magas kötvény arányú vegyes eszk. - D,2025-11-28,1.1206,1.121,0.0003
2515,Magas védelmû vegyes eszközalap,2025-11-28,1.1011,1.1015,0.0004
2516,Nemz. élelmiszeripari cégek rv. ea - D,2025-11-28,3.1987,3.2081,0.003
2517,Nyersanyagpiaci részvény eszközalap,2025-11-28,1.4093,1.4262,0.012
2518,Presztízs- és luxusmárkák rv. ea.,2025-11-28,3.6529,3.6715,0.0051
2519,USA részvény eszközalap,2025-11-28,4.6583,4.6735,0.0033
2520,Ázsia kötvény eszközalap,2025-11-28,2.2797,2.2806,0.0004
2521,Aktív hozamfigyelõ vegyes eszközalap - D,2025-11-29,0.9585,0.9585,0.0
2522,Euró likviditás eszközalap - D,2025-11-29,0.9265,0.9265,0.0
2523,Európai ingatlancégek részv. eszközalap,2025-11-29,1.8533,1.8533,0.0
2524,Európai kötvény eszközalap - D,2025-11-29,1.2376,1.2376,0.0
2525,Európai részvény eszközalap,2025-11-29,2.6663,2.6663,0.0
2526,Európai vállalati kötvény eszközalap,2025-11-29,1.329,1.329,0.0
2527,Fejlõdõ piaci részvény ESG eszközalap-D,2025-11-29,1.149,1.149,0.0
2528,Fejlõdõ ázsiai részvény eszközalap,2025-11-29,2.4005,2.4005,0.0
2529,Fenntartható növekedés részvény eszk.,2025-11-29,3.2177,3.2177,0.0
2530,Globális egészségügyi részvény eszk.,2025-11-29,3.6229,3.6229,0.0
2531,Globális növekedési részvény eszközalap,2025-11-29,2.1599,2.1599,0.0
2532,Kiegyensúlyozott vegyes eszközalap - D,2025-11-29,1.4424,1.4424,0.0
2533,Latin-amerikai részvény eszközalap,2025-11-29,1.2559,1.2559,0.0
2534,Magas kötvény arányú vegyes eszk. - D,2025-11-29,1.121,1.121,0.0
2535,Magas védelmû vegyes eszközalap,2025-11-29,1.1015,1.1015,0.0
2536,Nemz. élelmiszeripari cégek rv. ea - D,2025-11-29,3.2081,3.2081,0.0
2537,Nyersanyagpiaci részvény eszközalap,2025-11-29,1.4262,1.4262,0.0
2538,Presztízs- és luxusmárkák rv. ea.,2025-11-29,3.6715,3.6715,0.0
2539,USA részvény eszközalap,2025-11-29,4.6735,4.6735,0.0
2540,Ázsia kötvény eszközalap,2025-11-29,2.2806,2.2806,0.0
2541,Aktív hozamfigyelõ vegyes eszközalap - D,2025-11-30,0.9585,0.9585,0.0
2542,Euró likviditás eszközalap - D,2025-11-30,0.9265,0.9265,0.0
2543,Európai ingatlancégek részv. eszközalap,2025-11-30,1.8533,1.8533,0.0
2544,Európai kötvény eszközalap - D,2025-11-30,1.2376,1.2376,0.0
2545,Európai részvény eszközalap,2025-11-30,2.6663,2.6663,0.0
2546,Európai vállalati kötvény eszközalap,2025-11-30,1.329,1.329,0.0
2547,Fejlõdõ piaci részvény ESG eszközalap-D,2025-11-30,1.149,1.149,0.0
2548,Fejlõdõ ázsiai részvény eszközalap,2025-11-30,2.4005,2.4005,0.0
2549,Fenntartható növekedés részvény eszk.,2025-11-30,3.2177,3.2177,0.0
2550,Globális egészségügyi részvény eszk.,2025-11-30,3.6229,3.6229,0.0
2551,Globális növekedési részvény eszközalap,2025-11-30,2.1599,2.1599,0.0
2552,Kiegyensúlyozott vegyes eszközalap - D,2025-11-30,1.4424,1.4424,0.0
2553,Latin-amerikai részvény eszközalap,2025-11-30,1.2559,1.2559,0.0
2554,Magas kötvény arányú vegyes eszk. - D,2025-11-30,1.121,1.121,0.0
2555,Magas védelmû vegyes eszközalap,2025-11-30,1.1015,1.1015,0.0
2556,Nemz. élelmiszeripari cégek rv. ea - D,2025-11-30,3.2081,3.2081,0.0
2557,Nyersanyagpiaci részvény eszközalap,2025-11-30,1.4262,1.4262,0.0
2558,Presztízs- és luxusmárkák rv. ea.,2025-11-30,3.6715,3.6715,0.0
2559,USA részvény eszközalap,2025-11-30,4.6735,4.6735,0.0
2560,Ázsia kötvény eszközalap,2025-11-30,2.2806,2.2806,0.0
2561,Aktív hozamfigyelõ vegyes eszközalap - D,2025-12-03,0.9546,0.9548,0.0003
2562,Euró likviditás eszközalap - D,2025-12-03,0.926,0.9261,0.0001
2563,Európai ingatlancégek részv. eszközalap,2025-12-03,1.8327,1.8262,-0.0035
2564,Európai kötvény eszközalap - D,2025-12-03,1.2338,1.2346,0.0007
2565,Európai részvény eszközalap,2025-12-03,2.6679,2.6679,0.0
2566,Európai vállalati kötvény eszközalap,2025-12-03,1.3273,1.3282,0.0007
2567,Fejlõdõ piaci részvény ESG eszközalap-D,2025-12-03,1.1478,1.1426,-0.0046
2568,Fejlõdõ ázsiai részvény eszközalap,2025-12-03,2.3988,2.3834,-0.0064
2569,Fenntartható növekedés részvény eszk.,2025-12-03,3.1977,3.1877,-0.0031
2570,Globális egészségügyi részvény eszk.,2025-12-03,3.589,3.5838,-0.0015
2571,Globális növekedési részvény eszközalap,2025-12-03,2.1469,2.1452,-0.0008
2572,Kiegyensúlyozott vegyes eszközalap - D,2025-12-03,1.4386,1.439,0.0003
2573,Latin-amerikai részvény eszközalap,2025-12-03,1.261,1.2611,0.0001
2574,Magas kötvény arányú vegyes eszk. - D,2025-12-03,1.1177,1.1183,0.0006
2575,Magas védelmû vegyes eszközalap,2025-12-03,1.1025,1.1027,0.0002
2576,Nemz. élelmiszeripari cégek rv. ea - D,2025-12-03,3.1777,3.1804,0.0009
2577,Nyersanyagpiaci részvény eszközalap,2025-12-03,1.4037,1.4187,0.0107
2578,Presztízs- és luxusmárkák rv. ea.,2025-12-03,3.667,3.6878,0.0057
2579,USA részvény eszközalap,2025-12-03,4.6516,4.6335,-0.0039
2580,Ázsia kötvény eszközalap,2025-12-03,2.2687,2.2631,-0.0024
2581,Aktív hozamfigyelõ vegyes eszközalap - D,2025-12-04,0.9548,0.9542,-0.0007
2582,Euró likviditás eszközalap - D,2025-12-04,0.9261,0.9258,-0.0003
2583,Európai ingatlancégek részv. eszközalap,2025-12-04,1.8262,1.8277,0.0008
2584,Európai kötvény eszközalap - D,2025-12-04,1.2346,1.2325,-0.0017
2585,Európai részvény eszközalap,2025-12-04,2.6679,2.6801,0.0046
2586,Európai vállalati kötvény eszközalap,2025-12-04,1.3282,1.3275,-0.0006
2587,Fejlõdõ piaci részvény ESG eszközalap-D,2025-12-04,1.1426,1.1425,0.0
2588,Fejlõdõ ázsiai részvény eszközalap,2025-12-04,2.3834,2.3776,-0.0024
2589,Fenntartható növekedés részvény eszk.,2025-12-04,3.1877,3.1895,0.0006
2590,Globális egészségügyi részvény eszk.,2025-12-04,3.5838,3.5708,-0.0036
2591,Globális növekedési részvény eszközalap,2025-12-04,2.1452,2.1681,0.0107
2592,Kiegyensúlyozott vegyes eszközalap - D,2025-12-04,1.439,1.4387,-0.0003
2593,Latin-amerikai részvény eszközalap,2025-12-04,1.2611,1.273,0.0095
2594,Magas kötvény arányú vegyes eszk. - D,2025-12-04,1.1183,1.1173,-0.0009
2595,Magas védelmû vegyes eszközalap,2025-12-04,1.1027,1.1042,0.0013
2596,Nemz. élelmiszeripari cégek rv. ea - D,2025-12-04,3.1804,3.1511,-0.0092
2597,Nyersanyagpiaci részvény eszközalap,2025-12-04,1.4187,1.4184,-0.0002
2598,Presztízs- és luxusmárkák rv. ea.,2025-12-04,3.6878,3.6772,-0.0029
2599,USA részvény eszközalap,2025-12-04,4.6335,4.6378,0.0009
2600,Ázsia kötvény eszközalap,2025-12-04,2.2631,2.2576,-0.0024
2601,Aktív hozamfigyelõ vegyes eszközalap - D,2025-12-05,0.9542,0.9541,-0.0001
2602,Euró likviditás eszközalap - D,2025-12-05,0.9258,0.9255,-0.0003
2603,Európai ingatlancégek részv. eszközalap,2025-12-05,1.8277,1.8189,-0.0048
2604,Európai kötvény eszközalap - D,2025-12-05,1.2325,1.2315,-0.0008
2605,Európai részvény eszközalap,2025-12-05,2.6801,2.6847,0.0017
2606,Európai vállalati kötvény eszközalap,2025-12-05,1.3275,1.3263,-0.0009
2607,Fejlõdõ piaci részvény ESG eszközalap-D,2025-12-05,1.1425,1.1497,0.0063
2608,Fejlõdõ ázsiai részvény eszközalap,2025-12-05,2.3776,2.4136,0.0151
2609,Fenntartható növekedés részvény eszk.,2025-12-05,3.1895,3.1998,0.0033
2610,Globális egészségügyi részvény eszk.,2025-12-05,3.5708,3.5707,0.0
2611,Globális növekedési részvény eszközalap,2025-12-05,2.1681,2.1708,0.0012
2612,Kiegyensúlyozott vegyes eszközalap - D,2025-12-05,1.4387,1.4409,0.0015
2613,Latin-amerikai részvény eszközalap,2025-12-05,1.273,1.253,-0.0157
2614,Magas kötvény arányú vegyes eszk. - D,2025-12-05,1.1173,1.1178,0.0004
2615,Magas védelmû vegyes eszközalap,2025-12-05,1.1042,1.1043,0.0001
2616,Nemz. élelmiszeripari cégek rv. ea - D,2025-12-05,3.1511,3.1728,0.0069
2617,Nyersanyagpiaci részvény eszközalap,2025-12-05,1.4184,1.4276,0.0065
2618,Presztízs- és luxusmárkák rv. ea.,2025-12-05,3.6772,3.6691,-0.0022
2619,USA részvény eszközalap,2025-12-05,4.6378,4.6625,0.0053
2620,Ázsia kötvény eszközalap,2025-12-05,2.2576,2.2605,0.0013
2621,Aktív hozamfigyelõ vegyes eszközalap - D,2025-12-06,0.9541,0.9541,0.0
2622,Euró likviditás eszközalap - D,2025-12-06,0.9255,0.9255,0.0
2623,Európai ingatlancégek részv. eszközalap,2025-12-06,1.8189,1.8189,0.0
2624,Európai kötvény eszközalap - D,2025-12-06,1.2315,1.2315,0.0
2625,Európai részvény eszközalap,2025-12-06,2.6847,2.6847,0.0
2626,Európai vállalati kötvény eszközalap,2025-12-06,1.3263,1.3263,0.0
2627,Fejlõdõ piaci részvény ESG eszközalap-D,2025-12-06,1.1497,1.1497,0.0
2628,Fejlõdõ ázsiai részvény eszközalap,2025-12-06,2.4136,2.4136,0.0
2629,Fenntartható növekedés részvény eszk.,2025-12-06,3.1998,3.1998,0.0
2630,Globális egészségügyi részvény eszk.,2025-12-06,3.5707,3.5707,0.0
2631,Globális növekedési részvény eszközalap,2025-12-06,2.1708,2.1708,0.0
2632,Kiegyensúlyozott vegyes eszközalap - D,2025-12-06,1.4409,1.4409,0.0
2633,Latin-amerikai részvény eszközalap,2025-12-06,1.253,1.253,0.0
2634,Magas kötvény arányú vegyes eszk. - D,2025-12-06,1.1178,1.1178,0.0
2635,Magas védelmû vegyes eszközalap,2025-12-06,1.1043,1.1043,0.0
2636,Nemz. élelmiszeripari cégek rv. ea - D,2025-12-06,3.1728,3.1728,0.0
2637,Nyersanyagpiaci részvény eszközalap,2025-12-06,1.4276,1.4276,0.0
2638,Presztízs- és luxusmárkák rv. ea.,2025-12-06,3.6691,3.6691,0.0
2639,USA részvény eszközalap,2025-12-06,4.6625,4.6625,0.0
2640,Ázsia kötvény eszközalap,2025-12-06,2.2605,2.2605,0.0
2641,Aktív hozamfigyelõ vegyes eszközalap - D,2025-12-07,0.9541,0.9541,0.0
2642,Euró likviditás eszközalap - D,2025-12-07,0.9255,0.9255,0.0
2643,Európai ingatlancégek részv. eszközalap,2025-12-07,1.8189,1.8189,0.0
2644,Európai kötvény eszközalap - D,2025-12-07,1.2315,1.2315,0.0
2645,Európai részvény eszközalap,2025-12-07,2.6847,2.6847,0.0
2646,Európai vállalati kötvény eszközalap,2025-12-07,1.3263,1.3263,0.0
2647,Fejlõdõ piaci részvény ESG eszközalap-D,2025-12-07,1.1497,1.1497,0.0
2648,Fejlõdõ ázsiai részvény eszközalap,2025-12-07,2.4136,2.4136,0.0
2649,Fenntartható növekedés részvény eszk.,2025-12-07,3.1998,3.1998,0.0
2650,Globális egészségügyi részvény eszk.,2025-12-07,3.5707,3.5707,0.0
2651,Globális növekedési részvény eszközalap,2025-12-07,2.1708,2.1708,0.0
2652,Kiegyensúlyozott vegyes eszközalap - D,2025-12-07,1.4409,1.4409,0.0
2653,Latin-amerikai részvény eszközalap,2025-12-07,1.253,1.253,0.0
2654,Magas kötvény arányú vegyes eszk. - D,2025-12-07,1.1178,1.1178,0.0
2655,Magas védelmû vegyes eszközalap,2025-12-07,1.1043,1.1043,0.0
2656,Nemz. élelmiszeripari cégek rv. ea - D,2025-12-07,3.1728,3.1728,0.0
2657,Nyersanyagpiaci részvény eszközalap,2025-12-07,1.4276,1.4276,0.0
2658,Presztízs- és luxusmárkák rv. ea.,2025-12-07,3.6691,3.6691,0.0
2659,USA részvény eszközalap,2025-12-07,4.6625,4.6625,0.0
2660,Ázsia kötvény eszközalap,2025-12-07,2.2605,2.2605,0.0
2661,Aktív hozamfigyelõ vegyes eszközalap - D,2025-12-10,0.95,0.952,0.0021
2662,Euró likviditás eszközalap - D,2025-12-10,0.9246,0.9243,-0.0004
2663,Európai ingatlancégek részv. eszközalap,2025-12-10,1.7823,1.7792,-0.0017
2664,Európai kötvény eszközalap - D,2025-12-10,1.2266,1.2266,0.0
2665,Európai részvény eszközalap,2025-12-10,2.6758,2.6675,-0.0031
2666,Európai vállalati kötvény eszközalap,2025-12-10,1.3228,1.322,-0.0007
2667,Fejlõdõ piaci részvény ESG eszközalap-D,2025-12-10,1.1361,1.1381,0.0018
2668,Fejlõdõ ázsiai részvény eszközalap,2025-12-10,2.3985,2.4126,0.0059
2669,Fenntartható növekedés részvény eszk.,2025-12-10,3.186,3.1971,0.0035
2670,Globális egészségügyi részvény eszk.,2025-12-10,3.5263,3.5003,-0.0074
2671,Globális növekedési részvény eszközalap,2025-12-10,2.1404,2.1447,0.002
2672,Kiegyensúlyozott vegyes eszközalap - D,2025-12-10,1.4372,1.439,0.0012
2673,Latin-amerikai részvény eszközalap,2025-12-10,1.2353,1.2351,-0.0001
2674,Magas kötvény arányú vegyes eszk. - D,2025-12-10,1.1143,1.1148,0.0004
2675,Magas védelmû vegyes eszközalap,2025-12-10,1.1039,1.1025,-0.0012
2676,Nemz. élelmiszeripari cégek rv. ea - D,2025-12-10,3.1343,3.1413,0.0022
2677,Nyersanyagpiaci részvény eszközalap,2025-12-10,1.4146,1.4131,-0.0011
2678,Presztízs- és luxusmárkák rv. ea.,2025-12-10,3.6299,3.6072,-0.0063
2679,USA részvény eszközalap,2025-12-10,4.6484,4.6767,0.0061
2680,Ázsia kötvény eszközalap,2025-12-10,2.2588,2.2614,0.0011
2681,Aktív hozamfigyelõ vegyes eszközalap - D,2025-12-11,0.952,0.9519,-0.0001
2682,Euró likviditás eszközalap - D,2025-12-11,0.9243,0.9246,0.0003
2683,Európai ingatlancégek részv. eszközalap,2025-12-11,1.7792,1.781,0.001
2684,Európai kötvény eszközalap - D,2025-12-11,1.2266,1.2281,0.0012
2685,Európai részvény eszközalap,2025-12-11,2.6675,2.6897,0.0083
2686,Európai vállalati kötvény eszközalap,2025-12-11,1.322,1.3229,0.0007
2687,Fejlõdõ piaci részvény ESG eszközalap-D,2025-12-11,1.1381,1.1329,-0.0046
2688,Fejlõdõ ázsiai részvény eszközalap,2025-12-11,2.4126,2.3812,-0.013
2689,Fenntartható növekedés részvény eszk.,2025-12-11,3.1971,3.1803,-0.0053
2690,Globális egészségügyi részvény eszk.,2025-12-11,3.5003,3.5417,0.0118
2691,Globális növekedési részvény eszközalap,2025-12-11,2.1447,2.1425,-0.0011
2692,Kiegyensúlyozott vegyes eszközalap - D,2025-12-11,1.439,1.4384,-0.0004
2693,Latin-amerikai részvény eszközalap,2025-12-11,1.2351,1.2504,0.0124
2694,Magas kötvény arányú vegyes eszk. - D,2025-12-11,1.1148,1.1152,0.0004
2695,Magas védelmû vegyes eszközalap,2025-12-11,1.1025,1.1059,0.0031
2696,Nemz. élelmiszeripari cégek rv. ea - D,2025-12-11,3.1413,3.1408,-0.0001
2697,Nyersanyagpiaci részvény eszközalap,2025-12-11,1.4131,1.4392,0.0184
2698,Presztízs- és luxusmárkák rv. ea.,2025-12-11,3.6072,3.6817,0.0207
2699,USA részvény eszközalap,2025-12-11,4.6767,4.6416,-0.0075
2700,Ázsia kötvény eszközalap,2025-12-11,2.2614,2.2531,-0.0037
2701,Aktív hozamfigyelõ vegyes eszközalap - D,2025-12-12,0.9519,0.9482,-0.004
2702,Euró likviditás eszközalap - D,2025-12-12,0.9246,0.9246,0.0
2703,Európai ingatlancégek részv. eszközalap,2025-12-12,1.781,1.7783,-0.0015
2704,Európai kötvény eszközalap - D,2025-12-12,1.2281,1.2272,-0.0007
2705,Európai részvény eszközalap,2025-12-12,2.6897,2.6767,-0.0048
2706,Európai vállalati kötvény eszközalap,2025-12-12,1.3229,1.3227,-0.0002
2707,Fejlõdõ piaci részvény ESG eszközalap-D,2025-12-12,1.1329,1.1328,0.0
2708,Fejlõdõ ázsiai részvény eszközalap,2025-12-12,2.3812,2.3961,0.0063
2709,Fenntartható növekedés részvény eszk.,2025-12-12,3.1803,3.1543,-0.0082
2710,Globális egészségügyi részvény eszk.,2025-12-12,3.5417,3.5468,0.0014
2711,Globális növekedési részvény eszközalap,2025-12-12,2.1425,2.1254,-0.008
2712,Kiegyensúlyozott vegyes eszközalap - D,2025-12-12,1.4384,1.433,-0.0037
2713,Latin-amerikai részvény eszközalap,2025-12-12,1.2504,1.2487,-0.0014
2714,Magas kötvény arányú vegyes eszk. - D,2025-12-12,1.1152,1.1126,-0.0024
2715,Magas védelmû vegyes eszközalap,2025-12-12,1.1059,1.1041,-0.0016
2716,Nemz. élelmiszeripari cégek rv. ea - D,2025-12-12,3.1408,3.1404,-0.0001
2717,Nyersanyagpiaci részvény eszközalap,2025-12-12,1.4392,1.4348,-0.0031
2718,Presztízs- és luxusmárkák rv. ea.,2025-12-12,3.6817,3.6856,0.0011
2719,USA részvény eszközalap,2025-12-12,4.6416,4.6073,-0.0074
2720,Ázsia kötvény eszközalap,2025-12-12,2.2531,2.2463,-0.003
2721,Aktív hozamfigyelõ vegyes eszközalap - D,2025-12-13,0.9482,0.9482,0.0
2722,Euró likviditás eszközalap - D,2025-12-13,0.9246,0.9246,0.0
2723,Európai ingatlancégek részv. eszközalap,2025-12-13,1.7783,1.7783,0.0
2724,Európai kötvény eszközalap - D,2025-12-13,1.2272,1.2272,0.0
2725,Európai részvény eszközalap,2025-12-13,2.6767,2.6767,0.0
2726,Európai vállalati kötvény eszközalap,2025-12-13,1.3227,1.3227,0.0
2727,Fejlõdõ piaci részvény ESG eszközalap-D,2025-12-13,1.1328,1.1328,0.0
2728,Fejlõdõ ázsiai részvény eszközalap,2025-12-13,2.3961,2.3961,0.0
2729,Fenntartható növekedés részvény eszk.,2025-12-13,3.1543,3.1543,0.0
2730,Globális egészségügyi részvény eszk.,2025-12-13,3.5468,3.5468,0.0
2731,Globális növekedési részvény eszközalap,2025-12-13,2.1254,2.1254,0.0
2732,Kiegyensúlyozott vegyes eszközalap - D,2025-12-13,1.433,1.433,0.0
2733,Latin-amerikai részvény eszközalap,2025-12-13,1.2487,1.2487,0.0
2734,Magas kötvény arányú vegyes eszk. - D,2025-12-13,1.1126,1.1126,0.0
2735,Magas védelmû vegyes eszközalap,2025-12-13,1.1041,1.1041,0.0
2736,Nemz. élelmiszeripari cégek rv. ea - D,2025-12-13,3.1404,3.1404,0.0
2737,Nyersanyagpiaci részvény eszközalap,2025-12-13,1.4348,1.4348,0.0
2738,Presztízs- és luxusmárkák rv. ea.,2025-12-13,3.6856,3.6856,0.0
2739,USA részvény eszközalap,2025-12-13,4.6073,4.6073,0.0
2740,Ázsia kötvény eszközalap,2025-12-13,2.2463,2.2463,0.0
2741,Aktív hozamfigyelõ vegyes eszközalap - D,2025-12-14,0.9482,0.9482,0.0
2742,Euró likviditás eszközalap - D,2025-12-14,0.9246,0.9246,0.0
2743,Európai ingatlancégek részv. eszközalap,2025-12-14,1.7783,1.7783,0.0
2744,Európai kötvény eszközalap - D,2025-12-14,1.2272,1.2272,0.0
2745,Európai részvény eszközalap,2025-12-14,2.6767,2.6767,0.0
2746,Európai vállalati kötvény eszközalap,2025-12-14,1.3227,1.3227,0.0
2747,Fejlõdõ piaci részvény ESG eszközalap-D,2025-12-14,1.1328,1.1328,0.0
2748,Fejlõdõ ázsiai részvény eszközalap,2025-12-14,2.3961,2.3961,0.0
2749,Fenntartható növekedés részvény eszk.,2025-12-14,3.1543,3.1543,0.0
2750,Globális egészségügyi részvény eszk.,2025-12-14,3.5468,3.5468,0.0
2751,Globális növekedési részvény eszközalap,2025-12-14,2.1254,2.1254,0.0
2752,Kiegyensúlyozott vegyes eszközalap - D,2025-12-14,1.433,1.433,0.0
2753,Latin-amerikai részvény eszközalap,2025-12-14,1.2487,1.2487,0.0
2754,Magas kötvény arányú vegyes eszk. - D,2025-12-14,1.1126,1.1126,0.0
2755,Magas védelmû vegyes eszközalap,2025-12-14,1.1041,1.1041,0.0
2756,Nemz. élelmiszeripari cégek rv. ea - D,2025-12-14,3.1404,3.1404,0.0
2757,Nyersanyagpiaci részvény eszközalap,2025-12-14,1.4348,1.4348,0.0
2758,Presztízs- és luxusmárkák rv. ea.,2025-12-14,3.6856,3.6856,0.0
2759,USA részvény eszközalap,2025-12-14,4.6073,4.6073,0.0
2760,Ázsia kötvény eszközalap,2025-12-14,2.2463,2.2463,0.0
2761,Aktív hozamfigyelõ vegyes eszközalap - D,2025-12-17,0.9479,0.9454,-0.0027
2762,Euró likviditás eszközalap - D,2025-12-17,0.9252,0.9251,-0.0001
2763,Európai ingatlancégek részv. eszközalap,2025-12-17,1.7858,1.7933,0.0042
2764,Európai kötvény eszközalap - D,2025-12-17,1.2288,1.228,-0.0007
2765,Európai részvény eszközalap,2025-12-17,2.6768,2.6603,-0.0061
2766,Európai vállalati kötvény eszközalap,2025-12-17,1.3239,1.3232,-0.0005
2767,Fejlõdõ piaci részvény ESG eszközalap-D,2025-12-17,1.1172,1.1202,0.0027
2768,Fejlõdõ ázsiai részvény eszközalap,2025-12-17,2.3397,2.3577,0.0077
2769,Fenntartható növekedés részvény eszk.,2025-12-17,3.1449,3.1262,-0.006
2770,Globális egészségügyi részvény eszk.,2025-12-17,3.5623,3.5545,-0.0022
2771,Globális növekedési részvény eszközalap,2025-12-17,2.1218,2.1051,-0.0079
2772,Kiegyensúlyozott vegyes eszközalap - D,2025-12-17,1.4284,1.4237,-0.0033
2773,Latin-amerikai részvény eszközalap,2025-12-17,1.2356,1.2082,-0.0222
2774,Magas kötvény arányú vegyes eszk. - D,2025-12-17,1.1115,1.109,-0.0022
2775,Magas védelmû vegyes eszközalap,2025-12-17,1.1039,1.1011,-0.0026
2776,Nemz. élelmiszeripari cégek rv. ea - D,2025-12-17,3.1596,3.1755,0.005
2777,Nyersanyagpiaci részvény eszközalap,2025-12-17,1.4361,1.4295,-0.0046
2778,Presztízs- és luxusmárkák rv. ea.,2025-12-17,3.7107,3.7092,-0.0004
2779,USA részvény eszközalap,2025-12-17,4.5812,4.5409,-0.0088
2780,Ázsia kötvény eszközalap,2025-12-17,2.243,2.2514,0.0037
2781,Aktív hozamfigyelõ vegyes eszközalap - D,2025-12-18,0.9454,0.949,0.0038
2782,Euró likviditás eszközalap - D,2025-12-18,0.9251,0.9253,0.0002
2783,Európai ingatlancégek részv. eszközalap,2025-12-18,1.7933,1.8123,0.0106
2784,Európai kötvény eszközalap - D,2025-12-18,1.228,1.2293,0.0011
2785,Európai részvény eszközalap,2025-12-18,2.6603,2.6878,0.0104
2786,Európai vállalati kötvény eszközalap,2025-12-18,1.3232,1.3239,0.0005
2787,Fejlõdõ piaci részvény ESG eszközalap-D,2025-12-18,1.1202,1.1316,0.0101
2788,Fejlõdõ ázsiai részvény eszközalap,2025-12-18,2.3577,2.3554,-0.001
2789,Fenntartható növekedés részvény eszk.,2025-12-18,3.1262,3.1554,0.0093
2790,Globális egészségügyi részvény eszk.,2025-12-18,3.5545,3.5622,0.0022
2791,Globális növekedési részvény eszközalap,2025-12-18,2.1051,2.124,0.009
2792,Kiegyensúlyozott vegyes eszközalap - D,2025-12-18,1.4237,1.4272,0.0025
2793,Latin-amerikai részvény eszközalap,2025-12-18,1.2082,1.2227,0.012
2794,Magas kötvény arányú vegyes eszk. - D,2025-12-18,1.109,1.1111,0.0019
2795,Magas védelmû vegyes eszközalap,2025-12-18,1.1011,1.1053,0.0038
2796,Nemz. élelmiszeripari cégek rv. ea - D,2025-12-18,3.1755,3.1772,0.0005
2797,Nyersanyagpiaci részvény eszközalap,2025-12-18,1.4295,1.4558,0.0184
2798,Presztízs- és luxusmárkák rv. ea.,2025-12-18,3.7092,3.7321,0.0062
2799,USA részvény eszközalap,2025-12-18,4.5409,4.5837,0.0094
2800,Ázsia kötvény eszközalap,2025-12-18,2.2514,2.2514,0.0
2801,Aktív hozamfigyelõ vegyes eszközalap - D,2025-12-19,0.949,0.9501,0.0012
2802,Euró likviditás eszközalap - D,2025-12-19,0.9253,0.925,-0.0003
2803,Európai ingatlancégek részv. eszközalap,2025-12-19,1.8123,1.8057,-0.0036
2804,Európai kötvény eszközalap - D,2025-12-19,1.2293,1.2272,-0.0017
2805,Európai részvény eszközalap,2025-12-19,2.6878,2.701,0.0049
2806,Európai vállalati kötvény eszközalap,2025-12-19,1.3239,1.3221,-0.0013
2807,Fejlõdõ piaci részvény ESG eszközalap-D,2025-12-19,1.1316,1.1366,0.0045
2808,Fejlõdõ ázsiai részvény eszközalap,2025-12-19,2.3554,2.3803,0.0106
2809,Fenntartható növekedés részvény eszk.,2025-12-19,3.1554,3.1811,0.0081
2810,Globális egészségügyi részvény eszk.,2025-12-19,3.5622,3.5698,0.0022
2811,Globális növekedési részvény eszközalap,2025-12-19,2.124,2.1376,0.0064
2812,Kiegyensúlyozott vegyes eszközalap - D,2025-12-19,1.4272,1.4323,0.0036
2813,Latin-amerikai részvény eszközalap,2025-12-19,1.2227,1.2333,0.0087
2814,Magas kötvény arányú vegyes eszk. - D,2025-12-19,1.1111,1.1119,0.0007
2815,Magas védelmû vegyes eszközalap,2025-12-19,1.1053,1.1071,0.0016
2816,Nemz. élelmiszeripari cégek rv. ea - D,2025-12-19,3.1772,3.1561,-0.0066
2817,Nyersanyagpiaci részvény eszközalap,2025-12-19,1.4558,1.4567,0.0006
2818,Presztízs- és luxusmárkák rv. ea.,2025-12-19,3.7321,3.7456,0.0036
2819,USA részvény eszközalap,2025-12-19,4.5837,4.6351,0.0112
2820,Ázsia kötvény eszközalap,2025-12-19,2.2514,2.2536,0.001
2821,Aktív hozamfigyelõ vegyes eszközalap - D,2025-12-20,0.9501,0.9501,0.0
2822,Euró likviditás eszközalap - D,2025-12-20,0.925,0.925,0.0
2823,Európai ingatlancégek részv. eszközalap,2025-12-20,1.8057,1.8057,0.0
2824,Európai kötvény eszközalap - D,2025-12-20,1.2272,1.2272,0.0
2825,Európai részvény eszközalap,2025-12-20,2.701,2.701,0.0
2826,Európai vállalati kötvény eszközalap,2025-12-20,1.3221,1.3221,0.0
2827,Fejlõdõ piaci részvény ESG eszközalap-D,2025-12-20,1.1366,1.1366,0.0
2828,Fejlõdõ ázsiai részvény eszközalap,2025-12-20,2.3803,2.3803,0.0
2829,Fenntartható növekedés részvény eszk.,2025-12-20,3.1811,3.1811,0.0
2830,Globális egészségügyi részvény eszk.,2025-12-20,3.5698,3.5698,0.0
2831,Globális növekedési részvény eszközalap,2025-12-20,2.1376,2.1376,0.0
2832,Kiegyensúlyozott vegyes eszközalap - D,2025-12-20,1.4323,1.4323,0.0
2833,Latin-amerikai részvény eszközalap,2025-12-20,1.2333,1.2333,0.0
2834,Magas kötvény arányú vegyes eszk. - D,2025-12-20,1.1119,1.1119,0.0
2835,Magas védelmû vegyes eszközalap,2025-12-20,1.1071,1.1071,0.0
2836,Nemz. élelmiszeripari cégek rv. ea - D,2025-12-20,3.1561,3.1561,0.0
2837,Nyersanyagpiaci részvény eszközalap,2025-12-20,1.4567,1.4567,0.0
2838,Presztízs- és luxusmárkák rv. ea.,2025-12-20,3.7456,3.7456,0.0
2839,USA részvény eszközalap,2025-12-20,4.6351,4.6351,0.0
2840,Ázsia kötvény eszközalap,2025-12-20,2.2536,2.2536,0.0
2841,Aktív hozamfigyelõ vegyes eszközalap - D,2025-12-21,0.9501,0.9501,0.0
2842,Euró likviditás eszközalap - D,2025-12-21,0.925,0.925,0.0
2843,Európai ingatlancégek részv. eszközalap,2025-12-21,1.8057,1.8057,0.0
2844,Európai kötvény eszközalap - D,2025-12-21,1.2272,1.2272,0.0
2845,Európai részvény eszközalap,2025-12-21,2.701,2.701,0.0
2846,Európai vállalati kötvény eszközalap,2025-12-21,1.3221,1.3221,0.0
2847,Fejlõdõ piaci részvény ESG eszközalap-D,2025-12-21,1.1366,1.1366,0.0
2848,Fejlõdõ ázsiai részvény eszközalap,2025-12-21,2.3803,2.3803,0.0
2849,Fenntartható növekedés részvény eszk.,2025-12-21,3.1811,3.1811,0.0
2850,Globális egészségügyi részvény eszk.,2025-12-21,3.5698,3.5698,0.0
2851,Globális növekedési részvény eszközalap,2025-12-21,2.1376,2.1376,0.0
2852,Kiegyensúlyozott vegyes eszközalap - D,2025-12-21,1.4323,1.4323,0.0
2853,Latin-amerikai részvény eszközalap,2025-12-21,1.2333,1.2333,0.0
2854,Magas kötvény arányú vegyes eszk. - D,2025-12-21,1.1119,1.1119,0.0
2855,Magas védelmû vegyes eszközalap,2025-12-21,1.1071,1.1071,0.0
2856,Nemz. élelmiszeripari cégek rv. ea - D,2025-12-21,3.1561,3.1561,0.0
2857,Nyersanyagpiaci részvény eszközalap,2025-12-21,1.4567,1.4567,0.0
2858,Presztízs- és luxusmárkák rv. ea.,2025-12-21,3.7456,3.7456,0.0
2859,USA részvény eszközalap,2025-12-21,4.6351,4.6351,0.0
2860,Ázsia kötvény eszközalap,2025-12-21,2.2536,2.2536,0.0
2861,Aktív hozamfigyelõ vegyes eszközalap - D,2025-12-24,0.9522,0.9522,0.0
2862,Euró likviditás eszközalap - D,2025-12-24,0.9252,0.9252,0.0
2863,Európai ingatlancégek részv. eszközalap,2025-12-24,1.8128,1.8128,0.0
2864,Európai kötvény eszközalap - D,2025-12-24,1.2296,1.2296,0.0
2865,Európai részvény eszközalap,2025-12-24,2.6997,2.6997,0.0
2866,Európai vállalati kötvény eszközalap,2025-12-24,1.3235,1.3235,0.0
2867,Fejlõdõ piaci részvény ESG eszközalap-D,2025-12-24,1.1375,1.1375,0.0
2868,Fejlõdõ ázsiai részvény eszközalap,2025-12-24,2.3822,2.3822,0.0
2869,Fenntartható növekedés részvény eszk.,2025-12-24,3.1966,3.1966,0.0
2870,Globális egészségügyi részvény eszk.,2025-12-24,3.6056,3.6056,0.0
2871,Globális növekedési részvény eszközalap,2025-12-24,2.1451,2.1451,0.0
2872,Kiegyensúlyozott vegyes eszközalap - D,2025-12-24,1.438,1.438,0.0
2873,Latin-amerikai részvény eszközalap,2025-12-24,1.2345,1.2345,0.0
2874,Magas kötvény arányú vegyes eszk. - D,2025-12-24,1.1152,1.1152,0.0
2875,Magas védelmû vegyes eszközalap,2025-12-24,1.1055,1.1055,0.0
2876,Nemz. élelmiszeripari cégek rv. ea - D,2025-12-24,3.1166,3.1166,0.0
2877,Nyersanyagpiaci részvény eszközalap,2025-12-24,1.4686,1.4686,0.0
2878,Presztízs- és luxusmárkák rv. ea.,2025-12-24,3.7244,3.7244,0.0
2879,USA részvény eszközalap,2025-12-24,4.6599,4.6599,0.0
2880,Ázsia kötvény eszközalap,2025-12-24,2.2388,2.2388,0.0
2881,Aktív hozamfigyelõ vegyes eszközalap - D,2025-12-25,0.9522,0.9522,0.0
2882,Euró likviditás eszközalap - D,2025-12-25,0.9252,0.9252,0.0
2883,Európai ingatlancégek részv. eszközalap,2025-12-25,1.8128,1.8128,0.0
2884,Európai kötvény eszközalap - D,2025-12-25,1.2296,1.2296,0.0
2885,Európai részvény eszközalap,2025-12-25,2.6997,2.6997,0.0
2886,Európai vállalati kötvény eszközalap,2025-12-25,1.3235,1.3235,0.0
2887,Fejlõdõ piaci részvény ESG eszközalap-D,2025-12-25,1.1375,1.1375,0.0
2888,Fejlõdõ ázsiai részvény eszközalap,2025-12-25,2.3822,2.3822,0.0
2889,Fenntartható növekedés részvény eszk.,2025-12-25,3.1966,3.1966,0.0
2890,Globális egészségügyi részvény eszk.,2025-12-25,3.6056,3.6056,0.0
2891,Globális növekedési részvény eszközalap,2025-12-25,2.1451,2.1451,0.0
2892,Kiegyensúlyozott vegyes eszközalap - D,2025-12-25,1.438,1.438,0.0
2893,Latin-amerikai részvény eszközalap,2025-12-25,1.2345,1.2345,0.0
2894,Magas kötvény arányú vegyes eszk. - D,2025-12-25,1.1152,1.1152,0.0
2895,Magas védelmû vegyes eszközalap,2025-12-25,1.1055,1.1055,0.0
2896,Nemz. élelmiszeripari cégek rv. ea - D,2025-12-25,3.1166,3.1166,0.0
2897,Nyersanyagpiaci részvény eszközalap,2025-12-25,1.4686,1.4686,0.0
2898,Presztízs- és luxusmárkák rv. ea.,2025-12-25,3.7244,3.7244,0.0
2899,USA részvény eszközalap,2025-12-25,4.6599,4.6599,0.0
2900,Ázsia kötvény eszközalap,2025-12-25,2.2388,2.2388,0.0
2901,Aktív hozamfigyelõ vegyes eszközalap - D,2025-12-26,0.9522,0.9522,0.0
2902,Euró likviditás eszközalap - D,2025-12-26,0.9252,0.9252,0.0
2903,Európai ingatlancégek részv. eszközalap,2025-12-26,1.8128,1.8128,0.0
2904,Európai kötvény eszközalap - D,2025-12-26,1.2296,1.2296,0.0
2905,Európai részvény eszközalap,2025-12-26,2.6997,2.6997,0.0
2906,Európai vállalati kötvény eszközalap,2025-12-26,1.3235,1.3235,0.0
2907,Fejlõdõ piaci részvény ESG eszközalap-D,2025-12-26,1.1375,1.1375,0.0
2908,Fejlõdõ ázsiai részvény eszközalap,2025-12-26,2.3822,2.3822,0.0
2909,Fenntartható növekedés részvény eszk.,2025-12-26,3.1966,3.1966,0.0
2910,Globális egészségügyi részvény eszk.,2025-12-26,3.6056,3.6056,0.0
2911,Globális növekedési részvény eszközalap,2025-12-26,2.1451,2.1451,0.0
2912,Kiegyensúlyozott vegyes eszközalap - D,2025-12-26,1.438,1.438,0.0
2913,Latin-amerikai részvény eszközalap,2025-12-26,1.2345,1.2345,0.0
2914,Magas kötvény arányú vegyes eszk. - D,2025-12-26,1.1152,1.1152,0.0
2915,Magas védelmû vegyes eszközalap,2025-12-26,1.1055,1.1055,0.0
2916,Nemz. élelmiszeripari cégek rv. ea - D,2025-12-26,3.1166,3.1166,0.0
2917,Nyersanyagpiaci részvény eszközalap,2025-12-26,1.4686,1.4686,0.0
2918,Presztízs- és luxusmárkák rv. ea.,2025-12-26,3.7244,3.7244,0.0
2919,USA részvény eszközalap,2025-12-26,4.6599,4.6599,0.0
2920,Ázsia kötvény eszközalap,2025-12-26,2.2388,2.2388,0.0
2921,Aktív hozamfigyelõ vegyes eszközalap - D,2025-12-27,0.9522,0.9522,0.0
2922,Euró likviditás eszközalap - D,2025-12-27,0.9252,0.9252,0.0
2923,Európai ingatlancégek részv. eszközalap,2025-12-27,1.8128,1.8128,0.0
2924,Európai kötvény eszközalap - D,2025-12-27,1.2296,1.2296,0.0
2925,Európai részvény eszközalap,2025-12-27,2.6997,2.6997,0.0
2926,Európai vállalati kötvény eszközalap,2025-12-27,1.3235,1.3235,0.0
2927,Fejlõdõ piaci részvény ESG eszközalap-D,2025-12-27,1.1375,1.1375,0.0
2928,Fejlõdõ ázsiai részvény eszközalap,2025-12-27,2.3822,2.3822,0.0
2929,Fenntartható növekedés részvény eszk.,2025-12-27,3.1966,3.1966,0.0
2930,Globális egészségügyi részvény eszk.,2025-12-27,3.6056,3.6056,0.0
2931,Globális növekedési részvény eszközalap,2025-12-27,2.1451,2.1451,0.0
2932,Kiegyensúlyozott vegyes eszközalap - D,2025-12-27,1.438,1.438,0.0
2933,Latin-amerikai részvény eszközalap,2025-12-27,1.2345,1.2345,0.0
2934,Magas kötvény arányú vegyes eszk. - D,2025-12-27,1.1152,1.1152,0.0
2935,Magas védelmû vegyes eszközalap,2025-12-27,1.1055,1.1055,0.0
2936,Nemz. élelmiszeripari cégek rv. ea - D,2025-12-27,3.1166,3.1166,0.0
2937,Nyersanyagpiaci részvény eszközalap,2025-12-27,1.4686,1.4686,0.0
2938,Presztízs- és luxusmárkák rv. ea.,2025-12-27,3.7244,3.7244,0.0
2939,USA részvény eszközalap,2025-12-27,4.6599,4.6599,0.0
2940,Ázsia kötvény eszközalap,2025-12-27,2.2388,2.2388,0.0
2941,Aktív hozamfigyelõ vegyes eszközalap - D,2025-12-28,0.9522,0.9522,0.0
2942,Euró likviditás eszközalap - D,2025-12-28,0.9252,0.9252,0.0
2943,Európai ingatlancégek részv. eszközalap,2025-12-28,1.8128,1.8128,0.0
2944,Európai kötvény eszközalap - D,2025-12-28,1.2296,1.2296,0.0
2945,Európai részvény eszközalap,2025-12-28,2.6997,2.6997,0.0
2946,Európai vállalati kötvény eszközalap,2025-12-28,1.3235,1.3235,0.0
2947,Fejlõdõ piaci részvény ESG eszközalap-D,2025-12-28,1.1375,1.1375,0.0
2948,Fejlõdõ ázsiai részvény eszközalap,2025-12-28,2.3822,2.3822,0.0
2949,Fenntartható növekedés részvény eszk.,2025-12-28,3.1966,3.1966,0.0
2950,Globális egészségügyi részvény eszk.,2025-12-28,3.6056,3.6056,0.0
2951,Globális növekedési részvény eszközalap,2025-12-28,2.1451,2.1451,0.0
2952,Kiegyensúlyozott vegyes eszközalap - D,2025-12-28,1.438,1.438,0.0
2953,Latin-amerikai részvény eszközalap,2025-12-28,1.2345,1.2345,0.0
2954,Magas kötvény arányú vegyes eszk. - D,2025-12-28,1.1152,1.1152,0.0
2955,Magas védelmû vegyes eszközalap,2025-12-28,1.1055,1.1055,0.0
2956,Nemz. élelmiszeripari cégek rv. ea - D,2025-12-28,3.1166,3.1166,0.0
2957,Nyersanyagpiaci részvény eszközalap,2025-12-28,1.4686,1.4686,0.0
2958,Presztízs- és luxusmárkák rv. ea.,2025-12-28,3.7244,3.7244,0.0
2959,USA részvény eszközalap,2025-12-28,4.6599,4.6599,0.0
2960,Ázsia kötvény eszközalap,2025-12-28,2.2388,2.2388,0.0
2961,Aktív hozamfigyelõ vegyes eszközalap - D,2026-01-01,0.9521,0.9521,0.0
2962,Euró likviditás eszközalap - D,2026-01-01,0.9259,0.9259,0.0
2963,Európai ingatlancégek részv. eszközalap,2026-01-01,1.838,1.838,0.0
2964,Európai kötvény eszközalap - D,2026-01-01,1.2316,1.2316,0.0
2965,Európai részvény eszközalap,2026-01-01,2.7163,2.7163,0.0
2966,Európai vállalati kötvény eszközalap,2026-01-01,1.3254,1.3254,0.0
2967,Fejlõdõ piaci részvény ESG eszközalap-D,2026-01-01,1.1454,1.1454,0.0
2968,Fejlõdõ ázsiai részvény eszközalap,2026-01-01,2.415,2.415,0.0
2969,Fenntartható növekedés részvény eszk.,2026-01-01,3.1866,3.1866,0.0
2970,Globális egészségügyi részvény eszk.,2026-01-01,3.5973,3.5973,0.0
2971,Globális növekedési részvény eszközalap,2026-01-01,2.1282,2.1282,0.0
2972,Kiegyensúlyozott vegyes eszközalap - D,2026-01-01,1.4382,1.4382,0.0
2973,Latin-amerikai részvény eszközalap,2026-01-01,1.2487,1.2487,0.0
2974,Magas kötvény arányú vegyes eszk. - D,2026-01-01,1.1156,1.1156,0.0
2975,Magas védelmû vegyes eszközalap,2026-01-01,1.1108,1.1108,0.0
2976,Nemz. élelmiszeripari cégek rv. ea - D,2026-01-01,3.1416,3.1416,0.0
2977,Nyersanyagpiaci részvény eszközalap,2026-01-01,1.4778,1.4778,0.0
2978,Presztízs- és luxusmárkák rv. ea.,2026-01-01,3.6927,3.6927,0.0
2979,USA részvény eszközalap,2026-01-01,4.6264,4.6264,0.0
2980,Ázsia kötvény eszközalap,2026-01-01,2.2525,2.2525,0.0
2981,Aktív hozamfigyelõ vegyes eszközalap - D,2026-01-02,0.9521,0.9521,0.0
2982,Euró likviditás eszközalap - D,2026-01-02,0.9259,0.9259,0.0
2983,Európai ingatlancégek részv. eszközalap,2026-01-02,1.838,1.838,0.0
2984,Európai kötvény eszközalap - D,2026-01-02,1.2316,1.2316,0.0
2985,Európai részvény eszközalap,2026-01-02,2.7163,2.7163,0.0
2986,Európai vállalati kötvény eszközalap,2026-01-02,1.3254,1.3254,0.0
2987,Fejlõdõ piaci részvény ESG eszközalap-D,2026-01-02,1.1454,1.1454,0.0
2988,Fejlõdõ ázsiai részvény eszközalap,2026-01-02,2.415,2.415,0.0
2989,Fenntartható növekedés részvény eszk.,2026-01-02,3.1866,3.1866,0.0
2990,Globális egészségügyi részvény eszk.,2026-01-02,3.5973,3.5973,0.0
2991,Globális növekedési részvény eszközalap,2026-01-02,2.1282,2.1282,0.0
2992,Kiegyensúlyozott vegyes eszközalap - D,2026-01-02,1.4382,1.4382,0.0
2993,Latin-amerikai részvény eszközalap,2026-01-02,1.2487,1.2487,0.0
2994,Magas kötvény arányú vegyes eszk. - D,2026-01-02,1.1156,1.1156,0.0
2995,Magas védelmû vegyes eszközalap,2026-01-02,1.1108,1.1108,0.0
2996,Nemz. élelmiszeripari cégek rv. ea - D,2026-01-02,3.1416,3.1416,0.0
2997,Nyersanyagpiaci részvény eszközalap,2026-01-02,1.4778,1.4778,0.0
2998,Presztízs- és luxusmárkák rv. ea.,2026-01-02,3.6927,3.6927,0.0
2999,USA részvény eszközalap,2026-01-02,4.6264,4.6264,0.0
3000,Ázsia kötvény eszközalap,2026-01-02,2.2525,2.2525,0.0
3001,Aktív hozamfigyelõ vegyes eszközalap - D,2026-01-03,0.9521,0.9521,0.0
3002,Euró likviditás eszközalap - D,2026-01-03,0.9259,0.9259,0.0
3003,Európai ingatlancégek részv. eszközalap,2026-01-03,1.838,1.838,0.0
3004,Európai kötvény eszközalap - D,2026-01-03,1.2316,1.2316,0.0
3005,Európai részvény eszközalap,2026-01-03,2.7163,2.7163,0.0
3006,Európai vállalati kötvény eszközalap,2026-01-03,1.3254,1.3254,0.0
3007,Fejlõdõ piaci részvény ESG eszközalap-D,2026-01-03,1.1454,1.1454,0.0
3008,Fejlõdõ ázsiai részvény eszközalap,2026-01-03,2.415,2.415,0.0
3009,Fenntartható növekedés részvény eszk.,2026-01-03,3.1866,3.1866,0.0
3010,Globális egészségügyi részvény eszk.,2026-01-03,3.5973,3.5973,0.0
3011,Globális növekedési részvény eszközalap,2026-01-03,2.1282,2.1282,0.0
3012,Kiegyensúlyozott vegyes eszközalap - D,2026-01-03,1.4382,1.4382,0.0
3013,Latin-amerikai részvény eszközalap,2026-01-03,1.2487,1.2487,0.0
3014,Magas kötvény arányú vegyes eszk. - D,2026-01-03,1.1156,1.1156,0.0
3015,Magas védelmû vegyes eszközalap,2026-01-03,1.1108,1.1108,0.0
3016,Nemz. élelmiszeripari cégek rv. ea - D,2026-01-03,3.1416,3.1416,0.0
3017,Nyersanyagpiaci részvény eszközalap,2026-01-03,1.4778,1.4778,0.0
3018,Presztízs- és luxusmárkák rv. ea.,2026-01-03,3.6927,3.6927,0.0
3019,USA részvény eszközalap,2026-01-03,4.6264,4.6264,0.0
3020,Ázsia kötvény eszközalap,2026-01-03,2.2525,2.2525,0.0
3021,Aktív hozamfigyelõ vegyes eszközalap - D,2026-01-04,0.9521,0.9521,0.0
3022,Euró likviditás eszközalap - D,2026-01-04,0.9259,0.9259,0.0
3023,Európai ingatlancégek részv. eszközalap,2026-01-04,1.838,1.838,0.0
3024,Európai kötvény eszközalap - D,2026-01-04,1.2316,1.2316,0.0
3025,Európai részvény eszközalap,2026-01-04,2.7163,2.7163,0.0
3026,Európai vállalati kötvény eszközalap,2026-01-04,1.3254,1.3254,0.0
3027,Fejlõdõ piaci részvény ESG eszközalap-D,2026-01-04,1.1454,1.1454,0.0
3028,Fejlõdõ ázsiai részvény eszközalap,2026-01-04,2.415,2.415,0.0
3029,Fenntartható növekedés részvény eszk.,2026-01-04,3.1866,3.1866,0.0
3030,Globális egészségügyi részvény eszk.,2026-01-04,3.5973,3.5973,0.0
3031,Globális növekedési részvény eszközalap,2026-01-04,2.1282,2.1282,0.0
3032,Kiegyensúlyozott vegyes eszközalap - D,2026-01-04,1.4382,1.4382,0.0
3033,Latin-amerikai részvény eszközalap,2026-01-04,1.2487,1.2487,0.0
3034,Magas kötvény arányú vegyes eszk. - D,2026-01-04,1.1156,1.1156,0.0
3035,Magas védelmû vegyes eszközalap,2026-01-04,1.1108,1.1108,0.0
3036,Nemz. élelmiszeripari cégek rv. ea - D,2026-01-04,3.1416,3.1416,0.0
3037,Nyersanyagpiaci részvény eszközalap,2026-01-04,1.4778,1.4778,0.0
3038,Presztízs- és luxusmárkák rv. ea.,2026-01-04,3.6927,3.6927,0.0
3039,USA részvény eszközalap,2026-01-04,4.6264,4.6264,0.0
3040,Ázsia kötvény eszközalap,2026-01-04,2.2525,2.2525,0.0
3041,Aktív hozamfigyelõ vegyes eszközalap - D,2026-01-07,0.9597,0.96,0.0003
3042,Euró likviditás eszközalap - D,2026-01-07,0.9264,0.9267,0.0003
3043,Európai ingatlancégek részv. eszközalap,2026-01-07,1.8431,1.9003,0.031
3044,Európai kötvény eszközalap - D,2026-01-07,1.2323,1.2347,0.0019
3045,Európai részvény eszközalap,2026-01-07,2.7848,2.7826,-0.0008
3046,Európai vállalati kötvény eszközalap,2026-01-07,1.3269,1.3287,0.0014
3047,Fejlõdõ piaci részvény ESG eszközalap-D,2026-01-07,1.2027,1.1965,-0.0052
3048,Fejlõdõ ázsiai részvény eszközalap,2026-01-07,2.5128,2.506,-0.0027
3049,Fenntartható növekedés részvény eszk.,2026-01-07,3.254,3.254,0.0
3050,Globális egészségügyi részvény eszk.,2026-01-07,3.6333,3.6972,0.0176
3051,Globális növekedési részvény eszközalap,2026-01-07,2.1786,2.1766,-0.0009
3052,Kiegyensúlyozott vegyes eszközalap - D,2026-01-07,1.4522,1.4546,0.0016
3053,Latin-amerikai részvény eszközalap,2026-01-07,1.2872,1.2804,-0.0053
3054,Magas kötvény arányú vegyes eszk. - D,2026-01-07,1.1215,1.1235,0.0018
3055,Magas védelmû vegyes eszközalap,2026-01-07,1.1189,1.1181,-0.0007
3056,Nemz. élelmiszeripari cégek rv. ea - D,2026-01-07,3.1199,3.1005,-0.0062
3057,Nyersanyagpiaci részvény eszközalap,2026-01-07,1.5259,1.5148,-0.0073
3058,Presztízs- és luxusmárkák rv. ea.,2026-01-07,3.7554,3.6904,-0.0173
3059,USA részvény eszközalap,2026-01-07,4.7135,4.711,-0.0005
3060,Ázsia kötvény eszközalap,2026-01-07,2.2567,2.2644,0.0034
3061,Aktív hozamfigyelõ vegyes eszközalap - D,2026-01-08,0.96,0.9587,-0.0013
3062,Euró likviditás eszközalap - D,2026-01-08,0.9267,0.9265,-0.0002
3063,Európai ingatlancégek részv. eszközalap,2026-01-08,1.9003,1.9033,0.0016
3064,Európai kötvény eszközalap - D,2026-01-08,1.2347,1.2333,-0.0011
3065,Európai részvény eszközalap,2026-01-08,2.7826,2.7743,-0.003
3066,Európai vállalati kötvény eszközalap,2026-01-08,1.3287,1.3278,-0.0007
3067,Fejlõdõ piaci részvény ESG eszközalap-D,2026-01-08,1.1965,1.1944,-0.0018
3068,Fejlõdõ ázsiai részvény eszközalap,2026-01-08,2.506,2.4924,-0.0054
3069,Fenntartható növekedés részvény eszk.,2026-01-08,3.254,3.2562,0.0007
3070,Globális egészségügyi részvény eszk.,2026-01-08,3.6972,3.684,-0.0036
3071,Globális növekedési részvény eszközalap,2026-01-08,2.1766,2.1797,0.0014
3072,Kiegyensúlyozott vegyes eszközalap - D,2026-01-08,1.4546,1.4527,-0.0013
3073,Latin-amerikai részvény eszközalap,2026-01-08,1.2804,1.2875,0.0055
3074,Magas kötvény arányú vegyes eszk. - D,2026-01-08,1.1235,1.1221,-0.0013
3075,Magas védelmû vegyes eszközalap,2026-01-08,1.1181,1.1167,-0.0013
3076,Nemz. élelmiszeripari cégek rv. ea - D,2026-01-08,3.1005,3.1423,0.0135
3077,Nyersanyagpiaci részvény eszközalap,2026-01-08,1.5148,1.5186,0.0025
3078,Presztízs- és luxusmárkák rv. ea.,2026-01-08,3.6904,3.7492,0.016
3079,USA részvény eszközalap,2026-01-08,4.711,4.7171,0.0013
3080,Ázsia kötvény eszközalap,2026-01-08,2.2644,2.265,0.0003
3081,Aktív hozamfigyelõ vegyes eszközalap - D,2026-01-09,0.9587,0.9621,0.0035
3082,Euró likviditás eszközalap - D,2026-01-09,0.9265,0.9267,0.0001
3083,Európai ingatlancégek részv. eszközalap,2026-01-09,1.9033,1.9017,-0.0008
3084,Európai kötvény eszközalap - D,2026-01-09,1.2333,1.2339,0.0004
3085,Európai részvény eszközalap,2026-01-09,2.7743,2.8066,0.0116
3086,Európai vállalati kötvény eszközalap,2026-01-09,1.3278,1.3285,0.0005
3087,Fejlõdõ piaci részvény ESG eszközalap-D,2026-01-09,1.1944,1.1995,0.0043
3088,Fejlõdõ ázsiai részvény eszközalap,2026-01-09,2.4924,2.5235,0.0125
3089,Fenntartható növekedés részvény eszk.,2026-01-09,3.2562,3.2884,0.0099
3090,Globális egészségügyi részvény eszk.,2026-01-09,3.684,3.666,-0.0049
3091,Globális növekedési részvény eszközalap,2026-01-09,2.1797,2.2036,0.011
3092,Kiegyensúlyozott vegyes eszközalap - D,2026-01-09,1.4527,1.4573,0.0032
3093,Latin-amerikai részvény eszközalap,2026-01-09,1.2875,1.3008,0.0103
3094,Magas kötvény arányú vegyes eszk. - D,2026-01-09,1.1221,1.1243,0.0019
3095,Magas védelmû vegyes eszközalap,2026-01-09,1.1167,1.1234,0.006
3096,Nemz. élelmiszeripari cégek rv. ea - D,2026-01-09,3.1423,3.1711,0.0092
3097,Nyersanyagpiaci részvény eszközalap,2026-01-09,1.5186,1.5434,0.0163
3098,Presztízs- és luxusmárkák rv. ea.,2026-01-09,3.7492,3.8114,0.0166
3099,USA részvény eszközalap,2026-01-09,4.7171,4.7486,0.0067
3100,Ázsia kötvény eszközalap,2026-01-09,2.265,2.2706,0.0025
3101,Aktív hozamfigyelõ vegyes eszközalap - D,2026-01-10,0.9621,0.9621,0.0
3102,Euró likviditás eszközalap - D,2026-01-10,0.9267,0.9267,0.0
3103,Európai ingatlancégek részv. eszközalap,2026-01-10,1.9017,1.9017,0.0
3104,Európai kötvény eszközalap - D,2026-01-10,1.2339,1.2339,0.0
3105,Európai részvény eszközalap,2026-01-10,2.8066,2.8066,0.0
3106,Európai vállalati kötvény eszközalap,2026-01-10,1.3285,1.3285,0.0
3107,Fejlõdõ piaci részvény ESG eszközalap-D,2026-01-10,1.1995,1.1995,0.0
3108,Fejlõdõ ázsiai részvény eszközalap,2026-01-10,2.5235,2.5235,0.0
3109,Fenntartható növekedés részvény eszk.,2026-01-10,3.2884,3.2884,0.0
3110,Globális egészségügyi részvény eszk.,2026-01-10,3.666,3.666,0.0
3111,Globális növekedési részvény eszközalap,2026-01-10,2.2036,2.2036,0.0
3112,Kiegyensúlyozott vegyes eszközalap - D,2026-01-10,1.4573,1.4573,0.0
3113,Latin-amerikai részvény eszközalap,2026-01-10,1.3008,1.3008,0.0
3114,Magas kötvény arányú vegyes eszk. - D,2026-01-10,1.1243,1.1243,0.0
3115,Magas védelmû vegyes eszközalap,2026-01-10,1.1234,1.1234,0.0
3116,Nemz. élelmiszeripari cégek rv. ea - D,2026-01-10,3.1711,3.1711,0.0
3117,Nyersanyagpiaci részvény eszközalap,2026-01-10,1.5434,1.5434,0.0
3118,Presztízs- és luxusmárkák rv. ea.,2026-01-10,3.8114,3.8114,0.0
3119,USA részvény eszközalap,2026-01-10,4.7486,4.7486,0.0
3120,Ázsia kötvény eszközalap,2026-01-10,2.2706,2.2706,0.0
3121,Aktív hozamfigyelõ vegyes eszközalap - D,2026-01-11,0.9621,0.9621,0.0
3122,Euró likviditás eszközalap - D,2026-01-11,0.9267,0.9267,0.0
3123,Európai ingatlancégek részv. eszközalap,2026-01-11,1.9017,1.9017,0.0
3124,Európai kötvény eszközalap - D,2026-01-11,1.2339,1.2339,0.0
3125,Európai részvény eszközalap,2026-01-11,2.8066,2.8066,0.0
3126,Európai vállalati kötvény eszközalap,2026-01-11,1.3285,1.3285,0.0
3127,Fejlõdõ piaci részvény ESG eszközalap-D,2026-01-11,1.1995,1.1995,0.0
3128,Fejlõdõ ázsiai részvény eszközalap,2026-01-11,2.5235,2.5235,0.0
3129,Fenntartható növekedés részvény eszk.,2026-01-11,3.2884,3.2884,0.0
3130,Globális egészségügyi részvény eszk.,2026-01-11,3.666,3.666,0.0
3131,Globális növekedési részvény eszközalap,2026-01-11,2.2036,2.2036,0.0
3132,Kiegyensúlyozott vegyes eszközalap - D,2026-01-11,1.4573,1.4573,0.0
3133,Latin-amerikai részvény eszközalap,2026-01-11,1.3008,1.3008,0.0
3134,Magas kötvény arányú vegyes eszk. - D,2026-01-11,1.1243,1.1243,0.0
3135,Magas védelmû vegyes eszközalap,2026-01-11,1.1234,1.1234,0.0
3136,Nemz. élelmiszeripari cégek rv. ea - D,2026-01-11,3.1711,3.1711,0.0
3137,Nyersanyagpiaci részvény eszközalap,2026-01-11,1.5434,1.5434,0.0
3138,Presztízs- és luxusmárkák rv. ea.,2026-01-11,3.8114,3.8114,0.0
3139,USA részvény eszközalap,2026-01-11,4.7486,4.7486,0.0
3140,Ázsia kötvény eszközalap,2026-01-11,2.2706,2.2706,0.0
3141,Aktív hozamfigyelõ vegyes eszközalap - D,2026-01-14,0.9611,0.9602,-0.0009
3142,Euró likviditás eszközalap - D,2026-01-14,0.9269,0.9272,0.0003
3143,Európai ingatlancégek részv. eszközalap,2026-01-14,1.8812,1.8714,-0.0052
3144,Európai kötvény eszközalap - D,2026-01-14,1.2348,1.2362,0.0011
3145,Európai részvény eszközalap,2026-01-14,2.8253,2.8216,-0.0013
3146,Európai vállalati kötvény eszközalap,2026-01-14,1.3297,1.3309,0.0009
3147,Fejlõdõ piaci részvény ESG eszközalap-D,2026-01-14,1.2076,1.2003,-0.0061
3148,Fejlõdõ ázsiai részvény eszközalap,2026-01-14,2.5471,2.5505,0.0013
3149,Fenntartható növekedés részvény eszk.,2026-01-14,3.2651,3.2383,-0.0082
3150,Globális egészségügyi részvény eszk.,2026-01-14,3.6171,3.6374,0.0056
3151,Globális növekedési részvény eszközalap,2026-01-14,2.1873,2.1783,-0.0041
3152,Kiegyensúlyozott vegyes eszközalap - D,2026-01-14,1.4596,1.458,-0.0011
3153,Latin-amerikai részvény eszközalap,2026-01-14,1.3013,1.3102,0.0068
3154,Magas kötvény arányú vegyes eszk. - D,2026-01-14,1.1256,1.1255,-0.0001
3155,Magas védelmû vegyes eszközalap,2026-01-14,1.1256,1.125,-0.0006
3156,Nemz. élelmiszeripari cégek rv. ea - D,2026-01-14,3.2186,3.2606,0.0131
3157,Nyersanyagpiaci részvény eszközalap,2026-01-14,1.5584,1.5775,0.0123
3158,Presztízs- és luxusmárkák rv. ea.,2026-01-14,3.7761,3.751,-0.0067
3159,USA részvény eszközalap,2026-01-14,4.7209,4.6794,-0.0088
3160,Ázsia kötvény eszközalap,2026-01-14,2.2661,2.2724,0.0028
3161,Aktív hozamfigyelõ vegyes eszközalap - D,2026-01-15,0.9602,0.9629,0.0029
3162,Euró likviditás eszközalap - D,2026-01-15,0.9272,0.9271,-0.0002
3163,Európai ingatlancégek részv. eszközalap,2026-01-15,1.8714,1.9063,0.0187
3164,Európai kötvény eszközalap - D,2026-01-15,1.2362,1.2361,-0.0001
3165,Európai részvény eszközalap,2026-01-15,2.8216,2.8351,0.0048
3166,Európai vállalati kötvény eszközalap,2026-01-15,1.3309,1.331,0.0001
3167,Fejlõdõ piaci részvény ESG eszközalap-D,2026-01-15,1.2003,1.2158,0.0129
3168,Fejlõdõ ázsiai részvény eszközalap,2026-01-15,2.5505,2.5863,0.0141
3169,Fenntartható növekedés részvény eszk.,2026-01-15,3.2383,3.2701,0.0098
3170,Globális egészségügyi részvény eszk.,2026-01-15,3.6374,3.6245,-0.0035
3171,Globális növekedési részvény eszközalap,2026-01-15,2.1783,2.1997,0.0098
3172,Kiegyensúlyozott vegyes eszközalap - D,2026-01-15,1.458,1.4618,0.0026
3173,Latin-amerikai részvény eszközalap,2026-01-15,1.3102,1.3329,0.0174
3174,Magas kötvény arányú vegyes eszk. - D,2026-01-15,1.1255,1.1272,0.0016
3175,Magas védelmû vegyes eszközalap,2026-01-15,1.125,1.1273,0.002
3176,Nemz. élelmiszeripari cégek rv. ea - D,2026-01-15,3.2606,3.2812,0.0063
3177,Nyersanyagpiaci részvény eszközalap,2026-01-15,1.5775,1.5939,0.0104
3178,Presztízs- és luxusmárkák rv. ea.,2026-01-15,3.751,3.7445,-0.0017
3179,USA részvény eszközalap,2026-01-15,4.6794,4.7102,0.0066
3180,Ázsia kötvény eszközalap,2026-01-15,2.2724,2.2777,0.0024
3181,Aktív hozamfigyelõ vegyes eszközalap - D,2026-01-16,0.9629,0.9617,-0.0013
3182,Euró likviditás eszközalap - D,2026-01-16,0.9271,0.9267,-0.0003
3183,Európai ingatlancégek részv. eszközalap,2026-01-16,1.9063,1.9096,0.0018
3184,Európai kötvény eszközalap - D,2026-01-16,1.2361,1.2345,-0.0013
3185,Európai részvény eszközalap,2026-01-16,2.8351,2.8323,-0.001
3186,Európai vállalati kötvény eszközalap,2026-01-16,1.331,1.3299,-0.0008
3187,Fejlõdõ piaci részvény ESG eszközalap-D,2026-01-16,1.2158,1.2116,-0.0034
3188,Fejlõdõ ázsiai részvény eszközalap,2026-01-16,2.5863,2.6022,0.0061
3189,Fenntartható növekedés részvény eszk.,2026-01-16,3.2701,3.2672,-0.0009
3190,Globális egészségügyi részvény eszk.,2026-01-16,3.6245,3.6168,-0.0021
3191,Globális növekedési részvény eszközalap,2026-01-16,2.1997,2.201,0.0006
3192,Kiegyensúlyozott vegyes eszközalap - D,2026-01-16,1.4618,1.4622,0.0002
3193,Latin-amerikai részvény eszközalap,2026-01-16,1.3329,1.3277,-0.0039
3194,Magas kötvény arányú vegyes eszk. - D,2026-01-16,1.1272,1.1266,-0.0006
3195,Magas védelmû vegyes eszközalap,2026-01-16,1.1273,1.1253,-0.0017
3196,Nemz. élelmiszeripari cégek rv. ea - D,2026-01-16,3.2812,3.2609,-0.0062
3197,Nyersanyagpiaci részvény eszközalap,2026-01-16,1.5939,1.577,-0.0106
3198,Presztízs- és luxusmárkák rv. ea.,2026-01-16,3.7445,3.68,-0.0172
3199,USA részvény eszközalap,2026-01-16,4.7102,4.7104,0.0001
3200,Ázsia kötvény eszközalap,2026-01-16,2.2777,2.2825,0.0021
3201,Aktív hozamfigyelõ vegyes eszközalap - D,2026-01-17,0.9617,0.9617,0.0
3202,Euró likviditás eszközalap - D,2026-01-17,0.9267,0.9267,0.0
3203,Európai ingatlancégek részv. eszközalap,2026-01-17,1.9096,1.9096,0.0
3204,Európai kötvény eszközalap - D,2026-01-17,1.2345,1.2345,0.0
3205,Európai részvény eszközalap,2026-01-17,2.8323,2.8323,0.0
3206,Európai vállalati kötvény eszközalap,2026-01-17,1.3299,1.3299,0.0
3207,Fejlõdõ piaci részvény ESG eszközalap-D,2026-01-17,1.2116,1.2116,0.0
3208,Fejlõdõ ázsiai részvény eszközalap,2026-01-17,2.6022,2.6022,0.0
3209,Fenntartható növekedés részvény eszk.,2026-01-17,3.2672,3.2672,0.0
3210,Globális egészségügyi részvény eszk.,2026-01-17,3.6168,3.6168,0.0
3211,Globális növekedési részvény eszközalap,2026-01-17,2.201,2.201,0.0
3212,Kiegyensúlyozott vegyes eszközalap - D,2026-01-17,1.4622,1.4622,0.0
3213,Latin-amerikai részvény eszközalap,2026-01-17,1.3277,1.3277,0.0
3214,Magas kötvény arányú vegyes eszk. - D,2026-01-17,1.1266,1.1266,0.0
3215,Magas védelmû vegyes eszközalap,2026-01-17,1.1253,1.1253,0.0
3216,Nemz. élelmiszeripari cégek rv. ea - D,2026-01-17,3.2609,3.2609,0.0
3217,Nyersanyagpiaci részvény eszközalap,2026-01-17,1.577,1.577,0.0
3218,Presztízs- és luxusmárkák rv. ea.,2026-01-17,3.68,3.68,0.0
3219,USA részvény eszközalap,2026-01-17,4.7104,4.7104,0.0
3220,Ázsia kötvény eszközalap,2026-01-17,2.2825,2.2825,0.0
3221,Aktív hozamfigyelõ vegyes eszközalap - D,2026-01-18,0.9617,0.9617,0.0
3222,Euró likviditás eszközalap - D,2026-01-18,0.9267,0.9267,0.0
3223,Európai ingatlancégek részv. eszközalap,2026-01-18,1.9096,1.9096,0.0
3224,Európai kötvény eszközalap - D,2026-01-18,1.2345,1.2345,0.0
3225,Európai részvény eszközalap,2026-01-18,2.8323,2.8323,0.0
3226,Európai vállalati kötvény eszközalap,2026-01-18,1.3299,1.3299,0.0
3227,Fejlõdõ piaci részvény ESG eszközalap-D,2026-01-18,1.2116,1.2116,0.0
3228,Fejlõdõ ázsiai részvény eszközalap,2026-01-18,2.6022,2.6022,0.0
3229,Fenntartható növekedés részvény eszk.,2026-01-18,3.2672,3.2672,0.0
3230,Globális egészségügyi részvény eszk.,2026-01-18,3.6168,3.6168,0.0
3231,Globális növekedési részvény eszközalap,2026-01-18,2.201,2.201,0.0
3232,Kiegyensúlyozott vegyes eszközalap - D,2026-01-18,1.4622,1.4622,0.0
3233,Latin-amerikai részvény eszközalap,2026-01-18,1.3277,1.3277,0.0
3234,Magas kötvény arányú vegyes eszk. - D,2026-01-18,1.1266,1.1266,0.0
3235,Magas védelmû vegyes eszközalap,2026-01-18,1.1253,1.1253,0.0
3236,Nemz. élelmiszeripari cégek rv. ea - D,2026-01-18,3.2609,3.2609,0.0
3237,Nyersanyagpiaci részvény eszközalap,2026-01-18,1.577,1.577,0.0
3238,Presztízs- és luxusmárkák rv. ea.,2026-01-18,3.68,3.68,0.0
3239,USA részvény eszközalap,2026-01-18,4.7104,4.7104,0.0
3240,Ázsia kötvény eszközalap,2026-01-18,2.2825,2.2825,0.0
3241,Aktív hozamfigyelõ vegyes eszközalap - D,2026-01-21,0.9502,0.9532,0.0031
3242,Euró likviditás eszközalap - D,2026-01-21,0.9273,0.9271,-0.0001
3243,Európai ingatlancégek részv. eszközalap,2026-01-21,1.8576,1.8484,-0.0049
3244,Európai kötvény eszközalap - D,2026-01-21,1.2338,1.2324,-0.0011
3245,Európai részvény eszközalap,2026-01-21,2.7679,2.762,-0.0021
3246,Európai vállalati kötvény eszközalap,2026-01-21,1.329,1.3289,-0.0001
3247,Fejlõdõ piaci részvény ESG eszközalap-D,2026-01-21,1.193,1.201,0.0068
3248,Fejlõdõ ázsiai részvény eszközalap,2026-01-21,2.5941,2.6136,0.0075
3249,Fenntartható növekedés részvény eszk.,2026-01-21,3.1614,3.1886,0.0086
3250,Globális egészségügyi részvény eszk.,2026-01-21,3.5754,3.6139,0.0107
3251,Globális növekedési részvény eszközalap,2026-01-21,2.1399,2.1612,0.01
3252,Kiegyensúlyozott vegyes eszközalap - D,2026-01-21,1.4462,1.4439,-0.0017
3253,Latin-amerikai részvény eszközalap,2026-01-21,1.329,1.3572,0.0213
3254,Magas kötvény arányú vegyes eszk. - D,2026-01-21,1.1196,1.1184,-0.0011
3255,Magas védelmû vegyes eszközalap,2026-01-21,1.1183,1.1179,-0.0004
3256,Nemz. élelmiszeripari cégek rv. ea - D,2026-01-21,3.2331,3.2281,-0.0015
3257,Nyersanyagpiaci részvény eszközalap,2026-01-21,1.5652,1.5894,0.0155
3258,Presztízs- és luxusmárkák rv. ea.,2026-01-21,3.5665,3.5897,0.0065
3259,USA részvény eszközalap,2026-01-21,4.5604,4.6026,0.0092
3260,Ázsia kötvény eszközalap,2026-01-21,2.2546,2.2598,0.0023
3261,Aktív hozamfigyelõ vegyes eszközalap - D,2026-01-22,0.9532,0.9548,0.0018
3262,Euró likviditás eszközalap - D,2026-01-22,0.9271,0.927,-0.0001
3263,Európai ingatlancégek részv. eszközalap,2026-01-22,1.8484,1.8699,0.0116
3264,Európai kötvény eszközalap - D,2026-01-22,1.2324,1.2329,0.0004
3265,Európai részvény eszközalap,2026-01-22,2.762,2.7968,0.0126
3266,Európai vállalati kötvény eszközalap,2026-01-22,1.3289,1.3297,0.0006
3267,Fejlõdõ piaci részvény ESG eszközalap-D,2026-01-22,1.201,1.2052,0.0034
3268,Fejlõdõ ázsiai részvény eszközalap,2026-01-22,2.6136,2.6289,0.0058
3269,Fenntartható növekedés részvény eszk.,2026-01-22,3.1886,3.2011,0.0039
3270,Globális egészségügyi részvény eszk.,2026-01-22,3.6139,3.6522,0.0106
3271,Globális növekedési részvény eszközalap,2026-01-22,2.1612,2.1688,0.0035
3272,Kiegyensúlyozott vegyes eszközalap - D,2026-01-22,1.4439,1.4496,0.004
3273,Latin-amerikai részvény eszközalap,2026-01-22,1.3572,1.3932,0.0265
3274,Magas kötvény arányú vegyes eszk. - D,2026-01-22,1.1184,1.1209,0.0023
3275,Magas védelmû vegyes eszközalap,2026-01-22,1.1179,1.1206,0.0024
3276,Nemz. élelmiszeripari cégek rv. ea - D,2026-01-22,3.2281,3.2442,0.005
3277,Nyersanyagpiaci részvény eszközalap,2026-01-22,1.5894,1.5991,0.0061
3278,Presztízs- és luxusmárkák rv. ea.,2026-01-22,3.5897,3.6443,0.0152
3279,USA részvény eszközalap,2026-01-22,4.6026,4.619,0.0036
3280,Ázsia kötvény eszközalap,2026-01-22,2.2598,2.2653,0.0025
3281,Aktív hozamfigyelõ vegyes eszközalap - D,2026-01-23,0.9548,0.9543,-0.0005
3282,Euró likviditás eszközalap - D,2026-01-23,0.927,0.9269,-0.0001
3283,Európai ingatlancégek részv. eszközalap,2026-01-23,1.8699,1.8732,0.0018
3284,Európai kötvény eszközalap - D,2026-01-23,1.2329,1.2326,-0.0003
3285,Európai részvény eszközalap,2026-01-23,2.7968,2.7902,-0.0024
3286,Európai vállalati kötvény eszközalap,2026-01-23,1.3297,1.3289,-0.0006
3287,Fejlõdõ piaci részvény ESG eszközalap-D,2026-01-23,1.2052,1.2041,-0.0009
3288,Fejlõdõ ázsiai részvény eszközalap,2026-01-23,2.6289,2.6452,0.0062
3289,Fenntartható növekedés részvény eszk.,2026-01-23,3.2011,3.2003,-0.0002
3290,Globális egészségügyi részvény eszk.,2026-01-23,3.6522,3.647,-0.0014
3291,Globális növekedési részvény eszközalap,2026-01-23,2.1688,2.1524,-0.0076
3292,Kiegyensúlyozott vegyes eszközalap - D,2026-01-23,1.4496,1.4488,-0.0006
3293,Latin-amerikai részvény eszközalap,2026-01-23,1.3932,1.3915,-0.0012
3294,Magas kötvény arányú vegyes eszk. - D,2026-01-23,1.1209,1.1205,-0.0004
3295,Magas védelmû vegyes eszközalap,2026-01-23,1.1206,1.1197,-0.0008
3296,Nemz. élelmiszeripari cégek rv. ea - D,2026-01-23,3.2442,3.2364,-0.0024
3297,Nyersanyagpiaci részvény eszközalap,2026-01-23,1.5991,1.6071,0.005
3298,Presztízs- és luxusmárkák rv. ea.,2026-01-23,3.6443,3.6125,-0.0087
3299,USA részvény eszközalap,2026-01-23,4.619,4.6193,0.0001
3300,Ázsia kötvény eszközalap,2026-01-23,2.2653,2.2584,-0.0031
3301,Aktív hozamfigyelõ vegyes eszközalap - D,2026-01-24,0.9543,0.9543,0.0
3302,Euró likviditás eszközalap - D,2026-01-24,0.9269,0.9269,0.0
3303,Európai ingatlancégek részv. eszközalap,2026-01-24,1.8732,1.8732,0.0
3304,Európai kötvény eszközalap - D,2026-01-24,1.2326,1.2326,0.0
3305,Európai részvény eszközalap,2026-01-24,2.7902,2.7902,0.0
3306,Európai vállalati kötvény eszközalap,2026-01-24,1.3289,1.3289,0.0
3307,Fejlõdõ piaci részvény ESG eszközalap-D,2026-01-24,1.2041,1.2041,0.0
3308,Fejlõdõ ázsiai részvény eszközalap,2026-01-24,2.6452,2.6452,0.0
3309,Fenntartható növekedés részvény eszk.,2026-01-24,3.2003,3.2003,0.0
3310,Globális egészségügyi részvény eszk.,2026-01-24,3.647,3.647,0.0
3311,Globális növekedési részvény eszközalap,2026-01-24,2.1524,2.1524,0.0
3312,Kiegyensúlyozott vegyes eszközalap - D,2026-01-24,1.4488,1.4488,0.0
3313,Latin-amerikai részvény eszközalap,2026-01-24,1.3915,1.3915,0.0
3314,Magas kötvény arányú vegyes eszk. - D,2026-01-24,1.1205,1.1205,0.0
3315,Magas védelmû vegyes eszközalap,2026-01-24,1.1197,1.1197,0.0
3316,Nemz. élelmiszeripari cégek rv. ea - D,2026-01-24,3.2364,3.2364,0.0
3317,Nyersanyagpiaci részvény eszközalap,2026-01-24,1.6071,1.6071,0.0
3318,Presztízs- és luxusmárkák rv. ea.,2026-01-24,3.6125,3.6125,0.0
3319,USA részvény eszközalap,2026-01-24,4.6193,4.6193,0.0
3320,Ázsia kötvény eszközalap,2026-01-24,2.2584,2.2584,0.0
3321,Aktív hozamfigyelõ vegyes eszközalap - D,2026-01-25,0.9543,0.9543,0.0
3322,Euró likviditás eszközalap - D,2026-01-25,0.9269,0.9269,0.0
3323,Európai ingatlancégek részv. eszközalap,2026-01-25,1.8732,1.8732,0.0
3324,Európai kötvény eszközalap - D,2026-01-25,1.2326,1.2326,0.0
3325,Európai részvény eszközalap,2026-01-25,2.7902,2.7902,0.0
3326,Európai vállalati kötvény eszközalap,2026-01-25,1.3289,1.3289,0.0
3327,Fejlõdõ piaci részvény ESG eszközalap-D,2026-01-25,1.2041,1.2041,0.0
3328,Fejlõdõ ázsiai részvény eszközalap,2026-01-25,2.6452,2.6452,0.0
3329,Fenntartható növekedés részvény eszk.,2026-01-25,3.2003,3.2003,0.0
3330,Globális egészségügyi részvény eszk.,2026-01-25,3.647,3.647,0.0
3331,Globális növekedési részvény eszközalap,2026-01-25,2.1524,2.1524,0.0
3332,Kiegyensúlyozott vegyes eszközalap - D,2026-01-25,1.4488,1.4488,0.0
3333,Latin-amerikai részvény eszközalap,2026-01-25,1.3915,1.3915,0.0
3334,Magas kötvény arányú vegyes eszk. - D,2026-01-25,1.1205,1.1205,0.0
3335,Magas védelmû vegyes eszközalap,2026-01-25,1.1197,1.1197,0.0
3336,Nemz. élelmiszeripari cégek rv. ea - D,2026-01-25,3.2364,3.2364,0.0
3337,Nyersanyagpiaci részvény eszközalap,2026-01-25,1.6071,1.6071,0.0
3338,Presztízs- és luxusmárkák rv. ea.,2026-01-25,3.6125,3.6125,0.0
3339,USA részvény eszközalap,2026-01-25,4.6193,4.6193,0.0
3340,Ázsia kötvény eszközalap,2026-01-25,2.2584,2.2584,0.0
3341,Aktív hozamfigyelõ vegyes eszközalap - D,2026-01-28,0.9554,0.9542,-0.0013
3342,Euró likviditás eszközalap - D,2026-01-28,0.9275,0.9279,0.0004
3343,Európai ingatlancégek részv. eszközalap,2026-01-28,1.8772,1.9048,0.0147
3344,Európai kötvény eszközalap - D,2026-01-28,1.2361,1.2373,0.001
3345,Európai részvény eszközalap,2026-01-28,2.8168,2.7984,-0.0065
3346,Európai vállalati kötvény eszközalap,2026-01-28,1.3317,1.3329,0.0009
3347,Fejlõdõ piaci részvény ESG eszközalap-D,2026-01-28,1.2091,1.2184,0.0077
3348,Fejlõdõ ázsiai részvény eszközalap,2026-01-28,2.6825,2.7144,0.0119
3349,Fenntartható növekedés részvény eszk.,2026-01-28,3.1798,3.1709,-0.0028
3350,Globális egészségügyi részvény eszk.,2026-01-28,3.644,3.6003,-0.012
3351,Globális növekedési részvény eszközalap,2026-01-28,2.1341,2.1187,-0.0072
3352,Kiegyensúlyozott vegyes eszközalap - D,2026-01-28,1.4483,1.4493,0.0007
3353,Latin-amerikai részvény eszközalap,2026-01-28,1.4234,1.4214,-0.0014
3354,Magas kötvény arányú vegyes eszk. - D,2026-01-28,1.1219,1.1227,0.0007
3355,Magas védelmû vegyes eszközalap,2026-01-28,1.1222,1.1197,-0.0023
3356,Nemz. élelmiszeripari cégek rv. ea - D,2026-01-28,3.2018,3.2116,0.0031
3357,Nyersanyagpiaci részvény eszközalap,2026-01-28,1.5995,1.6088,0.0058
3358,Presztízs- és luxusmárkák rv. ea.,2026-01-28,3.5538,3.5149,-0.0109
3359,USA részvény eszközalap,2026-01-28,4.5789,4.5825,0.0008
3360,Ázsia kötvény eszközalap,2026-01-28,2.2314,2.2132,-0.0081
3361,Aktív hozamfigyelõ vegyes eszközalap - D,2026-01-29,0.9542,0.9534,-0.0008
3362,Euró likviditás eszközalap - D,2026-01-29,0.9279,0.9282,0.0003
3363,Európai ingatlancégek részv. eszközalap,2026-01-29,1.9048,1.915,0.0053
3364,Európai kötvény eszközalap - D,2026-01-29,1.2373,1.2391,0.0015
3365,Európai részvény eszközalap,2026-01-29,2.7984,2.7817,-0.006
3366,Európai vállalati kötvény eszközalap,2026-01-29,1.3329,1.3342,0.001
3367,Fejlõdõ piaci részvény ESG eszközalap-D,2026-01-29,1.2184,1.2121,-0.0052
3368,Fejlõdõ ázsiai részvény eszközalap,2026-01-29,2.7144,2.7015,-0.0048
3369,Fenntartható növekedés részvény eszk.,2026-01-29,3.1709,3.1416,-0.0093
3370,Globális egészségügyi részvény eszk.,2026-01-29,3.6003,3.6028,0.0007
3371,Globális növekedési részvény eszközalap,2026-01-29,2.1187,2.1071,-0.0055
3372,Kiegyensúlyozott vegyes eszközalap - D,2026-01-29,1.4493,1.449,-0.0002
3373,Latin-amerikai részvény eszközalap,2026-01-29,1.4214,1.4125,-0.0063
3374,Magas kötvény arányú vegyes eszk. - D,2026-01-29,1.1227,1.1233,0.0005
3375,Magas védelmû vegyes eszközalap,2026-01-29,1.1197,1.1174,-0.0021
3376,Nemz. élelmiszeripari cégek rv. ea - D,2026-01-29,3.2116,3.2208,0.0028
3377,Nyersanyagpiaci részvény eszközalap,2026-01-29,1.6088,1.6021,-0.0042
3378,Presztízs- és luxusmárkák rv. ea.,2026-01-29,3.5149,3.5284,0.0038
3379,USA részvény eszközalap,2026-01-29,4.5825,4.5842,0.0004
3380,Ázsia kötvény eszközalap,2026-01-29,2.2132,2.2194,0.0028
3381,Aktív hozamfigyelõ vegyes eszközalap - D,2026-01-30,0.9534,0.9526,-0.0008
3382,Euró likviditás eszközalap - D,2026-01-30,0.9282,0.9282,-0.0001
3383,Európai ingatlancégek részv. eszközalap,2026-01-30,1.915,1.9126,-0.0012
3384,Európai kötvény eszközalap - D,2026-01-30,1.2391,1.2383,-0.0006
3385,Európai részvény eszközalap,2026-01-30,2.7817,2.8053,0.0085
3386,Európai vállalati kötvény eszközalap,2026-01-30,1.3342,1.3339,-0.0002
3387,Fejlõdõ piaci részvény ESG eszközalap-D,2026-01-30,1.2121,1.2048,-0.006
3388,Fejlõdõ ázsiai részvény eszközalap,2026-01-30,2.7015,2.6791,-0.0083
3389,Fenntartható növekedés részvény eszk.,2026-01-30,3.1416,3.1374,-0.0013
3390,Globális egészségügyi részvény eszk.,2026-01-30,3.6028,3.5846,-0.005
3391,Globális növekedési részvény eszközalap,2026-01-30,2.1071,2.1044,-0.0013
3392,Kiegyensúlyozott vegyes eszközalap - D,2026-01-30,1.449,1.4468,-0.0015
3393,Latin-amerikai részvény eszközalap,2026-01-30,1.4125,1.4119,-0.0004
3394,Magas kötvény arányú vegyes eszk. - D,2026-01-30,1.1233,1.1219,-0.0012
3395,Magas védelmû vegyes eszközalap,2026-01-30,1.1174,1.1194,0.0018
3396,Nemz. élelmiszeripari cégek rv. ea - D,2026-01-30,3.2208,3.2367,0.0049
3397,Nyersanyagpiaci részvény eszközalap,2026-01-30,1.6021,1.5731,-0.0181
3398,Presztízs- és luxusmárkák rv. ea.,2026-01-30,3.5284,3.5357,0.0021
3399,USA részvény eszközalap,2026-01-30,4.5842,4.5824,-0.0004
3400,Ázsia kötvény eszközalap,2026-01-30,2.2194,2.2274,0.0036
3401,Aktív hozamfigyelõ vegyes eszközalap - D,2026-01-31,0.9526,0.9526,0.0
3402,Euró likviditás eszközalap - D,2026-01-31,0.9282,0.9282,0.0
3403,Európai ingatlancégek részv. eszközalap,2026-01-31,1.9126,1.9126,0.0
3404,Európai kötvény eszközalap - D,2026-01-31,1.2383,1.2383,0.0
3405,Európai részvény eszközalap,2026-01-31,2.8053,2.8053,0.0
3406,Európai vállalati kötvény eszközalap,2026-01-31,1.3339,1.3339,0.0
3407,Fejlõdõ piaci részvény ESG eszközalap-D,2026-01-31,1.2048,1.2048,0.0
3408,Fejlõdõ ázsiai részvény eszközalap,2026-01-31,2.6791,2.6791,0.0
3409,Fenntartható növekedés részvény eszk.,2026-01-31,3.1374,3.1374,0.0
3410,Globális egészségügyi részvény eszk.,2026-01-31,3.5846,3.5846,0.0
3411,Globális növekedési részvény eszközalap,2026-01-31,2.1044,2.1044,0.0
3412,Kiegyensúlyozott vegyes eszközalap - D,2026-01-31,1.4468,1.4468,0.0
3413,Latin-amerikai részvény eszközalap,2026-01-31,1.4119,1.4119,0.0
3414,Magas kötvény arányú vegyes eszk. - D,2026-01-31,1.1219,1.1219,0.0
3415,Magas védelmû vegyes eszközalap,2026-01-31,1.1194,1.1194,0.0
3416,Nemz. élelmiszeripari cégek rv. ea - D,2026-01-31,3.2367,3.2367,0.0
3417,Nyersanyagpiaci részvény eszközalap,2026-01-31,1.5731,1.5731,0.0
3418,Presztízs- és luxusmárkák rv. ea.,2026-01-31,3.5357,3.5357,0.0
3419,USA részvény eszközalap,2026-01-31,4.5824,4.5824,0.0
3420,Ázsia kötvény eszközalap,2026-01-31,2.2274,2.2274,0.0
3421,Aktív hozamfigyelõ vegyes eszközalap - D,2026-02-04,0.9506,0.9505,-0.0001
3422,Euró likviditás eszközalap - D,2026-02-04,0.9277,0.928,0.0004
3423,Európai ingatlancégek részv. eszközalap,2026-02-04,1.9064,1.9261,0.0104
3424,Európai kötvény eszközalap - D,2026-02-04,1.2359,1.2375,0.0013
3425,Európai részvény eszközalap,2026-02-04,2.8358,2.8358,0.0
3426,Európai vállalati kötvény eszközalap,2026-02-04,1.3326,1.3339,0.001
3427,Fejlõdõ piaci részvény ESG eszközalap-D,2026-02-04,1.2251,1.223,-0.0017
3428,Fejlõdõ ázsiai részvény eszközalap,2026-02-04,2.7226,2.7481,0.0094
3429,Fenntartható növekedés részvény eszk.,2026-02-04,3.107,3.104,-0.001
3430,Globális egészségügyi részvény eszk.,2026-02-04,3.6566,3.6151,-0.0113
3431,Globális növekedési részvény eszközalap,2026-02-04,2.0943,2.1021,0.0037
3432,Kiegyensúlyozott vegyes eszközalap - D,2026-02-04,1.4475,1.4475,0.0
3433,Latin-amerikai részvény eszközalap,2026-02-04,1.4528,1.4174,-0.0244
3434,Magas kötvény arányú vegyes eszk. - D,2026-02-04,1.121,1.1215,0.0004
3435,Magas védelmû vegyes eszközalap,2026-02-04,1.1213,1.121,-0.0002
3436,Nemz. élelmiszeripari cégek rv. ea - D,2026-02-04,3.3749,3.4289,0.016
3437,Nyersanyagpiaci részvény eszközalap,2026-02-04,1.6297,1.6301,0.0003
3438,Presztízs- és luxusmárkák rv. ea.,2026-02-04,3.5621,3.6098,0.0134
3439,USA részvény eszközalap,2026-02-04,4.591,4.5737,-0.0038
3440,Ázsia kötvény eszközalap,2026-02-04,2.2463,2.2421,-0.0019
3441,Aktív hozamfigyelõ vegyes eszközalap - D,2026-02-05,0.9505,0.9464,-0.0043
3442,Euró likviditás eszközalap - D,2026-02-05,0.928,0.9281,0.0001
3443,Európai ingatlancégek részv. eszközalap,2026-02-05,1.9261,1.9135,-0.0066
3444,Európai kötvény eszközalap - D,2026-02-05,1.2375,1.2382,0.0006
3445,Európai részvény eszközalap,2026-02-05,2.8358,2.8182,-0.0062
3446,Európai vállalati kötvény eszközalap,2026-02-05,1.3339,1.3342,0.0002
3447,Fejlõdõ piaci részvény ESG eszközalap-D,2026-02-05,1.223,1.2137,-0.0076
3448,Fejlõdõ ázsiai részvény eszközalap,2026-02-05,2.7481,2.6936,-0.0198
3449,Fenntartható növekedés részvény eszk.,2026-02-05,3.104,3.0491,-0.0177
3450,Globális egészségügyi részvény eszk.,2026-02-05,3.6151,3.6332,0.005
3451,Globális növekedési részvény eszközalap,2026-02-05,2.1021,2.0781,-0.0114
3452,Kiegyensúlyozott vegyes eszközalap - D,2026-02-05,1.4475,1.4405,-0.0048
3453,Latin-amerikai részvény eszközalap,2026-02-05,1.4174,1.4031,-0.01
3454,Magas kötvény arányú vegyes eszk. - D,2026-02-05,1.1215,1.1188,-0.0024
3455,Magas védelmû vegyes eszközalap,2026-02-05,1.121,1.1185,-0.0022
3456,Nemz. élelmiszeripari cégek rv. ea - D,2026-02-05,3.4289,3.4324,0.001
3457,Nyersanyagpiaci részvény eszközalap,2026-02-05,1.6301,1.5936,-0.0224
3458,Presztízs- és luxusmárkák rv. ea.,2026-02-05,3.6098,3.5753,-0.0096
3459,USA részvény eszközalap,2026-02-05,4.5737,4.5207,-0.0116
3460,Ázsia kötvény eszközalap,2026-02-05,2.2421,2.2493,0.0032
3461,Aktív hozamfigyelõ vegyes eszközalap - D,2026-02-06,0.9464,0.9517,0.0056
3462,Euró likviditás eszközalap - D,2026-02-06,0.9281,0.9281,0.0
3463,Európai ingatlancégek részv. eszközalap,2026-02-06,1.9135,1.9261,0.0066
3464,Európai kötvény eszközalap - D,2026-02-06,1.2382,1.2383,0.0001
3465,Európai részvény eszközalap,2026-02-06,2.8182,2.8385,0.0072
3466,Európai vállalati kötvény eszközalap,2026-02-06,1.3342,1.3339,-0.0002
3467,Fejlõdõ piaci részvény ESG eszközalap-D,2026-02-06,1.2137,1.2324,0.0154
3468,Fejlõdõ ázsiai részvény eszközalap,2026-02-06,2.6936,2.7023,0.0032
3469,Fenntartható növekedés részvény eszk.,2026-02-06,3.0491,3.086,0.0121
3470,Globális egészségügyi részvény eszk.,2026-02-06,3.6332,3.6202,-0.0036
3471,Globális növekedési részvény eszközalap,2026-02-06,2.0781,2.1062,0.0135
3472,Kiegyensúlyozott vegyes eszközalap - D,2026-02-06,1.4405,1.4466,0.0042
3473,Latin-amerikai részvény eszközalap,2026-02-06,1.4031,1.4266,0.0167
3474,Magas kötvény arányú vegyes eszk. - D,2026-02-06,1.1188,1.1216,0.0024
3475,Magas védelmû vegyes eszközalap,2026-02-06,1.1185,1.1214,0.0025
3476,Nemz. élelmiszeripari cégek rv. ea - D,2026-02-06,3.4324,3.4615,0.0085
3477,Nyersanyagpiaci részvény eszközalap,2026-02-06,1.5936,1.6134,0.0124
3478,Presztízs- és luxusmárkák rv. ea.,2026-02-06,3.5753,3.6198,0.0124
3479,USA részvény eszközalap,2026-02-06,4.5207,4.5902,0.0154
3480,Ázsia kötvény eszközalap,2026-02-06,2.2493,2.2498,0.0002
3481,Aktív hozamfigyelõ vegyes eszközalap - D,2026-02-07,0.9517,0.9517,0.0
3482,Euró likviditás eszközalap - D,2026-02-07,0.9281,0.9281,0.0
3483,Európai ingatlancégek részv. eszközalap,2026-02-07,1.9261,1.9261,0.0
3484,Európai kötvény eszközalap - D,2026-02-07,1.2383,1.2383,0.0
3485,Európai részvény eszközalap,2026-02-07,2.8385,2.8385,0.0
3486,Európai vállalati kötvény eszközalap,2026-02-07,1.3339,1.3339,0.0
3487,Fejlõdõ piaci részvény ESG eszközalap-D,2026-02-07,1.2324,1.2324,0.0
3488,Fejlõdõ ázsiai részvény eszközalap,2026-02-07,2.7023,2.7023,0.0
3489,Fenntartható növekedés részvény eszk.,2026-02-07,3.086,3.086,0.0
3490,Globális egészségügyi részvény eszk.,2026-02-07,3.6202,3.6202,0.0
3491,Globális növekedési részvény eszközalap,2026-02-07,2.1062,2.1062,0.0
3492,Kiegyensúlyozott vegyes eszközalap - D,2026-02-07,1.4466,1.4466,0.0
3493,Latin-amerikai részvény eszközalap,2026-02-07,1.4266,1.4266,0.0
3494,Magas kötvény arányú vegyes eszk. - D,2026-02-07,1.1216,1.1216,0.0
3495,Magas védelmû vegyes eszközalap,2026-02-07,1.1214,1.1214,0.0
3496,Nemz. élelmiszeripari cégek rv. ea - D,2026-02-07,3.4615,3.4615,0.0
3497,Nyersanyagpiaci részvény eszközalap,2026-02-07,1.6134,1.6134,0.0
3498,Presztízs- és luxusmárkák rv. ea.,2026-02-07,3.6198,3.6198,0.0
3499,USA részvény eszközalap,2026-02-07,4.5902,4.5902,0.0
3500,Ázsia kötvény eszközalap,2026-02-07,2.2498,2.2498,0.0
3501,Aktív hozamfigyelõ vegyes eszközalap - D,2026-02-08,0.9517,0.9517,0.0
3502,Euró likviditás eszközalap - D,2026-02-08,0.9281,0.9281,0.0
3503,Európai ingatlancégek részv. eszközalap,2026-02-08,1.9261,1.9261,0.0
3504,Európai kötvény eszközalap - D,2026-02-08,1.2383,1.2383,0.0
3505,Európai részvény eszközalap,2026-02-08,2.8385,2.8385,0.0
3506,Európai vállalati kötvény eszközalap,2026-02-08,1.3339,1.3339,0.0
3507,Fejlõdõ piaci részvény ESG eszközalap-D,2026-02-08,1.2324,1.2324,0.0
3508,Fejlõdõ ázsiai részvény eszközalap,2026-02-08,2.7023,2.7023,0.0
3509,Fenntartható növekedés részvény eszk.,2026-02-08,3.086,3.086,0.0
3510,Globális egészségügyi részvény eszk.,2026-02-08,3.6202,3.6202,0.0
3511,Globális növekedési részvény eszközalap,2026-02-08,2.1062,2.1062,0.0
3512,Kiegyensúlyozott vegyes eszközalap - D,2026-02-08,1.4466,1.4466,0.0
3513,Latin-amerikai részvény eszközalap,2026-02-08,1.4266,1.4266,0.0
3514,Magas kötvény arányú vegyes eszk. - D,2026-02-08,1.1216,1.1216,0.0
3515,Magas védelmû vegyes eszközalap,2026-02-08,1.1214,1.1214,0.0
3516,Nemz. élelmiszeripari cégek rv. ea - D,2026-02-08,3.4615,3.4615,0.0
3517,Nyersanyagpiaci részvény eszközalap,2026-02-08,1.6134,1.6134,0.0
3518,Presztízs- és luxusmárkák rv. ea.,2026-02-08,3.6198,3.6198,0.0
3519,USA részvény eszközalap,2026-02-08,4.5902,4.5902,0.0
3520,Ázsia kötvény eszközalap,2026-02-08,2.2498,2.2498,0.0
3521,Aktív hozamfigyelõ vegyes eszközalap - D,2026-02-11,0.9539,0.9534,-0.0005
3522,Euró likviditás eszközalap - D,2026-02-11,0.9287,0.9287,0.0
3523,Európai ingatlancégek részv. eszközalap,2026-02-11,1.9415,1.9537,0.0063
3524,Európai kötvény eszközalap - D,2026-02-11,1.2413,1.2412,-0.0001
3525,Európai részvény eszközalap,2026-02-11,2.855,2.8542,-0.0003
3526,Európai vállalati kötvény eszközalap,2026-02-11,1.3364,1.3362,-0.0001
3527,Fejlõdõ piaci részvény ESG eszközalap-D,2026-02-11,1.2384,1.2465,0.0066
3528,Fejlõdõ ázsiai részvény eszközalap,2026-02-11,2.766,2.799,0.0119
3529,Fenntartható növekedés részvény eszk.,2026-02-11,3.0755,3.0806,0.0016
3530,Globális egészségügyi részvény eszk.,2026-02-11,3.638,3.6095,-0.0078
3531,Globális növekedési részvény eszközalap,2026-02-11,2.1215,2.1299,0.004
3532,Kiegyensúlyozott vegyes eszközalap - D,2026-02-11,1.4523,1.4555,0.0022
3533,Latin-amerikai részvény eszközalap,2026-02-11,1.4476,1.4581,0.0072
3534,Magas kötvény arányú vegyes eszk. - D,2026-02-11,1.1251,1.1265,0.0013
3535,Magas védelmû vegyes eszközalap,2026-02-11,1.1236,1.1232,-0.0004
3536,Nemz. élelmiszeripari cégek rv. ea - D,2026-02-11,3.4136,3.4658,0.0153
3537,Nyersanyagpiaci részvény eszközalap,2026-02-11,1.6578,1.6789,0.0127
3538,Presztízs- és luxusmárkák rv. ea.,2026-02-11,3.729,3.7135,-0.0042
3539,USA részvény eszközalap,2026-02-11,4.5627,4.5819,0.0042
3540,Ázsia kötvény eszközalap,2026-02-11,2.2304,2.2319,0.0006
3541,Aktív hozamfigyelõ vegyes eszközalap - D,2026-02-12,0.9534,0.9505,-0.003
3542,Euró likviditás eszközalap - D,2026-02-12,0.9287,0.9289,0.0002
3543,Európai ingatlancégek részv. eszközalap,2026-02-12,1.9537,1.9571,0.0017
3544,Európai kötvény eszközalap - D,2026-02-12,1.2412,1.2425,0.0011
3545,Európai részvény eszközalap,2026-02-12,2.8542,2.8505,-0.0013
3546,Európai vállalati kötvény eszközalap,2026-02-12,1.3362,1.3371,0.0007
3547,Fejlõdõ piaci részvény ESG eszközalap-D,2026-02-12,1.2465,1.2403,-0.0049
3548,Fejlõdõ ázsiai részvény eszközalap,2026-02-12,2.799,2.8179,0.0067
3549,Fenntartható növekedés részvény eszk.,2026-02-12,3.0806,3.0334,-0.0153
3550,Globális egészségügyi részvény eszk.,2026-02-12,3.6095,3.6457,0.01
3551,Globális növekedési részvény eszközalap,2026-02-12,2.1299,2.0953,-0.0163
3552,Kiegyensúlyozott vegyes eszközalap - D,2026-02-12,1.4555,1.4504,-0.0036
3553,Latin-amerikai részvény eszközalap,2026-02-12,1.4581,1.4525,-0.0038
3554,Magas kötvény arányú vegyes eszk. - D,2026-02-12,1.1265,1.1249,-0.0015
3555,Magas védelmû vegyes eszközalap,2026-02-12,1.1232,1.121,-0.002
3556,Nemz. élelmiszeripari cégek rv. ea - D,2026-02-12,3.4658,3.5237,0.0167
3557,Nyersanyagpiaci részvény eszközalap,2026-02-12,1.6789,1.6603,-0.0111
3558,Presztízs- és luxusmárkák rv. ea.,2026-02-12,3.7135,3.7172,0.001
3559,USA részvény eszközalap,2026-02-12,4.5819,4.5018,-0.0175
3560,Ázsia kötvény eszközalap,2026-02-12,2.2319,2.2376,0.0026
3561,Aktív hozamfigyelõ vegyes eszközalap - D,2026-02-13,0.9505,0.9515,0.001
3562,Euró likviditás eszközalap - D,2026-02-13,0.9289,0.9292,0.0004
3563,Európai ingatlancégek részv. eszközalap,2026-02-13,1.9571,1.9544,-0.0014
3564,Európai kötvény eszközalap - D,2026-02-13,1.2425,1.2442,0.0014
3565,Európai részvény eszközalap,2026-02-13,2.8505,2.8367,-0.0049
3566,Európai vállalati kötvény eszközalap,2026-02-13,1.3371,1.3377,0.0005
3567,Fejlõdõ piaci részvény ESG eszközalap-D,2026-02-13,1.2403,1.2393,-0.0009
3568,Fejlõdõ ázsiai részvény eszközalap,2026-02-13,2.8179,2.7834,-0.0122
3569,Fenntartható növekedés részvény eszk.,2026-02-13,3.0334,3.0374,0.0013
3570,Globális egészségügyi részvény eszk.,2026-02-13,3.6457,3.6767,0.0085
3571,Globális növekedési részvény eszközalap,2026-02-13,2.0953,2.1124,0.0082
3572,Kiegyensúlyozott vegyes eszközalap - D,2026-02-13,1.4504,1.4478,-0.0018
3573,Latin-amerikai részvény eszközalap,2026-02-13,1.4525,1.4288,-0.0163
3574,Magas kötvény arányú vegyes eszk. - D,2026-02-13,1.1249,1.1246,-0.0002
3575,Magas védelmû vegyes eszközalap,2026-02-13,1.121,1.1203,-0.0006
3576,Nemz. élelmiszeripari cégek rv. ea - D,2026-02-13,3.5237,3.519,-0.0013
3577,Nyersanyagpiaci részvény eszközalap,2026-02-13,1.6603,1.6656,0.0032
3578,Presztízs- és luxusmárkák rv. ea.,2026-02-13,3.7172,3.685,-0.0087
3579,USA részvény eszközalap,2026-02-13,4.5018,4.4944,-0.0017
3580,Ázsia kötvény eszközalap,2026-02-13,2.2376,2.2451,0.0033
3581,Aktív hozamfigyelõ vegyes eszközalap - D,2026-02-14,0.9515,0.9515,0.0
3582,Euró likviditás eszközalap - D,2026-02-14,0.9292,0.9292,0.0
3583,Európai ingatlancégek részv. eszközalap,2026-02-14,1.9544,1.9544,0.0
3584,Európai kötvény eszközalap - D,2026-02-14,1.2442,1.2442,0.0
3585,Európai részvény eszközalap,2026-02-14,2.8367,2.8367,0.0
3586,Európai vállalati kötvény eszközalap,2026-02-14,1.3377,1.3377,0.0
3587,Fejlõdõ piaci részvény ESG eszközalap-D,2026-02-14,1.2393,1.2393,0.0
3588,Fejlõdõ ázsiai részvény eszközalap,2026-02-14,2.7834,2.7834,0.0
3589,Fenntartható növekedés részvény eszk.,2026-02-14,3.0374,3.0374,0.0
3590,Globális egészségügyi részvény eszk.,2026-02-14,3.6767,3.6767,0.0
3591,Globális növekedési részvény eszközalap,2026-02-14,2.1124,2.1124,0.0
3592,Kiegyensúlyozott vegyes eszközalap - D,2026-02-14,1.4478,1.4478,0.0
3593,Latin-amerikai részvény eszközalap,2026-02-14,1.4288,1.4288,0.0
3594,Magas kötvény arányú vegyes eszk. - D,2026-02-14,1.1246,1.1246,0.0
3595,Magas védelmû vegyes eszközalap,2026-02-14,1.1203,1.1203,0.0
3596,Nemz. élelmiszeripari cégek rv. ea - D,2026-02-14,3.519,3.519,0.0
3597,Nyersanyagpiaci részvény eszközalap,2026-02-14,1.6656,1.6656,0.0
3598,Presztízs- és luxusmárkák rv. ea.,2026-02-14,3.685,3.685,0.0
3599,USA részvény eszközalap,2026-02-14,4.4944,4.4944,0.0
3600,Ázsia kötvény eszközalap,2026-02-14,2.2451,2.2451,0.0
3601,Aktív hozamfigyelõ vegyes eszközalap - D,2026-02-15,0.9515,0.9515,0.0
3602,Euró likviditás eszközalap - D,2026-02-15,0.9292,0.9292,0.0
3603,Európai ingatlancégek részv. eszközalap,2026-02-15,1.9544,1.9544,0.0
3604,Európai kötvény eszközalap - D,2026-02-15,1.2442,1.2442,0.0
3605,Európai részvény eszközalap,2026-02-15,2.8367,2.8367,0.0
3606,Európai vállalati kötvény eszközalap,2026-02-15,1.3377,1.3377,0.0
3607,Fejlõdõ piaci részvény ESG eszközalap-D,2026-02-15,1.2393,1.2393,0.0
3608,Fejlõdõ ázsiai részvény eszközalap,2026-02-15,2.7834,2.7834,0.0
3609,Fenntartható növekedés részvény eszk.,2026-02-15,3.0374,3.0374,0.0
3610,Globális egészségügyi részvény eszk.,2026-02-15,3.6767,3.6767,0.0
3611,Globális növekedési részvény eszközalap,2026-02-15,2.1124,2.1124,0.0
3612,Kiegyensúlyozott vegyes eszközalap - D,2026-02-15,1.4478,1.4478,0.0
3613,Latin-amerikai részvény eszközalap,2026-02-15,1.4288,1.4288,0.0
3614,Magas kötvény arányú vegyes eszk. - D,2026-02-15,1.1246,1.1246,0.0
3615,Magas védelmû vegyes eszközalap,2026-02-15,1.1203,1.1203,0.0
3616,Nemz. élelmiszeripari cégek rv. ea - D,2026-02-15,3.519,3.519,0.0
3617,Nyersanyagpiaci részvény eszközalap,2026-02-15,1.6656,1.6656,0.0
3618,Presztízs- és luxusmárkák rv. ea.,2026-02-15,3.685,3.685,0.0
3619,USA részvény eszközalap,2026-02-15,4.4944,4.4944,0.0
3620,Ázsia kötvény eszközalap,2026-02-15,2.2451,2.2451,0.0
3621,Aktív hozamfigyelõ vegyes eszközalap - D,2026-02-18,0.953,0.9546,0.0017
3622,Euró likviditás eszközalap - D,2026-02-18,0.9293,0.9292,-0.0001
3623,Európai ingatlancégek részv. eszközalap,2026-02-18,1.9873,1.9677,-0.0099
3624,Európai kötvény eszközalap - D,2026-02-18,1.2445,1.2428,-0.0014
3625,Európai részvény eszközalap,2026-02-18,2.855,2.8898,0.0122
3626,Európai vállalati kötvény eszközalap,2026-02-18,1.3376,1.3379,0.0002
3627,Fejlõdõ piaci részvény ESG eszközalap-D,2026-02-18,1.2422,1.2574,0.0123
3628,Fejlõdõ ázsiai részvény eszközalap,2026-02-18,2.7831,2.7831,0.0
3629,Fenntartható növekedés részvény eszk.,2026-02-18,3.0586,3.0817,0.0076
3630,Globális egészségügyi részvény eszk.,2026-02-18,3.6891,3.6736,-0.0042
3631,Globális növekedési részvény eszközalap,2026-02-18,2.1185,2.1309,0.0058
3632,Kiegyensúlyozott vegyes eszközalap - D,2026-02-18,1.4496,1.4531,0.0024
3633,Latin-amerikai részvény eszközalap,2026-02-18,1.4424,1.4578,0.0107
3634,Magas kötvény arányú vegyes eszk. - D,2026-02-18,1.1256,1.127,0.0012
3635,Magas védelmû vegyes eszközalap,2026-02-18,1.1224,1.1277,0.0047
3636,Nemz. élelmiszeripari cégek rv. ea - D,2026-02-18,3.4786,3.4767,-0.0005
3637,Nyersanyagpiaci részvény eszközalap,2026-02-18,1.6497,1.6797,0.0182
3638,Presztízs- és luxusmárkák rv. ea.,2026-02-18,3.6863,3.7154,0.0079
3639,USA részvény eszközalap,2026-02-18,4.5166,4.5356,0.0042
3640,Ázsia kötvény eszközalap,2026-02-18,2.2516,2.2534,0.0008
3641,Aktív hozamfigyelõ vegyes eszközalap - D,2026-02-19,0.9546,0.9542,-0.0005
3642,Euró likviditás eszközalap - D,2026-02-19,0.9292,0.9291,-0.0001
3643,Európai ingatlancégek részv. eszközalap,2026-02-19,1.9677,1.9786,0.0055
3644,Európai kötvény eszközalap - D,2026-02-19,1.2428,1.2446,0.0015
3645,Európai részvény eszközalap,2026-02-19,2.8898,2.8711,-0.0065
3646,Európai vállalati kötvény eszközalap,2026-02-19,1.3379,1.3376,-0.0003
3647,Fejlõdõ piaci részvény ESG eszközalap-D,2026-02-19,1.2574,1.2553,-0.0017
3648,Fejlõdõ ázsiai részvény eszközalap,2026-02-19,2.7831,2.783,0.0
3649,Fenntartható növekedés részvény eszk.,2026-02-19,3.0817,3.0795,-0.0007
3650,Globális egészségügyi részvény eszk.,2026-02-19,3.6736,3.6528,-0.0057
3651,Globális növekedési részvény eszközalap,2026-02-19,2.1309,2.1319,0.0005
3652,Kiegyensúlyozott vegyes eszközalap - D,2026-02-19,1.4531,1.4538,0.0005
3653,Latin-amerikai részvény eszközalap,2026-02-19,1.4578,1.4619,0.0028
3654,Magas kötvény arányú vegyes eszk. - D,2026-02-19,1.127,1.1271,0.0001
3655,Magas védelmû vegyes eszközalap,2026-02-19,1.1277,1.1244,-0.0029
3656,Nemz. élelmiszeripari cégek rv. ea - D,2026-02-19,3.4767,3.4857,0.0026
3657,Nyersanyagpiaci részvény eszközalap,2026-02-19,1.6797,1.6738,-0.0035
3658,Presztízs- és luxusmárkák rv. ea.,2026-02-19,3.7154,3.6841,-0.0084
3659,USA részvény eszközalap,2026-02-19,4.5356,4.5442,0.0019
3660,Ázsia kötvény eszközalap,2026-02-19,2.2534,2.2589,0.0024
3661,Aktív hozamfigyelõ vegyes eszközalap - D,2026-02-20,0.9542,0.9565,0.0024
3662,Euró likviditás eszközalap - D,2026-02-20,0.9291,0.9291,-0.0001
3663,Európai ingatlancégek részv. eszközalap,2026-02-20,1.9786,1.9963,0.0089
3664,Európai kötvény eszközalap - D,2026-02-20,1.2446,1.2434,-0.001
3665,Európai részvény eszközalap,2026-02-20,2.8711,2.8981,0.0094
3666,Európai vállalati kötvény eszközalap,2026-02-20,1.3376,1.338,0.0003
3667,Fejlõdõ piaci részvény ESG eszközalap-D,2026-02-20,1.2553,1.2688,0.0108
3668,Fejlõdõ ázsiai részvény eszközalap,2026-02-20,2.783,2.7829,0.0
3669,Fenntartható növekedés részvény eszk.,2026-02-20,3.0795,3.0958,0.0053
3670,Globális egészségügyi részvény eszk.,2026-02-20,3.6528,3.6579,0.0014
3671,Globális növekedési részvény eszközalap,2026-02-20,2.1319,2.1294,-0.0011
3672,Kiegyensúlyozott vegyes eszközalap - D,2026-02-20,1.4538,1.4594,0.0038
3673,Latin-amerikai részvény eszközalap,2026-02-20,1.4619,1.47,0.0055
3674,Magas kötvény arányú vegyes eszk. - D,2026-02-20,1.1271,1.1298,0.0023
3675,Magas védelmû vegyes eszközalap,2026-02-20,1.1244,1.1291,0.0041
3676,Nemz. élelmiszeripari cégek rv. ea - D,2026-02-20,3.4857,3.4772,-0.0024
3677,Nyersanyagpiaci részvény eszközalap,2026-02-20,1.6738,1.6805,0.004
3678,Presztízs- és luxusmárkák rv. ea.,2026-02-20,3.6841,3.7356,0.014
3679,USA részvény eszközalap,2026-02-20,4.5442,4.5651,0.0046
3680,Ázsia kötvény eszközalap,2026-02-20,2.2589,2.2651,0.0027
3681,Aktív hozamfigyelõ vegyes eszközalap - D,2026-02-21,0.9565,0.9565,0.0
3682,Euró likviditás eszközalap - D,2026-02-21,0.9291,0.9291,0.0
3683,Európai ingatlancégek részv. eszközalap,2026-02-21,1.9963,1.9963,0.0
3684,Európai kötvény eszközalap - D,2026-02-21,1.2434,1.2434,0.0
3685,Európai részvény eszközalap,2026-02-21,2.8981,2.8981,0.0
3686,Európai vállalati kötvény eszközalap,2026-02-21,1.338,1.338,0.0
3687,Fejlõdõ piaci részvény ESG eszközalap-D,2026-02-21,1.2688,1.2688,0.0
3688,Fejlõdõ ázsiai részvény eszközalap,2026-02-21,2.7829,2.7829,0.0
3689,Fenntartható növekedés részvény eszk.,2026-02-21,3.0958,3.0958,0.0
3690,Globális egészségügyi részvény eszk.,2026-02-21,3.6579,3.6579,0.0
3691,Globális növekedési részvény eszközalap,2026-02-21,2.1294,2.1294,0.0
3692,Kiegyensúlyozott vegyes eszközalap - D,2026-02-21,1.4594,1.4594,0.0
3693,Latin-amerikai részvény eszközalap,2026-02-21,1.47,1.47,0.0
3694,Magas kötvény arányú vegyes eszk. - D,2026-02-21,1.1298,1.1298,0.0
3695,Magas védelmû vegyes eszközalap,2026-02-21,1.1291,1.1291,0.0
3696,Nemz. élelmiszeripari cégek rv. ea - D,2026-02-21,3.4772,3.4772,0.0
3697,Nyersanyagpiaci részvény eszközalap,2026-02-21,1.6805,1.6805,0.0
3698,Presztízs- és luxusmárkák rv. ea.,2026-02-21,3.7356,3.7356,0.0
3699,USA részvény eszközalap,2026-02-21,4.5651,4.5651,0.0
3700,Ázsia kötvény eszközalap,2026-02-21,2.2651,2.2651,0.0
3701,Aktív hozamfigyelõ vegyes eszközalap - D,2026-02-22,0.9565,0.9565,0.0
3702,Euró likviditás eszközalap - D,2026-02-22,0.9291,0.9291,0.0
3703,Európai ingatlancégek részv. eszközalap,2026-02-22,1.9963,1.9963,0.0
3704,Európai kötvény eszközalap - D,2026-02-22,1.2434,1.2434,0.0
3705,Európai részvény eszközalap,2026-02-22,2.8981,2.8981,0.0
3706,Európai vállalati kötvény eszközalap,2026-02-22,1.338,1.338,0.0
3707,Fejlõdõ piaci részvény ESG eszközalap-D,2026-02-22,1.2688,1.2688,0.0
3708,Fejlõdõ ázsiai részvény eszközalap,2026-02-22,2.7829,2.7829,0.0
3709,Fenntartható növekedés részvény eszk.,2026-02-22,3.0958,3.0958,0.0
3710,Globális egészségügyi részvény eszk.,2026-02-22,3.6579,3.6579,0.0
3711,Globális növekedési részvény eszközalap,2026-02-22,2.1294,2.1294,0.0
3712,Kiegyensúlyozott vegyes eszközalap - D,2026-02-22,1.4594,1.4594,0.0
3713,Latin-amerikai részvény eszközalap,2026-02-22,1.47,1.47,0.0
3714,Magas kötvény arányú vegyes eszk. - D,2026-02-22,1.1298,1.1298,0.0
3715,Magas védelmû vegyes eszközalap,2026-02-22,1.1291,1.1291,0.0
3716,Nemz. élelmiszeripari cégek rv. ea - D,2026-02-22,3.4772,3.4772,0.0
3717,Nyersanyagpiaci részvény eszközalap,2026-02-22,1.6805,1.6805,0.0
3718,Presztízs- és luxusmárkák rv. ea.,2026-02-22,3.7356,3.7356,0.0
3719,USA részvény eszközalap,2026-02-22,4.5651,4.5651,0.0
3720,Ázsia kötvény eszközalap,2026-02-22,2.2651,2.2651,0.0
3721,Aktív hozamfigyelõ vegyes eszközalap - D,2026-02-25,0.9569,0.9584,0.0015
3722,Euró likviditás eszközalap - D,2026-02-25,0.9294,0.9294,0.0001
3723,Európai ingatlancégek részv. eszközalap,2026-02-25,2.0022,2.0089,0.0034
3724,Európai kötvény eszközalap - D,2026-02-25,1.2461,1.2485,0.002
3725,Európai részvény eszközalap,2026-02-25,2.8987,2.9255,0.0093
3726,Európai vállalati kötvény eszközalap,2026-02-25,1.3391,1.3391,0.0
3727,Fejlõdõ piaci részvény ESG eszközalap-D,2026-02-25,1.2791,1.2842,0.004
3728,Fejlõdõ ázsiai részvény eszközalap,2026-02-25,2.8653,2.8994,0.0119
3729,Fenntartható növekedés részvény eszk.,2026-02-25,3.0892,3.1038,0.0047
3730,Globális egészségügyi részvény eszk.,2026-02-25,3.6835,3.6911,0.0021
3731,Globális növekedési részvény eszközalap,2026-02-25,2.1289,2.136,0.0033
3732,Kiegyensúlyozott vegyes eszközalap - D,2026-02-25,1.4597,1.4656,0.004
3733,Latin-amerikai részvény eszközalap,2026-02-25,1.4683,1.4718,0.0024
3734,Magas kötvény arányú vegyes eszk. - D,2026-02-25,1.1308,1.1335,0.0024
3735,Magas védelmû vegyes eszközalap,2026-02-25,1.1291,1.1318,0.0024
3736,Nemz. élelmiszeripari cégek rv. ea - D,2026-02-25,3.5435,3.5175,-0.0073
3737,Nyersanyagpiaci részvény eszközalap,2026-02-25,1.7206,1.7357,0.0088
3738,Presztízs- és luxusmárkák rv. ea.,2026-02-25,3.7226,3.683,-0.0106
3739,USA részvény eszközalap,2026-02-25,4.5407,4.5677,0.0059
3740,Ázsia kötvény eszközalap,2026-02-25,2.2647,2.2646,-0.0001
3741,Aktív hozamfigyelõ vegyes eszközalap - D,2026-02-26,0.9584,0.959,0.0006
3742,Euró likviditás eszközalap - D,2026-02-26,0.9294,0.9294,0.0
3743,Európai ingatlancégek részv. eszközalap,2026-02-26,2.0089,2.0236,0.0073
3744,Európai kötvény eszközalap - D,2026-02-26,1.2485,1.2471,-0.0011
3745,Európai részvény eszközalap,2026-02-26,2.9255,2.9204,-0.0017
3746,Európai vállalati kötvény eszközalap,2026-02-26,1.3391,1.3393,0.0001
3747,Fejlõdõ piaci részvény ESG eszközalap-D,2026-02-26,1.2842,1.279,-0.004
3748,Fejlõdõ ázsiai részvény eszközalap,2026-02-26,2.8994,2.9123,0.0045
3749,Fenntartható növekedés részvény eszk.,2026-02-26,3.1038,3.1026,-0.0004
3750,Globális egészségügyi részvény eszk.,2026-02-26,3.6911,3.6551,-0.0097
3751,Globális növekedési részvény eszközalap,2026-02-26,2.136,2.1494,0.0063
3752,Kiegyensúlyozott vegyes eszközalap - D,2026-02-26,1.4656,1.4658,0.0002
3753,Latin-amerikai részvény eszközalap,2026-02-26,1.4718,1.4623,-0.0065
3754,Magas kötvény arányú vegyes eszk. - D,2026-02-26,1.1335,1.1336,0.0001
3755,Magas védelmû vegyes eszközalap,2026-02-26,1.1318,1.1312,-0.0005
3756,Nemz. élelmiszeripari cégek rv. ea - D,2026-02-26,3.5175,3.5044,-0.0037
3757,Nyersanyagpiaci részvény eszközalap,2026-02-26,1.7357,1.7193,-0.0095
3758,Presztízs- és luxusmárkák rv. ea.,2026-02-26,3.683,3.7109,0.0076
3759,USA részvény eszközalap,2026-02-26,4.5677,4.5476,-0.0044
3760,Ázsia kötvény eszközalap,2026-02-26,2.2646,2.2635,-0.0005
3761,Aktív hozamfigyelõ vegyes eszközalap - D,2026-02-27,0.959,0.959,0.0
3762,Euró likviditás eszközalap - D,2026-02-27,0.9294,0.93,0.0006
3763,Európai ingatlancégek részv. eszközalap,2026-02-27,2.0236,2.0401,0.0082
3764,Európai kötvény eszközalap - D,2026-02-27,1.2471,1.2516,0.0036
3765,Európai részvény eszközalap,2026-02-27,2.9204,2.9158,-0.0016
3766,Európai vállalati kötvény eszközalap,2026-02-27,1.3393,1.3399,0.0004
3767,Fejlõdõ piaci részvény ESG eszközalap-D,2026-02-27,1.279,1.2769,-0.0017
3768,Fejlõdõ ázsiai részvény eszközalap,2026-02-27,2.9123,2.9122,0.0
3769,Fenntartható növekedés részvény eszk.,2026-02-27,3.1026,3.0929,-0.0031
3770,Globális egészségügyi részvény eszk.,2026-02-27,3.6551,3.6705,0.0042
3771,Globális növekedési részvény eszközalap,2026-02-27,2.1494,2.1409,-0.0039
3772,Kiegyensúlyozott vegyes eszközalap - D,2026-02-27,1.4658,1.4637,-0.0014
3773,Latin-amerikai részvény eszközalap,2026-02-27,1.4623,1.4562,-0.0042
3774,Magas kötvény arányú vegyes eszk. - D,2026-02-27,1.1336,1.1339,0.0003
3775,Magas védelmû vegyes eszközalap,2026-02-27,1.1312,1.1302,-0.0008
3776,Nemz. élelmiszeripari cégek rv. ea - D,2026-02-27,3.5044,3.5366,0.0092
3777,Nyersanyagpiaci részvény eszközalap,2026-02-27,1.7193,1.7388,0.0113
3778,Presztízs- és luxusmárkák rv. ea.,2026-02-27,3.7109,3.6732,-0.0102
3779,USA részvény eszközalap,2026-02-27,4.5476,4.5146,-0.0073
3780,Ázsia kötvény eszközalap,2026-02-27,2.2635,2.2659,0.0011
3781,Aktív hozamfigyelõ vegyes eszközalap - D,2026-02-28,0.959,0.959,0.0
3782,Euró likviditás eszközalap - D,2026-02-28,0.93,0.93,0.0
3783,Európai ingatlancégek részv. eszközalap,2026-02-28,2.0401,2.0401,0.0
3784,Európai kötvény eszközalap - D,2026-02-28,1.2516,1.2516,0.0
3785,Európai részvény eszközalap,2026-02-28,2.9158,2.9158,0.0
3786,Európai vállalati kötvény eszközalap,2026-02-28,1.3399,1.3399,0.0
3787,Fejlõdõ piaci részvény ESG eszközalap-D,2026-02-28,1.2769,1.2769,0.0
3788,Fejlõdõ ázsiai részvény eszközalap,2026-02-28,2.9122,2.9122,0.0
3789,Fenntartható növekedés részvény eszk.,2026-02-28,3.0929,3.0929,0.0
3790,Globális egészségügyi részvény eszk.,2026-02-28,3.6705,3.6705,0.0
3791,Globális növekedési részvény eszközalap,2026-02-28,2.1409,2.1409,0.0
3792,Kiegyensúlyozott vegyes eszközalap - D,2026-02-28,1.4637,1.4637,0.0
3793,Latin-amerikai részvény eszközalap,2026-02-28,1.4562,1.4562,0.0
3794,Magas kötvény arányú vegyes eszk. - D,2026-02-28,1.1339,1.1339,0.0
3795,Magas védelmû vegyes eszközalap,2026-02-28,1.1302,1.1302,0.0
3796,Nemz. élelmiszeripari cégek rv. ea - D,2026-02-28,3.5366,3.5366,0.0
3797,Nyersanyagpiaci részvény eszközalap,2026-02-28,1.7388,1.7388,0.0
3798,Presztízs- és luxusmárkák rv. ea.,2026-02-28,3.6732,3.6732,0.0
3799,USA részvény eszközalap,2026-02-28,4.5146,4.5146,0.0
3800,Ázsia kötvény eszközalap,2026-02-28,2.2659,2.2659,0.0
3801,Aktív hozamfigyelõ vegyes eszközalap - D,2026-03-01,0.959,0.959,0.0
3802,Euró likviditás eszközalap - D,2026-03-01,0.93,0.93,0.0
3803,Európai ingatlancégek részv. eszközalap,2026-03-01,2.0401,2.0401,0.0
3804,Európai kötvény eszközalap - D,2026-03-01,1.2516,1.2516,0.0
3805,Európai részvény eszközalap,2026-03-01,2.9158,2.9158,0.0
3806,Európai vállalati kötvény eszközalap,2026-03-01,1.3399,1.3399,0.0
3807,Fejlõdõ piaci részvény ESG eszközalap-D,2026-03-01,1.2769,1.2769,0.0
3808,Fejlõdõ ázsiai részvény eszközalap,2026-03-01,2.9122,2.9122,0.0
3809,Fenntartható növekedés részvény eszk.,2026-03-01,3.0929,3.0929,0.0
3810,Globális egészségügyi részvény eszk.,2026-03-01,3.6705,3.6705,0.0
3811,Globális növekedési részvény eszközalap,2026-03-01,2.1409,2.1409,0.0
3812,Kiegyensúlyozott vegyes eszközalap - D,2026-03-01,1.4637,1.4637,0.0
3813,Latin-amerikai részvény eszközalap,2026-03-01,1.4562,1.4562,0.0
3814,Magas kötvény arányú vegyes eszk. - D,2026-03-01,1.1339,1.1339,0.0
3815,Magas védelmû vegyes eszközalap,2026-03-01,1.1302,1.1302,0.0
3816,Nemz. élelmiszeripari cégek rv. ea - D,2026-03-01,3.5366,3.5366,0.0
3817,Nyersanyagpiaci részvény eszközalap,2026-03-01,1.7388,1.7388,0.0
3818,Presztízs- és luxusmárkák rv. ea.,2026-03-01,3.6732,3.6732,0.0
3819,USA részvény eszközalap,2026-03-01,4.5146,4.5146,0.0
3820,Ázsia kötvény eszközalap,2026-03-01,2.2659,2.2659,0.0
3821,Aktív hozamfigyelõ vegyes eszközalap - D,2026-03-04,0.9478,0.9503,0.0027
3822,Euró likviditás eszközalap - D,2026-03-04,0.927,0.9279,0.001
3823,Európai ingatlancégek részv. eszközalap,2026-03-04,1.9478,1.9587,0.0056
3824,Európai kötvény eszközalap - D,2026-03-04,1.2385,1.2419,0.0028
3825,Európai részvény eszközalap,2026-03-04,2.7498,2.802,0.019
3826,Európai vállalati kötvény eszközalap,2026-03-04,1.3298,1.3346,0.0036
3827,Fejlõdõ piaci részvény ESG eszközalap-D,2026-03-04,1.2087,1.215,0.0051
3828,Fejlõdõ ázsiai részvény eszközalap,2026-03-04,2.7709,2.7509,-0.0072
3829,Fenntartható növekedés részvény eszk.,2026-03-04,3.0676,3.0812,0.0044
3830,Globális egészségügyi részvény eszk.,2026-03-04,3.5823,3.6003,0.005
3831,Globális növekedési részvény eszközalap,2026-03-04,2.1124,2.1189,0.0031
3832,Kiegyensúlyozott vegyes eszközalap - D,2026-03-04,1.4469,1.4488,0.0013
3833,Latin-amerikai részvény eszközalap,2026-03-04,1.374,1.4213,0.0345
3834,Magas kötvény arányú vegyes eszk. - D,2026-03-04,1.1215,1.124,0.0023
3835,Magas védelmû vegyes eszközalap,2026-03-04,1.1126,1.1158,0.0028
3836,Nemz. élelmiszeripari cégek rv. ea - D,2026-03-04,3.4719,3.4633,-0.0025
3837,Nyersanyagpiaci részvény eszközalap,2026-03-04,1.6814,1.6957,0.0085
3838,Presztízs- és luxusmárkák rv. ea.,2026-03-04,3.4502,3.5091,0.0171
3839,USA részvény eszközalap,2026-03-04,4.585,4.5829,-0.0005
3840,Ázsia kötvény eszközalap,2026-03-04,2.2891,2.2875,-0.0007
3841,Aktív hozamfigyelõ vegyes eszközalap - D,2026-03-05,0.9503,0.9463,-0.0043
3842,Euró likviditás eszközalap - D,2026-03-05,0.9279,0.9261,-0.002
3843,Európai ingatlancégek részv. eszközalap,2026-03-05,1.9587,1.9362,-0.0115
3844,Európai kötvény eszközalap - D,2026-03-05,1.2419,1.2347,-0.0058
3845,Európai részvény eszközalap,2026-03-05,2.802,2.7672,-0.0124
3846,Európai vállalati kötvény eszközalap,2026-03-05,1.3346,1.3286,-0.0045
3847,Fejlõdõ piaci részvény ESG eszközalap-D,2026-03-05,1.215,1.2096,-0.0044
3848,Fejlõdõ ázsiai részvény eszközalap,2026-03-05,2.7509,2.8226,0.0261
3849,Fenntartható növekedés részvény eszk.,2026-03-05,3.0812,3.0792,-0.0007
3850,Globális egészségügyi részvény eszk.,2026-03-05,3.6003,3.5743,-0.0072
3851,Globális növekedési részvény eszközalap,2026-03-05,2.1189,2.1147,-0.002
3852,Kiegyensúlyozott vegyes eszközalap - D,2026-03-05,1.4488,1.4452,-0.0025
3853,Latin-amerikai részvény eszközalap,2026-03-05,1.4213,1.3934,-0.0197
3854,Magas kötvény arányú vegyes eszk. - D,2026-03-05,1.124,1.1193,-0.0042
3855,Magas védelmû vegyes eszközalap,2026-03-05,1.1158,1.1129,-0.0026
3856,Nemz. élelmiszeripari cégek rv. ea - D,2026-03-05,3.4633,3.4125,-0.0147
3857,Nyersanyagpiaci részvény eszközalap,2026-03-05,1.6957,1.6561,-0.0234
3858,Presztízs- és luxusmárkák rv. ea.,2026-03-05,3.5091,3.4565,-0.015
3859,USA részvény eszközalap,2026-03-05,4.5829,4.5902,0.0016
3860,Ázsia kötvény eszközalap,2026-03-05,2.2875,2.284,-0.0015
3861,Aktív hozamfigyelõ vegyes eszközalap - D,2026-03-06,0.9463,0.9404,-0.0062
3862,Euró likviditás eszközalap - D,2026-03-06,0.9261,0.9248,-0.0014
3863,Európai ingatlancégek részv. eszközalap,2026-03-06,1.9362,1.9274,-0.0046
3864,Európai kötvény eszközalap - D,2026-03-06,1.2347,1.2301,-0.0037
3865,Európai részvény eszközalap,2026-03-06,2.7672,2.737,-0.0109
3866,Európai vállalati kötvény eszközalap,2026-03-06,1.3286,1.3247,-0.0029
3867,Fejlõdõ piaci részvény ESG eszközalap-D,2026-03-06,1.2096,1.1981,-0.0095
3868,Fejlõdõ ázsiai részvény eszközalap,2026-03-06,2.8226,2.7787,-0.0156
3869,Fenntartható növekedés részvény eszk.,2026-03-06,3.0792,3.0406,-0.0125
3870,Globális egészségügyi részvény eszk.,2026-03-06,3.5743,3.4872,-0.0244
3871,Globális növekedési részvény eszközalap,2026-03-06,2.1147,2.0898,-0.0118
3872,Kiegyensúlyozott vegyes eszközalap - D,2026-03-06,1.4452,1.4344,-0.0075
3873,Latin-amerikai részvény eszközalap,2026-03-06,1.3934,1.3806,-0.0092
3874,Magas kötvény arányú vegyes eszk. - D,2026-03-06,1.1193,1.1132,-0.0055
3875,Magas védelmû vegyes eszközalap,2026-03-06,1.1129,1.1113,-0.0014
3876,Nemz. élelmiszeripari cégek rv. ea - D,2026-03-06,3.4125,3.3893,-0.0068
3877,Nyersanyagpiaci részvény eszközalap,2026-03-06,1.6561,1.6312,-0.015
3878,Presztízs- és luxusmárkák rv. ea.,2026-03-06,3.4565,3.3968,-0.0173
3879,USA részvény eszközalap,2026-03-06,4.5902,4.5287,-0.0134
3880,Ázsia kötvény eszközalap,2026-03-06,2.284,2.291,0.003
3881,Aktív hozamfigyelõ vegyes eszközalap - D,2026-03-07,0.9404,0.9404,0.0
3882,Euró likviditás eszközalap - D,2026-03-07,0.9248,0.9248,0.0
3883,Európai ingatlancégek részv. eszközalap,2026-03-07,1.9274,1.9274,0.0
3884,Európai kötvény eszközalap - D,2026-03-07,1.2301,1.2301,0.0
3885,Európai részvény eszközalap,2026-03-07,2.737,2.737,0.0
3886,Európai vállalati kötvény eszközalap,2026-03-07,1.3247,1.3247,0.0
3887,Fejlõdõ piaci részvény ESG eszközalap-D,2026-03-07,1.1981,1.1981,0.0
3888,Fejlõdõ ázsiai részvény eszközalap,2026-03-07,2.7787,2.7787,0.0
3889,Fenntartható növekedés részvény eszk.,2026-03-07,3.0406,3.0406,0.0
3890,Globális egészségügyi részvény eszk.,2026-03-07,3.4872,3.4872,0.0
3891,Globális növekedési részvény eszközalap,2026-03-07,2.0898,2.0898,0.0
3892,Kiegyensúlyozott vegyes eszközalap - D,2026-03-07,1.4344,1.4344,0.0
3893,Latin-amerikai részvény eszközalap,2026-03-07,1.3806,1.3806,0.0
3894,Magas kötvény arányú vegyes eszk. - D,2026-03-07,1.1132,1.1132,0.0
3895,Magas védelmû vegyes eszközalap,2026-03-07,1.1113,1.1113,0.0
3896,Nemz. élelmiszeripari cégek rv. ea - D,2026-03-07,3.3893,3.3893,0.0
3897,Nyersanyagpiaci részvény eszközalap,2026-03-07,1.6312,1.6312,0.0
3898,Presztízs- és luxusmárkák rv. ea.,2026-03-07,3.3968,3.3968,0.0
3899,USA részvény eszközalap,2026-03-07,4.5287,4.5287,0.0
3900,Ázsia kötvény eszközalap,2026-03-07,2.291,2.291,0.0
3901,Aktív hozamfigyelõ vegyes eszközalap - D,2026-03-08,0.9404,0.9404,0.0
3902,Euró likviditás eszközalap - D,2026-03-08,0.9248,0.9248,0.0
3903,Európai ingatlancégek részv. eszközalap,2026-03-08,1.9274,1.9274,0.0
3904,Európai kötvény eszközalap - D,2026-03-08,1.2301,1.2301,0.0
3905,Európai részvény eszközalap,2026-03-08,2.737,2.737,0.0
3906,Európai vállalati kötvény eszközalap,2026-03-08,1.3247,1.3247,0.0
3907,Fejlõdõ piaci részvény ESG eszközalap-D,2026-03-08,1.1981,1.1981,0.0
3908,Fejlõdõ ázsiai részvény eszközalap,2026-03-08,2.7787,2.7787,0.0
3909,Fenntartható növekedés részvény eszk.,2026-03-08,3.0406,3.0406,0.0
3910,Globális egészségügyi részvény eszk.,2026-03-08,3.4872,3.4872,0.0
3911,Globális növekedési részvény eszközalap,2026-03-08,2.0898,2.0898,0.0
3912,Kiegyensúlyozott vegyes eszközalap - D,2026-03-08,1.4344,1.4344,0.0
3913,Latin-amerikai részvény eszközalap,2026-03-08,1.3806,1.3806,0.0
3914,Magas kötvény arányú vegyes eszk. - D,2026-03-08,1.1132,1.1132,0.0
3915,Magas védelmû vegyes eszközalap,2026-03-08,1.1113,1.1113,0.0
3916,Nemz. élelmiszeripari cégek rv. ea - D,2026-03-08,3.3893,3.3893,0.0
3917,Nyersanyagpiaci részvény eszközalap,2026-03-08,1.6312,1.6312,0.0
3918,Presztízs- és luxusmárkák rv. ea.,2026-03-08,3.3968,3.3968,0.0
3919,USA részvény eszközalap,2026-03-08,4.5287,4.5287,0.0
3920,Ázsia kötvény eszközalap,2026-03-08,2.291,2.291,0.0
3921,Aktív hozamfigyelõ vegyes eszközalap - D,2026-03-11,0.9425,0.9388,-0.0039
3922,Euró likviditás eszközalap - D,2026-03-11,0.9262,0.924,-0.0024
3923,Európai ingatlancégek részv. eszközalap,2026-03-11,1.9093,1.87,-0.0206
3924,Európai kötvény eszközalap - D,2026-03-11,1.2345,1.2265,-0.0064
3925,Európai részvény eszközalap,2026-03-11,2.792,2.7776,-0.0052
3926,Európai vállalati kötvény eszközalap,2026-03-11,1.3279,1.3208,-0.0053
3927,Fejlõdõ piaci részvény ESG eszközalap-D,2026-03-11,1.2304,1.224,-0.0052
3928,Fejlõdõ ázsiai részvény eszközalap,2026-03-11,2.8297,2.8573,0.0097
3929,Fenntartható növekedés részvény eszk.,2026-03-11,3.0373,3.0434,0.002
3930,Globális egészségügyi részvény eszk.,2026-03-11,3.5511,3.5279,-0.0065
3931,Globális növekedési részvény eszközalap,2026-03-11,2.0913,2.0971,0.0027
3932,Kiegyensúlyozott vegyes eszközalap - D,2026-03-11,1.4388,1.4356,-0.0023
3933,Latin-amerikai részvény eszközalap,2026-03-11,1.4222,1.4176,-0.0032
3934,Magas kötvény arányú vegyes eszk. - D,2026-03-11,1.1167,1.1119,-0.0043
3935,Magas védelmû vegyes eszközalap,2026-03-11,1.1109,1.1102,-0.0006
3936,Nemz. élelmiszeripari cégek rv. ea - D,2026-03-11,3.4135,3.39,-0.0069
3937,Nyersanyagpiaci részvény eszközalap,2026-03-11,1.6471,1.6315,-0.0095
3938,Presztízs- és luxusmárkák rv. ea.,2026-03-11,3.4425,3.4214,-0.0061
3939,USA részvény eszközalap,2026-03-11,4.5245,4.5553,0.0068
3940,Ázsia kötvény eszközalap,2026-03-11,2.2736,2.2823,0.0038
3941,Aktív hozamfigyelõ vegyes eszközalap - D,2026-03-12,0.9388,0.9318,-0.0075
3942,Euró likviditás eszközalap - D,2026-03-12,0.924,0.9233,-0.0007
3943,Európai ingatlancégek részv. eszközalap,2026-03-12,1.87,1.8565,-0.0073
3944,Európai kötvény eszközalap - D,2026-03-12,1.2265,1.2217,-0.0039
3945,Európai részvény eszközalap,2026-03-12,2.7776,2.7544,-0.0084
3946,Európai vállalati kötvény eszközalap,2026-03-12,1.3208,1.318,-0.0021
3947,Fejlõdõ piaci részvény ESG eszközalap-D,2026-03-12,1.224,1.2008,-0.0189
3948,Fejlõdõ ázsiai részvény eszközalap,2026-03-12,2.8573,2.8211,-0.0127
3949,Fenntartható növekedés részvény eszk.,2026-03-12,3.0434,3.0061,-0.0123
3950,Globális egészségügyi részvény eszk.,2026-03-12,3.5279,3.4814,-0.0132
3951,Globális növekedési részvény eszközalap,2026-03-12,2.0971,2.0704,-0.0127
3952,Kiegyensúlyozott vegyes eszközalap - D,2026-03-12,1.4356,1.426,-0.0066
3953,Latin-amerikai részvény eszközalap,2026-03-12,1.4176,1.3829,-0.0244
3954,Magas kötvény arányú vegyes eszk. - D,2026-03-12,1.1119,1.1064,-0.0049
3955,Magas védelmû vegyes eszközalap,2026-03-12,1.1102,1.1098,-0.0004
3956,Nemz. élelmiszeripari cégek rv. ea - D,2026-03-12,3.39,3.3998,0.0029
3957,Nyersanyagpiaci részvény eszközalap,2026-03-12,1.6315,1.6409,0.0058
3958,Presztízs- és luxusmárkák rv. ea.,2026-03-12,3.4214,3.3698,-0.0151
3959,USA részvény eszközalap,2026-03-12,4.5553,4.5034,-0.0114
3960,Ázsia kötvény eszközalap,2026-03-12,2.2823,2.2832,0.0004
3961,Aktív hozamfigyelõ vegyes eszközalap - D,2026-03-13,0.9318,0.9359,0.0045
3962,Euró likviditás eszközalap - D,2026-03-13,0.9233,0.9228,-0.0005
3963,Európai ingatlancégek részv. eszközalap,2026-03-13,1.8565,1.8444,-0.0065
3964,Európai kötvény eszközalap - D,2026-03-13,1.2217,1.221,-0.0006
3965,Európai részvény eszközalap,2026-03-13,2.7544,2.7464,-0.0029
3966,Európai vállalati kötvény eszközalap,2026-03-13,1.318,1.3155,-0.0019
3967,Fejlõdõ piaci részvény ESG eszközalap-D,2026-03-13,1.2008,1.1998,-0.0009
3968,Fejlõdõ ázsiai részvény eszközalap,2026-03-13,2.8211,2.8298,0.0031
3969,Fenntartható növekedés részvény eszk.,2026-03-13,3.0061,3.0039,-0.0007
3970,Globális egészségügyi részvény eszk.,2026-03-13,3.4814,3.4607,-0.006
3971,Globális növekedési részvény eszközalap,2026-03-13,2.0704,2.0719,0.0007
3972,Kiegyensúlyozott vegyes eszközalap - D,2026-03-13,1.426,1.4218,-0.003
3973,Latin-amerikai részvény eszközalap,2026-03-13,1.3829,1.3739,-0.0065
3974,Magas kötvény arányú vegyes eszk. - D,2026-03-13,1.1064,1.1036,-0.0026
3975,Magas védelmû vegyes eszközalap,2026-03-13,1.1098,1.1094,-0.0003
3976,Nemz. élelmiszeripari cégek rv. ea - D,2026-03-13,3.3998,3.4423,0.0125
3977,Nyersanyagpiaci részvény eszközalap,2026-03-13,1.6409,1.6164,-0.0149
3978,Presztízs- és luxusmárkák rv. ea.,2026-03-13,3.3698,3.337,-0.0097
3979,USA részvény eszközalap,2026-03-13,4.5034,4.4969,-0.0014
3980,Ázsia kötvény eszközalap,2026-03-13,2.2832,2.2951,0.0052
3981,Aktív hozamfigyelõ vegyes eszközalap - D,2026-03-14,0.9359,0.9359,0.0
3982,Euró likviditás eszközalap - D,2026-03-14,0.9228,0.9228,0.0
3983,Európai ingatlancégek részv. eszközalap,2026-03-14,1.8444,1.8444,0.0
3984,Európai kötvény eszközalap - D,2026-03-14,1.221,1.221,0.0
3985,Európai részvény eszközalap,2026-03-14,2.7464,2.7464,0.0
3986,Európai vállalati kötvény eszközalap,2026-03-14,1.3155,1.3155,0.0
3987,Fejlõdõ piaci részvény ESG eszközalap-D,2026-03-14,1.1998,1.1998,0.0
3988,Fejlõdõ ázsiai részvény eszközalap,2026-03-14,2.8298,2.8298,0.0
3989,Fenntartható növekedés részvény eszk.,2026-03-14,3.0039,3.0039,0.0
3990,Globális egészségügyi részvény eszk.,2026-03-14,3.4607,3.4607,0.0
3991,Globális növekedési részvény eszközalap,2026-03-14,2.0719,2.0719,0.0
3992,Kiegyensúlyozott vegyes eszközalap - D,2026-03-14,1.4218,1.4218,0.0
3993,Latin-amerikai részvény eszközalap,2026-03-14,1.3739,1.3739,0.0
3994,Magas kötvény arányú vegyes eszk. - D,2026-03-14,1.1036,1.1036,0.0
3995,Magas védelmû vegyes eszközalap,2026-03-14,1.1094,1.1094,0.0
3996,Nemz. élelmiszeripari cégek rv. ea - D,2026-03-14,3.4423,3.4423,0.0
3997,Nyersanyagpiaci részvény eszközalap,2026-03-14,1.6164,1.6164,0.0
3998,Presztízs- és luxusmárkák rv. ea.,2026-03-14,3.337,3.337,0.0
3999,USA részvény eszközalap,2026-03-14,4.4969,4.4969,0.0
4000,Ázsia kötvény eszközalap,2026-03-14,2.2951,2.2951,0.0
4001,Aktív hozamfigyelõ vegyes eszközalap - D,2026-03-15,0.9359,0.9359,0.0
4002,Euró likviditás eszközalap - D,2026-03-15,0.9228,0.9228,0.0
4003,Európai ingatlancégek részv. eszközalap,2026-03-15,1.8444,1.8444,0.0
4004,Európai kötvény eszközalap - D,2026-03-15,1.221,1.221,0.0
4005,Európai részvény eszközalap,2026-03-15,2.7464,2.7464,0.0
4006,Európai vállalati kötvény eszközalap,2026-03-15,1.3155,1.3155,0.0
4007,Fejlõdõ piaci részvény ESG eszközalap-D,2026-03-15,1.1998,1.1998,0.0
4008,Fejlõdõ ázsiai részvény eszközalap,2026-03-15,2.8298,2.8298,0.0
4009,Fenntartható növekedés részvény eszk.,2026-03-15,3.0039,3.0039,0.0
4010,Globális egészségügyi részvény eszk.,2026-03-15,3.4607,3.4607,0.0
4011,Globális növekedési részvény eszközalap,2026-03-15,2.0719,2.0719,0.0
4012,Kiegyensúlyozott vegyes eszközalap - D,2026-03-15,1.4218,1.4218,0.0
4013,Latin-amerikai részvény eszközalap,2026-03-15,1.3739,1.3739,0.0
4014,Magas kötvény arányú vegyes eszk. - D,2026-03-15,1.1036,1.1036,0.0
4015,Magas védelmû vegyes eszközalap,2026-03-15,1.1094,1.1094,0.0
4016,Nemz. élelmiszeripari cégek rv. ea - D,2026-03-15,3.4423,3.4423,0.0
4017,Nyersanyagpiaci részvény eszközalap,2026-03-15,1.6164,1.6164,0.0
4018,Presztízs- és luxusmárkák rv. ea.,2026-03-15,3.337,3.337,0.0
4019,USA részvény eszközalap,2026-03-15,4.4969,4.4969,0.0
4020,Ázsia kötvény eszközalap,2026-03-15,2.2951,2.2951,0.0
4021,Aktív hozamfigyelõ vegyes eszközalap - D,2026-03-18,0.9383,0.9325,-0.0061
4022,Euró likviditás eszközalap - D,2026-03-18,0.924,0.923,-0.0011
4023,Európai ingatlancégek részv. eszközalap,2026-03-18,1.8866,1.8786,-0.0043
4024,Európai kötvény eszközalap - D,2026-03-18,1.2262,1.2232,-0.0024
4025,Európai részvény eszközalap,2026-03-18,2.7709,2.7516,-0.007
4026,Európai vállalati kötvény eszközalap,2026-03-18,1.3196,1.3175,-0.0016
4027,Fejlõdõ piaci részvény ESG eszközalap-D,2026-03-18,1.2246,1.212,-0.0102
4028,Fejlõdõ ázsiai részvény eszközalap,2026-03-18,2.8682,2.8718,0.0013
4029,Fenntartható növekedés részvény eszk.,2026-03-18,3.0192,2.9781,-0.0136
4030,Globális egészségügyi részvény eszk.,2026-03-18,3.4707,3.3981,-0.0209
4031,Globális növekedési részvény eszközalap,2026-03-18,2.0888,2.0672,-0.0103
4032,Kiegyensúlyozott vegyes eszközalap - D,2026-03-18,1.4314,1.4236,-0.0055
4033,Latin-amerikai részvény eszközalap,2026-03-18,1.3939,1.3901,-0.0027
4034,Magas kötvény arányú vegyes eszk. - D,2026-03-18,1.1098,1.1054,-0.004
4035,Magas védelmû vegyes eszközalap,2026-03-18,1.1101,1.1094,-0.0006
4036,Nemz. élelmiszeripari cégek rv. ea - D,2026-03-18,3.4366,3.3548,-0.0238
4037,Nyersanyagpiaci részvény eszközalap,2026-03-18,1.6135,1.5903,-0.0143
4038,Presztízs- és luxusmárkák rv. ea.,2026-03-18,3.3611,3.3364,-0.0073
4039,USA részvény eszközalap,2026-03-18,4.5219,4.4641,-0.0128
4040,Ázsia kötvény eszközalap,2026-03-18,2.2852,2.2824,-0.0012
4041,Aktív hozamfigyelõ vegyes eszközalap - D,2026-03-19,0.9325,0.9287,-0.0041
4042,Euró likviditás eszközalap - D,2026-03-19,0.923,0.9211,-0.002
4043,Európai ingatlancégek részv. eszközalap,2026-03-19,1.8786,1.8086,-0.0372
4044,Európai kötvény eszközalap - D,2026-03-19,1.2232,1.2202,-0.0025
4045,Európai részvény eszközalap,2026-03-19,2.7516,2.69,-0.0224
4046,Európai vállalati kötvény eszközalap,2026-03-19,1.3175,1.3146,-0.0022
4047,Fejlõdõ piaci részvény ESG eszközalap-D,2026-03-19,1.212,1.1822,-0.0246
4048,Fejlõdõ ázsiai részvény eszközalap,2026-03-19,2.8718,2.8261,-0.0159
4049,Fenntartható növekedés részvény eszk.,2026-03-19,2.9781,2.9491,-0.0097
4050,Globális egészségügyi részvény eszk.,2026-03-19,3.3981,3.3748,-0.0069
4051,Globális növekedési részvény eszközalap,2026-03-19,2.0672,2.0501,-0.0083
4052,Kiegyensúlyozott vegyes eszközalap - D,2026-03-19,1.4236,1.4136,-0.007
4053,Latin-amerikai részvény eszközalap,2026-03-19,1.3901,1.3576,-0.0234
4054,Magas kötvény arányú vegyes eszk. - D,2026-03-19,1.1054,1.1002,-0.0047
4055,Magas védelmû vegyes eszközalap,2026-03-19,1.1094,1.1068,-0.0023
4056,Nemz. élelmiszeripari cégek rv. ea - D,2026-03-19,3.3548,3.2969,-0.0173
4057,Nyersanyagpiaci részvény eszközalap,2026-03-19,1.5903,1.5256,-0.0407
4058,Presztízs- és luxusmárkák rv. ea.,2026-03-19,3.3364,3.2336,-0.0308
4059,USA részvény eszközalap,2026-03-19,4.4641,4.4511,-0.0029
4060,Ázsia kötvény eszközalap,2026-03-19,2.2824,2.2837,0.0005
4061,Aktív hozamfigyelõ vegyes eszközalap - D,2026-03-20,0.9287,0.9191,-0.0104
4062,Euró likviditás eszközalap - D,2026-03-20,0.9211,0.9195,-0.0017
4063,Európai ingatlancégek részv. eszközalap,2026-03-20,1.8086,1.7694,-0.0217
4064,Európai kötvény eszközalap - D,2026-03-20,1.2202,1.2142,-0.0049
4065,Európai részvény eszközalap,2026-03-20,2.69,2.6393,-0.0188
4066,Európai vállalati kötvény eszközalap,2026-03-20,1.3146,1.3089,-0.0043
4067,Fejlõdõ piaci részvény ESG eszközalap-D,2026-03-20,1.1822,1.1679,-0.0121
4068,Fejlõdõ ázsiai részvény eszközalap,2026-03-20,2.8261,2.7926,-0.0119
4069,Fenntartható növekedés részvény eszk.,2026-03-20,2.9491,2.9,-0.0166
4070,Globális egészségügyi részvény eszk.,2026-03-20,3.3748,3.3539,-0.0062
4071,Globális növekedési részvény eszközalap,2026-03-20,2.0501,2.0197,-0.0148
4072,Kiegyensúlyozott vegyes eszközalap - D,2026-03-20,1.4136,1.3992,-0.0102
4073,Latin-amerikai részvény eszközalap,2026-03-20,1.3576,1.347,-0.0078
4074,Magas kötvény arányú vegyes eszk. - D,2026-03-20,1.1002,1.0914,-0.008
4075,Magas védelmû vegyes eszközalap,2026-03-20,1.1068,1.1047,-0.0019
4076,Nemz. élelmiszeripari cégek rv. ea - D,2026-03-20,3.2969,3.2715,-0.0077
4077,Nyersanyagpiaci részvény eszközalap,2026-03-20,1.5256,1.5053,-0.0133
4078,Presztízs- és luxusmárkák rv. ea.,2026-03-20,3.2336,3.2082,-0.0078
4079,USA részvény eszközalap,2026-03-20,4.4511,4.3733,-0.0175
4080,Ázsia kötvény eszközalap,2026-03-20,2.2837,2.2664,-0.0076
4081,Aktív hozamfigyelõ vegyes eszközalap - D,2026-03-21,0.9191,0.9191,0.0
4082,Euró likviditás eszközalap - D,2026-03-21,0.9195,0.9195,0.0
4083,Európai ingatlancégek részv. eszközalap,2026-03-21,1.7694,1.7694,0.0
4084,Európai kötvény eszközalap - D,2026-03-21,1.2142,1.2142,0.0
4085,Európai részvény eszközalap,2026-03-21,2.6393,2.6393,0.0
4086,Európai vállalati kötvény eszközalap,2026-03-21,1.3089,1.3089,0.0
4087,Fejlõdõ piaci részvény ESG eszközalap-D,2026-03-21,1.1679,1.1679,0.0
4088,Fejlõdõ ázsiai részvény eszközalap,2026-03-21,2.7926,2.7926,0.0
4089,Fenntartható növekedés részvény eszk.,2026-03-21,2.9,2.9,0.0
4090,Globális egészségügyi részvény eszk.,2026-03-21,3.3539,3.3539,0.0
4091,Globális növekedési részvény eszközalap,2026-03-21,2.0197,2.0197,0.0
4092,Kiegyensúlyozott vegyes eszközalap - D,2026-03-21,1.3992,1.3992,0.0
4093,Latin-amerikai részvény eszközalap,2026-03-21,1.347,1.347,0.0
4094,Magas kötvény arányú vegyes eszk. - D,2026-03-21,1.0914,1.0914,0.0
4095,Magas védelmû vegyes eszközalap,2026-03-21,1.1047,1.1047,0.0
4096,Nemz. élelmiszeripari cégek rv. ea - D,2026-03-21,3.2715,3.2715,0.0
4097,Nyersanyagpiaci részvény eszközalap,2026-03-21,1.5053,1.5053,0.0
4098,Presztízs- és luxusmárkák rv. ea.,2026-03-21,3.2082,3.2082,0.0
4099,USA részvény eszközalap,2026-03-21,4.3733,4.3733,0.0
4100,Ázsia kötvény eszközalap,2026-03-21,2.2664,2.2664,0.0
4101,Aktív hozamfigyelõ vegyes eszközalap - D,2026-03-22,0.9191,0.9191,0.0
4102,Euró likviditás eszközalap - D,2026-03-22,0.9195,0.9195,0.0
4103,Európai ingatlancégek részv. eszközalap,2026-03-22,1.7694,1.7694,0.0
4104,Európai kötvény eszközalap - D,2026-03-22,1.2142,1.2142,0.0
4105,Európai részvény eszközalap,2026-03-22,2.6393,2.6393,0.0
4106,Európai vállalati kötvény eszközalap,2026-03-22,1.3089,1.3089,0.0
4107,Fejlõdõ piaci részvény ESG eszközalap-D,2026-03-22,1.1679,1.1679,0.0
4108,Fejlõdõ ázsiai részvény eszközalap,2026-03-22,2.7926,2.7926,0.0
4109,Fenntartható növekedés részvény eszk.,2026-03-22,2.9,2.9,0.0
4110,Globális egészségügyi részvény eszk.,2026-03-22,3.3539,3.3539,0.0
4111,Globális növekedési részvény eszközalap,2026-03-22,2.0197,2.0197,0.0
4112,Kiegyensúlyozott vegyes eszközalap - D,2026-03-22,1.3992,1.3992,0.0
4113,Latin-amerikai részvény eszközalap,2026-03-22,1.347,1.347,0.0
4114,Magas kötvény arányú vegyes eszk. - D,2026-03-22,1.0914,1.0914,0.0
4115,Magas védelmû vegyes eszközalap,2026-03-22,1.1047,1.1047,0.0
4116,Nemz. élelmiszeripari cégek rv. ea - D,2026-03-22,3.2715,3.2715,0.0
4117,Nyersanyagpiaci részvény eszközalap,2026-03-22,1.5053,1.5053,0.0
4118,Presztízs- és luxusmárkák rv. ea.,2026-03-22,3.2082,3.2082,0.0
4119,USA részvény eszközalap,2026-03-22,4.3733,4.3733,0.0
4120,Ázsia kötvény eszközalap,2026-03-22,2.2664,2.2664,0.0
4121,Aktív hozamfigyelõ vegyes eszközalap - D,2026-03-25,0.9218,0.9272,0.0058
4122,Euró likviditás eszközalap - D,2026-03-25,0.9194,0.9204,0.0011
4123,Európai ingatlancégek részv. eszközalap,2026-03-25,1.746,1.7612,0.0087
4124,Európai kötvény eszközalap - D,2026-03-25,1.215,1.2207,0.0047
4125,Európai részvény eszközalap,2026-03-25,2.673,2.7086,0.0133
4126,Európai vállalati kötvény eszközalap,2026-03-25,1.3091,1.3138,0.0036
4127,Fejlõdõ piaci részvény ESG eszközalap-D,2026-03-25,1.1729,1.1915,0.0158
4128,Fejlõdõ ázsiai részvény eszközalap,2026-03-25,2.7984,2.8561,0.0206
4129,Fenntartható növekedés részvény eszk.,2026-03-25,2.9144,2.9394,0.0086
4130,Globális egészségügyi részvény eszk.,2026-03-25,3.3279,3.3819,0.0162
4131,Globális növekedési részvény eszközalap,2026-03-25,2.0351,2.0546,0.0096
4132,Kiegyensúlyozott vegyes eszközalap - D,2026-03-25,1.4008,1.4094,0.0061
4133,Latin-amerikai részvény eszközalap,2026-03-25,1.3751,1.4146,0.0288
4134,Magas kötvény arányú vegyes eszk. - D,2026-03-25,1.0923,1.0983,0.0054
4135,Magas védelmû vegyes eszközalap,2026-03-25,1.1061,1.1072,0.001
4136,Nemz. élelmiszeripari cégek rv. ea - D,2026-03-25,3.2813,3.2883,0.0021
4137,Nyersanyagpiaci részvény eszközalap,2026-03-25,1.5484,1.5819,0.0216
4138,Presztízs- és luxusmárkák rv. ea.,2026-03-25,3.2518,3.2823,0.0094
4139,USA részvény eszközalap,2026-03-25,4.4025,4.4339,0.0071
4140,Ázsia kötvény eszközalap,2026-03-25,2.2499,2.2553,0.0024
4141,Aktív hozamfigyelõ vegyes eszközalap - D,2026-03-26,0.9272,0.9189,-0.0089
4142,Euró likviditás eszközalap - D,2026-03-26,0.9204,0.9189,-0.0016
4143,Európai ingatlancégek részv. eszközalap,2026-03-26,1.7612,1.7413,-0.0113
4144,Európai kötvény eszközalap - D,2026-03-26,1.2207,1.2122,-0.007
4145,Európai részvény eszközalap,2026-03-26,2.7086,2.6724,-0.0134
4146,Európai vállalati kötvény eszközalap,2026-03-26,1.3138,1.3074,-0.0049
4147,Fejlõdõ piaci részvény ESG eszközalap-D,2026-03-26,1.1915,1.1614,-0.0252
4148,Fejlõdõ ázsiai részvény eszközalap,2026-03-26,2.8561,2.7931,-0.0221
4149,Fenntartható növekedés részvény eszk.,2026-03-26,2.9394,2.8972,-0.0144
4150,Globális egészségügyi részvény eszk.,2026-03-26,3.3819,3.3869,0.0015
4151,Globális növekedési részvény eszközalap,2026-03-26,2.0546,2.023,-0.0154
4152,Kiegyensúlyozott vegyes eszközalap - D,2026-03-26,1.4094,1.3974,-0.0085
4153,Latin-amerikai részvény eszközalap,2026-03-26,1.4146,1.4002,-0.0102
4154,Magas kötvény arányú vegyes eszk. - D,2026-03-26,1.0983,1.0897,-0.0078
4155,Magas védelmû vegyes eszközalap,2026-03-26,1.1072,1.1057,-0.0013
4156,Nemz. élelmiszeripari cégek rv. ea - D,2026-03-26,3.2883,3.2961,0.0024
4157,Nyersanyagpiaci részvény eszközalap,2026-03-26,1.5819,1.5612,-0.0131
4158,Presztízs- és luxusmárkák rv. ea.,2026-03-26,3.2823,3.2468,-0.0108
4159,USA részvény eszközalap,2026-03-26,4.4339,4.3703,-0.0143
4160,Ázsia kötvény eszközalap,2026-03-26,2.2553,2.2593,0.0018
4161,Aktív hozamfigyelõ vegyes eszközalap - D,2026-03-27,0.9189,0.9135,-0.0059
4162,Euró likviditás eszközalap - D,2026-03-27,0.9189,0.9187,-0.0002
4163,Európai ingatlancégek részv. eszközalap,2026-03-27,1.7413,1.7211,-0.0116
4164,Európai kötvény eszközalap - D,2026-03-27,1.2122,1.2072,-0.0041
4165,Európai részvény eszközalap,2026-03-27,2.6724,2.6439,-0.0106
4166,Európai vállalati kötvény eszközalap,2026-03-27,1.3074,1.3031,-0.0033
4167,Fejlõdõ piaci részvény ESG eszközalap-D,2026-03-27,1.1614,1.1532,-0.0071
4168,Fejlõdõ ázsiai részvény eszközalap,2026-03-27,2.7931,2.7577,-0.0127
4169,Fenntartható növekedés részvény eszk.,2026-03-27,2.8972,2.8498,-0.0164
4170,Globális egészségügyi részvény eszk.,2026-03-27,3.3869,3.3533,-0.0099
4171,Globális növekedési részvény eszközalap,2026-03-27,2.023,1.9889,-0.0169
4172,Kiegyensúlyozott vegyes eszközalap - D,2026-03-27,1.3974,1.3847,-0.009
4173,Latin-amerikai részvény eszközalap,2026-03-27,1.4002,1.3852,-0.0107
4174,Magas kötvény arányú vegyes eszk. - D,2026-03-27,1.0897,1.0823,-0.0067
4175,Magas védelmû vegyes eszközalap,2026-03-27,1.1057,1.1048,-0.0009
4176,Nemz. élelmiszeripari cégek rv. ea - D,2026-03-27,3.2961,3.3059,0.003
4177,Nyersanyagpiaci részvény eszközalap,2026-03-27,1.5612,1.5685,0.0047
4178,Presztízs- és luxusmárkák rv. ea.,2026-03-27,3.2468,3.2098,-0.0114
4179,USA részvény eszközalap,2026-03-27,4.3703,4.2932,-0.0176
4180,Ázsia kötvény eszközalap,2026-03-27,2.2593,2.2611,0.0008
4181,Aktív hozamfigyelõ vegyes eszközalap - D,2026-03-28,0.9135,0.9135,0.0
4182,Euró likviditás eszközalap - D,2026-03-28,0.9187,0.9187,0.0
4183,Európai ingatlancégek részv. eszközalap,2026-03-28,1.7211,1.7211,0.0
4184,Európai kötvény eszközalap - D,2026-03-28,1.2072,1.2072,0.0
4185,Európai részvény eszközalap,2026-03-28,2.6439,2.6439,0.0
4186,Európai vállalati kötvény eszközalap,2026-03-28,1.3031,1.3031,0.0
4187,Fejlõdõ piaci részvény ESG eszközalap-D,2026-03-28,1.1532,1.1532,0.0
4188,Fejlõdõ ázsiai részvény eszközalap,2026-03-28,2.7577,2.7577,0.0
4189,Fenntartható növekedés részvény eszk.,2026-03-28,2.8498,2.8498,0.0
4190,Globális egészségügyi részvény eszk.,2026-03-28,3.3533,3.3533,0.0
4191,Globális növekedési részvény eszközalap,2026-03-28,1.9889,1.9889,0.0
4192,Kiegyensúlyozott vegyes eszközalap - D,2026-03-28,1.3847,1.3847,0.0
4193,Latin-amerikai részvény eszközalap,2026-03-28,1.3852,1.3852,0.0
4194,Magas kötvény arányú vegyes eszk. - D,2026-03-28,1.0823,1.0823,0.0
4195,Magas védelmû vegyes eszközalap,2026-03-28,1.1048,1.1048,0.0
4196,Nemz. élelmiszeripari cégek rv. ea - D,2026-03-28,3.3059,3.3059,0.0
4197,Nyersanyagpiaci részvény eszközalap,2026-03-28,1.5685,1.5685,0.0
4198,Presztízs- és luxusmárkák rv. ea.,2026-03-28,3.2098,3.2098,0.0
4199,USA részvény eszközalap,2026-03-28,4.2932,4.2932,0.0
4200,Ázsia kötvény eszközalap,2026-03-28,2.2611,2.2611,0.0
4201,Aktív hozamfigyelõ vegyes eszközalap - D,2026-03-29,0.9135,0.9135,0.0
4202,Euró likviditás eszközalap - D,2026-03-29,0.9187,0.9187,0.0
4203,Európai ingatlancégek részv. eszközalap,2026-03-29,1.7211,1.7211,0.0
4204,Európai kötvény eszközalap - D,2026-03-29,1.2072,1.2072,0.0
4205,Európai részvény eszközalap,2026-03-29,2.6439,2.6439,0.0
4206,Európai vállalati kötvény eszközalap,2026-03-29,1.3031,1.3031,0.0
4207,Fejlõdõ piaci részvény ESG eszközalap-D,2026-03-29,1.1532,1.1532,0.0
4208,Fejlõdõ ázsiai részvény eszközalap,2026-03-29,2.7577,2.7577,0.0
4209,Fenntartható növekedés részvény eszk.,2026-03-29,2.8498,2.8498,0.0
4210,Globális egészségügyi részvény eszk.,2026-03-29,3.3533,3.3533,0.0
4211,Globális növekedési részvény eszközalap,2026-03-29,1.9889,1.9889,0.0
4212,Kiegyensúlyozott vegyes eszközalap - D,2026-03-29,1.3847,1.3847,0.0
4213,Latin-amerikai részvény eszközalap,2026-03-29,1.3852,1.3852,0.0
4214,Magas kötvény arányú vegyes eszk. - D,2026-03-29,1.0823,1.0823,0.0
4215,Magas védelmû vegyes eszközalap,2026-03-29,1.1048,1.1048,0.0
4216,Nemz. élelmiszeripari cégek rv. ea - D,2026-03-29,3.3059,3.3059,0.0
4217,Nyersanyagpiaci részvény eszközalap,2026-03-29,1.5685,1.5685,0.0
4218,Presztízs- és luxusmárkák rv. ea.,2026-03-29,3.2098,3.2098,0.0
4219,USA részvény eszközalap,2026-03-29,4.2932,4.2932,0.0
4220,Ázsia kötvény eszközalap,2026-03-29,2.2611,2.2611,0.0
4221,Aktív hozamfigyelõ vegyes eszközalap - D,2026-04-01,0.9231,0.9268,0.004
4222,Euró likviditás eszközalap - D,2026-04-01,0.9202,0.9209,0.0008
4223,Európai ingatlancégek részv. eszközalap,2026-04-01,1.7587,1.8064,0.0272
4224,Európai kötvény eszközalap - D,2026-04-01,1.2153,1.219,0.003
4225,Európai részvény eszközalap,2026-04-01,2.6763,2.7477,0.0267
4226,Európai vállalati kötvény eszközalap,2026-04-01,1.3078,1.3139,0.0047
4227,Fejlõdõ piaci részvény ESG eszközalap-D,2026-04-01,1.1427,1.1861,0.0379
4228,Fejlõdõ ázsiai részvény eszközalap,2026-04-01,2.737,2.803,0.0241
4229,Fenntartható növekedés részvény eszk.,2026-04-01,2.9113,2.9342,0.0079
4230,Globális egészségügyi részvény eszk.,2026-04-01,3.3945,3.4354,0.012
4231,Globális növekedési részvény eszközalap,2026-04-01,2.0241,2.0437,0.0097
4232,Kiegyensúlyozott vegyes eszközalap - D,2026-04-01,1.3961,1.4069,0.0077
4233,Latin-amerikai részvény eszközalap,2026-04-01,1.4033,1.4503,0.0335
4234,Magas kötvény arányú vegyes eszk. - D,2026-04-01,1.0905,1.0963,0.0053
4235,Magas védelmû vegyes eszközalap,2026-04-01,1.1059,1.109,0.0028
4236,Nemz. élelmiszeripari cégek rv. ea - D,2026-04-01,3.3046,3.2929,-0.0035
4237,Nyersanyagpiaci részvény eszközalap,2026-04-01,1.6019,1.6464,0.0278
4238,Presztízs- és luxusmárkák rv. ea.,2026-04-01,3.2323,3.3241,0.0284
4239,USA részvény eszközalap,2026-04-01,4.4015,4.3985,-0.0007
4240,Ázsia kötvény eszközalap,2026-04-01,2.2761,2.2596,-0.0072
4241,Aktív hozamfigyelõ vegyes eszközalap - D,2026-04-02,0.9268,0.9281,0.0014
4242,Euró likviditás eszközalap - D,2026-04-02,0.9209,0.9207,-0.0002
4243,Európai ingatlancégek részv. eszközalap,2026-04-02,1.8064,1.8172,0.006
4244,Európai kötvény eszközalap - D,2026-04-02,1.219,1.2188,-0.0001
4245,Európai részvény eszközalap,2026-04-02,2.7477,2.7345,-0.0048
4246,Európai vállalati kötvény eszközalap,2026-04-02,1.3139,1.3137,-0.0002
4247,Fejlõdõ piaci részvény ESG eszközalap-D,2026-04-02,1.1861,1.1746,-0.0096
4248,Fejlõdõ ázsiai részvény eszközalap,2026-04-02,2.803,2.7715,-0.0112
4249,Fenntartható növekedés részvény eszk.,2026-04-02,2.9342,2.9491,0.0051
4250,Globális egészségügyi részvény eszk.,2026-04-02,3.4354,3.4251,-0.003
4251,Globális növekedési részvény eszközalap,2026-04-02,2.0437,2.0424,-0.0006
4252,Kiegyensúlyozott vegyes eszközalap - D,2026-04-02,1.4069,1.4092,0.0016
4253,Latin-amerikai részvény eszközalap,2026-04-02,1.4503,1.4597,0.0065
4254,Magas kötvény arányú vegyes eszk. - D,2026-04-02,1.0963,1.0972,0.0008
4255,Magas védelmû vegyes eszközalap,2026-04-02,1.109,1.1083,-0.0006
4256,Nemz. élelmiszeripari cégek rv. ea - D,2026-04-02,3.2929,3.3178,0.0075
4257,Nyersanyagpiaci részvény eszközalap,2026-04-02,1.6464,1.6386,-0.0048
4258,Presztízs- és luxusmárkák rv. ea.,2026-04-02,3.3241,3.3132,-0.0033
4259,USA részvény eszközalap,2026-04-02,4.3985,4.4294,0.007
4260,Ázsia kötvény eszközalap,2026-04-02,2.2596,2.2664,0.003
4261,Aktív hozamfigyelõ vegyes eszközalap - D,2026-04-03,0.9281,0.9281,0.0
4262,Euró likviditás eszközalap - D,2026-04-03,0.9207,0.9207,0.0
4263,Európai ingatlancégek részv. eszközalap,2026-04-03,1.8172,1.8172,0.0
4264,Európai kötvény eszközalap - D,2026-04-03,1.2188,1.2188,0.0
4265,Európai részvény eszközalap,2026-04-03,2.7345,2.7345,0.0
4266,Európai vállalati kötvény eszközalap,2026-04-03,1.3137,1.3137,0.0
4267,Fejlõdõ piaci részvény ESG eszközalap-D,2026-04-03,1.1746,1.1746,0.0
4268,Fejlõdõ ázsiai részvény eszközalap,2026-04-03,2.7715,2.7715,0.0
4269,Fenntartható növekedés részvény eszk.,2026-04-03,2.9491,2.9491,0.0
4270,Globális egészségügyi részvény eszk.,2026-04-03,3.4251,3.4251,0.0
4271,Globális növekedési részvény eszközalap,2026-04-03,2.0424,2.0424,0.0
4272,Kiegyensúlyozott vegyes eszközalap - D,2026-04-03,1.4092,1.4092,0.0
4273,Latin-amerikai részvény eszközalap,2026-04-03,1.4597,1.4597,0.0
4274,Magas kötvény arányú vegyes eszk. - D,2026-04-03,1.0972,1.0972,0.0
4275,Magas védelmû vegyes eszközalap,2026-04-03,1.1083,1.1083,0.0
4276,Nemz. élelmiszeripari cégek rv. ea - D,2026-04-03,3.3178,3.3178,0.0
4277,Nyersanyagpiaci részvény eszközalap,2026-04-03,1.6386,1.6386,0.0
4278,Presztízs- és luxusmárkák rv. ea.,2026-04-03,3.3132,3.3132,0.0
4279,USA részvény eszközalap,2026-04-03,4.4294,4.4294,0.0
4280,Ázsia kötvény eszközalap,2026-04-03,2.2664,2.2664,0.0
4281,Aktív hozamfigyelõ vegyes eszközalap - D,2026-04-04,0.9281,0.9281,0.0
4282,Euró likviditás eszközalap - D,2026-04-04,0.9207,0.9207,0.0
4283,Európai ingatlancégek részv. eszközalap,2026-04-04,1.8172,1.8172,0.0
4284,Európai kötvény eszközalap - D,2026-04-04,1.2188,1.2188,0.0
4285,Európai részvény eszközalap,2026-04-04,2.7345,2.7345,0.0
4286,Európai vállalati kötvény eszközalap,2026-04-04,1.3137,1.3137,0.0
4287,Fejlõdõ piaci részvény ESG eszközalap-D,2026-04-04,1.1746,1.1746,0.0
4288,Fejlõdõ ázsiai részvény eszközalap,2026-04-04,2.7715,2.7715,0.0
4289,Fenntartható növekedés részvény eszk.,2026-04-04,2.9491,2.9491,0.0
4290,Globális egészségügyi részvény eszk.,2026-04-04,3.4251,3.4251,0.0
4291,Globális növekedési részvény eszközalap,2026-04-04,2.0424,2.0424,0.0
4292,Kiegyensúlyozott vegyes eszközalap - D,2026-04-04,1.4092,1.4092,0.0
4293,Latin-amerikai részvény eszközalap,2026-04-04,1.4597,1.4597,0.0
4294,Magas kötvény arányú vegyes eszk. - D,2026-04-04,1.0972,1.0972,0.0
4295,Magas védelmû vegyes eszközalap,2026-04-04,1.1083,1.1083,0.0
4296,Nemz. élelmiszeripari cégek rv. ea - D,2026-04-04,3.3178,3.3178,0.0
4297,Nyersanyagpiaci részvény eszközalap,2026-04-04,1.6386,1.6386,0.0
4298,Presztízs- és luxusmárkák rv. ea.,2026-04-04,3.3132,3.3132,0.0
4299,USA részvény eszközalap,2026-04-04,4.4294,4.4294,0.0
4300,Ázsia kötvény eszközalap,2026-04-04,2.2664,2.2664,0.0
4301,Aktív hozamfigyelõ vegyes eszközalap - D,2026-04-05,0.9281,0.9281,0.0
4302,Euró likviditás eszközalap - D,2026-04-05,0.9207,0.9207,0.0
4303,Európai ingatlancégek részv. eszközalap,2026-04-05,1.8172,1.8172,0.0
4304,Európai kötvény eszközalap - D,2026-04-05,1.2188,1.2188,0.0
4305,Európai részvény eszközalap,2026-04-05,2.7345,2.7345,0.0
4306,Európai vállalati kötvény eszközalap,2026-04-05,1.3137,1.3137,0.0
4307,Fejlõdõ piaci részvény ESG eszközalap-D,2026-04-05,1.1746,1.1746,0.0
4308,Fejlõdõ ázsiai részvény eszközalap,2026-04-05,2.7715,2.7715,0.0
4309,Fenntartható növekedés részvény eszk.,2026-04-05,2.9491,2.9491,0.0
4310,Globális egészségügyi részvény eszk.,2026-04-05,3.4251,3.4251,0.0
4311,Globális növekedési részvény eszközalap,2026-04-05,2.0424,2.0424,0.0
4312,Kiegyensúlyozott vegyes eszközalap - D,2026-04-05,1.4092,1.4092,0.0
4313,Latin-amerikai részvény eszközalap,2026-04-05,1.4597,1.4597,0.0
4314,Magas kötvény arányú vegyes eszk. - D,2026-04-05,1.0972,1.0972,0.0
4315,Magas védelmû vegyes eszközalap,2026-04-05,1.1083,1.1083,0.0
4316,Nemz. élelmiszeripari cégek rv. ea - D,2026-04-05,3.3178,3.3178,0.0
4317,Nyersanyagpiaci részvény eszközalap,2026-04-05,1.6386,1.6386,0.0
4318,Presztízs- és luxusmárkák rv. ea.,2026-04-05,3.3132,3.3132,0.0
4319,USA részvény eszközalap,2026-04-05,4.4294,4.4294,0.0
4320,Ázsia kötvény eszközalap,2026-04-05,2.2664,2.2664,0.0
4321,Aktív hozamfigyelõ vegyes eszközalap - D,2026-04-06,0.9281,0.9281,0.0
4322,Euró likviditás eszközalap - D,2026-04-06,0.9207,0.9207,0.0
4323,Európai ingatlancégek részv. eszközalap,2026-04-06,1.8172,1.8172,0.0
4324,Európai kötvény eszközalap - D,2026-04-06,1.2188,1.2188,0.0
4325,Európai részvény eszközalap,2026-04-06,2.7345,2.7345,0.0
4326,Európai vállalati kötvény eszközalap,2026-04-06,1.3137,1.3137,0.0
4327,Fejlõdõ piaci részvény ESG eszközalap-D,2026-04-06,1.1746,1.1746,0.0
4328,Fejlõdõ ázsiai részvény eszközalap,2026-04-06,2.7715,2.7715,0.0
4329,Fenntartható növekedés részvény eszk.,2026-04-06,2.9491,2.9491,0.0
4330,Globális egészségügyi részvény eszk.,2026-04-06,3.4251,3.4251,0.0
4331,Globális növekedési részvény eszközalap,2026-04-06,2.0424,2.0424,0.0
4332,Kiegyensúlyozott vegyes eszközalap - D,2026-04-06,1.4092,1.4092,0.0
4333,Latin-amerikai részvény eszközalap,2026-04-06,1.4597,1.4597,0.0
4334,Magas kötvény arányú vegyes eszk. - D,2026-04-06,1.0972,1.0972,0.0
4335,Magas védelmû vegyes eszközalap,2026-04-06,1.1083,1.1083,0.0
4336,Nemz. élelmiszeripari cégek rv. ea - D,2026-04-06,3.3178,3.3178,0.0
4337,Nyersanyagpiaci részvény eszközalap,2026-04-06,1.6386,1.6386,0.0
4338,Presztízs- és luxusmárkák rv. ea.,2026-04-06,3.3132,3.3132,0.0
4339,USA részvény eszközalap,2026-04-06,4.4294,4.4294,0.0
4340,Ázsia kötvény eszközalap,2026-04-06,2.2664,2.2664,0.0
4341,Aktív hozamfigyelõ vegyes eszközalap - D,2026-04-09,0.9386,0.9378,-0.0009
4342,Euró likviditás eszközalap - D,2026-04-09,0.9234,0.9221,-0.0014
4343,Európai ingatlancégek részv. eszközalap,2026-04-09,1.8627,1.8604,-0.0012
4344,Európai kötvény eszközalap - D,2026-04-09,1.2271,1.2208,-0.0052
4345,Európai részvény eszközalap,2026-04-09,2.8353,2.831,-0.0015
4346,Európai vállalati kötvény eszközalap,2026-04-09,1.3239,1.3191,-0.0036
4347,Fejlõdõ piaci részvény ESG eszközalap-D,2026-04-09,1.2293,1.2231,-0.005
4348,Fejlõdõ ázsiai részvény eszközalap,2026-04-09,2.9313,2.9352,0.0013
4349,Fenntartható növekedés részvény eszk.,2026-04-09,3.0038,3.013,0.0031
4350,Globális egészségügyi részvény eszk.,2026-04-09,3.4451,3.445,0.0
4351,Globális növekedési részvény eszközalap,2026-04-09,2.095,2.0837,-0.0054
4352,Kiegyensúlyozott vegyes eszközalap - D,2026-04-09,1.4295,1.4299,0.0003
4353,Latin-amerikai részvény eszközalap,2026-04-09,1.4823,1.494,0.0079
4354,Magas kötvény arányú vegyes eszk. - D,2026-04-09,1.1089,1.1063,-0.0023
4355,Magas védelmû vegyes eszközalap,2026-04-09,1.1124,1.1121,-0.0003
4356,Nemz. élelmiszeripari cégek rv. ea - D,2026-04-09,3.3198,3.3359,0.0048
4357,Nyersanyagpiaci részvény eszközalap,2026-04-09,1.673,1.6737,0.0004
4358,Presztízs- és luxusmárkák rv. ea.,2026-04-09,3.4099,3.3762,-0.0099
4359,USA részvény eszközalap,2026-04-09,4.5143,4.5453,0.0069
4360,Ázsia kötvény eszközalap,2026-04-09,2.2521,2.2541,0.0009
4361,Aktív hozamfigyelõ vegyes eszközalap - D,2026-04-10,0.9378,0.937,-0.0009
4362,Euró likviditás eszközalap - D,2026-04-10,0.9221,0.922,-0.0001
4363,Európai ingatlancégek részv. eszközalap,2026-04-10,1.8604,1.86,-0.0002
4364,Európai kötvény eszközalap - D,2026-04-10,1.2208,1.2202,-0.0005
4365,Európai részvény eszközalap,2026-04-10,2.831,2.844,0.0046
4366,Európai vállalati kötvény eszközalap,2026-04-10,1.3191,1.3186,-0.0004
4367,Fejlõdõ piaci részvény ESG eszközalap-D,2026-04-10,1.2231,1.2363,0.0108
4368,Fejlõdõ ázsiai részvény eszközalap,2026-04-10,2.9352,2.9542,0.0065
4369,Fenntartható növekedés részvény eszk.,2026-04-10,3.013,3.0086,-0.0015
4370,Globális egészségügyi részvény eszk.,2026-04-10,3.445,3.4527,0.0022
4371,Globális növekedési részvény eszközalap,2026-04-10,2.0837,2.0824,-0.0006
4372,Kiegyensúlyozott vegyes eszközalap - D,2026-04-10,1.4299,1.4295,-0.0003
4373,Latin-amerikai részvény eszközalap,2026-04-10,1.494,1.5202,0.0176
4374,Magas kötvény arányú vegyes eszk. - D,2026-04-10,1.1063,1.1056,-0.0007
4375,Magas védelmû vegyes eszközalap,2026-04-10,1.1121,1.1134,0.0012
4376,Nemz. élelmiszeripari cégek rv. ea - D,2026-04-10,3.3359,3.3078,-0.0084
4377,Nyersanyagpiaci részvény eszközalap,2026-04-10,1.6737,1.693,0.0116
4378,Presztízs- és luxusmárkák rv. ea.,2026-04-10,3.3762,3.3965,0.006
4379,USA részvény eszközalap,2026-04-10,4.5453,4.5259,-0.0043
4380,Ázsia kötvény eszközalap,2026-04-10,2.2541,2.2536,-0.0002
4381,Aktív hozamfigyelõ vegyes eszközalap - D,2026-04-11,0.937,0.937,0.0
4382,Euró likviditás eszközalap - D,2026-04-11,0.922,0.922,0.0
4383,Európai ingatlancégek részv. eszközalap,2026-04-11,1.86,1.86,0.0
4384,Európai kötvény eszközalap - D,2026-04-11,1.2202,1.2202,0.0
4385,Európai részvény eszközalap,2026-04-11,2.844,2.844,0.0
4386,Európai vállalati kötvény eszközalap,2026-04-11,1.3186,1.3186,0.0
4387,Fejlõdõ piaci részvény ESG eszközalap-D,2026-04-11,1.2363,1.2363,0.0
4388,Fejlõdõ ázsiai részvény eszközalap,2026-04-11,2.9542,2.9542,0.0
4389,Fenntartható növekedés részvény eszk.,2026-04-11,3.0086,3.0086,0.0
4390,Globális egészségügyi részvény eszk.,2026-04-11,3.4527,3.4527,0.0
4391,Globális növekedési részvény eszközalap,2026-04-11,2.0824,2.0824,0.0
4392,Kiegyensúlyozott vegyes eszközalap - D,2026-04-11,1.4295,1.4295,0.0
4393,Latin-amerikai részvény eszközalap,2026-04-11,1.5202,1.5202,0.0
4394,Magas kötvény arányú vegyes eszk. - D,2026-04-11,1.1056,1.1056,0.0
4395,Magas védelmû vegyes eszközalap,2026-04-11,1.1134,1.1134,0.0
4396,Nemz. élelmiszeripari cégek rv. ea - D,2026-04-11,3.3078,3.3078,0.0
4397,Nyersanyagpiaci részvény eszközalap,2026-04-11,1.693,1.693,0.0
4398,Presztízs- és luxusmárkák rv. ea.,2026-04-11,3.3965,3.3965,0.0
4399,USA részvény eszközalap,2026-04-11,4.5259,4.5259,0.0
4400,Ázsia kötvény eszközalap,2026-04-11,2.2536,2.2536,0.0
4401,Aktív hozamfigyelõ vegyes eszközalap - D,2026-04-12,0.937,0.937,0.0
4402,Euró likviditás eszközalap - D,2026-04-12,0.922,0.922,0.0
4403,Európai ingatlancégek részv. eszközalap,2026-04-12,1.86,1.86,0.0
4404,Európai kötvény eszközalap - D,2026-04-12,1.2202,1.2202,0.0
4405,Európai részvény eszközalap,2026-04-12,2.844,2.844,0.0
4406,Európai vállalati kötvény eszközalap,2026-04-12,1.3186,1.3186,0.0
4407,Fejlõdõ piaci részvény ESG eszközalap-D,2026-04-12,1.2363,1.2363,0.0
4408,Fejlõdõ ázsiai részvény eszközalap,2026-04-12,2.9542,2.9542,0.0
4409,Fenntartható növekedés részvény eszk.,2026-04-12,3.0086,3.0086,0.0
4410,Globális egészségügyi részvény eszk.,2026-04-12,3.4527,3.4527,0.0
4411,Globális növekedési részvény eszközalap,2026-04-12,2.0824,2.0824,0.0
4412,Kiegyensúlyozott vegyes eszközalap - D,2026-04-12,1.4295,1.4295,0.0
4413,Latin-amerikai részvény eszközalap,2026-04-12,1.5202,1.5202,0.0
4414,Magas kötvény arányú vegyes eszk. - D,2026-04-12,1.1056,1.1056,0.0
4415,Magas védelmû vegyes eszközalap,2026-04-12,1.1134,1.1134,0.0
4416,Nemz. élelmiszeripari cégek rv. ea - D,2026-04-12,3.3078,3.3078,0.0
4417,Nyersanyagpiaci részvény eszközalap,2026-04-12,1.693,1.693,0.0
4418,Presztízs- és luxusmárkák rv. ea.,2026-04-12,3.3965,3.3965,0.0
4419,USA részvény eszközalap,2026-04-12,4.5259,4.5259,0.0
4420,Ázsia kötvény eszközalap,2026-04-12,2.2536,2.2536,0.0
4421,Aktív hozamfigyelõ vegyes eszközalap - D,2026-04-15,0.9428,0.9435,0.0007
4422,Euró likviditás eszközalap - D,2026-04-15,0.9227,0.9229,0.0002
4423,Európai ingatlancégek részv. eszközalap,2026-04-15,1.8843,1.8914,0.0037
4424,Európai kötvény eszközalap - D,2026-04-15,1.2214,1.2216,0.0002
4425,Európai részvény eszközalap,2026-04-15,2.8664,2.8453,-0.0074
4426,Európai vállalati kötvény eszközalap,2026-04-15,1.3213,1.3204,-0.0007
4427,Fejlõdõ piaci részvény ESG eszközalap-D,2026-04-15,1.2423,1.2453,0.0024
4428,Fejlõdõ ázsiai részvény eszközalap,2026-04-15,2.9647,2.9759,0.0038
4429,Fenntartható növekedés részvény eszk.,2026-04-15,3.0469,3.0603,0.0044
4430,Globális egészségügyi részvény eszk.,2026-04-15,3.46,3.4625,0.0007
4431,Globális növekedési részvény eszközalap,2026-04-15,2.108,2.1057,-0.0011
4432,Kiegyensúlyozott vegyes eszközalap - D,2026-04-15,1.4384,1.4428,0.0031
4433,Latin-amerikai részvény eszközalap,2026-04-15,1.5197,1.5028,-0.0112
4434,Magas kötvény arányú vegyes eszk. - D,2026-04-15,1.1099,1.1117,0.0017
4435,Magas védelmû vegyes eszközalap,2026-04-15,1.1149,1.1138,-0.001
4436,Nemz. élelmiszeripari cégek rv. ea - D,2026-04-15,3.2451,3.2317,-0.0041
4437,Nyersanyagpiaci részvény eszközalap,2026-04-15,1.6923,1.6749,-0.0103
4438,Presztízs- és luxusmárkák rv. ea.,2026-04-15,3.4444,3.404,-0.0117
4439,USA részvény eszközalap,2026-04-15,4.6024,4.6417,0.0086
4440,Ázsia kötvény eszközalap,2026-04-15,2.2417,2.2439,0.001
4441,Aktív hozamfigyelõ vegyes eszközalap - D,2026-04-16,0.9435,0.9435,0.0
4442,Euró likviditás eszközalap - D,2026-04-16,0.9229,0.9232,0.0003
4443,Európai ingatlancégek részv. eszközalap,2026-04-16,1.8914,1.8976,0.0033
4444,Európai kötvény eszközalap - D,2026-04-16,1.2216,1.2226,0.0008
4445,Európai részvény eszközalap,2026-04-16,2.8453,2.8404,-0.0017
4446,Európai vállalati kötvény eszközalap,2026-04-16,1.3204,1.3216,0.0009
4447,Fejlõdõ piaci részvény ESG eszközalap-D,2026-04-16,1.2453,1.2524,0.0057
4448,Fejlõdõ ázsiai részvény eszközalap,2026-04-16,2.9759,3.012,0.0121
4449,Fenntartható növekedés részvény eszk.,2026-04-16,3.0603,3.0594,-0.0003
4450,Globális egészségügyi részvény eszk.,2026-04-16,3.4625,3.4366,-0.0075
4451,Globális növekedési részvény eszközalap,2026-04-16,2.1057,2.1065,0.0004
4452,Kiegyensúlyozott vegyes eszközalap - D,2026-04-16,1.4428,1.4468,0.0028
4453,Latin-amerikai részvény eszközalap,2026-04-16,1.5028,1.508,0.0035
4454,Magas kötvény arányú vegyes eszk. - D,2026-04-16,1.1117,1.1137,0.0017
4455,Magas védelmû vegyes eszközalap,2026-04-16,1.1138,1.1136,-0.0002
4456,Nemz. élelmiszeripari cégek rv. ea - D,2026-04-16,3.2317,3.2453,0.0042
4457,Nyersanyagpiaci részvény eszközalap,2026-04-16,1.6749,1.6836,0.0052
4458,Presztízs- és luxusmárkák rv. ea.,2026-04-16,3.404,3.3967,-0.0021
4459,USA részvény eszközalap,2026-04-16,4.6417,4.6604,0.004
4460,Ázsia kötvény eszközalap,2026-04-16,2.2439,2.2439,0.0
4461,Aktív hozamfigyelõ vegyes eszközalap - D,2026-04-17,0.9435,0.9508,0.0077
4462,Euró likviditás eszközalap - D,2026-04-17,0.9232,0.925,0.0019
4463,Európai ingatlancégek részv. eszközalap,2026-04-17,1.8976,1.9333,0.0188
4464,Európai kötvény eszközalap - D,2026-04-17,1.2226,1.2285,0.0048
4465,Európai részvény eszközalap,2026-04-17,2.8404,2.8949,0.0192
4466,Európai vállalati kötvény eszközalap,2026-04-17,1.3216,1.3281,0.0049
4467,Fejlõdõ piaci részvény ESG eszközalap-D,2026-04-17,1.2524,1.2647,0.0098
4468,Fejlõdõ ázsiai részvény eszközalap,2026-04-17,3.012,3.0658,0.0179
4469,Fenntartható növekedés részvény eszk.,2026-04-17,3.0594,3.1022,0.014
4470,Globális egészségügyi részvény eszk.,2026-04-17,3.4366,3.4598,0.0067
4471,Globális növekedési részvény eszközalap,2026-04-17,2.1065,2.1362,0.0141
4472,Kiegyensúlyozott vegyes eszközalap - D,2026-04-17,1.4468,1.4593,0.0086
4473,Latin-amerikai részvény eszközalap,2026-04-17,1.508,1.5154,0.0049
4474,Magas kötvény arányú vegyes eszk. - D,2026-04-17,1.1137,1.1214,0.0069
4475,Magas védelmû vegyes eszközalap,2026-04-17,1.1136,1.1177,0.0037
4476,Nemz. élelmiszeripari cégek rv. ea - D,2026-04-17,3.2453,3.2687,0.0072
4477,Nyersanyagpiaci részvény eszközalap,2026-04-17,1.6836,1.703,0.0115
4478,Presztízs- és luxusmárkák rv. ea.,2026-04-17,3.3967,3.522,0.0369
4479,USA részvény eszközalap,2026-04-17,4.6604,4.7077,0.0102
4480,Ázsia kötvény eszközalap,2026-04-17,2.2439,2.2427,-0.0005
4481,Aktív hozamfigyelõ vegyes eszközalap - D,2026-04-18,0.9508,0.9508,0.0
4482,Euró likviditás eszközalap - D,2026-04-18,0.925,0.925,0.0
4483,Európai ingatlancégek részv. eszközalap,2026-04-18,1.9333,1.9333,0.0
4484,Európai kötvény eszközalap - D,2026-04-18,1.2285,1.2285,0.0
4485,Európai részvény eszközalap,2026-04-18,2.8949,2.8949,0.0
4486,Európai vállalati kötvény eszközalap,2026-04-18,1.3281,1.3281,0.0
4487,Fejlõdõ piaci részvény ESG eszközalap-D,2026-04-18,1.2647,1.2647,0.0
4488,Fejlõdõ ázsiai részvény eszközalap,2026-04-18,3.0658,3.0658,0.0
4489,Fenntartható növekedés részvény eszk.,2026-04-18,3.1022,3.1022,0.0
4490,Globális egészségügyi részvény eszk.,2026-04-18,3.4598,3.4598,0.0
4491,Globális növekedési részvény eszközalap,2026-04-18,2.1362,2.1362,0.0
4492,Kiegyensúlyozott vegyes eszközalap - D,2026-04-18,1.4593,1.4593,0.0
4493,Latin-amerikai részvény eszközalap,2026-04-18,1.5154,1.5154,0.0
4494,Magas kötvény arányú vegyes eszk. - D,2026-04-18,1.1214,1.1214,0.0
4495,Magas védelmû vegyes eszközalap,2026-04-18,1.1177,1.1177,0.0
4496,Nemz. élelmiszeripari cégek rv. ea - D,2026-04-18,3.2687,3.2687,0.0
4497,Nyersanyagpiaci részvény eszközalap,2026-04-18,1.703,1.703,0.0
4498,Presztízs- és luxusmárkák rv. ea.,2026-04-18,3.522,3.522,0.0
4499,USA részvény eszközalap,2026-04-18,4.7077,4.7077,0.0
4500,Ázsia kötvény eszközalap,2026-04-18,2.2427,2.2427,0.0
4501,Aktív hozamfigyelõ vegyes eszközalap - D,2026-04-19,0.9508,0.9508,0.0
4502,Euró likviditás eszközalap - D,2026-04-19,0.925,0.925,0.0
4503,Európai ingatlancégek részv. eszközalap,2026-04-19,1.9333,1.9333,0.0
4504,Európai kötvény eszközalap - D,2026-04-19,1.2285,1.2285,0.0
4505,Európai részvény eszközalap,2026-04-19,2.8949,2.8949,0.0
4506,Európai vállalati kötvény eszközalap,2026-04-19,1.3281,1.3281,0.0
4507,Fejlõdõ piaci részvény ESG eszközalap-D,2026-04-19,1.2647,1.2647,0.0
4508,Fejlõdõ ázsiai részvény eszközalap,2026-04-19,3.0658,3.0658,0.0
4509,Fenntartható növekedés részvény eszk.,2026-04-19,3.1022,3.1022,0.0
4510,Globális egészségügyi részvény eszk.,2026-04-19,3.4598,3.4598,0.0
4511,Globális növekedési részvény eszközalap,2026-04-19,2.1362,2.1362,0.0
4512,Kiegyensúlyozott vegyes eszközalap - D,2026-04-19,1.4593,1.4593,0.0
4513,Latin-amerikai részvény eszközalap,2026-04-19,1.5154,1.5154,0.0
4514,Magas kötvény arányú vegyes eszk. - D,2026-04-19,1.1214,1.1214,0.0
4515,Magas védelmû vegyes eszközalap,2026-04-19,1.1177,1.1177,0.0
4516,Nemz. élelmiszeripari cégek rv. ea - D,2026-04-19,3.2687,3.2687,0.0
4517,Nyersanyagpiaci részvény eszközalap,2026-04-19,1.703,1.703,0.0
4518,Presztízs- és luxusmárkák rv. ea.,2026-04-19,3.522,3.522,0.0
4519,USA részvény eszközalap,2026-04-19,4.7077,4.7077,0.0
4520,Ázsia kötvény eszközalap,2026-04-19,2.2427,2.2427,0.0
4521,Aktív hozamfigyelõ vegyes eszközalap - D,2026-04-22,0.9455,0.949,0.0038
4522,Euró likviditás eszközalap - D,2026-04-22,0.9237,0.9233,-0.0005
4523,Európai ingatlancégek részv. eszközalap,2026-04-22,1.8906,1.894,0.0018
4524,Európai kötvény eszközalap - D,2026-04-22,1.2251,1.2246,-0.0004
4525,Európai részvény eszközalap,2026-04-22,2.843,2.8288,-0.005
4526,Európai vállalati kötvény eszközalap,2026-04-22,1.325,1.3248,-0.0002
4527,Fejlõdõ piaci részvény ESG eszközalap-D,2026-04-22,1.2644,1.2674,0.0024
4528,Fejlõdõ ázsiai részvény eszközalap,2026-04-22,3.0833,3.0877,0.0014
4529,Fenntartható növekedés részvény eszk.,2026-04-22,3.0759,3.1134,0.0122
4530,Globális egészségügyi részvény eszk.,2026-04-22,3.4156,3.4129,-0.0008
4531,Globális növekedési részvény eszközalap,2026-04-22,2.1357,2.1444,0.004
4532,Kiegyensúlyozott vegyes eszközalap - D,2026-04-22,1.4556,1.4586,0.0021
4533,Latin-amerikai részvény eszközalap,2026-04-22,1.5032,1.4965,-0.0044
4534,Magas kötvény arányú vegyes eszk. - D,2026-04-22,1.1181,1.1194,0.0012
4535,Magas védelmû vegyes eszközalap,2026-04-22,1.1141,1.1132,-0.0008
4536,Nemz. élelmiszeripari cégek rv. ea - D,2026-04-22,3.2562,3.2781,0.0067
4537,Nyersanyagpiaci részvény eszközalap,2026-04-22,1.669,1.6794,0.0062
4538,Presztízs- és luxusmárkák rv. ea.,2026-04-22,3.4502,3.4179,-0.0094
4539,USA részvény eszközalap,2026-04-22,4.6914,4.7553,0.0136
4540,Ázsia kötvény eszközalap,2026-04-22,2.2513,2.2517,0.0002
4541,Aktív hozamfigyelõ vegyes eszközalap - D,2026-04-23,0.949,0.9478,-0.0013
4542,Euró likviditás eszközalap - D,2026-04-23,0.9233,0.9231,-0.0003
4543,Európai ingatlancégek részv. eszközalap,2026-04-23,1.894,1.8815,-0.0066
4544,Európai kötvény eszközalap - D,2026-04-23,1.2246,1.2234,-0.001
4545,Európai részvény eszközalap,2026-04-23,2.8288,2.8345,0.002
4546,Európai vállalati kötvény eszközalap,2026-04-23,1.3248,1.3233,-0.0011
4547,Fejlõdõ piaci részvény ESG eszközalap-D,2026-04-23,1.2674,1.2611,-0.005
4548,Fejlõdõ ázsiai részvény eszközalap,2026-04-23,3.0877,3.0856,-0.0007
4549,Fenntartható növekedés részvény eszk.,2026-04-23,3.1134,3.1063,-0.0023
4550,Globális egészségügyi részvény eszk.,2026-04-23,3.4129,3.3919,-0.0062
4551,Globális növekedési részvény eszközalap,2026-04-23,2.1444,2.1424,-0.0009
4552,Kiegyensúlyozott vegyes eszközalap - D,2026-04-23,1.4586,1.4572,-0.0009
4553,Latin-amerikai részvény eszközalap,2026-04-23,1.4965,1.4962,-0.0002
4554,Magas kötvény arányú vegyes eszk. - D,2026-04-23,1.1194,1.1182,-0.0011
4555,Magas védelmû vegyes eszközalap,2026-04-23,1.1132,1.1129,-0.0002
4556,Nemz. élelmiszeripari cégek rv. ea - D,2026-04-23,3.2781,3.3186,0.0124
4557,Nyersanyagpiaci részvény eszközalap,2026-04-23,1.6794,1.6745,-0.0029
4558,Presztízs- és luxusmárkák rv. ea.,2026-04-23,3.4179,3.3997,-0.0053
4559,USA részvény eszközalap,2026-04-23,4.7553,4.7404,-0.0031
4560,Ázsia kötvény eszközalap,2026-04-23,2.2517,2.2582,0.0029
4561,Aktív hozamfigyelõ vegyes eszközalap - D,2026-04-24,0.9478,0.9495,0.0017
4562,Euró likviditás eszközalap - D,2026-04-24,0.9231,0.9231,0.0
4563,Európai ingatlancégek részv. eszközalap,2026-04-24,1.8815,1.8683,-0.007
4564,Európai kötvény eszközalap - D,2026-04-24,1.2234,1.2234,0.0
4565,Európai részvény eszközalap,2026-04-24,2.8345,2.8287,-0.002
4566,Európai vállalati kötvény eszközalap,2026-04-24,1.3233,1.3232,-0.0001
4567,Fejlõdõ piaci részvény ESG eszközalap-D,2026-04-24,1.2611,1.2673,0.0049
4568,Fejlõdõ ázsiai részvény eszközalap,2026-04-24,3.0856,3.1154,0.0097
4569,Fenntartható növekedés részvény eszk.,2026-04-24,3.1063,3.1178,0.0037
4570,Globális egészségügyi részvény eszk.,2026-04-24,3.3919,3.3483,-0.0128
4571,Globális növekedési részvény eszközalap,2026-04-24,2.1424,2.1489,0.003
4572,Kiegyensúlyozott vegyes eszközalap - D,2026-04-24,1.4572,1.4592,0.0014
4573,Latin-amerikai részvény eszközalap,2026-04-24,1.4962,1.4769,-0.0129
4574,Magas kötvény arányú vegyes eszk. - D,2026-04-24,1.1182,1.1191,0.0008
4575,Magas védelmû vegyes eszközalap,2026-04-24,1.1129,1.1123,-0.0005
4576,Nemz. élelmiszeripari cégek rv. ea - D,2026-04-24,3.3186,3.3302,0.0035
4577,Nyersanyagpiaci részvény eszközalap,2026-04-24,1.6745,1.6672,-0.0044
4578,Presztízs- és luxusmárkák rv. ea.,2026-04-24,3.3997,3.3686,-0.0091
4579,USA részvény eszközalap,2026-04-24,4.7404,4.7692,0.0061
4580,Ázsia kötvény eszközalap,2026-04-24,2.2582,2.2592,0.0004
4581,Aktív hozamfigyelõ vegyes eszközalap - D,2026-04-25,0.9495,0.9495,0.0
4582,Euró likviditás eszközalap - D,2026-04-25,0.9231,0.9231,0.0
4583,Európai ingatlancégek részv. eszközalap,2026-04-25,1.8683,1.8683,0.0
4584,Európai kötvény eszközalap - D,2026-04-25,1.2234,1.2234,0.0
4585,Európai részvény eszközalap,2026-04-25,2.8287,2.8287,0.0
4586,Európai vállalati kötvény eszközalap,2026-04-25,1.3232,1.3232,0.0
4587,Fejlõdõ piaci részvény ESG eszközalap-D,2026-04-25,1.2673,1.2673,0.0
4588,Fejlõdõ ázsiai részvény eszközalap,2026-04-25,3.1154,3.1154,0.0
4589,Fenntartható növekedés részvény eszk.,2026-04-25,3.1178,3.1178,0.0
4590,Globális egészségügyi részvény eszk.,2026-04-25,3.3483,3.3483,0.0
4591,Globális növekedési részvény eszközalap,2026-04-25,2.1489,2.1489,0.0
4592,Kiegyensúlyozott vegyes eszközalap - D,2026-04-25,1.4592,1.4592,0.0
4593,Latin-amerikai részvény eszközalap,2026-04-25,1.4769,1.4769,0.0
4594,Magas kötvény arányú vegyes eszk. - D,2026-04-25,1.1191,1.1191,0.0
4595,Magas védelmû vegyes eszközalap,2026-04-25,1.1123,1.1123,0.0
4596,Nemz. élelmiszeripari cégek rv. ea - D,2026-04-25,3.3302,3.3302,0.0
4597,Nyersanyagpiaci részvény eszközalap,2026-04-25,1.6672,1.6672,0.0
4598,Presztízs- és luxusmárkák rv. ea.,2026-04-25,3.3686,3.3686,0.0
4599,USA részvény eszközalap,2026-04-25,4.7692,4.7692,0.0
4600,Ázsia kötvény eszközalap,2026-04-25,2.2592,2.2592,0.0
4601,Aktív hozamfigyelõ vegyes eszközalap - D,2026-04-26,0.9495,0.9495,0.0
4602,Euró likviditás eszközalap - D,2026-04-26,0.9231,0.9231,0.0
4603,Európai ingatlancégek részv. eszközalap,2026-04-26,1.8683,1.8683,0.0
4604,Európai kötvény eszközalap - D,2026-04-26,1.2234,1.2234,0.0
4605,Európai részvény eszközalap,2026-04-26,2.8287,2.8287,0.0
4606,Európai vállalati kötvény eszközalap,2026-04-26,1.3232,1.3232,0.0
4607,Fejlõdõ piaci részvény ESG eszközalap-D,2026-04-26,1.2673,1.2673,0.0
4608,Fejlõdõ ázsiai részvény eszközalap,2026-04-26,3.1154,3.1154,0.0
4609,Fenntartható növekedés részvény eszk.,2026-04-26,3.1178,3.1178,0.0
4610,Globális egészségügyi részvény eszk.,2026-04-26,3.3483,3.3483,0.0
4611,Globális növekedési részvény eszközalap,2026-04-26,2.1489,2.1489,0.0
4612,Kiegyensúlyozott vegyes eszközalap - D,2026-04-26,1.4592,1.4592,0.0
4613,Latin-amerikai részvény eszközalap,2026-04-26,1.4769,1.4769,0.0
4614,Magas kötvény arányú vegyes eszk. - D,2026-04-26,1.1191,1.1191,0.0
4615,Magas védelmû vegyes eszközalap,2026-04-26,1.1123,1.1123,0.0
4616,Nemz. élelmiszeripari cégek rv. ea - D,2026-04-26,3.3302,3.3302,0.0
4617,Nyersanyagpiaci részvény eszközalap,2026-04-26,1.6672,1.6672,0.0
4618,Presztízs- és luxusmárkák rv. ea.,2026-04-26,3.3686,3.3686,0.0
4619,USA részvény eszközalap,2026-04-26,4.7692,4.7692,0.0
4620,Ázsia kötvény eszközalap,2026-04-26,2.2592,2.2592,0.0
4621,Aktív hozamfigyelõ vegyes eszközalap - D,2026-04-29,0.9458,0.9421,-0.004
4622,Euró likviditás eszközalap - D,2026-04-29,0.9221,0.9209,-0.0013
4623,Európai ingatlancégek részv. eszközalap,2026-04-29,1.8523,1.8264,-0.014
4624,Európai kötvény eszközalap - D,2026-04-29,1.2191,1.2158,-0.0027
4625,Európai részvény eszközalap,2026-04-29,2.8098,2.8,-0.0035
4626,Európai vállalati kötvény eszközalap,2026-04-29,1.3198,1.317,-0.0022
4627,Fejlõdõ piaci részvény ESG eszközalap-D,2026-04-29,1.2494,1.2535,0.0033
4628,Fejlõdõ ázsiai részvény eszközalap,2026-04-29,3.0909,3.1091,0.0059
4629,Fenntartható növekedés részvény eszk.,2026-04-29,3.0994,3.084,-0.005
4630,Globális egészségügyi részvény eszk.,2026-04-29,3.3301,3.2889,-0.0124
4631,Globális növekedési részvény eszközalap,2026-04-29,2.1296,2.1272,-0.0011
4632,Kiegyensúlyozott vegyes eszközalap - D,2026-04-29,1.4537,1.4507,-0.0021
4633,Latin-amerikai részvény eszközalap,2026-04-29,1.4437,1.4401,-0.0025
4634,Magas kötvény arányú vegyes eszk. - D,2026-04-29,1.1148,1.1123,-0.0022
4635,Magas védelmû vegyes eszközalap,2026-04-29,1.1112,1.1103,-0.0008
4636,Nemz. élelmiszeripari cégek rv. ea - D,2026-04-29,3.3316,3.2982,-0.0101
4637,Nyersanyagpiaci részvény eszközalap,2026-04-29,1.6344,1.6242,-0.0062
4638,Presztízs- és luxusmárkák rv. ea.,2026-04-29,3.3243,3.2682,-0.0168
4639,USA részvény eszközalap,2026-04-29,4.7464,4.7439,-0.0005
4640,Ázsia kötvény eszközalap,2026-04-29,2.2573,2.2561,-0.0005
4641,Aktív hozamfigyelõ vegyes eszközalap - D,2026-04-30,0.9421,0.9468,0.0051
4642,Euró likviditás eszközalap - D,2026-04-30,0.9209,0.922,0.0013
4643,Európai ingatlancégek részv. eszközalap,2026-04-30,1.8264,1.8493,0.0125
4644,Európai kötvény eszközalap - D,2026-04-30,1.2158,1.2212,0.0044
4645,Európai részvény eszközalap,2026-04-30,2.8,2.831,0.0111
4646,Európai vállalati kötvény eszközalap,2026-04-30,1.317,1.3207,0.0028
4647,Fejlõdõ piaci részvény ESG eszközalap-D,2026-04-30,1.2535,1.2483,-0.0042
4648,Fejlõdõ ázsiai részvény eszközalap,2026-04-30,3.1091,3.1097,0.0002
4649,Fenntartható növekedés részvény eszk.,2026-04-30,3.084,3.1124,0.0092
4650,Globális egészségügyi részvény eszk.,2026-04-30,3.2889,3.3428,0.0164
4651,Globális növekedési részvény eszközalap,2026-04-30,2.1272,2.1616,0.0162
4652,Kiegyensúlyozott vegyes eszközalap - D,2026-04-30,1.4507,1.458,0.005
4653,Latin-amerikai részvény eszközalap,2026-04-30,1.4401,1.4395,-0.0004
4654,Magas kötvény arányú vegyes eszk. - D,2026-04-30,1.1123,1.1172,0.0044
4655,Magas védelmû vegyes eszközalap,2026-04-30,1.1103,1.1126,0.0021
4656,Nemz. élelmiszeripari cégek rv. ea - D,2026-04-30,3.2982,3.3414,0.0131
4657,Nyersanyagpiaci részvény eszközalap,2026-04-30,1.6242,1.6413,0.0105
4658,Presztízs- és luxusmárkák rv. ea.,2026-04-30,3.2682,3.3292,0.0186
4659,USA részvény eszközalap,2026-04-30,4.7439,4.7571,0.0028
4660,Ázsia kötvény eszközalap,2026-04-30,2.2561,2.2563,0.0001
4661,Aktív hozamfigyelõ vegyes eszközalap - D,2026-05-01,0.9468,0.9468,0.0
4662,Euró likviditás eszközalap - D,2026-05-01,0.922,0.922,0.0
4663,Európai ingatlancégek részv. eszközalap,2026-05-01,1.8493,1.8493,0.0
4664,Európai kötvény eszközalap - D,2026-05-01,1.2212,1.2212,0.0
4665,Európai részvény eszközalap,2026-05-01,2.831,2.831,0.0
4666,Európai vállalati kötvény eszközalap,2026-05-01,1.3207,1.3207,0.0
4667,Fejlõdõ piaci részvény ESG eszközalap-D,2026-05-01,1.2483,1.2483,0.0
4668,Fejlõdõ ázsiai részvény eszközalap,2026-05-01,3.1097,3.1097,0.0
4669,Fenntartható növekedés részvény eszk.,2026-05-01,3.1124,3.1124,0.0
4670,Globális egészségügyi részvény eszk.,2026-05-01,3.3428,3.3428,0.0
4671,Globális növekedési részvény eszközalap,2026-05-01,2.1616,2.1616,0.0
4672,Kiegyensúlyozott vegyes eszközalap - D,2026-05-01,1.458,1.458,0.0
4673,Latin-amerikai részvény eszközalap,2026-05-01,1.4395,1.4395,0.0
4674,Magas kötvény arányú vegyes eszk. - D,2026-05-01,1.1172,1.1172,0.0
4675,Magas védelmû vegyes eszközalap,2026-05-01,1.1126,1.1126,0.0
4676,Nemz. élelmiszeripari cégek rv. ea - D,2026-05-01,3.3414,3.3414,0.0
4677,Nyersanyagpiaci részvény eszközalap,2026-05-01,1.6413,1.6413,0.0
4678,Presztízs- és luxusmárkák rv. ea.,2026-05-01,3.3292,3.3292,0.0
4679,USA részvény eszközalap,2026-05-01,4.7571,4.7571,0.0
4680,Ázsia kötvény eszközalap,2026-05-01,2.2563,2.2563,0.0
4681,Aktív hozamfigyelõ vegyes eszközalap - D,2026-05-02,0.9468,0.9468,0.0
4682,Euró likviditás eszközalap - D,2026-05-02,0.922,0.922,0.0
4683,Európai ingatlancégek részv. eszközalap,2026-05-02,1.8493,1.8493,0.0
4684,Európai kötvény eszközalap - D,2026-05-02,1.2212,1.2212,0.0
4685,Európai részvény eszközalap,2026-05-02,2.831,2.831,0.0
4686,Európai vállalati kötvény eszközalap,2026-05-02,1.3207,1.3207,0.0
4687,Fejlõdõ piaci részvény ESG eszközalap-D,2026-05-02,1.2483,1.2483,0.0
4688,Fejlõdõ ázsiai részvény eszközalap,2026-05-02,3.1097,3.1097,0.0
4689,Fenntartható növekedés részvény eszk.,2026-05-02,3.1124,3.1124,0.0
4690,Globális egészségügyi részvény eszk.,2026-05-02,3.3428,3.3428,0.0
4691,Globális növekedési részvény eszközalap,2026-05-02,2.1616,2.1616,0.0
4692,Kiegyensúlyozott vegyes eszközalap - D,2026-05-02,1.458,1.458,0.0
4693,Latin-amerikai részvény eszközalap,2026-05-02,1.4395,1.4395,0.0
4694,Magas kötvény arányú vegyes eszk. - D,2026-05-02,1.1172,1.1172,0.0
4695,Magas védelmû vegyes eszközalap,2026-05-02,1.1126,1.1126,0.0
4696,Nemz. élelmiszeripari cégek rv. ea - D,2026-05-02,3.3414,3.3414,0.0
4697,Nyersanyagpiaci részvény eszközalap,2026-05-02,1.6413,1.6413,0.0
4698,Presztízs- és luxusmárkák rv. ea.,2026-05-02,3.3292,3.3292,0.0
4699,USA részvény eszközalap,2026-05-02,4.7571,4.7571,0.0
4700,Ázsia kötvény eszközalap,2026-05-02,2.2563,2.2563,0.0
4701,Aktív hozamfigyelõ vegyes eszközalap - D,2026-05-03,0.9468,0.9468,0.0
4702,Euró likviditás eszközalap - D,2026-05-03,0.922,0.922,0.0
4703,Európai ingatlancégek részv. eszközalap,2026-05-03,1.8493,1.8493,0.0
4704,Európai kötvény eszközalap - D,2026-05-03,1.2212,1.2212,0.0
4705,Európai részvény eszközalap,2026-05-03,2.831,2.831,0.0
4706,Európai vállalati kötvény eszközalap,2026-05-03,1.3207,1.3207,0.0
4707,Fejlõdõ piaci részvény ESG eszközalap-D,2026-05-03,1.2483,1.2483,0.0
4708,Fejlõdõ ázsiai részvény eszközalap,2026-05-03,3.1097,3.1097,0.0
4709,Fenntartható növekedés részvény eszk.,2026-05-03,3.1124,3.1124,0.0
4710,Globális egészségügyi részvény eszk.,2026-05-03,3.3428,3.3428,0.0
4711,Globális növekedési részvény eszközalap,2026-05-03,2.1616,2.1616,0.0
4712,Kiegyensúlyozott vegyes eszközalap - D,2026-05-03,1.458,1.458,0.0
4713,Latin-amerikai részvény eszközalap,2026-05-03,1.4395,1.4395,0.0
4714,Magas kötvény arányú vegyes eszk. - D,2026-05-03,1.1172,1.1172,0.0
4715,Magas védelmû vegyes eszközalap,2026-05-03,1.1126,1.1126,0.0
4716,Nemz. élelmiszeripari cégek rv. ea - D,2026-05-03,3.3414,3.3414,0.0
4717,Nyersanyagpiaci részvény eszközalap,2026-05-03,1.6413,1.6413,0.0
4718,Presztízs- és luxusmárkák rv. ea.,2026-05-03,3.3292,3.3292,0.0
4719,USA részvény eszközalap,2026-05-03,4.7571,4.7571,0.0
4720,Ázsia kötvény eszközalap,2026-05-03,2.2563,2.2563,0.0
4721,Aktív hozamfigyelõ vegyes eszközalap - D,2026-05-06,0.9466,0.9542,0.0081
4722,Euró likviditás eszközalap - D,2026-05-06,0.9217,0.9238,0.0023
4723,Európai ingatlancégek részv. eszközalap,2026-05-06,1.8243,1.8672,0.0235
4724,Európai kötvény eszközalap - D,2026-05-06,1.2188,1.226,0.006
4725,Európai részvény eszközalap,2026-05-06,2.8244,2.899,0.0264
4726,Európai vállalati kötvény eszközalap,2026-05-06,1.3188,1.3251,0.0048
4727,Fejlõdõ piaci részvény ESG eszközalap-D,2026-05-06,1.2831,1.3273,0.0345
4728,Fejlõdõ ázsiai részvény eszközalap,2026-05-06,3.213,3.2891,0.0237
4729,Fenntartható növekedés részvény eszk.,2026-05-06,3.1156,3.1577,0.0135
4730,Globális egészségügyi részvény eszk.,2026-05-06,3.3501,3.3681,0.0054
4731,Globális növekedési részvény eszközalap,2026-05-06,2.1663,2.1816,0.007
4732,Kiegyensúlyozott vegyes eszközalap - D,2026-05-06,1.4645,1.4799,0.0105
4733,Latin-amerikai részvény eszközalap,2026-05-06,1.4594,1.4563,-0.0021
4734,Magas kötvény arányú vegyes eszk. - D,2026-05-06,1.1187,1.1281,0.0083
4735,Magas védelmû vegyes eszközalap,2026-05-06,1.1126,1.1181,0.0049
4736,Nemz. élelmiszeripari cégek rv. ea - D,2026-05-06,3.3318,3.3445,0.0038
4737,Nyersanyagpiaci részvény eszközalap,2026-05-06,1.637,1.6808,0.0268
4738,Presztízs- és luxusmárkák rv. ea.,2026-05-06,3.274,3.3998,0.0384
4739,USA részvény eszközalap,2026-05-06,4.8036,4.8475,0.0091
4740,Ázsia kötvény eszközalap,2026-05-06,2.2574,2.2516,-0.0026
4741,Aktív hozamfigyelõ vegyes eszközalap - D,2026-05-07,0.9542,0.9516,-0.0027
4742,Euró likviditás eszközalap - D,2026-05-07,0.9238,0.924,0.0001
4743,Európai ingatlancégek részv. eszközalap,2026-05-07,1.8672,1.8482,-0.0102
4744,Európai kötvény eszközalap - D,2026-05-07,1.226,1.2271,0.0009
4745,Európai részvény eszközalap,2026-05-07,2.899,2.8782,-0.0072
4746,Európai vállalati kötvény eszközalap,2026-05-07,1.3251,1.3257,0.0005
4747,Fejlõdõ piaci részvény ESG eszközalap-D,2026-05-07,1.3273,1.3355,0.0061
4748,Fejlõdõ ázsiai részvény eszközalap,2026-05-07,3.2891,3.2881,-0.0003
4749,Fenntartható növekedés részvény eszk.,2026-05-07,3.1577,3.1467,-0.0035
4750,Globális egészségügyi részvény eszk.,2026-05-07,3.3681,3.3706,0.0007
4751,Globális növekedési részvény eszközalap,2026-05-07,2.1816,2.1586,-0.0105
4752,Kiegyensúlyozott vegyes eszközalap - D,2026-05-07,1.4799,1.4804,0.0004
4753,Latin-amerikai részvény eszközalap,2026-05-07,1.4563,1.4467,-0.0065
4754,Magas kötvény arányú vegyes eszk. - D,2026-05-07,1.1281,1.1286,0.0004
4755,Magas védelmû vegyes eszközalap,2026-05-07,1.1181,1.1162,-0.0017
4756,Nemz. élelmiszeripari cégek rv. ea - D,2026-05-07,3.3445,3.3194,-0.0075
4757,Nyersanyagpiaci részvény eszközalap,2026-05-07,1.6808,1.6805,-0.0002
4758,Presztízs- és luxusmárkák rv. ea.,2026-05-07,3.3998,3.4065,0.002
4759,USA részvény eszközalap,2026-05-07,4.8475,4.8273,-0.0042
4760,Ázsia kötvény eszközalap,2026-05-07,2.2516,2.2529,0.0006
4761,Aktív hozamfigyelõ vegyes eszközalap - D,2026-05-08,0.9516,0.9527,0.0012
4762,Euró likviditás eszközalap - D,2026-05-08,0.924,0.9236,-0.0004
4763,Európai ingatlancégek részv. eszközalap,2026-05-08,1.8482,1.8398,-0.0045
4764,Európai kötvény eszközalap - D,2026-05-08,1.2271,1.2261,-0.0009
4765,Európai részvény eszközalap,2026-05-08,2.8782,2.8579,-0.007
4766,Európai vállalati kötvény eszközalap,2026-05-08,1.3257,1.3247,-0.0008
4767,Fejlõdõ piaci részvény ESG eszközalap-D,2026-05-08,1.3355,1.3334,-0.0016
4768,Fejlõdõ ázsiai részvény eszközalap,2026-05-08,3.2881,3.306,0.0055
4769,Fenntartható növekedés részvény eszk.,2026-05-08,3.1467,3.1529,0.002
4770,Globális egészségügyi részvény eszk.,2026-05-08,3.3706,3.3245,-0.0137
4771,Globális növekedési részvény eszközalap,2026-05-08,2.1586,2.153,-0.0026
4772,Kiegyensúlyozott vegyes eszközalap - D,2026-05-08,1.4804,1.4818,0.0009
4773,Latin-amerikai részvény eszközalap,2026-05-08,1.4467,1.4486,0.0013
4774,Magas kötvény arányú vegyes eszk. - D,2026-05-08,1.1286,1.1288,0.0002
4775,Magas védelmû vegyes eszközalap,2026-05-08,1.1162,1.1143,-0.0016
4776,Nemz. élelmiszeripari cégek rv. ea - D,2026-05-08,3.3194,3.335,0.0047
4777,Nyersanyagpiaci részvény eszközalap,2026-05-08,1.6805,1.6703,-0.0061
4778,Presztízs- és luxusmárkák rv. ea.,2026-05-08,3.4065,3.3931,-0.0039
4779,USA részvény eszközalap,2026-05-08,4.8273,4.8565,0.006
4780,Ázsia kötvény eszközalap,2026-05-08,2.2529,2.2525,-0.0002
4781,Aktív hozamfigyelõ vegyes eszközalap - D,2026-05-09,0.9527,0.9527,0.0
4782,Euró likviditás eszközalap - D,2026-05-09,0.9236,0.9236,0.0
4783,Európai ingatlancégek részv. eszközalap,2026-05-09,1.8398,1.8398,0.0
4784,Európai kötvény eszközalap - D,2026-05-09,1.2261,1.2261,0.0
4785,Európai részvény eszközalap,2026-05-09,2.8579,2.8579,0.0
4786,Európai vállalati kötvény eszközalap,2026-05-09,1.3247,1.3247,0.0
4787,Fejlõdõ piaci részvény ESG eszközalap-D,2026-05-09,1.3334,1.3334,0.0
4788,Fejlõdõ ázsiai részvény eszközalap,2026-05-09,3.306,3.306,0.0
4789,Fenntartható növekedés részvény eszk.,2026-05-09,3.1529,3.1529,0.0
4790,Globális egészségügyi részvény eszk.,2026-05-09,3.3245,3.3245,0.0
4791,Globális növekedési részvény eszközalap,2026-05-09,2.153,2.153,0.0
4792,Kiegyensúlyozott vegyes eszközalap - D,2026-05-09,1.4818,1.4818,0.0
4793,Latin-amerikai részvény eszközalap,2026-05-09,1.4486,1.4486,0.0
4794,Magas kötvény arányú vegyes eszk. - D,2026-05-09,1.1288,1.1288,0.0
4795,Magas védelmû vegyes eszközalap,2026-05-09,1.1143,1.1143,0.0
4796,Nemz. élelmiszeripari cégek rv. ea - D,2026-05-09,3.335,3.335,0.0
4797,Nyersanyagpiaci részvény eszközalap,2026-05-09,1.6703,1.6703,0.0
4798,Presztízs- és luxusmárkák rv. ea.,2026-05-09,3.3931,3.3931,0.0
4799,USA részvény eszközalap,2026-05-09,4.8565,4.8565,0.0
4800,Ázsia kötvény eszközalap,2026-05-09,2.2525,2.2525,0.0
4801,Aktív hozamfigyelõ vegyes eszközalap - D,2026-05-10,0.9527,0.9527,0.0
4802,Euró likviditás eszközalap - D,2026-05-10,0.9236,0.9236,0.0
4803,Európai ingatlancégek részv. eszközalap,2026-05-10,1.8398,1.8398,0.0
4804,Európai kötvény eszközalap - D,2026-05-10,1.2261,1.2261,0.0
4805,Európai részvény eszközalap,2026-05-10,2.8579,2.8579,0.0
4806,Európai vállalati kötvény eszközalap,2026-05-10,1.3247,1.3247,0.0
4807,Fejlõdõ piaci részvény ESG eszközalap-D,2026-05-10,1.3334,1.3334,0.0
4808,Fejlõdõ ázsiai részvény eszközalap,2026-05-10,3.306,3.306,0.0
4809,Fenntartható növekedés részvény eszk.,2026-05-10,3.1529,3.1529,0.0
4810,Globális egészségügyi részvény eszk.,2026-05-10,3.3245,3.3245,0.0
4811,Globális növekedési részvény eszközalap,2026-05-10,2.153,2.153,0.0
4812,Kiegyensúlyozott vegyes eszközalap - D,2026-05-10,1.4818,1.4818,0.0
4813,Latin-amerikai részvény eszközalap,2026-05-10,1.4486,1.4486,0.0
4814,Magas kötvény arányú vegyes eszk. - D,2026-05-10,1.1288,1.1288,0.0
4815,Magas védelmû vegyes eszközalap,2026-05-10,1.1143,1.1143,0.0
4816,Nemz. élelmiszeripari cégek rv. ea - D,2026-05-10,3.335,3.335,0.0
4817,Nyersanyagpiaci részvény eszközalap,2026-05-10,1.6703,1.6703,0.0
4818,Presztízs- és luxusmárkák rv. ea.,2026-05-10,3.3931,3.3931,0.0
4819,USA részvény eszközalap,2026-05-10,4.8565,4.8565,0.0
4820,Ázsia kötvény eszközalap,2026-05-10,2.2525,2.2525,0.0
4821,Aktív hozamfigyelõ vegyes eszközalap - D,2026-05-13,0.9482,0.9501,0.002
4822,Euró likviditás eszközalap - D,2026-05-13,0.9219,0.9219,0.0
4823,Európai ingatlancégek részv. eszközalap,2026-05-13,1.8153,1.8126,-0.0015
4824,Európai kötvény eszközalap - D,2026-05-13,1.2192,1.2189,-0.0002
4825,Európai részvény eszközalap,2026-05-13,2.8155,2.8445,0.0103
4826,Európai vállalati kötvény eszközalap,2026-05-13,1.3192,1.3191,-0.0001
4827,Fejlõdõ piaci részvény ESG eszközalap-D,2026-05-13,1.3081,1.335,0.0206
4828,Fejlõdõ ázsiai részvény eszközalap,2026-05-13,3.2742,3.3175,0.0132
4829,Fenntartható növekedés részvény eszk.,2026-05-13,3.1418,3.1644,0.0072
4830,Globális egészségügyi részvény eszk.,2026-05-13,3.3472,3.3956,0.0144
4831,Globális növekedési részvény eszközalap,2026-05-13,2.1258,2.1435,0.0083
4832,Kiegyensúlyozott vegyes eszközalap - D,2026-05-13,1.4751,1.4808,0.0038
4833,Latin-amerikai részvény eszközalap,2026-05-13,1.4103,1.4205,0.0072
4834,Magas kötvény arányú vegyes eszk. - D,2026-05-13,1.1226,1.1248,0.002
4835,Magas védelmû vegyes eszközalap,2026-05-13,1.1116,1.1129,0.0011
4836,Nemz. élelmiszeripari cégek rv. ea - D,2026-05-13,3.3522,3.3563,0.0012
4837,Nyersanyagpiaci részvény eszközalap,2026-05-13,1.6827,1.7192,0.0217
4838,Presztízs- és luxusmárkák rv. ea.,2026-05-13,3.2944,3.3194,0.0076
4839,USA részvény eszközalap,2026-05-13,4.872,4.9267,0.0112
4840,Ázsia kötvény eszközalap,2026-05-13,2.252,2.2572,0.0023
4841,Aktív hozamfigyelõ vegyes eszközalap - D,2026-05-14,0.9501,0.9537,0.0038
4842,Euró likviditás eszközalap - D,2026-05-14,0.9219,0.9228,0.001
4843,Európai ingatlancégek részv. eszközalap,2026-05-14,1.8126,1.8293,0.0092
4844,Európai kötvény eszközalap - D,2026-05-14,1.2189,1.2227,0.0031
4845,Európai részvény eszközalap,2026-05-14,2.8445,2.8784,0.0119
4846,Európai vállalati kötvény eszközalap,2026-05-14,1.3191,1.3226,0.0027
4847,Fejlõdõ piaci részvény ESG eszközalap-D,2026-05-14,1.335,1.3453,0.0077
4848,Fejlõdõ ázsiai részvény eszközalap,2026-05-14,3.3175,3.3357,0.0055
4849,Fenntartható növekedés részvény eszk.,2026-05-14,3.1644,3.1889,0.0077
4850,Globális egészségügyi részvény eszk.,2026-05-14,3.3956,3.3955,0.0
4851,Globális növekedési részvény eszközalap,2026-05-14,2.1435,2.1658,0.0104
4852,Kiegyensúlyozott vegyes eszközalap - D,2026-05-14,1.4808,1.4906,0.0066
4853,Latin-amerikai részvény eszközalap,2026-05-14,1.4205,1.416,-0.0032
4854,Magas kötvény arányú vegyes eszk. - D,2026-05-14,1.1248,1.1307,0.0052
4855,Magas védelmû vegyes eszközalap,2026-05-14,1.1129,1.1156,0.0024
4856,Nemz. élelmiszeripari cégek rv. ea - D,2026-05-14,3.3563,3.3916,0.0105
4857,Nyersanyagpiaci részvény eszközalap,2026-05-14,1.7192,1.7168,-0.0014
4858,Presztízs- és luxusmárkák rv. ea.,2026-05-14,3.3194,3.3557,0.011
4859,USA részvény eszközalap,2026-05-14,4.9267,4.9852,0.0119
4860,Ázsia kötvény eszközalap,2026-05-14,2.2572,2.2575,0.0001
4861,Aktív hozamfigyelõ vegyes eszközalap - D,2026-05-15,0.9537,0.9465,-0.0075
4862,Euró likviditás eszközalap - D,2026-05-15,0.9228,0.9216,-0.0013
4863,Európai ingatlancégek részv. eszközalap,2026-05-15,1.8293,1.7892,-0.0219
4864,Európai kötvény eszközalap - D,2026-05-15,1.2227,1.2159,-0.0056
4865,Európai részvény eszközalap,2026-05-15,2.8784,2.83,-0.0168
4866,Európai vállalati kötvény eszközalap,2026-05-15,1.3226,1.3178,-0.0036
4867,Fejlõdõ piaci részvény ESG eszközalap-D,2026-05-15,1.3453,1.3031,-0.0313
4868,Fejlõdõ ázsiai részvény eszközalap,2026-05-15,3.3357,3.2076,-0.0384
4869,Fenntartható növekedés részvény eszk.,2026-05-15,3.1889,3.1636,-0.0079
4870,Globális egészségügyi részvény eszk.,2026-05-15,3.3955,3.3775,-0.0053
4871,Globális növekedési részvény eszközalap,2026-05-15,2.1658,2.1422,-0.0109
4872,Kiegyensúlyozott vegyes eszközalap - D,2026-05-15,1.4906,1.4784,-0.0082
4873,Latin-amerikai részvény eszközalap,2026-05-15,1.416,1.3743,-0.0294
4874,Magas kötvény arányú vegyes eszk. - D,2026-05-15,1.1307,1.1223,-0.0074
4875,Magas védelmû vegyes eszközalap,2026-05-15,1.1156,1.1122,-0.003
4876,Nemz. élelmiszeripari cégek rv. ea - D,2026-05-15,3.3916,3.3936,0.0006
4877,Nyersanyagpiaci részvény eszközalap,2026-05-15,1.7168,1.6511,-0.0382
4878,Presztízs- és luxusmárkák rv. ea.,2026-05-15,3.3557,3.3029,-0.0157
4879,USA részvény eszközalap,2026-05-15,4.9852,4.9448,-0.0081
4880,Ázsia kötvény eszközalap,2026-05-15,2.2575,2.2636,0.0027
4881,Aktív hozamfigyelõ vegyes eszközalap - D,2026-05-16,0.9465,0.9465,0.0
4882,Euró likviditás eszközalap - D,2026-05-16,0.9216,0.9216,0.0
4883,Európai ingatlancégek részv. eszközalap,2026-05-16,1.7892,1.7892,0.0
4884,Európai kötvény eszközalap - D,2026-05-16,1.2159,1.2159,0.0
4885,Európai részvény eszközalap,2026-05-16,2.83,2.83,0.0
4886,Európai vállalati kötvény eszközalap,2026-05-16,1.3178,1.3178,0.0
4887,Fejlõdõ piaci részvény ESG eszközalap-D,2026-05-16,1.3031,1.3031,0.0
4888,Fejlõdõ ázsiai részvény eszközalap,2026-05-16,3.2076,3.2076,0.0
4889,Fenntartható növekedés részvény eszk.,2026-05-16,3.1636,3.1636,0.0
4890,Globális egészségügyi részvény eszk.,2026-05-16,3.3775,3.3775,0.0
4891,Globális növekedési részvény eszközalap,2026-05-16,2.1422,2.1422,0.0
4892,Kiegyensúlyozott vegyes eszközalap - D,2026-05-16,1.4784,1.4784,0.0
4893,Latin-amerikai részvény eszközalap,2026-05-16,1.3743,1.3743,0.0
4894,Magas kötvény arányú vegyes eszk. - D,2026-05-16,1.1223,1.1223,0.0
4895,Magas védelmû vegyes eszközalap,2026-05-16,1.1122,1.1122,0.0
4896,Nemz. élelmiszeripari cégek rv. ea - D,2026-05-16,3.3936,3.3936,0.0
4897,Nyersanyagpiaci részvény eszközalap,2026-05-16,1.6511,1.6511,0.0
4898,Presztízs- és luxusmárkák rv. ea.,2026-05-16,3.3029,3.3029,0.0
4899,USA részvény eszközalap,2026-05-16,4.9448,4.9448,0.0
4900,Ázsia kötvény eszközalap,2026-05-16,2.2636,2.2636,0.0
4901,Aktív hozamfigyelõ vegyes eszközalap - D,2026-05-17,0.9465,0.9465,0.0
4902,Euró likviditás eszközalap - D,2026-05-17,0.9216,0.9216,0.0
4903,Európai ingatlancégek részv. eszközalap,2026-05-17,1.7892,1.7892,0.0
4904,Európai kötvény eszközalap - D,2026-05-17,1.2159,1.2159,0.0
4905,Európai részvény eszközalap,2026-05-17,2.83,2.83,0.0
4906,Európai vállalati kötvény eszközalap,2026-05-17,1.3178,1.3178,0.0
4907,Fejlõdõ piaci részvény ESG eszközalap-D,2026-05-17,1.3031,1.3031,0.0
4908,Fejlõdõ ázsiai részvény eszközalap,2026-05-17,3.2076,3.2076,0.0
4909,Fenntartható növekedés részvény eszk.,2026-05-17,3.1636,3.1636,0.0
4910,Globális egészségügyi részvény eszk.,2026-05-17,3.3775,3.3775,0.0
4911,Globális növekedési részvény eszközalap,2026-05-17,2.1422,2.1422,0.0
4912,Kiegyensúlyozott vegyes eszközalap - D,2026-05-17,1.4784,1.4784,0.0
4913,Latin-amerikai részvény eszközalap,2026-05-17,1.3743,1.3743,0.0
4914,Magas kötvény arányú vegyes eszk. - D,2026-05-17,1.1223,1.1223,0.0
4915,Magas védelmû vegyes eszközalap,2026-05-17,1.1122,1.1122,0.0
4916,Nemz. élelmiszeripari cégek rv. ea - D,2026-05-17,3.3936,3.3936,0.0
4917,Nyersanyagpiaci részvény eszközalap,2026-05-17,1.6511,1.6511,0.0
4918,Presztízs- és luxusmárkák rv. ea.,2026-05-17,3.3029,3.3029,0.0
4919,USA részvény eszközalap,2026-05-17,4.9448,4.9448,0.0
4920,Ázsia kötvény eszközalap,2026-05-17,2.2636,2.2636,0.0
4921,Aktív hozamfigyelõ vegyes eszközalap - D,2026-05-20,0.944,0.9504,0.0067
4922,Euró likviditás eszközalap - D,2026-05-20,0.9215,0.923,0.0016
4923,Európai ingatlancégek részv. eszközalap,2026-05-20,1.8127,1.8498,0.0205
4924,Európai kötvény eszközalap - D,2026-05-20,1.2138,1.221,0.006
4925,Európai részvény eszközalap,2026-05-20,2.8428,2.9011,0.0205
4926,Európai vállalati kötvény eszközalap,2026-05-20,1.3174,1.3206,0.0024
4927,Fejlõdõ piaci részvény ESG eszközalap-D,2026-05-20,1.2854,1.3081,0.0176
4928,Fejlõdõ ázsiai részvény eszközalap,2026-05-20,3.1758,3.2063,0.0096
4929,Fenntartható növekedés részvény eszk.,2026-05-20,3.1637,3.1944,0.0097
4930,Globális egészségügyi részvény eszk.,2026-05-20,3.3721,3.39,0.0053
4931,Globális növekedési részvény eszközalap,2026-05-20,2.1275,2.1483,0.0098
4932,Kiegyensúlyozott vegyes eszközalap - D,2026-05-20,1.4724,1.4821,0.0066
4933,Latin-amerikai részvény eszközalap,2026-05-20,1.3724,1.4031,0.0223
4934,Magas kötvény arányú vegyes eszk. - D,2026-05-20,1.1188,1.1258,0.0063
4935,Magas védelmû vegyes eszközalap,2026-05-20,1.1137,1.1175,0.0033
4936,Nemz. élelmiszeripari cégek rv. ea - D,2026-05-20,3.4624,3.4453,-0.0049
4937,Nyersanyagpiaci részvény eszközalap,2026-05-20,1.6164,1.6381,0.0134
4938,Presztízs- és luxusmárkák rv. ea.,2026-05-20,3.2885,3.3396,0.0156
4939,USA részvény eszközalap,2026-05-20,4.9157,4.9563,0.0083
4940,Ázsia kötvény eszközalap,2026-05-20,2.26,2.2644,0.0019
4941,Aktív hozamfigyelõ vegyes eszközalap - D,2026-05-21,0.9504,0.9527,0.0025
4942,Euró likviditás eszközalap - D,2026-05-21,0.923,0.9227,-0.0003
4943,Európai ingatlancégek részv. eszközalap,2026-05-21,1.8498,1.8452,-0.0025
4944,Európai kötvény eszközalap - D,2026-05-21,1.221,1.2208,-0.0002
4945,Európai részvény eszközalap,2026-05-21,2.9011,2.8925,-0.003
4946,Európai vállalati kötvény eszközalap,2026-05-21,1.3206,1.3208,0.0002
4947,Fejlõdõ piaci részvény ESG eszközalap-D,2026-05-21,1.3081,1.3173,0.007
4948,Fejlõdõ ázsiai részvény eszközalap,2026-05-21,3.2063,3.2568,0.0158
4949,Fenntartható növekedés részvény eszk.,2026-05-21,3.1944,3.2195,0.0079
4950,Globális egészségügyi részvény eszk.,2026-05-21,3.39,3.3925,0.0007
4951,Globális növekedési részvény eszközalap,2026-05-21,2.1483,2.1509,0.0012
4952,Kiegyensúlyozott vegyes eszközalap - D,2026-05-21,1.4821,1.4874,0.0036
4953,Latin-amerikai részvény eszközalap,2026-05-21,1.4031,1.3993,-0.0027
4954,Magas kötvény arányú vegyes eszk. - D,2026-05-21,1.1258,1.1279,0.0019
4955,Magas védelmû vegyes eszközalap,2026-05-21,1.1175,1.1175,0.0
4956,Nemz. élelmiszeripari cégek rv. ea - D,2026-05-21,3.4453,3.3855,-0.0174
4957,Nyersanyagpiaci részvény eszközalap,2026-05-21,1.6381,1.6451,0.0042
4958,Presztízs- és luxusmárkák rv. ea.,2026-05-21,3.3396,3.3563,0.005
4959,USA részvény eszközalap,2026-05-21,4.9563,4.9718,0.0031
4960,Ázsia kötvény eszközalap,2026-05-21,2.2644,2.2628,-0.0007
4961,Aktív hozamfigyelõ vegyes eszközalap - D,2026-05-22,0.9527,0.9553,0.0027
4962,Euró likviditás eszközalap - D,2026-05-22,0.9227,0.9235,0.0008
4963,Európai ingatlancégek részv. eszközalap,2026-05-22,1.8452,1.847,0.001
4964,Európai kötvény eszközalap - D,2026-05-22,1.2208,1.2257,0.004
4965,Európai részvény eszközalap,2026-05-22,2.8925,2.9225,0.0104
4966,Európai vállalati kötvény eszközalap,2026-05-22,1.3208,1.3245,0.0028
4967,Fejlõdõ piaci részvény ESG eszközalap-D,2026-05-22,1.3173,1.3255,0.0062
4968,Fejlõdõ ázsiai részvény eszközalap,2026-05-22,3.2568,3.2914,0.0106
4969,Fenntartható növekedés részvény eszk.,2026-05-22,3.2195,3.2374,0.0055
4970,Globális egészségügyi részvény eszk.,2026-05-22,3.3925,3.4418,0.0145
4971,Globális növekedési részvény eszközalap,2026-05-22,2.1509,2.1838,0.0153
4972,Kiegyensúlyozott vegyes eszközalap - D,2026-05-22,1.4874,1.4944,0.0047
4973,Latin-amerikai részvény eszközalap,2026-05-22,1.3993,1.3904,-0.0063
4974,Magas kötvény arányú vegyes eszk. - D,2026-05-22,1.1279,1.1327,0.0043
4975,Magas védelmû vegyes eszközalap,2026-05-22,1.1175,1.1191,0.0015
4976,Nemz. élelmiszeripari cégek rv. ea - D,2026-05-22,3.3855,3.3911,0.0017
4977,Nyersanyagpiaci részvény eszközalap,2026-05-22,1.6451,1.6579,0.0078
4978,Presztízs- és luxusmárkák rv. ea.,2026-05-22,3.3563,3.3803,0.0072
4979,USA részvény eszközalap,2026-05-22,4.9718,4.9781,0.0013
4980,Ázsia kötvény eszközalap,2026-05-22,2.2628,2.2679,0.0023
4981,Aktív hozamfigyelõ vegyes eszközalap - D,2026-05-23,0.9553,0.9553,0.0
4982,Euró likviditás eszközalap - D,2026-05-23,0.9235,0.9235,0.0
4983,Európai ingatlancégek részv. eszközalap,2026-05-23,1.847,1.847,0.0
4984,Európai kötvény eszközalap - D,2026-05-23,1.2257,1.2257,0.0
4985,Európai részvény eszközalap,2026-05-23,2.9225,2.9225,0.0
4986,Európai vállalati kötvény eszközalap,2026-05-23,1.3245,1.3245,0.0
4987,Fejlõdõ piaci részvény ESG eszközalap-D,2026-05-23,1.3255,1.3255,0.0
4988,Fejlõdõ ázsiai részvény eszközalap,2026-05-23,3.2914,3.2914,0.0
4989,Fenntartható növekedés részvény eszk.,2026-05-23,3.2374,3.2374,0.0
4990,Globális egészségügyi részvény eszk.,2026-05-23,3.4418,3.4418,0.0
4991,Globális növekedési részvény eszközalap,2026-05-23,2.1838,2.1838,0.0
4992,Kiegyensúlyozott vegyes eszközalap - D,2026-05-23,1.4944,1.4944,0.0
4993,Latin-amerikai részvény eszközalap,2026-05-23,1.3904,1.3904,0.0
4994,Magas kötvény arányú vegyes eszk. - D,2026-05-23,1.1327,1.1327,0.0
4995,Magas védelmû vegyes eszközalap,2026-05-23,1.1191,1.1191,0.0
4996,Nemz. élelmiszeripari cégek rv. ea - D,2026-05-23,3.3911,3.3911,0.0
4997,Nyersanyagpiaci részvény eszközalap,2026-05-23,1.6579,1.6579,0.0
4998,Presztízs- és luxusmárkák rv. ea.,2026-05-23,3.3803,3.3803,0.0
4999,USA részvény eszközalap,2026-05-23,4.9781,4.9781,0.0
5000,Ázsia kötvény eszközalap,2026-05-23,2.2679,2.2679,0.0
5001,Aktív hozamfigyelõ vegyes eszközalap - D,2026-05-24,0.9553,0.9553,0.0
5002,Euró likviditás eszközalap - D,2026-05-24,0.9235,0.9235,0.0
5003,Európai ingatlancégek részv. eszközalap,2026-05-24,1.847,1.847,0.0
5004,Európai kötvény eszközalap - D,2026-05-24,1.2257,1.2257,0.0
5005,Európai részvény eszközalap,2026-05-24,2.9225,2.9225,0.0
5006,Európai vállalati kötvény eszközalap,2026-05-24,1.3245,1.3245,0.0
5007,Fejlõdõ piaci részvény ESG eszközalap-D,2026-05-24,1.3255,1.3255,0.0
5008,Fejlõdõ ázsiai részvény eszközalap,2026-05-24,3.2914,3.2914,0.0
5009,Fenntartható növekedés részvény eszk.,2026-05-24,3.2374,3.2374,0.0
5010,Globális egészségügyi részvény eszk.,2026-05-24,3.4418,3.4418,0.0
5011,Globális növekedési részvény eszközalap,2026-05-24,2.1838,2.1838,0.0
5012,Kiegyensúlyozott vegyes eszközalap - D,2026-05-24,1.4944,1.4944,0.0
5013,Latin-amerikai részvény eszközalap,2026-05-24,1.3904,1.3904,0.0
5014,Magas kötvény arányú vegyes eszk. - D,2026-05-24,1.1327,1.1327,0.0
5015,Magas védelmû vegyes eszközalap,2026-05-24,1.1191,1.1191,0.0
5016,Nemz. élelmiszeripari cégek rv. ea - D,2026-05-24,3.3911,3.3911,0.0
5017,Nyersanyagpiaci részvény eszközalap,2026-05-24,1.6579,1.6579,0.0
5018,Presztízs- és luxusmárkák rv. ea.,2026-05-24,3.3803,3.3803,0.0
5019,USA részvény eszközalap,2026-05-24,4.9781,4.9781,0.0
5020,Ázsia kötvény eszközalap,2026-05-24,2.2679,2.2679,0.0
5021,Aktív hozamfigyelõ vegyes eszközalap - D,2026-05-25,0.9553,0.9553,0.0
5022,Euró likviditás eszközalap - D,2026-05-25,0.9235,0.9235,0.0
5023,Európai ingatlancégek részv. eszközalap,2026-05-25,1.847,1.847,0.0
5024,Európai kötvény eszközalap - D,2026-05-25,1.2257,1.2257,0.0
5025,Európai részvény eszközalap,2026-05-25,2.9225,2.9225,0.0
5026,Európai vállalati kötvény eszközalap,2026-05-25,1.3245,1.3245,0.0
5027,Fejlõdõ piaci részvény ESG eszközalap-D,2026-05-25,1.3255,1.3255,0.0
5028,Fejlõdõ ázsiai részvény eszközalap,2026-05-25,3.2914,3.2914,0.0
5029,Fenntartható növekedés részvény eszk.,2026-05-25,3.2374,3.2374,0.0
5030,Globális egészségügyi részvény eszk.,2026-05-25,3.4418,3.4418,0.0
5031,Globális növekedési részvény eszközalap,2026-05-25,2.1838,2.1838,0.0
5032,Kiegyensúlyozott vegyes eszközalap - D,2026-05-25,1.4944,1.4944,0.0
5033,Latin-amerikai részvény eszközalap,2026-05-25,1.3904,1.3904,0.0
5034,Magas kötvény arányú vegyes eszk. - D,2026-05-25,1.1327,1.1327,0.0
5035,Magas védelmû vegyes eszközalap,2026-05-25,1.1191,1.1191,0.0
5036,Nemz. élelmiszeripari cégek rv. ea - D,2026-05-25,3.3911,3.3911,0.0
5037,Nyersanyagpiaci részvény eszközalap,2026-05-25,1.6579,1.6579,0.0
5038,Presztízs- és luxusmárkák rv. ea.,2026-05-25,3.3803,3.3803,0.0
5039,USA részvény eszközalap,2026-05-25,4.9781,4.9781,0.0
5040,Ázsia kötvény eszközalap,2026-05-25,2.2679,2.2679,0.0
5041,Aktív hozamfigyelõ vegyes eszközalap - D,2026-05-28,0.9574,0.9586,0.0013
5042,Euró likviditás eszközalap - D,2026-05-28,0.9247,0.9251,0.0004
5043,Európai ingatlancégek részv. eszközalap,2026-05-28,1.8625,1.8689,0.0034
5044,Európai kötvény eszközalap - D,2026-05-28,1.2311,1.2329,0.0014
5045,Európai részvény eszközalap,2026-05-28,2.9526,2.9465,-0.002
5046,Európai vállalati kötvény eszközalap,2026-05-28,1.3288,1.3313,0.0019
5047,Fejlõdõ piaci részvény ESG eszközalap-D,2026-05-28,1.3598,1.3648,0.0037
5048,Fejlõdõ ázsiai részvény eszközalap,2026-05-28,3.3751,3.3167,-0.0173
5049,Fenntartható növekedés részvény eszk.,2026-05-28,3.2319,3.2378,0.0018
5050,Globális egészségügyi részvény eszk.,2026-05-28,3.4337,3.4336,0.0
5051,Globális növekedési részvény eszközalap,2026-05-28,2.1959,2.1898,-0.0028
5052,Kiegyensúlyozott vegyes eszközalap - D,2026-05-28,1.5041,1.5054,0.0008
5053,Latin-amerikai részvény eszközalap,2026-05-28,1.4147,1.4004,-0.0101
5054,Magas kötvény arányú vegyes eszk. - D,2026-05-28,1.1388,1.1401,0.0011
5055,Magas védelmû vegyes eszközalap,2026-05-28,1.1208,1.12,-0.0007
5056,Nemz. élelmiszeripari cégek rv. ea - D,2026-05-28,3.3863,3.35,-0.0107
5057,Nyersanyagpiaci részvény eszközalap,2026-05-28,1.6919,1.6875,-0.0026
5058,Presztízs- és luxusmárkák rv. ea.,2026-05-28,3.4916,3.4963,0.0014
5059,USA részvény eszközalap,2026-05-28,4.9857,5.0024,0.0034
5060,Ázsia kötvény eszközalap,2026-05-28,2.2694,2.2744,0.0022
5061,Aktív hozamfigyelõ vegyes eszközalap - D,2026-05-29,0.9586,0.9586,0.0
5062,Euró likviditás eszközalap - D,2026-05-29,0.9251,0.9251,0.0
5063,Európai ingatlancégek részv. eszközalap,2026-05-29,1.8689,1.8689,0.0
5064,Európai kötvény eszközalap - D,2026-05-29,1.2329,1.2329,0.0
5065,Európai részvény eszközalap,2026-05-29,2.9465,2.9465,0.0
5066,Európai vállalati kötvény eszközalap,2026-05-29,1.3313,1.3313,0.0
5067,Fejlõdõ piaci részvény ESG eszközalap-D,2026-05-29,1.3648,1.3648,0.0
5068,Fejlõdõ ázsiai részvény eszközalap,2026-05-29,3.3167,3.3167,0.0
5069,Fenntartható növekedés részvény eszk.,2026-05-29,3.2378,3.2378,0.0
5070,Globális egészségügyi részvény eszk.,2026-05-29,3.4336,3.4336,0.0
5071,Globális növekedési részvény eszközalap,2026-05-29,2.1898,2.1898,0.0
5072,Kiegyensúlyozott vegyes eszközalap - D,2026-05-29,1.5054,1.5054,0.0
5073,Latin-amerikai részvény eszközalap,2026-05-29,1.4004,1.4004,0.0
5074,Magas kötvény arányú vegyes eszk. - D,2026-05-29,1.1401,1.1401,0.0
5075,Magas védelmû vegyes eszközalap,2026-05-29,1.12,1.12,0.0
5076,Nemz. élelmiszeripari cégek rv. ea - D,2026-05-29,3.35,3.35,0.0
5077,Nyersanyagpiaci részvény eszközalap,2026-05-29,1.6875,1.6875,0.0
5078,Presztízs- és luxusmárkák rv. ea.,2026-05-29,3.4963,3.4963,0.0
5079,USA részvény eszközalap,2026-05-29,5.0024,5.0024,0.0
5080,Ázsia kötvény eszközalap,2026-05-29,2.2744,2.2744,0.0
5081,Aktív hozamfigyelõ vegyes eszközalap - D,2026-05-30,0.9597,0.9597,0.0
5082,Euró likviditás eszközalap - D,2026-05-30,0.9257,0.9257,0.0
5083,Európai ingatlancégek részv. eszközalap,2026-05-30,1.8688,1.8688,0.0
5084,Európai kötvény eszközalap - D,2026-05-30,1.236,1.236,0.0
5085,Európai részvény eszközalap,2026-05-30,2.9536,2.9536,0.0
5086,Európai vállalati kötvény eszközalap,2026-05-30,1.3328,1.3328,0.0
5087,Fejlõdõ piaci részvény ESG eszközalap-D,2026-05-30,1.3544,1.3544,0.0
5088,Fejlõdõ ázsiai részvény eszközalap,2026-05-30,3.3235,3.3235,0.0
5089,Fenntartható növekedés részvény eszk.,2026-05-30,3.2394,3.2394,0.0
5090,Globális egészségügyi részvény eszk.,2026-05-30,3.4386,3.4386,0.0
5091,Globális növekedési részvény eszközalap,2026-05-30,2.2067,2.2067,0.0
5092,Kiegyensúlyozott vegyes eszközalap - D,2026-05-30,1.5103,1.5103,0.0
5093,Latin-amerikai részvény eszközalap,2026-05-30,1.379,1.379,0.0
5094,Magas kötvény arányú vegyes eszk. - D,2026-05-30,1.1433,1.1433,0.0
5095,Magas védelmû vegyes eszközalap,2026-05-30,1.1201,1.1201,0.0
5096,Nemz. élelmiszeripari cégek rv. ea - D,2026-05-30,3.2831,3.2831,0.0
5097,Nyersanyagpiaci részvény eszközalap,2026-05-30,1.7009,1.7009,0.0
5098,Presztízs- és luxusmárkák rv. ea.,2026-05-30,3.4957,3.4957,0.0
5099,USA részvény eszközalap,2026-05-30,5.0017,5.0017,0.0
5100,Ázsia kötvény eszközalap,2026-05-30,2.2759,2.2759,0.0
5101,Aktív hozamfigyelõ vegyes eszközalap - D,2026-05-31,0.9597,0.9597,0.0
5102,Euró likviditás eszközalap - D,2026-05-31,0.9257,0.9257,0.0
5103,Európai ingatlancégek részv. eszközalap,2026-05-31,1.8688,1.8688,0.0
5104,Európai kötvény eszközalap - D,2026-05-31,1.236,1.236,0.0
5105,Európai részvény eszközalap,2026-05-31,2.9536,2.9536,0.0
5106,Európai vállalati kötvény eszközalap,2026-05-31,1.3328,1.3328,0.0
5107,Fejlõdõ piaci részvény ESG eszközalap-D,2026-05-31,1.3544,1.3544,0.0
5108,Fejlõdõ ázsiai részvény eszközalap,2026-05-31,3.3235,3.3235,0.0
5109,Fenntartható növekedés részvény eszk.,2026-05-31,3.2394,3.2394,0.0
5110,Globális egészségügyi részvény eszk.,2026-05-31,3.4386,3.4386,0.0
5111,Globális növekedési részvény eszközalap,2026-05-31,2.2067,2.2067,0.0
5112,Kiegyensúlyozott vegyes eszközalap - D,2026-05-31,1.5103,1.5103,0.0
5113,Latin-amerikai részvény eszközalap,2026-05-31,1.379,1.379,0.0
5114,Magas kötvény arányú vegyes eszk. - D,2026-05-31,1.1433,1.1433,0.0
5115,Magas védelmû vegyes eszközalap,2026-05-31,1.1201,1.1201,0.0
5116,Nemz. élelmiszeripari cégek rv. ea - D,2026-05-31,3.2831,3.2831,0.0
5117,Nyersanyagpiaci részvény eszközalap,2026-05-31,1.7009,1.7009,0.0
5118,Presztízs- és luxusmárkák rv. ea.,2026-05-31,3.4957,3.4957,0.0
5119,USA részvény eszközalap,2026-05-31,5.0017,5.0017,0.0
5120,Ázsia kötvény eszközalap,2026-05-31,2.2759,2.2759,0.0
